[marking 0x0292256fff19 <JSFunction isPathSeparator (sfi = 000001E3A109C381)> for optimization to MAGLEV, ConcurrencyMode::kConcurrent, reason: hot and stable]
[compiling method 0x0292256fff19 <JSFunction isPathSeparator (sfi = 000001E3A109C381)> (target MAGLEV), mode: ConcurrencyMode::kConcurrent]
[completed compiling 0x0292256fff19 <JSFunction isPathSeparator (sfi = 000001E3A109C381)> (target MAGLEV) - took 0.001, 0.244, 0.004 ms]
[marking 0x02e4585400c1 <JSFunction normalizeString (sfi = 000001E3A109C659)> for optimization to MAGLEV, ConcurrencyMode::kConcurrent, reason: hot and stable]
[compiling method 0x02e4585400c1 <JSFunction normalizeString (sfi = 000001E3A109C659)> (target MAGLEV), mode: ConcurrencyMode::kConcurrent]
[completed compiling 0x02e4585400c1 <JSFunction normalizeString (sfi = 000001E3A109C659)> (target MAGLEV) - took 0.001, 0.471, 0.031 ms]
[marking 0x02e45855bd61 <JSFunction nextPart (sfi = 000001E3A10B5451)> for optimization to MAGLEV, ConcurrencyMode::kConcurrent, reason: hot and stable]
[compiling method 0x02e45855bd61 <JSFunction nextPart (sfi = 000001E3A10B5451)> (target MAGLEV), mode: ConcurrencyMode::kConcurrent]
[completed compiling 0x02e45855bd61 <JSFunction nextPart (sfi = 000001E3A10B5451)> (target MAGLEV) - took 0.000, 0.133, 0.001 ms]
[marking 0x02e45854b001 <JSFunction getPathFromURLWin32 (sfi = 000001E3A10A3E19)> for optimization to MAGLEV, ConcurrencyMode::kConcurrent, reason: hot and stable]
[compiling method 0x02e45854b001 <JSFunction getPathFromURLWin32 (sfi = 000001E3A10A3E19)> (target MAGLEV), mode: ConcurrencyMode::kConcurrent]
[completed compiling 0x02e45854b001 <JSFunction getPathFromURLWin32 (sfi = 000001E3A10A3E19)> (target MAGLEV) - took 0.000, 0.277, 0.005 ms]
[11144:000001C1F1DE1000]       32 ms: Scavenge 5.7 (6.6) -> 5.1 (7.1) MB, pooled: 0.0 MB, 0.38 / 0.00 ms (average mu = 1.000, current mu = 1.000) allocation failure; 
[marking 0x01912b4fa499 <JSFunction (sfi = 000000E4C63E1F19)> for optimization to MAGLEV, ConcurrencyMode::kConcurrent, reason: hot and stable]
[compiling method 0x01912b4fa499 <JSFunction (sfi = 000000E4C63E1F19)> (target MAGLEV), mode: ConcurrencyMode::kConcurrent]
[completed compiling 0x01912b4fa499 <JSFunction (sfi = 000000E4C63E1F19)> (target MAGLEV) - took 0.000, 0.051, 0.001 ms]
[marking 0x02e4585489a1 <JSFunction #ensureSearchParamsUpdated (sfi = 000001E3A10A1CF1)> for optimization to MAGLEV, ConcurrencyMode::kConcurrent, reason: hot and stable]
[compiling method 0x02e4585489a1 <JSFunction #ensureSearchParamsUpdated (sfi = 000001E3A10A1CF1)> (target MAGLEV), mode: ConcurrencyMode::kConcurrent]
[completed compiling 0x02e4585489a1 <JSFunction #ensureSearchParamsUpdated (sfi = 000001E3A10A1CF1)> (target MAGLEV) - took 0.000, 0.062, 0.002 ms]
[marking 0x01912b4e6979 <JSFunction get protocol (sfi = 000001E3A10A2251)> for optimization to MAGLEV, ConcurrencyMode::kConcurrent, reason: hot and stable]
[compiling method 0x01912b4e6979 <JSFunction get protocol (sfi = 000001E3A10A2251)> (target MAGLEV), mode: ConcurrencyMode::kConcurrent]
[completed compiling 0x01912b4e6979 <JSFunction get protocol (sfi = 000001E3A10A2251)> (target MAGLEV) - took 0.000, 0.054, 0.002 ms]
[marking 0x01471c6b4979 <JSFunction assert (sfi = 000000E4C63DAA61)> for optimization to MAGLEV, ConcurrencyMode::kConcurrent, reason: hot and stable]
[compiling method 0x01471c6b4979 <JSFunction assert (sfi = 000000E4C63DAA61)> (target MAGLEV), mode: ConcurrencyMode::kConcurrent]
[completed compiling 0x01471c6b4979 <JSFunction assert (sfi = 000000E4C63DAA61)> (target MAGLEV) - took 0.000, 0.036, 0.002 ms]
[11144:000001C1F1DE1000]       40 ms: Scavenge 5.8 (7.6) -> 5.4 (8.4) MB, pooled: 0.0 MB, 0.35 / 0.00 ms (average mu = 1.000, current mu = 1.000) allocation failure; 
[marking 0x01797f4e7809 <JSFunction (sfi = 0000025B0316FD01)> for optimization to MAGLEV, ConcurrencyMode::kConcurrent, reason: hot and stable]
[compiling method 0x01797f4e7c99 <JSFunction (sfi = 0000025B0316FD01)> (target MAGLEV), mode: ConcurrencyMode::kConcurrent]
[completed compiling 0x01797f4e7c99 <JSFunction (sfi = 0000025B0316FD01)> (target MAGLEV) - took 0.001, 0.036, 0.001 ms]
[marking 0x028f866d46f9 <JSFunction keyOf (sfi = 0000025B0316FCB9)> for optimization to MAGLEV, ConcurrencyMode::kConcurrent, reason: hot and stable]
[compiling method 0x028f866d46f9 <JSFunction keyOf (sfi = 0000025B0316FCB9)> (target MAGLEV), mode: ConcurrencyMode::kConcurrent]
[completed compiling 0x028f866d46f9 <JSFunction keyOf (sfi = 0000025B0316FCB9)> (target MAGLEV) - took 0.001, 0.052, 0.003 ms]
[11144:000001C1F1DE1000]       43 ms: Scavenge 6.3 (8.4) -> 5.7 (8.6) MB, pooled: 0.0 MB, 0.15 / 0.00 ms (average mu = 1.000, current mu = 1.000) allocation failure; 
[marking 0x011e8b0c0871 <JSFunction (sfi = 0000025B0316FD49)> for optimization to MAGLEV, ConcurrencyMode::kConcurrent, reason: hot and stable]
[compiling method 0x011e8b0c0871 <JSFunction (sfi = 0000025B0316FD49)> (target MAGLEV), mode: ConcurrencyMode::kConcurrent]
[completed compiling 0x011e8b0c0871 <JSFunction (sfi = 0000025B0316FD49)> (target MAGLEV) - took 0.000, 0.360, 0.002 ms]
[marking 0x00210fd6a1a9 <JSFunction (sfi = 0000025B0316FD91)> for optimization to MAGLEV, ConcurrencyMode::kConcurrent, reason: hot and stable]
[compiling method 0x00210fd6a639 <JSFunction (sfi = 0000025B0316FD91)> (target MAGLEV), mode: ConcurrencyMode::kConcurrent]
[completed compiling 0x00210fd6a639 <JSFunction (sfi = 0000025B0316FD91)> (target MAGLEV) - took 0.000, 0.041, 0.001 ms]
[marking 0x021cbebd0061 <JSFunction (sfi = 0000025B0316FDD9)> for optimization to MAGLEV, ConcurrencyMode::kConcurrent, reason: hot and stable]
[compiling method 0x021cbebd0681 <JSFunction (sfi = 0000025B0316FDD9)> (target MAGLEV), mode: ConcurrencyMode::kConcurrent]
[completed compiling 0x021cbebd0681 <JSFunction (sfi = 0000025B0316FDD9)> (target MAGLEV) - took 0.000, 0.082, 0.001 ms]
[11144:000001C1F1DE1000]       44 ms: Scavenge 7.5 (9.6) -> 5.8 (9.9) MB, pooled: 0.0 MB, 0.20 / 0.00 ms (average mu = 1.000, current mu = 1.000) allocation failure; 
[marking 0x034a7d071479 <JSFunction (sfi = 0000025B0316FE21)> for optimization to MAGLEV, ConcurrencyMode::kConcurrent, reason: hot and stable]
[compiling method 0x034a7d071479 <JSFunction (sfi = 0000025B0316FE21)> (target MAGLEV), mode: ConcurrencyMode::kConcurrent]
[completed compiling 0x034a7d071479 <JSFunction (sfi = 0000025B0316FE21)> (target MAGLEV) - took 0.001, 0.042, 0.001 ms]
[marking 0x0273e5539809 <JSFunction prepareConnect4RbaGeometry (sfi = 00000273E5511709)> for optimization to MAGLEV, ConcurrencyMode::kConcurrent, reason: hot and stable]
[compiling method 0x0273e5539809 <JSFunction prepareConnect4RbaGeometry (sfi = 00000273E5511709)> (target MAGLEV) OSR, mode: ConcurrencyMode::kConcurrent]
[completed compiling 0x0273e5539809 <JSFunction prepareConnect4RbaGeometry (sfi = 00000273E5511709)> (target MAGLEV) OSR - took 0.000, 0.656, 0.003 ms]
[compiling method 0x0273e5539809 <JSFunction prepareConnect4RbaGeometry (sfi = 00000273E5511709)> (target TURBOFAN_JS) OSR, mode: ConcurrencyMode::kConcurrent]
[bailout (kind: deopt-eager, reason: Insufficient type feedback for binary operation): begin. deoptimizing 0x0273e5539809 <JSFunction prepareConnect4RbaGeometry (sfi = 00000273E5511709)>, 0x01f69cb13471 <Code MAGLEV>, opt id 14, bytecode offset 3113, deopt exit 30, FP to SP delta 1056, caller SP 0x0023711fefe0, pc 0x01c18004f07c]
[completed compiling 0x0273e5539809 <JSFunction prepareConnect4RbaGeometry (sfi = 00000273E5511709)> (target TURBOFAN_JS) OSR - took 0.005, 2.084, 0.010 ms]
[completed optimizing 0x0273e5539809 <JSFunction prepareConnect4RbaGeometry (sfi = 00000273E5511709)> (target TURBOFAN_JS) OSR]
[marking 0x03b7f5e85a59 <JSFunction subsetDensePrepared (sfi = 00000273E5519C99)> for optimization to MAGLEV, ConcurrencyMode::kConcurrent, reason: hot and stable]
[compiling method 0x03b7f5e85a59 <JSFunction subsetDensePrepared (sfi = 00000273E5519C99)> (target MAGLEV), mode: ConcurrencyMode::kConcurrent]
[completed compiling 0x03b7f5e85a59 <JSFunction subsetDensePrepared (sfi = 00000273E5519C99)> (target MAGLEV) - took 0.000, 0.058, 0.002 ms]
[marking 0x0273e5539c59 <JSFunction emitSortedSetBits32 (sfi = 00000273E5514579)> for optimization to MAGLEV, ConcurrencyMode::kConcurrent, reason: hot and stable]
[marking 0x03b7f5e85959 <JSFunction removeDensePrepared (sfi = 00000273E5519B79)> for optimization to MAGLEV, ConcurrencyMode::kConcurrent, reason: hot and stable]
[compiling method 0x03b7f5e85959 <JSFunction removeDensePrepared (sfi = 00000273E5519B79)> (target MAGLEV), mode: ConcurrencyMode::kConcurrent]
[compiling method 0x0273e5539c59 <JSFunction emitSortedSetBits32 (sfi = 00000273E5514579)> (target MAGLEV), mode: ConcurrencyMode::kConcurrent]
[marking 0x0273e553a391 <JSFunction connect4RbaCofactorKnownHeight (sfi = 00000273E5513559)> for optimization to MAGLEV, ConcurrencyMode::kConcurrent, reason: hot and stable]
[marking 0x03b7f5e859d9 <JSFunction prepareSubsetDense (sfi = 00000273E5519C09)> for optimization to MAGLEV, ConcurrencyMode::kConcurrent, reason: hot and stable]
[compiling method 0x03b7f5e859d9 <JSFunction prepareSubsetDense (sfi = 00000273E5519C09)> (target MAGLEV), mode: ConcurrencyMode::kConcurrent]
[completed compiling 0x03b7f5e85959 <JSFunction removeDensePrepared (sfi = 00000273E5519B79)> (target MAGLEV) - took 0.000, 0.051, 0.002 ms]
[completed compiling 0x03b7f5e859d9 <JSFunction prepareSubsetDense (sfi = 00000273E5519C09)> (target MAGLEV) - took 0.000, 0.022, 0.000 ms]
[completed compiling 0x0273e5539c59 <JSFunction emitSortedSetBits32 (sfi = 00000273E5514579)> (target MAGLEV) - took 0.000, 0.204, 0.002 ms]
[marking 0x01471c6b8b51 <JSFunction wrappedFn (sfi = 000000E4C63D5F39)> for optimization to MAGLEV, ConcurrencyMode::kConcurrent, reason: hot and stable]
[compiling method 0x01471c6b8a81 <JSFunction wrappedFn (sfi = 000000E4C63D5F39)> (target MAGLEV), mode: ConcurrencyMode::kConcurrent]
[completed compiling 0x01471c6b8a81 <JSFunction wrappedFn (sfi = 000000E4C63D5F39)> (target MAGLEV) - took 0.001, 0.109, 0.002 ms]
[marking 0x02e458563e59 <JSFunction noop (sfi = 000000E4C63F4BF1)> for optimization to MAGLEV, ConcurrencyMode::kConcurrent, reason: hot and stable]
[compiling method 0x02e458563e59 <JSFunction noop (sfi = 000000E4C63F4BF1)> (target MAGLEV), mode: ConcurrencyMode::kConcurrent]
[completed compiling 0x02e458563e59 <JSFunction noop (sfi = 000000E4C63F4BF1)> (target MAGLEV) - took 0.001, 0.044, 0.001 ms]
[marking 0x01b5ca3cd541 <JSFunction getNewKey (sfi = 00000092BB11DC21)> for optimization to MAGLEV, ConcurrencyMode::kConcurrent, reason: hot and stable]
[compiling method 0x01b5ca3cd541 <JSFunction getNewKey (sfi = 00000092BB11DC21)> (target MAGLEV), mode: ConcurrencyMode::kConcurrent]
[completed compiling 0x01b5ca3cd541 <JSFunction getNewKey (sfi = 00000092BB11DC21)> (target MAGLEV) - took 0.000, 0.172, 0.005 ms]
[marking 0x011c6c54d541 <JSFunction getNewKey (sfi = 0000004CFCE5DC21)> for optimization to MAGLEV, ConcurrencyMode::kConcurrent, reason: hot and stable]
[compiling method 0x011c6c54d541 <JSFunction getNewKey (sfi = 0000004CFCE5DC21)> (target MAGLEV), mode: ConcurrencyMode::kConcurrent]
[marking 0x01777238d541 <JSFunction getNewKey (sfi = 0000036CA901DC21)> for optimization to MAGLEV, ConcurrencyMode::kConcurrent, reason: hot and stable]
[compiling method 0x01777238d541 <JSFunction getNewKey (sfi = 0000036CA901DC21)> (target MAGLEV), mode: ConcurrencyMode::kConcurrent]
[11144:000001C1FA96A000]        9 ms: Scavenge 3.6 (4.1) -> 2.8 (4.6) MB, pooled: 0.0 MB, 0.23 / 0.00 ms (average mu = 1.000, current mu = 1.000) allocation failure; 
[completed compiling 0x01777238d541 <JSFunction getNewKey (sfi = 0000036CA901DC21)> (target MAGLEV) - took 0.001, 0.227, 0.004 ms]
[completed compiling 0x011c6c54d541 <JSFunction getNewKey (sfi = 0000004CFCE5DC21)> (target MAGLEV) - took 0.000, 0.548, 0.003 ms]
[11144:000001C1FA9F7000]       10 ms: Scavenge 3.6 (4.4) -> 2.9 (4.9) MB, pooled: 0.0 MB, 0.24 / 0.00 ms (average mu = 1.000, current mu = 1.000) allocation failure; 
[marking 0x02a06c20d541 <JSFunction getNewKey (sfi = 000003C74B0DDC21)> for optimization to MAGLEV, ConcurrencyMode::kConcurrent, reason: hot and stable]
[marking 0x0349c038d541 <JSFunction getNewKey (sfi = 000000A69259DC21)>[compiling method  for optimization to MAGLEV, ConcurrencyMode::kConcurrent, reason: hot and stable]
0x02a06c20d541 <JSFunction getNewKey (sfi = 000003C74B0DDC21)> (target MAGLEV), mode: ConcurrencyMode::kConcurrent]
[compiling method 0x0349c038d541 <JSFunction getNewKey (sfi = 000000A69259DC21)> (target MAGLEV), mode: ConcurrencyMode::kConcurrent]
[completed compiling 0x02a06c20d541 <JSFunction getNewKey (sfi = 000003C74B0DDC21)> (target MAGLEV) - took 0.000, 0.162, 0.003 ms]
[completed compiling 0x0349c038d541 <JSFunction getNewKey (sfi = 000000A69259DC21)> (target MAGLEV) - took 0.000, 0.197, 0.003 ms]
[11144:000001C1FA8F3000]       11 ms: Scavenge 3.6 (4.1) -> 2.8 (4.6) MB, pooled: 0.0 MB, 0.42 / 0.00 ms (average mu = 1.000, current mu = 1.000) allocation failure; 
[marking 0x025a6aa4d541 <JSFunction getNewKey (sfi = 0000033E72BDDC21)> for optimization to MAGLEV, ConcurrencyMode::kConcurrent, reason: hot and stable]
[compiling method 0x025a6aa4d541 <JSFunction getNewKey (sfi = 0000033E72BDDC21)> (target MAGLEV), mode: ConcurrencyMode::kConcurrent]
[completed compiling 0x025a6aa4d541 <JSFunction getNewKey (sfi = 0000033E72BDDC21)> (target MAGLEV) - took 0.000, 0.118, 0.003 ms]
[11144:000001C1FAB12000]       11 ms: Scavenge 3.6 (4.1) -> 2.9 (4.6) MB, pooled: 0.0 MB, 0.31 / 0.00 ms (average mu = 1.000, current mu = 1.000) allocation failure; 
[11144:000001C48AF75000]       10 ms: Scavenge 3.6 (4.1) -> 2.8 (4.6) MB, pooled: 0.0 MB, 0.36 / 0.00 ms (average mu = 1.000, current mu = 1.000) allocation failure; 
[marking 0x016082ccd541 <JSFunction getNewKey (sfi = 000001F66A35DC21)> for optimization to MAGLEV, ConcurrencyMode::kConcurrent, reason: hot and stable]
[compiling method 0x016082ccd541 <JSFunction getNewKey (sfi = 000001F66A35DC21)> (target MAGLEV), mode: ConcurrencyMode::kConcurrent]
[completed compiling 0x016082ccd541 <JSFunction getNewKey (sfi = 000001F66A35DC21)> (target MAGLEV) - took 0.000, 0.236, 0.003 ms]
[11144:000001C48AE56000]       11 ms: Scavenge 3.6 (4.1) -> 2.8 (4.6) MB, pooled: 0.0 MB, 0.27 / 0.00 ms (average mu = 1.000, current mu = 1.000) allocation failure; 
[11144:000001C1FA9F7000]       13 ms: Scavenge 3.8 (5.9) -> 3.5 (6.4) MB, pooled: 0.0 MB, 0.38 / 0.00 ms (average mu = 1.000, current mu = 1.000) allocation failure; 
[11144:000001C1FAC3C000]       12 ms: Scavenge 3.6 (4.1) -> 2.8 (4.6) MB, pooled: 0.0 MB, 0.26 / 0.00 ms (average mu = 1.000, current mu = 1.000) allocation failure; 
[11144:000001C1FA96A000]       13 ms: Scavenge 3.8 (5.6) -> 3.5 (6.4) MB, pooled: 0.0 MB, 0.34 / 0.00 ms (average mu = 1.000, current mu = 1.000) allocation failure; 
[11144:000001C1FAB12000]       13 ms: Scavenge 3.8 (5.6) -> 3.5 (6.1) MB, pooled: 0.0 MB, 0.38 / 0.00 ms (average mu = 1.000, current mu = 1.000) allocation failure; 
[11144:000001C48AF75000]       12 ms: Scavenge 3.8 (5.6) -> 3.5 (6.1) MB, pooled: 0.0 MB, 0.30 / 0.00 ms (average mu = 1.000, current mu = 1.000) allocation failure; 
[11144:000001C1FA8F3000]       14 ms: Scavenge 3.8 (5.6) -> 3.5 (6.1) MB, pooled: 0.0 MB, 0.34 / 0.00 ms (average mu = 1.000, current mu = 1.000) allocation failure; 
[11144:000001C48AE56000]       13 ms: Scavenge 3.8 (5.6) -> 3.5 (6.1) MB, pooled: 0.0 MB, 0.40 / 0.00 ms (average mu = 1.000, current mu = 1.000) allocation failure; 
[11144:000001C1FAC3C000]       14 ms: Scavenge 3.8 (5.6) -> 3.5 (6.1) MB, pooled: 0.0 MB, 0.31 / 0.00 ms (average mu = 1.000, current mu = 1.000) allocation failure; 
[marking 0x007c31f9b709 <JSFunction (sfi = 0000028364183591)> for optimization to MAGLEV, ConcurrencyMode::kConcurrent, reason: hot and stable]
[marking 0x00d86af19721 <JSFunction (sfi = 000002CDD6782B59)> for optimization to MAGLEV, ConcurrencyMode::kConcurrent, reason: hot and stable]
[compiling method 0x007c31f9b709 <JSFunction (sfi = 0000028364183591)> (target MAGLEV), mode: ConcurrencyMode::kConcurrent]
[marking 0x00a5d3b1afc9 [compiling method 0x00d86af19721 <JSFunction (sfi = 000002CDD6782B59)> (target MAGLEV), mode: ConcurrencyMode::kConcurrent]
<JSFunction (sfi = 000001478D8F3BC9)> for optimization to MAGLEV, ConcurrencyMode::kConcurrent, reason: hot and stable]
[compiling method [marking 0x00a5d3b1afc9[marking  0x03f9c7a156410x02fd0f915ba1  <JSFunction (sfi = 000001478D8F3BC9)> (target MAGLEV), mode: ConcurrencyMode::kConcurrent]
[marking <JSFunction (sfi = 000001FE426D44B9)><JSFunction (sfi = 000001D68CC33D19)> for optimization to MAGLEV, ConcurrencyMode::kConcurrent, reason: hot and stable for optimization to MAGLEV, ConcurrencyMode::kConcurrent, reason: hot and stable]
]
0x0008d3ad6231 <JSFunction (sfi = 0000012AF8C73BC9)> for optimization to MAGLEV, ConcurrencyMode::kConcurrent, reason: hot and stable]
[compiling method 0x02fd0f915ba1 [compiling method 0x03f9c7a15641 <JSFunction (sfi = 000001FE426D44B9)> (target MAGLEV), mode: ConcurrencyMode::kConcurrent]
<JSFunction (sfi = 000001D68CC33D19)> (target MAGLEV), mode: ConcurrencyMode::kConcurrent]
[compiling method 0x0008d3ad6231 <JSFunction (sfi = 0000012AF8C73BC9)> (target MAGLEV), mode: ConcurrencyMode::kConcurrent]
[completed compiling 0x007c31f9b709 <JSFunction (sfi = 0000028364183591)> (target MAGLEV) - took 0.000, 0.114, 0.002 ms]
[completed compiling 0x00d86af19721 <JSFunction (sfi = 000002CDD6782B59)> (target MAGLEV) - took 0.000, 0.080, 0.001 ms]
[completed compiling 0x03f9c7a15641 <JSFunction (sfi = 000001FE426D44B9)> (target MAGLEV) - took 0.000, 0.079, 0.001 ms]
[completed compiling 0x02fd0f915ba1 <JSFunction (sfi = 000001D68CC33D19)> (target MAGLEV) - took 0.000, 0.059, 0.001 ms]
[completed compiling 0x00a5d3b1afc9 <JSFunction (sfi = 000001478D8F3BC9)> (target MAGLEV) - took 0.000, 0.053, 0.001 ms]
[completed compiling 0x0008d3ad6231 <JSFunction (sfi = 0000012AF8C73BC9)> (target MAGLEV) - took 0.000, 0.122, 0.001 ms]
[marking 0x02f047157229 <JSFunction (sfi = 0000001700C73BC9)> for optimization to MAGLEV, ConcurrencyMode::kConcurrent, reason: hot and stable]
[compiling method 0x02f047157229 <JSFunction (sfi = 0000001700C73BC9)> (target MAGLEV), mode: ConcurrencyMode::kConcurrent]
[completed compiling 0x02f047157229 <JSFunction (sfi = 0000001700C73BC9)> (target MAGLEV) - took 0.000, 0.058, 0.001 ms]
[11144:000001C1FA9F7000]       23 ms: Scavenge 4.5 (6.9) -> 4.2 (7.4) MB, pooled: 0.0 MB, 0.42 / 0.00 ms (average mu = 1.000, current mu = 1.000) allocation failure; 
[11144:000001C1FAB12000]       22 ms: Scavenge 4.5 (6.6) -> 4.3 (7.1) MB, pooled: 0.0 MB, 0.37 / 0.00 ms (average mu = 1.000, current mu = 1.000) allocation failure; 
[11144:000001C1FA96A000]       23 ms: Scavenge 4.5 (6.6) -> 4.2 (7.1) MB, pooled: 0.0 MB, 0.42 / 0.00 ms (average mu = 1.000, current mu = 1.000) allocation failure; 
[11144:000001C1FAC3C000]       22 ms: Scavenge 4.6 (6.6) -> 4.3 (7.6) MB, pooled: 0.0 MB, 0.33 / 0.00 ms (average mu = 1.000, current mu = 1.000) allocation failure; 
[11144:000001C1FA8F3000]       24 ms: Scavenge 4.5 (6.6) -> 4.3 (7.4) MB, pooled: 0.0 MB, 0.42 / 0.00 ms (average mu = 1.000, current mu = 1.000) allocation failure; 
[11144:000001C48AE56000]       22 ms: Scavenge 4.6 (6.6) -> 4.3 (7.4) MB, pooled: 0.0 MB, 0.44 / 0.00 ms (average mu = 1.000, current mu = 1.000) allocation failure; 
[11144:000001C48AF75000]       22 ms: Scavenge 4.6 (6.6) -> 4.3 (7.4) MB, pooled: 0.0 MB, 0.66 / 0.00 ms (average mu = 1.000, current mu = 1.000) allocation failure; 
[marking 0x00897fec0bc9 <JSFunction next (sfi = 000000A6925A0BD1)> for optimization to MAGLEV, ConcurrencyMode::kConcurrent, reason: hot and stable]
[compiling method 0x00897fec0bc9 <JSFunction next (sfi = 000000A6925A0BD1)> (target MAGLEV), mode: ConcurrencyMode::kConcurrent]
[marking 0x02cdd6780f29 <JSFunction next (sfi = 0000036CA9020BD1)> for optimization to MAGLEV, ConcurrencyMode::kConcurrent, reason: hot and stable]
[compiling method 0x02cdd6780f29 <JSFunction next (sfi = 0000036CA9020BD1)> (target MAGLEV), mode: ConcurrencyMode::kConcurrent]
[completed compiling 0x02cdd6780f29 <JSFunction next (sfi = 0000036CA9020BD1)> (target MAGLEV) - took 0.001, 0.064, 0.003 ms]
[marking 0x0283641805b9 <JSFunction next (sfi = 00000092BB120BD1)> for optimization to MAGLEV, ConcurrencyMode::kConcurrent, reason: hot and stable[marking [marking ]
0x034d77b00691 0x03c51acea911 <JSFunction next (sfi = 0000033E72BE0BD1)> for optimization to MAGLEV, ConcurrencyMode::kConcurrent, reason: hot and stable]
[completed compiling <JSFunction next (sfi = 0000004CFCE60BD1)>[compiling method  for optimization to MAGLEV, ConcurrencyMode::kConcurrent, reason: hot and stable0x0283641805b9]
 [compiling method <JSFunction next (sfi = 00000092BB120BD1)> (target MAGLEV), mode: ConcurrencyMode::kConcurrent0x034d77b006910x00897fec0bc9]
  <JSFunction next (sfi = 0000033E72BE0BD1)> (target MAGLEV)[compiling method , mode: ConcurrencyMode::kConcurrent]
0x03c51acea911 [marking <JSFunction next (sfi = 0000004CFCE60BD1)> (target MAGLEV), mode: ConcurrencyMode::kConcurrent]
<JSFunction next (sfi = 000000A6925A0BD1)> (target MAGLEV)0x004baba00c29 - took 0.000, 0.095, 0.002 ms ]
<JSFunction next (sfi = 000001F66A360BD1)> for optimization to MAGLEV, ConcurrencyMode::kConcurrent, reason: hot and stable]
[compiling method 0x004baba00c29 <JSFunction next (sfi = 000001F66A360BD1)> (target MAGLEV), mode: ConcurrencyMode::kConcurrent]
[completed compiling 0x03c51acea911 <JSFunction next (sfi = 0000004CFCE60BD1)> (target MAGLEV) - took 0.000, 0.064, 0.001 ms[completed compiling ]
0x0283641805b9 <JSFunction next (sfi = 00000092BB120BD1)> (target MAGLEV) - took 0.000, 0.067, 0.002 ms]
[completed compiling 0x034d77b00691 <JSFunction next (sfi = 0000033E72BE0BD1)> (target MAGLEV) - took 0.000, 0.052, 0.003 ms[completed compiling ]
0x004baba00c29 <JSFunction next (sfi = 000001F66A360BD1)> (target MAGLEV) - took 0.000, 0.052, 0.002 ms]
[marking 0x014e2c5c0c29 <JSFunction next (sfi = 000003C74B0E0BD1)> for optimization to MAGLEV, ConcurrencyMode::kConcurrent, reason: hot and stable]
[compiling method 0x014e2c5c0c29 <JSFunction next (sfi = 000003C74B0E0BD1)> (target MAGLEV), mode: ConcurrencyMode::kConcurrent]
[completed compiling 0x014e2c5c0c29 <JSFunction next (sfi = 000003C74B0E0BD1)> (target MAGLEV) - took 0.000, 0.074, 0.003 ms]
[marking 0x03ba8f3d5f31 <JSFunction isPathSeparator (sfi = 000000B5A2F65AE1)> for optimization to MAGLEV, ConcurrencyMode::kConcurrent, reason: hot and stable]
[compiling method 0x03ba8f3d5f31 <JSFunction isPathSeparator (sfi = 000000B5A2F65AE1)> (target MAGLEV), mode: ConcurrencyMode::kConcurrent]
[marking 0x000f7a79efa9 <JSFunction isPathSeparator (sfi = 0000000576935051)> for optimization to MAGLEV, ConcurrencyMode::kConcurrent, reason: hot and stable]
[compiling method 0x000f7a79efa9 <JSFunction isPathSeparator (sfi = 0000000576935051)> (target MAGLEV), mode: ConcurrencyMode::kConcurrent]
[completed compiling 0x03ba8f3d5f31 <JSFunction isPathSeparator (sfi = 000000B5A2F65AE1)> (target MAGLEV) - took 0.001, 0.089, 0.001 ms]
[completed compiling 0x000f7a79efa9 <JSFunction isPathSeparator (sfi = 0000000576935051)> (target MAGLEV) - took 0.000, 0.081, 0.001 ms]
[marking 0x02a07cba0071 <JSFunction isPathSeparator (sfi = 0000021CDEFD66A1)> for optimization to MAGLEV, ConcurrencyMode::kConcurrent, reason: hot and stable]
[compiling method 0x02a07cba0071 <JSFunction isPathSeparator (sfi = 0000021CDEFD66A1)> (target MAGLEV), mode: ConcurrencyMode::kConcurrent]
[marking [marking 0x03acdef1a1b90x032c6fbdf729  <JSFunction isPathSeparator (sfi = 0000033BCA192301)> for optimization to MAGLEV, ConcurrencyMode::kConcurrent, reason: hot and stable]
[compiling method 0x03acdef1a1b9<JSFunction isPathSeparator (sfi = 000003A90CD11DA9)>  for optimization to MAGLEV, ConcurrencyMode::kConcurrent, reason: hot and stable<JSFunction isPathSeparator (sfi = 0000033BCA192301)>]
 (target MAGLEV), mode: ConcurrencyMode::kConcurrent]
[completed compiling [compiling method 0x02a07cba0071 0x032c6fbdf729 <JSFunction isPathSeparator (sfi = 0000021CDEFD66A1)> (target MAGLEV) - took 0.000, 0.042, 0.001 ms]
<JSFunction isPathSeparator (sfi = 000003A90CD11DA9)> (target MAGLEV), mode: ConcurrencyMode::kConcurrent]
[completed compiling 0x03acdef1a1b9 <JSFunction isPathSeparator (sfi = 0000033BCA192301)> (target MAGLEV) - took 0.000, 0.037, 0.001 ms]
[completed compiling 0x032c6fbdf729 <JSFunction isPathSeparator (sfi = 000003A90CD11DA9)> (target MAGLEV) - took 0.000, 0.074, 0.001 ms]
[marking 0x022712463129 <JSFunction isPathSeparator (sfi = 00000049EA519C69)> for optimization to MAGLEV, ConcurrencyMode::kConcurrent, reason: hot and stable]
[compiling method 0x022712463129 <JSFunction isPathSeparator (sfi = 00000049EA519C69)> (target MAGLEV), mode: ConcurrencyMode::kConcurrent]
[completed compiling 0x022712463129 [marking <JSFunction isPathSeparator (sfi = 00000049EA519C69)> (target MAGLEV) - took 0.000, 0.027, 0.001 ms]
0x03634261c7d9 <JSFunction isPathSeparator (sfi = 0000031A5E45E3B1)> for optimization to MAGLEV, ConcurrencyMode::kConcurrent, reason: hot and stable]
[compiling method 0x03634261c7d9 <JSFunction isPathSeparator (sfi = 0000031A5E45E3B1)> (target MAGLEV), mode: ConcurrencyMode::kConcurrent]
[completed compiling 0x03634261c7d9 <JSFunction isPathSeparator (sfi = 0000031A5E45E3B1)> (target MAGLEV) - took 0.000, 0.025, 0.001 ms]
[marking 0x000f7a79f0a9 [marking <JSFunction normalizeString (sfi = 0000000576935171)> for optimization to MAGLEV, ConcurrencyMode::kConcurrent, reason: hot and stable0x03ba8f3d6031]
 <JSFunction normalizeString (sfi = 000000B5A2F65C01)> for optimization to MAGLEV, ConcurrencyMode::kConcurrent, reason: hot and stable]
[marking 0x02a07cba0171 <JSFunction normalizeString (sfi = 0000021CDEFD67C1)> for optimization to MAGLEV, ConcurrencyMode::kConcurrent, reason: hot and stable]
[marking 0x032c6fbdf829 <JSFunction normalizeString (sfi = 000003A90CD11EC9)> for optimization to MAGLEV, ConcurrencyMode::kConcurrent, reason: hot and stable]
[marking 0x03acdef1a2b9 <JSFunction normalizeString (sfi = 0000033BCA192421)> for optimization to MAGLEV, ConcurrencyMode::kConcurrent, reason: hot and stable]
[marking 0x03634261c8d9 <JSFunction normalizeString (sfi = 0000031A5E45E4D1)> for optimization to MAGLEV, ConcurrencyMode::kConcurrent, reason: hot and stable]
[compiling method 0x000f7a79f0a9 <JSFunction normalizeString (sfi = 0000000576935171)> (target MAGLEV), mode: ConcurrencyMode::kConcurrent]
[compiling method 0x03ba8f3d6031 <JSFunction normalizeString (sfi = 000000B5A2F65C01)> (target MAGLEV), mode: ConcurrencyMode::kConcurrent]
[compiling method 0x02a07cba0171 <JSFunction normalizeString (sfi = 0000021CDEFD67C1)> (target MAGLEV), mode: ConcurrencyMode::kConcurrent]
[compiling method 0x032c6fbdf829 <JSFunction normalizeString (sfi = 000003A90CD11EC9)> (target MAGLEV), mode: ConcurrencyMode::kConcurrent]
[compiling method 0x03acdef1a2b9 <JSFunction normalizeString (sfi = 0000033BCA192421)> (target MAGLEV)[compiling method , mode: ConcurrencyMode::kConcurrent]
0x03634261c8d9 <JSFunction normalizeString (sfi = 0000031A5E45E4D1)> (target MAGLEV), mode: ConcurrencyMode::kConcurrent]
[marking 0x022712463229 <JSFunction normalizeString (sfi = 00000049EA519D89)> for optimization to MAGLEV, ConcurrencyMode::kConcurrent, reason: hot and stable]
[completed compiling 0x000f7a79f0a9 <JSFunction normalizeString (sfi = 0000000576935171)> (target MAGLEV) - took 0.001, 0.317, 0.003 ms]
[completed compiling 0x03ba8f3d6031 <JSFunction normalizeString (sfi = 000000B5A2F65C01)> (target MAGLEV) - took 0.000, 0.453, 0.002 ms]
[completed compiling 0x032c6fbdf829 <JSFunction normalizeString (sfi = 000003A90CD11EC9)> (target MAGLEV) - took 0.001, 0.348, 0.001 ms]
[completed compiling 0x02a07cba0171 <JSFunction normalizeString (sfi = 0000021CDEFD67C1)> (target MAGLEV) - took 0.000, 0.494, 0.002 ms]
[compiling method 0x022712463229 <JSFunction normalizeString (sfi = 00000049EA519D89)> (target MAGLEV), mode: ConcurrencyMode::kConcurrent]
[completed compiling 0x03acdef1a2b9 <JSFunction normalizeString (sfi = 0000033BCA192421)> (target MAGLEV) - took 0.000, 0.314, 0.001 ms]
[completed compiling 0x022712463229 <JSFunction normalizeString (sfi = 00000049EA519D89)> (target MAGLEV) - took 0.000, 0.226, 0.002 ms]
[completed compiling 0x03634261c8d9 <JSFunction normalizeString (sfi = 0000031A5E45E4D1)> (target MAGLEV) - took 0.000, 0.427, 0.001 ms]
[marking 0x01e287132a31 <JSFunction nextPart (sfi = 000001ADF42A6261)> for optimization to MAGLEV, ConcurrencyMode::kConcurrent, reason: hot and stable]
[compiling method 0x01e287132a31 <JSFunction nextPart (sfi = 000001ADF42A6261)> (target MAGLEV), mode: ConcurrencyMode::kConcurrent]
[completed compiling 0x01e287132a31 <JSFunction nextPart (sfi = 000001ADF42A6261)> (target MAGLEV) - took 0.001, 0.271, 0.001 ms]
[marking 0x03ba8f3d7da9 <JSFunction getPathFromURLWin32 (sfi = 000000B5A2F6CD69)> for optimization to MAGLEV, ConcurrencyMode::kConcurrent, reason: hot and stable]
[marking 0x01ad21abc189 <JSFunction nextPart (sfi = 000003A90CD3BA71)> for optimization to MAGLEV, ConcurrencyMode::kConcurrent, reason: hot and stable]
[compiling method 0x01ad21abc189 <JSFunction nextPart (sfi = 000003A90CD3BA71)> (target MAGLEV), mode: ConcurrencyMode::kConcurrent]
[compiling method 0x03ba8f3d7da9 <JSFunction getPathFromURLWin32 (sfi = 000000B5A2F6CD69)> (target MAGLEV), mode: ConcurrencyMode::kConcurrent]
[marking 0x000e0763be51 <JSFunction nextPart (sfi = 000000E698F67229)> for optimization to MAGLEV, ConcurrencyMode::kConcurrent, reason: hot and stable]
[compiling method 0x000e0763be51 <JSFunction nextPart (sfi = 000000E698F67229)> (target MAGLEV), mode: ConcurrencyMode::kConcurrent]
[completed compiling 0x01ad21abc189 <JSFunction nextPart (sfi = 000003A90CD3BA71)> (target MAGLEV) - took 0.000, 0.131, 0.001 ms]
[completed compiling 0x000e0763be51 <JSFunction nextPart (sfi = 000000E698F67229)> (target MAGLEV) - took 0.000, 0.109, 0.001 ms]
[completed compiling 0x03ba8f3d7da9 <JSFunction getPathFromURLWin32 (sfi = 000000B5A2F6CD69)> (target MAGLEV) - took 0.001, 0.338, 0.005 ms]
[marking 0x02f9341bcf71 <JSFunction nextPart (sfi = 0000021CDEFFFFA1)> for optimization to MAGLEV, ConcurrencyMode::kConcurrent, reason: hot and stable]
[compiling method 0x02f9341bcf71 <JSFunction nextPart (sfi = 0000021CDEFFFFA1)> (target MAGLEV), mode: ConcurrencyMode::kConcurrent]
[marking 0x032c6fbe15a1 <JSFunction getPathFromURLWin32 (sfi = 000003A90CD19031)> for optimization to MAGLEV, ConcurrencyMode::kConcurrent, reason: hot and stable]
[marking 0x00833ac3f9d9 <JSFunction nextPart (sfi = 000001DE0A7438E9)> for optimization to MAGLEV, ConcurrencyMode::kConcurrent, reason: hot and stable]
[compiling method 0x00833ac3f9d9 <JSFunction nextPart (sfi = 000001DE0A7438E9)> (target MAGLEV), mode: ConcurrencyMode::kConcurrent]
[marking 0x03895c4f7129 <JSFunction nextPart (sfi = 0000033BCA1BBFA9)> for optimization to MAGLEV, ConcurrencyMode::kConcurrent, reason: hot and stable]
[compiling method 0x03895c4f7129 <JSFunction nextPart (sfi = 0000033BCA1BBFA9)> (target MAGLEV), mode: ConcurrencyMode::kConcurrent]
[completed compiling [completed compiling 0x02f9341bcf71 0x00833ac3f9d9 <JSFunction nextPart (sfi = 0000021CDEFFFFA1)> (target MAGLEV) - took 0.000, 0.109, 0.001 ms<JSFunction nextPart (sfi = 000001DE0A7438E9)>]
 (target MAGLEV) - took 0.001, 0.141, 0.001 ms]
[marking 0x000f7a7a0e21 <JSFunction getPathFromURLWin32 (sfi = 000000057693C2D9)> for optimization to MAGLEV, ConcurrencyMode::kConcurrent, reason: hot and stable]
[compiling method 0x032c6fbe15a1 <JSFunction getPathFromURLWin32 (sfi = 000003A90CD19031)> (target MAGLEV), mode: ConcurrencyMode::kConcurrent]
[completed compiling 0x03895c4f7129 <JSFunction nextPart (sfi = 0000033BCA1BBFA9)>[marking  (target MAGLEV) - took 0.000, 0.083, 0.001 ms0x0331ff739669]
 <JSFunction nextPart (sfi = 00000098CE2CCF99)> for optimization to MAGLEV, ConcurrencyMode::kConcurrent, reason: hot and stable]
[compiling method 0x0331ff739669 <JSFunction nextPart (sfi = 00000098CE2CCF99)> (target MAGLEV), mode: ConcurrencyMode::kConcurrent]
[completed compiling 0x0331ff739669 <JSFunction nextPart (sfi = 00000098CE2CCF99)> (target MAGLEV) - took 0.000, 0.147, 0.001 ms]
[completed compiling 0x032c6fbe15a1 <JSFunction getPathFromURLWin32 (sfi = 000003A90CD19031)> (target MAGLEV) - took 0.000, 0.291, 0.005 ms]
[compiling method 0x000f7a7a0e21 <JSFunction getPathFromURLWin32 (sfi = 000000057693C2D9)> (target MAGLEV), mode: ConcurrencyMode::kConcurrent]
[marking 0x022712464fa1 <JSFunction getPathFromURLWin32 (sfi = 00000049EA520EF1)> for optimization to MAGLEV, ConcurrencyMode::kConcurrent, reason: hot and stable]
[marking 0x02a07cba1ee9 <JSFunction getPathFromURLWin32 (sfi = 0000021CDEFDD929)> for optimization to MAGLEV, ConcurrencyMode::kConcurrent, reason: hot and stable]
[completed compiling 0x000f7a7a0e21 <JSFunction getPathFromURLWin32 (sfi = 000000057693C2D9)> (target MAGLEV) - took 0.000, 0.330, 0.004 ms]
[marking 0x03634261e651 <JSFunction getPathFromURLWin32 (sfi = 0000031A5E465639)> for optimization to MAGLEV, ConcurrencyMode::kConcurrent, reason: hot and stable]
[compiling method 0x02a07cba1ee9 <JSFunction getPathFromURLWin32 (sfi = 0000021CDEFDD929)> (target MAGLEV), mode: ConcurrencyMode::kConcurrent]
[marking 0x03acdef1c031 <JSFunction getPathFromURLWin32 (sfi = 0000033BCA199589)> for optimization to MAGLEV, ConcurrencyMode::kConcurrent, reason: hot and stable]
[compiling method 0x022712464fa1 <JSFunction getPathFromURLWin32 (sfi = 00000049EA520EF1)> (target MAGLEV), mode: ConcurrencyMode::kConcurrent]
[compiling method 0x03634261e651 <JSFunction getPathFromURLWin32 (sfi = 0000031A5E465639)> (target MAGLEV), mode: ConcurrencyMode::kConcurrent]
[compiling method 0x03acdef1c031 <JSFunction getPathFromURLWin32 (sfi = 0000033BCA199589)> (target MAGLEV), mode: ConcurrencyMode::kConcurrent]
[completed compiling 0x022712464fa1 <JSFunction getPathFromURLWin32 (sfi = 00000049EA520EF1)> (target MAGLEV) - took 0.000, 0.289, 0.006 ms]
[completed compiling 0x02a07cba1ee9 <JSFunction getPathFromURLWin32 (sfi = 0000021CDEFDD929)> (target MAGLEV) - took 0.000, 0.373, 0.005 ms]
[completed compiling 0x03634261e651 <JSFunction getPathFromURLWin32 (sfi = 0000031A5E465639)> (target MAGLEV) - took 0.001, 0.317, 0.004 ms]
[completed compiling 0x03acdef1c031 <JSFunction getPathFromURLWin32 (sfi = 0000033BCA199589)> (target MAGLEV) - took 0.000, 0.308, 0.004 ms]
[marking 0x029eafc2b9a1 <JSFunction prepareWorkerBehaviorLoad32 (sfi = 0000029EAFC0BE39)> for optimization to MAGLEV, ConcurrencyMode::kConcurrent, reason: hot and stable]
[compiling method 0x029eafc2b9a1 <JSFunction prepareWorkerBehaviorLoad32 (sfi = 0000029EAFC0BE39)> (target MAGLEV) OSR, mode: ConcurrencyMode::kConcurrent]
[completed compiling 0x029eafc2b9a1 <JSFunction prepareWorkerBehaviorLoad32 (sfi = 0000029EAFC0BE39)> (target MAGLEV) OSR - took 0.001, 0.202, 0.002 ms]
[compiling method 0x029eafc2b9a1 <JSFunction prepareWorkerBehaviorLoad32 (sfi = 0000029EAFC0BE39)> (target TURBOFAN_JS) OSR, mode: ConcurrencyMode::kConcurrent]
[completed compiling 0x029eafc2b9a1 <JSFunction prepareWorkerBehaviorLoad32 (sfi = 0000029EAFC0BE39)> (target TURBOFAN_JS) OSR - took 0.002, 0.848, 0.008 ms]
[completed optimizing 0x029eafc2b9a1 <JSFunction prepareWorkerBehaviorLoad32 (sfi = 0000029EAFC0BE39)> (target TURBOFAN_JS) OSR]
[marking 0x01f714dddfe9 <JSFunction prepareWorkerBehaviorLoad32 (sfi = 000002AFEE53E459)> for optimization to MAGLEV, ConcurrencyMode::kConcurrent, reason: hot and stable]
[compiling method 0x01f714dddfe9 <JSFunction prepareWorkerBehaviorLoad32 (sfi = 000002AFEE53E459)> (target MAGLEV) OSR, mode: ConcurrencyMode::kConcurrent]
[completed compiling 0x01f714dddfe9 <JSFunction prepareWorkerBehaviorLoad32 (sfi = 000002AFEE53E459)> (target MAGLEV) OSR - took 0.000, 0.182, 0.001 ms]
[marking [compiling method 0x01f714dddfe9 <JSFunction prepareWorkerBehaviorLoad32 (sfi = 000002AFEE53E459)>0x02edcc9e2cf9 (target TURBOFAN_JS)  OSR, mode: ConcurrencyMode::kConcurrent]
<JSFunction prepareWorkerBehaviorLoad32 (sfi = 000002EDCC9C3129)> for optimization to MAGLEV, ConcurrencyMode::kConcurrent, reason: hot and stable]
[compiling method 0x02edcc9e2cf9 <JSFunction prepareWorkerBehaviorLoad32 (sfi = 000002EDCC9C3129)> (target MAGLEV) OSR, mode: ConcurrencyMode::kConcurrent]
[marking 0x015eea9b13b9 <JSFunction prepareWorkerBehaviorLoad32 (sfi = 0000015EEA991769)> for optimization to MAGLEV, ConcurrencyMode::kConcurrent, reason: hot and stable]
[compiling method 0x015eea9b13b9 <JSFunction prepareWorkerBehaviorLoad32 (sfi = 0000015EEA991769)> (target MAGLEV) OSR, mode: ConcurrencyMode::kConcurrent]
[completed compiling 0x02edcc9e2cf9 <JSFunction prepareWorkerBehaviorLoad32 (sfi = 000002EDCC9C3129)> (target MAGLEV) OSR - took 0.001, 0.152, 0.002 ms]
[compiling method 0x02edcc9e2cf9 <JSFunction prepareWorkerBehaviorLoad32 (sfi = 000002EDCC9C3129)> (target TURBOFAN_JS) OSR, mode: ConcurrencyMode::kConcurrent]
[completed compiling 0x015eea9b13b9 <JSFunction prepareWorkerBehaviorLoad32 (sfi = 0000015EEA991769)> (target MAGLEV) OSR - took 0.000, 0.182, 0.001 ms]
[compiling method 0x015eea9b13b9 <JSFunction prepareWorkerBehaviorLoad32 (sfi = 0000015EEA991769)> (target TURBOFAN_JS) OSR, mode: ConcurrencyMode::kConcurrent]
[completed compiling 0x01f714dddfe9 <JSFunction prepareWorkerBehaviorLoad32 (sfi = 000002AFEE53E459)> (target TURBOFAN_JS) OSR - took 0.002, 0.837, 0.010 ms]
[completed optimizing 0x01f714dddfe9 <JSFunction prepareWorkerBehaviorLoad32 (sfi = 000002AFEE53E459)> (target TURBOFAN_JS) OSR]
[completed compiling 0x02edcc9e2cf9 <JSFunction prepareWorkerBehaviorLoad32 (sfi = 000002EDCC9C3129)> (target TURBOFAN_JS) OSR - took 0.001, 0.758, 0.008 ms]
[completed optimizing 0x02edcc9e2cf9 <JSFunction prepareWorkerBehaviorLoad32 (sfi = 000002EDCC9C3129)> (target TURBOFAN_JS) OSR]
[completed compiling 0x015eea9b13b9 <JSFunction prepareWorkerBehaviorLoad32 (sfi = 0000015EEA991769)> (target TURBOFAN_JS) OSR - took 0.001, 0.586, 0.007 ms]
[completed optimizing 0x015eea9b13b9 <JSFunction prepareWorkerBehaviorLoad32 (sfi = 0000015EEA991769)> (target TURBOFAN_JS) OSR]
[marking 0x012c474ee2d1 <JSFunction prepareWorkerBehaviorLoad32 (sfi = 0000012C474CE6B1)> for optimization to MAGLEV, ConcurrencyMode::kConcurrent, reason: hot and stable]
[compiling method 0x012c474ee2d1 <JSFunction prepareWorkerBehaviorLoad32 (sfi = 0000012C474CE6B1)> (target MAGLEV) OSR, mode: ConcurrencyMode::kConcurrent]
[marking 0x03b557d56351 <JSFunction prepareWorkerBehaviorLoad32 (sfi = 000001183D3F6321)> for optimization to MAGLEV, ConcurrencyMode::kConcurrent, reason: hot and stable]
[compiling method 0x03b557d56351 <JSFunction prepareWorkerBehaviorLoad32 (sfi = 000001183D3F6321)> (target MAGLEV) OSR, mode: ConcurrencyMode::kConcurrent]
[marking dependent code 0x0357f8240ba1 <Code MAGLEV> (0x033e72be0bd1 <SharedFunctionInfo next>) (opt id 2) for deoptimization, reason: embedded weak objects cleared]
[completed compiling 0x03b557d56351 <JSFunction prepareWorkerBehaviorLoad32 (sfi = 000001183D3F6321)> (target MAGLEV) OSR - took 0.001, 0.138, 0.002 ms]
[compiling method 0x03b557d56351 <JSFunction prepareWorkerBehaviorLoad32 (sfi = 000001183D3F6321)> (target TURBOFAN_JS) OSR, mode: ConcurrencyMode::kConcurrent]
[marking 0x0182a7ea48c1 <JSFunction prepareWorkerBehaviorLoad32 (sfi = 00000182A7E84CA9)> for optimization to MAGLEV, ConcurrencyMode::kConcurrent, reason: hot and stable]
[compiling method 0x0182a7ea48c1 <JSFunction prepareWorkerBehaviorLoad32 (sfi = 00000182A7E84CA9)> (target MAGLEV) OSR, mode: ConcurrencyMode::kConcurrent]
[completed compiling 0x012c474ee2d1 <JSFunction prepareWorkerBehaviorLoad32 (sfi = 0000012C474CE6B1)> (target MAGLEV) OSR - took 0.001, 0.071, 0.001 ms]
[compiling method 0x012c474ee2d1 <JSFunction prepareWorkerBehaviorLoad32 (sfi = 0000012C474CE6B1)> (target TURBOFAN_JS) OSR, mode: ConcurrencyMode::kConcurrent]
[11144:000001C48AE56000]       65 ms: Mark-Compact 8.0 (10.4) -> 6.0 (10.1) MB, pooled: 0.0 MB, 3.09 / 0.00 ms (average mu = 0.952, current mu = 0.952) background allocation failure; GC in old space requested
[marking 0x02c5f8760399 <JSFunction subsetDensePrepared (sfi = 000001F714DCBA21)> for optimization to MAGLEV, ConcurrencyMode::kConcurrent, reason: hot and stable]
[compiling method 0x02c5f8760399 <JSFunction subsetDensePrepared (sfi = 000001F714DCBA21)> (target MAGLEV), mode: ConcurrencyMode::kConcurrent]
[marking 0x002178d461d1 <JSFunction subsetDensePrepared (sfi = 0000029EAFC19339)> for optimization to MAGLEV, ConcurrencyMode::kConcurrent, reason: hot and stable]
[compiling method 0x002178d461d1 <JSFunction subsetDensePrepared (sfi = 0000029EAFC19339)> (target MAGLEV), mode: ConcurrencyMode::kConcurrent]
[marking 0x03f40b5e0d89 <JSFunction subsetDensePrepared (sfi = 000003B557D43C79)> for optimization to MAGLEV, ConcurrencyMode::kConcurrent, reason: hot and stable]
[compiling method 0x03f40b5e0d89 <JSFunction subsetDensePrepared (sfi = 000003B557D43C79)> (target MAGLEV), mode: ConcurrencyMode::kConcurrent]
[marking dependent code 0x0130ec040ba1 <Code MAGLEV> (0x0092bb120bd1 <SharedFunctionInfo next>) (opt id 2) for deoptimization, reason: embedded weak objects cleared]
[marking 0x029eafc2ceb1 <JSFunction emitSortedSetBits32 (sfi = 0000029EAFC1E811)> for optimization to MAGLEV, ConcurrencyMode::kConcurrent, reason: hot and stable]
[marking 0x029eafc2d271 <JSFunction connect4RbaCofactorKnownHeight (sfi = 0000029EAFC1D8E1)> for optimization to MAGLEV, ConcurrencyMode::kConcurrent, reason: hot and stable]
[compiling method 0x029eafc2ceb1 <JSFunction emitSortedSetBits32 (sfi = 0000029EAFC1E811)> (target MAGLEV), mode: ConcurrencyMode::kConcurrent]
[marking 0x0298eb527919 <JSFunction subsetDensePrepared (sfi = 00000182A7E921A9)> for optimization to MAGLEV, ConcurrencyMode::kConcurrent, reason: hot and stable]
[compiling method 0x0298eb527919 <JSFunction subsetDensePrepared (sfi = 00000182A7E921A9)> (target MAGLEV), mode: ConcurrencyMode::kConcurrent]
[compiling method 0x029eafc2d271 <JSFunction connect4RbaCofactorKnownHeight (sfi = 0000029EAFC1D8E1)> (target MAGLEV), mode: ConcurrencyMode::kConcurrent]
[marking 0x01f714ddf8b9 <JSFunction connect4RbaCofactorKnownHeight (sfi = 000001F714DCFFB1)> for optimization to MAGLEV, ConcurrencyMode::kConcurrent, reason: hot and stable]
[marking dependent code 0x01d675680ba1 <Code MAGLEV> (0x03c74b0e0bd1 <SharedFunctionInfo next>) (opt id 2) for deoptimization, reason: embedded weak objects cleared]
[marking 0x002178d460d1 <JSFunction removeDensePrepared (sfi = 0000029EAFC19219)> for optimization to MAGLEV, ConcurrencyMode::kConcurrent, reason: hot and stable]
[compiling method 0x01f714ddf8b9 [compiling method 0x002178d460d1 <JSFunction connect4RbaCofactorKnownHeight (sfi = 000001F714DCFFB1)> (target MAGLEV)<JSFunction removeDensePrepared (sfi = 0000029EAFC19219)>, mode: ConcurrencyMode::kConcurrent (target MAGLEV), mode: ConcurrencyMode::kConcurrent]
]
[marking 0x01f714ddf4f9 <JSFunction emitSortedSetBits32 (sfi = 000001F714DD0EE1)> for optimization to MAGLEV, ConcurrencyMode::kConcurrent, reason: hot and stable]
[compiling method 0x01f714ddf4f9 <JSFunction emitSortedSetBits32 (sfi = 000001F714DD0EE1)> (target MAGLEV), mode: ConcurrencyMode::kConcurrent]
[marking 0x02c5f8760299 <JSFunction removeDensePrepared (sfi = 000001F714DCB901)> for optimization to MAGLEV, ConcurrencyMode::kConcurrent, reason: hot and stable]
[compiling method 0x02c5f8760299 <JSFunction removeDensePrepared (sfi = 000001F714DCB901)> (target MAGLEV), mode: ConcurrencyMode::kConcurrent]
[marking 0x03b557d57c21 <JSFunction connect4RbaCofactorKnownHeight (sfi = 000003B557D481D9)> for optimization to MAGLEV, ConcurrencyMode::kConcurrent, reason: hot and stable]
[compiling method 0x03b557d57c21 <JSFunction connect4RbaCofactorKnownHeight (sfi = 000003B557D481D9)> (target MAGLEV), mode: ConcurrencyMode::kConcurrent]
[marking 0x03b557d57861 <JSFunction emitSortedSetBits32 (sfi = 000003B557D49109)> for optimization to MAGLEV, ConcurrencyMode::kConcurrent, reason: hot and stable]
[compiling method 0x03b557d57861 <JSFunction emitSortedSetBits32 (sfi = 000003B557D49109)> (target MAGLEV), mode: ConcurrencyMode::kConcurrent]
[marking 0x029eafc2c229 <JSFunction publishSpan32 (sfi = 0000029EAFC165F1)> for optimization to MAGLEV, ConcurrencyMode::kConcurrent, reason: hot and stable]
[compiling method 0x029eafc2c229 <JSFunction publishSpan32 (sfi = 0000029EAFC165F1)> (target MAGLEV), mode: ConcurrencyMode::kConcurrent[marking ]
0x03f40b5e0c89 <JSFunction removeDensePrepared (sfi = 000003B557D43B59)> for optimization to MAGLEV, ConcurrencyMode::kConcurrent, reason: hot and stable]
[compiling method 0x03f40b5e0c89 <JSFunction removeDensePrepared (sfi = 000003B557D43B59)> (target MAGLEV), mode: ConcurrencyMode::kConcurrent]
[marking 0x002178d46151 <JSFunction prepareSubsetDense (sfi = 0000029EAFC192A9)> for optimization to MAGLEV, ConcurrencyMode::kConcurrent, reason: hot and stable]
[compiling method 0x002178d46151 <JSFunction prepareSubsetDense (sfi = 0000029EAFC192A9)> (target MAGLEV), mode: ConcurrencyMode::kConcurrent]
[marking 0x029eafc2c269 <JSFunction mixSpan32Locator32 (sfi = 0000029EAFC16639)> for optimization to MAGLEV, ConcurrencyMode::kConcurrent, reason: hot and stable]
[compiling method 0x029eafc2c269 <JSFunction mixSpan32Locator32 (sfi = 0000029EAFC16639)> (target MAGLEV), mode: ConcurrencyMode::kConcurrent]
[marking 0x02c5f8760319 <JSFunction prepareSubsetDense (sfi = 000001F714DCB991)> for optimization to MAGLEV, ConcurrencyMode::kConcurrent, reason: hot and stable]
[compiling method 0x02c5f8760319 <JSFunction prepareSubsetDense (sfi = 000001F714DCB991)> (target MAGLEV), mode: ConcurrencyMode::kConcurrent]
[marking 0x029eafc2d1b1 <JSFunction connect4RbaCofactorBasis (sfi = 0000029EAFC1D809)> for optimization to MAGLEV, ConcurrencyMode::kConcurrent, reason: hot and stable]
[marking dependent code 0x00b43fe80ba1 <Code MAGLEV> (0x01f66a360bd1 <SharedFunctionInfo next>) (opt id 2) for deoptimization, reason: embedded weak objects cleared]
[compiling method 0x029eafc2d1b1 <JSFunction connect4RbaCofactorBasis (sfi = 0000029EAFC1D809)> (target MAGLEV), mode: ConcurrencyMode::kConcurrent]
[11144:000001C1FA96A000]       69 ms: Mark-Compact 8.0 (9.9) -> 6.0 (10.4) MB, pooled: 0.0 MB, 4.10 / 0.00 ms (average mu = 0.940, current mu = 0.940) background allocation failure; GC in old space requested
[11144:000001C1FA9F7000]       69 ms: Scavenge 8.0 (9.9) -> 7.1 (10.1) MB, pooled: 0.0 MB, 0.57 / 0.00 ms (average mu = 1.000, current mu = 1.000) allocation failure; 
[11144:000001C1FAB12000]       69 ms: Scavenge 8.0 (9.9) -> 7.1 (10.4) MB, pooled: 0.0 MB, 0.73 / 0.00 ms (average mu = 1.000, current mu = 1.000) allocation failure; 
[11144:000001C48AF75000]       68 ms: Mark-Compact 8.1 (9.9) -> 6.1 (10.4) MB, pooled: 0.0 MB, 4.30 / 0.00 ms (average mu = 0.936, current mu = 0.936) background allocation failure; GC in old space requested
[marking 0x0182a7ea5dd1 <JSFunction emitSortedSetBits32 (sfi = 00000182A7E97639)> for optimization to MAGLEV, ConcurrencyMode::kConcurrent, reason: hot and stable]
[marking 0x0182a7ea6191 <JSFunction connect4RbaCofactorKnownHeight (sfi = 00000182A7E96709)> for optimization to MAGLEV, ConcurrencyMode::kConcurrent, reason: hot and stable]
[compiling method 0x0182a7ea5dd1 <JSFunction emitSortedSetBits32 (sfi = 00000182A7E97639)> (target MAGLEV), mode: ConcurrencyMode::kConcurrent]
[11144:000001C1FA8F3000]       70 ms: Scavenge 8.0 (9.9) -> 7.1 (10.6) MB, pooled: 0.0 MB, 0.78 / 0.00 ms (average mu = 1.000, current mu = 1.000) allocation failure; 
[compiling method 0x0182a7ea6191 <JSFunction connect4RbaCofactorKnownHeight (sfi = 00000182A7E96709)> (target MAGLEV), mode: ConcurrencyMode::kConcurrent]
[marking 0x016f6a3dd8a9 <JSFunction prepareSubsetDense (sfi = 000003B557D43BE9)> for optimization to MAGLEV, ConcurrencyMode::kConcurrent, reason: hot and stable]
[compiling method 0x016f6a3dd8a9 <JSFunction prepareSubsetDense (sfi = 000003B557D43BE9)> (target MAGLEV), mode: ConcurrencyMode::kConcurrent]
[completed compiling 0x011c6c5438a9 <JSFunction subsetDensePrepared (sfi = 000001F714DCBA21)> (target MAGLEV) - took 0.000, 0.102, 0.006 ms]
[marking 0x03b557d56c19 <JSFunction mixSpan32Locator32 (sfi = 000003B557D40F79)> for optimization to MAGLEV, ConcurrencyMode::kConcurrent, reason: hot and stable]
[compiling method 0x03b557d56c19 <JSFunction mixSpan32Locator32 (sfi = 000003B557D40F79)> (target MAGLEV), mode: ConcurrencyMode::kConcurrent]
[marking 0x01d0391c61d1 <JSFunction subsetDensePrepared (sfi = 0000015EEA99ECA1)> for optimization to MAGLEV, ConcurrencyMode::kConcurrent, reason: hot and stable]
[compiling method 0x01d0391c61d1 <JSFunction subsetDensePrepared (sfi = 0000015EEA99ECA1)> (target MAGLEV), mode: ConcurrencyMode::kConcurrent]
[marking 0x0349c03ba749 <JSFunction removeDensePrepared (sfi = 00000182A7E92089)> for optimization to MAGLEV, ConcurrencyMode::kConcurrent, reason: hot and stable]
[marking 0x03b557d57b61 <JSFunction connect4RbaCofactorBasis (sfi = 000003B557D48101)> for optimization to MAGLEV, ConcurrencyMode::kConcurrent, reason: hot and stable]
[compiling method 0x0349c03ba749 <JSFunction removeDensePrepared (sfi = 00000182A7E92089)> (target MAGLEV), mode: ConcurrencyMode::kConcurrent]
[compiling method 0x03b557d57b61 <JSFunction connect4RbaCofactorBasis (sfi = 000003B557D48101)> (target MAGLEV), mode: ConcurrencyMode::kConcurrent]
[marking 0x03b557d56bd9 <JSFunction publishSpan32 (sfi = 000003B557D40F31)> for optimization to MAGLEV, ConcurrencyMode::kConcurrent, reason: hot and stable]
[compiling method 0x03b557d56bd9 <JSFunction publishSpan32 (sfi = 000003B557D40F31)> (target MAGLEV), mode: ConcurrencyMode::kConcurrent]
[marking 0x01f714ddf7f9 <JSFunction connect4RbaCofactorBasis (sfi = 000001F714DCFED9)> for optimization to MAGLEV, ConcurrencyMode::kConcurrent, reason: hot and stable]
[marking 0x002178d46c71 <JSFunction collectSingletonProfiles (sfi = 0000029EAFC20A61)> for optimization to MAGLEV, ConcurrencyMode::kConcurrent, reason: hot and stable]
[11144:000001C1FAC3C000]       69 ms: Mark-Compact 7.9 (9.6) -> 6.0 (10.4) MB, pooled: 0.0 MB, 4.05 / 0.00 ms (average mu = 0.941, current mu = 0.941) allocation failure; GC in old space requested
[marking 0x0053881c61d1 <JSFunction subsetDensePrepared (sfi = 000002EDCC9D0609)> for optimization to MAGLEV, ConcurrencyMode::kConcurrent, reason: hot and stable]
[compiling method 0x002178d46c71 <JSFunction collectSingletonProfiles (sfi = 0000029EAFC20A61)> (target MAGLEV), mode: ConcurrencyMode::kConcurrent]
[compiling method 0x0053881c61d1 <JSFunction subsetDensePrepared (sfi = 000002EDCC9D0609)> (target MAGLEV), mode: ConcurrencyMode::kConcurrent]
[compiling method 0x01f714ddf7f9 <JSFunction connect4RbaCofactorBasis (sfi = 000001F714DCFED9)> (target MAGLEV), mode: ConcurrencyMode::kConcurrent]
[marking 0x01f714dde8b1 <JSFunction mixSpan32Locator32 (sfi = 000001F714DC8D21)> for optimization to MAGLEV, ConcurrencyMode::kConcurrent, reason: hot and stable]
[compiling method 0x01f714dde8b1 <JSFunction mixSpan32Locator32 (sfi = 000001F714DC8D21)> (target MAGLEV), mode: ConcurrencyMode::kConcurrent]
[completed compiling 0x03b557d56351 <JSFunction prepareWorkerBehaviorLoad32 (sfi = 000001183D3F6321)> (target TURBOFAN_JS) OSR - took 0.001, 0.884, 0.010 ms]
[completed optimizing 0x03b557d56351 <JSFunction prepareWorkerBehaviorLoad32 (sfi = 000001183D3F6321)> (target TURBOFAN_JS) OSR]
[completed compiling 0x01d0391c61d1 <JSFunction subsetDensePrepared (sfi = 0000015EEA99ECA1)> (target MAGLEV) - took 0.000, 0.066, 0.004 ms]
[marking 0x0349c03ba789 <JSFunction prepareSubsetDense (sfi = 00000182A7E92119)> for optimization to MAGLEV, ConcurrencyMode::kConcurrent, reason: hot and stable]
[compiling method 0x0349c03ba789 <JSFunction prepareSubsetDense (sfi = 00000182A7E92119)> (target MAGLEV), mode: ConcurrencyMode::kConcurrent]
[marking 0x01f714dde871 <JSFunction publishSpan32 (sfi = 000001F714DC8CD9)> for optimization to MAGLEV, ConcurrencyMode::kConcurrent, reason: hot and stable]
[compiling method 0x01f714dde871 <JSFunction publishSpan32 (sfi = 000001F714DC8CD9)> (target MAGLEV), mode: ConcurrencyMode::kConcurrent]
[marking 0x015eea9b28c9 <JSFunction emitSortedSetBits32 (sfi = 0000015EEA9A4161)> for optimization to MAGLEV, ConcurrencyMode::kConcurrent, reason: hot and stable]
[marking 0x015eea9b2c89 <JSFunction connect4RbaCofactorKnownHeight (sfi = 0000015EEA9A3231)> for optimization to MAGLEV, ConcurrencyMode::kConcurrent, reason: hot and stable]
[marking 0x0182a7ea5189 [compiling method 0x015eea9b28c9 <JSFunction mixSpan32Locator32 (sfi = 00000182A7E8F4A9)><JSFunction emitSortedSetBits32 (sfi = 0000015EEA9A4161)> for optimization to MAGLEV, ConcurrencyMode::kConcurrent, reason: hot and stable (target MAGLEV), mode: ConcurrencyMode::kConcurrent]
]
[compiling method 0x0182a7ea5189 <JSFunction mixSpan32Locator32 (sfi = 00000182A7E8F4A9)> (target MAGLEV)[compiling method 0x015eea9b2c89 <JSFunction connect4RbaCofactorKnownHeight (sfi = 0000015EEA9A3231)> (target MAGLEV), mode: ConcurrencyMode::kConcurrent]
[completed compiling 0x0053881c61d1 <JSFunction subsetDensePrepared (sfi = 000002EDCC9D0609)> (target MAGLEV) - took 0.000, 0.088, 0.003 ms]
, mode: ConcurrencyMode::kConcurrent]
[completed compiling 0x01f714ddf8b9 <JSFunction connect4RbaCofactorKnownHeight (sfi = 000001F714DCFFB1)> (target MAGLEV) - took 0.000, 1.683, 0.011 ms]
[completed compiling [marking 0x01d0391c60d1 0x0182a7ea48c1 <JSFunction removeDensePrepared (sfi = 0000015EEA99EB81)> for optimization to MAGLEV, ConcurrencyMode::kConcurrent, reason: hot and stable<JSFunction prepareWorkerBehaviorLoad32 (sfi = 00000182A7E84CA9)>]
 (target MAGLEV) OSR - took 0.000, 0.183, 0.001 ms]
[compiling method 0x01d0391c60d1 <JSFunction removeDensePrepared (sfi = 0000015EEA99EB81)> (target MAGLEV), mode: ConcurrencyMode::kConcurrent[marking ]
0x0182a7ea60d1 <JSFunction connect4RbaCofactorBasis (sfi = 00000182A7E96631)> for optimization to MAGLEV, ConcurrencyMode::kConcurrent, reason: hot and stable]
[compiling method 0x0182a7ea60d1 <JSFunction connect4RbaCofactorBasis (sfi = 00000182A7E96631)> (target MAGLEV), mode: ConcurrencyMode::kConcurrent]
[completed compiling 0x0349c0384339 <JSFunction subsetDensePrepared (sfi = 00000182A7E921A9)> (target MAGLEV) - took 0.000, 0.063, 0.004 ms]
[completed compiling 0x01f714ddf4f9 <JSFunction emitSortedSetBits32 (sfi = 000001F714DD0EE1)> (target MAGLEV) - took 0.000, 0.170, 0.004 ms]
[marking 0x0182a7ea5149 <JSFunction publishSpan32 (sfi = 00000182A7E8F461)> for optimization to MAGLEV, ConcurrencyMode::kConcurrent, reason: hot and stable]
[completed compiling 0x012c474ee2d1 <JSFunction prepareWorkerBehaviorLoad32 (sfi = 0000012C474CE6B1)> (target TURBOFAN_JS) OSR - took 0.002, 0.689, 0.009 ms]
[completed optimizing 0x012c474ee2d1 <JSFunction prepareWorkerBehaviorLoad32 (sfi = 0000012C474CE6B1)> (target TURBOFAN_JS) OSR]
[completed compiling 0x011c6c543869 <JSFunction removeDensePrepared (sfi = 000001F714DCB901)> (target MAGLEV) - took 0.000, 0.046, 0.003 ms]
[completed compiling 0x011c6c543829 <JSFunction prepareSubsetDense (sfi = 000001F714DCB991)> (target MAGLEV) - took 0.000, 0.020, 0.002 ms]
[marking 0x02edcc9e4209 <JSFunction emitSortedSetBits32 (sfi = 000002EDCC9D5AB1)> for optimization to MAGLEV, ConcurrencyMode::kConcurrent, reason: hot and stable]
[compiling method 0x0182a7ea5149 <JSFunction publishSpan32 (sfi = 00000182A7E8F461)> (target MAGLEV), mode: ConcurrencyMode::kConcurrent]
[marking 0x02edcc9e45c9 <JSFunction connect4RbaCofactorKnownHeight (sfi = 000002EDCC9D4B81)> for optimization to MAGLEV, ConcurrencyMode::kConcurrent, reason: hot and stable]
[completed compiling 0x0182a7ea5dd1 <JSFunction emitSortedSetBits32 (sfi = 00000182A7E97639)> (target MAGLEV) - took 0.001, 0.238, 0.004 ms]
[compiling method 0x02edcc9e4209 <JSFunction emitSortedSetBits32 (sfi = 000002EDCC9D5AB1)> (target MAGLEV), mode: ConcurrencyMode::kConcurrent]
[completed compiling 0x015eea9b28c9 <JSFunction emitSortedSetBits32 (sfi = 0000015EEA9A4161)> (target MAGLEV) - took 0.000, 0.269, 0.004 ms]
[compiling method 0x02edcc9e45c9 <JSFunction connect4RbaCofactorKnownHeight (sfi = 000002EDCC9D4B81)> (target MAGLEV), mode: ConcurrencyMode::kConcurrent]
[completed compiling 0x01d0391c60d1 <JSFunction removeDensePrepared (sfi = 0000015EEA99EB81)> (target MAGLEV) - took 0.000, 0.073, 0.002 ms]
[marking 0x01d0391c6151 <JSFunction prepareSubsetDense (sfi = 0000015EEA99EC11)> for optimization to MAGLEV, ConcurrencyMode::kConcurrent, reason: hot and stable]
[compiling method 0x01d0391c6151 <JSFunction prepareSubsetDense (sfi = 0000015EEA99EC11)> (target MAGLEV), mode: ConcurrencyMode::kConcurrent]
[marking 0x015eea9b1c81 <JSFunction mixSpan32Locator32 (sfi = 0000015EEA99BFA1)> for optimization to MAGLEV, ConcurrencyMode::kConcurrent, reason: hot and stable]
[marking 0x0053881c60d1 <JSFunction removeDensePrepared (sfi = 000002EDCC9D04E9)> for optimization to MAGLEV, ConcurrencyMode::kConcurrent, reason: hot and stable]
[compiling method 0x0053881c60d1 <JSFunction removeDensePrepared (sfi = 000002EDCC9D04E9)> (target MAGLEV), mode: ConcurrencyMode::kConcurrent]
[completed compiling 0x01d0391c6151 [completed compiling 0x01f714ddf7f9 <JSFunction prepareSubsetDense (sfi = 0000015EEA99EC11)> (target MAGLEV) - took 0.000, 0.056, 0.001 ms]
<JSFunction connect4RbaCofactorBasis (sfi = 000001F714DCFED9)> (target MAGLEV) - took 0.000, 0.399, 0.009 ms]
[compiling method 0x015eea9b1c81 <JSFunction mixSpan32Locator32 (sfi = 0000015EEA99BFA1)> (target MAGLEV), mode: ConcurrencyMode::kConcurrent]
[marking 0x016f6a3ddde9 <JSFunction collectSingletonProfiles (sfi = 000003B557D4B359)> for optimization to MAGLEV, ConcurrencyMode::kConcurrent, reason: hot and stable]
[completed compiling 0x01f714dde8b1 <JSFunction mixSpan32Locator32 (sfi = 000001F714DC8D21)> (target MAGLEV) - took 0.000, 0.091, 0.003 ms]
[compiling method 0x016f6a3ddde9 <JSFunction collectSingletonProfiles (sfi = 000003B557D4B359)> (target MAGLEV), mode: ConcurrencyMode::kConcurrent]
[completed compiling 0x01f714dde871 <JSFunction publishSpan32 (sfi = 000001F714DC8CD9)> (target MAGLEV) - took 0.001, 0.062, 0.000 ms]
[marking 0x011c6c57d489 <JSFunction permutePair3 (sfi = 000001F714DCBAB1)> for optimization to MAGLEV, ConcurrencyMode::kConcurrent, reason: hot and stable]
[marking 0x03bc6f50fcc9 <JSFunction subsetDensePrepared (sfi = 0000012C474DBBD1)> for optimization to MAGLEV, ConcurrencyMode::kConcurrent, reason: hot and stable]
[compiling method 0x03bc6f50fcc9 <JSFunction subsetDensePrepared (sfi = 0000012C474DBBD1)> (target MAGLEV), mode: ConcurrencyMode::kConcurrent]
[compiling method 0x011c6c57d489 <JSFunction permutePair3 (sfi = 000001F714DCBAB1)> (target MAGLEV), mode: ConcurrencyMode::kConcurrent]
[marking 0x029eafc2ea79 <JSFunction advanceConnect4LiveLineState32 (sfi = 0000029EAFC22EC1)> for optimization to MAGLEV, ConcurrencyMode::kConcurrent, reason: hot and stable]
[marking 0x0053881c6151 <JSFunction prepareSubsetDense (sfi = 000002EDCC9D0579)> for optimization to MAGLEV, ConcurrencyMode::kConcurrent, reason: hot and stable]
[compiling method 0x0053881c6151 <JSFunction prepareSubsetDense (sfi = 000002EDCC9D0579)> (target MAGLEV), mode: ConcurrencyMode::kConcurrent]
[compiling method 0x029eafc2ea79 <JSFunction advanceConnect4LiveLineState32 (sfi = 0000029EAFC22EC1)> (target MAGLEV), mode: ConcurrencyMode::kConcurrent]
[marking 0x02edcc9e35c1 <JSFunction mixSpan32Locator32 (sfi = 000002EDCC9CD909)> for optimization to MAGLEV, ConcurrencyMode::kConcurrent, reason: hot and stable]
[compiling method 0x02edcc9e35c1 <JSFunction mixSpan32Locator32 (sfi = 000002EDCC9CD909)> (target MAGLEV), mode: ConcurrencyMode::kConcurrent]
[marking 0x002178d46251 <JSFunction permutePair3 (sfi = 0000029EAFC193C9)> for optimization to MAGLEV, ConcurrencyMode::kConcurrent, reason: hot and stable]
[compiling method 0x002178d46251 <JSFunction permutePair3 (sfi = 0000029EAFC193C9)> (target MAGLEV), mode: ConcurrencyMode::kConcurrent]
[completed compiling 0x011c6c57d489 <JSFunction permutePair3 (sfi = 000001F714DCBAB1)> (target MAGLEV) - took 0.000, 0.224, 0.001 ms]
[marking 0x02edcc9e3581 <JSFunction publishSpan32 (sfi = 000002EDCC9CD8C1)> for optimization to MAGLEV, ConcurrencyMode::kConcurrent, reason: hot and stable]
[marking 0x02edcc9e4509 <JSFunction connect4RbaCofactorBasis (sfi = 000002EDCC9D4AA9)> for optimization to MAGLEV, ConcurrencyMode::kConcurrent, reason: hot and stable]
[compiling method 0x02edcc9e4509 <JSFunction connect4RbaCofactorBasis (sfi = 000002EDCC9D4AA9)> (target MAGLEV), mode: ConcurrencyMode::kConcurrent]
[marking 0x011c6c57d4c9 <JSFunction coordHas (sfi = 000001F714DD3059)> for optimization to MAGLEV, ConcurrencyMode::kConcurrent, reason: hot and stable]
[compiling method 0x011c6c57d4c9 <JSFunction coordHas (sfi = 000001F714DD3059)> (target MAGLEV), mode: ConcurrencyMode::kConcurrent]
[marking 0x01f714ddf8f9 <JSFunction connect4RbaCanonicalize (sfi = 000001F714DCFFF9)> for optimization to MAGLEV, ConcurrencyMode::kConcurrent, reason: hot and stable]
[marking [compiling method 0x02edcc9e3581[compiling method 0x01f714ddf8f9 <JSFunction connect4RbaCanonicalize (sfi = 000001F714DCFFF9)> (target MAGLEV), mode: ConcurrencyMode::kConcurrent]
 <JSFunction publishSpan32 (sfi = 000002EDCC9CD8C1)> (target MAGLEV), mode: ConcurrencyMode::kConcurrent]
0x015eea9b2bc9 <JSFunction connect4RbaCofactorBasis (sfi = 0000015EEA9A3159)> for optimization to MAGLEV, ConcurrencyMode::kConcurrent, reason: hot and stable]
[compiling method 0x015eea9b2bc9 <JSFunction connect4RbaCofactorBasis (sfi = 0000015EEA9A3159)> (target MAGLEV), mode: ConcurrencyMode::kConcurrent]
[marking 0x015eea9b1c41 <JSFunction publishSpan32 (sfi = 0000015EEA99BF59)> for optimization to MAGLEV, ConcurrencyMode::kConcurrent, reason: hot and stable]
[compiling method 0x015eea9b1c41 <JSFunction publishSpan32 (sfi = 0000015EEA99BF59)> (target MAGLEV), mode: ConcurrencyMode::kConcurrent]
[marking 0x029eafc2f871 <JSFunction storeConnect4RbaSharedExactCache32 (sfi = 0000029EAFC29A79)> for optimization to MAGLEV, ConcurrencyMode::kConcurrent, reason: hot and stable]
[compiling method 0x029eafc2f871 <JSFunction storeConnect4RbaSharedExactCache32 (sfi = 0000029EAFC29A79)> (target MAGLEV), mode: ConcurrencyMode::kConcurrent]
[marking 0x011c6c57d589 <JSFunction collectSingletonProfiles (sfi = 000001F714DD3131)> for optimization to MAGLEV, ConcurrencyMode::kConcurrent, reason: hot and stable]
[compiling method 0x011c6c57d589 <JSFunction collectSingletonProfiles (sfi = 000001F714DD3131)> (target MAGLEV), mode: ConcurrencyMode::kConcurrent]
[marking 0x011c6c57d509 <JSFunction cellMarked (sfi = 000001F714DD30A1)> for optimization to MAGLEV, ConcurrencyMode::kConcurrent, reason: hot and stable]
[compiling method 0x011c6c57d509 <JSFunction cellMarked (sfi = 000001F714DD30A1)> (target MAGLEV), mode: ConcurrencyMode::kConcurrent]
[marking 0x01f714de10c1 <JSFunction advanceConnect4LiveLineState32 (sfi = 000001F714DD5591)> for optimization to MAGLEV, ConcurrencyMode::kConcurrent, reason: hot and stable]
[compiling method 0x01f714de10c1 <JSFunction advanceConnect4LiveLineState32 (sfi = 000001F714DD5591)> (target MAGLEV), mode: ConcurrencyMode::kConcurrent]
[completed compiling 0x015eea9b2c89 <JSFunction connect4RbaCofactorKnownHeight (sfi = 0000015EEA9A3231)> (target MAGLEV) - took 0.000, 2.196, 0.013 ms]
[marking 0x012c474ef7e1 <JSFunction emitSortedSetBits32 (sfi = 0000012C474E1079)> for optimization to MAGLEV, ConcurrencyMode::kConcurrent, reason: hot and stable]
[completed compiling 0x015eea9b1c81 <JSFunction mixSpan32Locator32 (sfi = 0000015EEA99BFA1)> (target MAGLEV) - took 0.000, 0.175, 0.004 ms]
[marking 0x012c474efba1 <JSFunction connect4RbaCofactorKnownHeight (sfi = 0000012C474E0149)> for optimization to MAGLEV, ConcurrencyMode::kConcurrent, reason: hot and stable]
[compiling method 0x012c474ef7e1 <JSFunction emitSortedSetBits32 (sfi = 0000012C474E1079)> (target MAGLEV), mode: ConcurrencyMode::kConcurrent]
[compiling method 0x012c474efba1 <JSFunction connect4RbaCofactorKnownHeight (sfi = 0000012C474E0149)> (target MAGLEV), mode: ConcurrencyMode::kConcurrent]
[marking 0x03b557d59429 <JSFunction advanceConnect4LiveLineState32 (sfi = 000003B557D4D7B9)> for optimization to MAGLEV, ConcurrencyMode::kConcurrent, reason: hot and stable]
[compiling method 0x03b557d59429 <JSFunction advanceConnect4LiveLineState32 (sfi = 000003B557D4D7B9)> (target MAGLEV), mode: ConcurrencyMode::kConcurrent]
[marking 0x03bc6f50fbc9 <JSFunction removeDensePrepared (sfi = 0000012C474DBAB1)> for optimization to MAGLEV, ConcurrencyMode::kConcurrent, reason: hot and stable]
[compiling method 0x03bc6f50fbc9 <JSFunction removeDensePrepared (sfi = 0000012C474DBAB1)> (target MAGLEV), mode: ConcurrencyMode::kConcurrent]
[completed compiling 0x015eea9b2bc9 <JSFunction connect4RbaCofactorBasis (sfi = 0000015EEA9A3159)> (target MAGLEV) - took 0.000, 0.535, 0.009 ms]
[completed compiling 0x015eea9b1c41 <JSFunction publishSpan32 (sfi = 0000015EEA99BF59)> (target MAGLEV) - took 0.000, 0.112, 0.001 ms]
[marking 0x0053881c61d1 <JSFunction subsetDensePrepared (sfi = 000002EDCC9D0609)> for optimization to TURBOFAN_JS, ConcurrencyMode::kConcurrent, reason: hot and stable]
[compiling method 0x0053881c61d1 <JSFunction subsetDensePrepared (sfi = 000002EDCC9D0609)> (target TURBOFAN_JS), mode: ConcurrencyMode::kConcurrent]
[marking 0x01d0391c6c71 <JSFunction collectSingletonProfiles (sfi = 0000015EEA9A63B1)> for optimization to MAGLEV, ConcurrencyMode::kConcurrent, reason: hot and stable]
[compiling method 0x01d0391c6c71 <JSFunction collectSingletonProfiles (sfi = 0000015EEA9A63B1)> (target MAGLEV), mode: ConcurrencyMode::kConcurrent]
[marking 0x01f714ddf8b9 <JSFunction connect4RbaCofactorKnownHeight (sfi = 000001F714DCFFB1)> for optimization to TURBOFAN_JS, ConcurrencyMode::kConcurrent, reason: hot and stable]
[compiling method 0x01f714ddf8b9 <JSFunction connect4RbaCofactorKnownHeight (sfi = 000001F714DCFFB1)> (target TURBOFAN_JS), mode: ConcurrencyMode::kConcurrent]
[marking dependent code 0x01332e740ba1 <Code MAGLEV> (0x00a6925a0bd1 <SharedFunctionInfo next>) (opt id 2) for deoptimization, reason: embedded weak objects cleared]
[marking 0x01d0391c6251 <JSFunction permutePair3 (sfi = 0000015EEA99ED31)> for optimization to MAGLEV, ConcurrencyMode::kConcurrent, reason: hot and stable]
[compiling method 0x01d0391c6251 <JSFunction permutePair3 (sfi = 0000015EEA99ED31)> (target MAGLEV), mode: ConcurrencyMode::kConcurrent]
[marking 0x03bc6f50fc49 <JSFunction prepareSubsetDense (sfi = 0000012C474DBB41)> for optimization to MAGLEV, ConcurrencyMode::kConcurrent, reason: hot and stable]
[compiling method 0x03bc6f50fc49 <JSFunction prepareSubsetDense (sfi = 0000012C474DBB41)> (target MAGLEV), mode: ConcurrencyMode::kConcurrent]
[marking 0x0053881c6c71 <JSFunction collectSingletonProfiles (sfi = 000002EDCC9D7D01)> for optimization to MAGLEV, ConcurrencyMode::kConcurrent, reason: hot and stable]
[compiling method 0x0053881c6c71 <JSFunction collectSingletonProfiles (sfi = 000002EDCC9D7D01)> (target MAGLEV), mode: ConcurrencyMode::kConcurrent]
[marking 0x012c474eeb99 <JSFunction mixSpan32Locator32 (sfi = 0000012C474D8ED1)> for optimization to MAGLEV, ConcurrencyMode::kConcurrent, reason: hot and stable]
[compiling method 0x012c474eeb99 <JSFunction mixSpan32Locator32 (sfi = 0000012C474D8ED1)> (target MAGLEV), mode: ConcurrencyMode::kConcurrent]
[completed compiling 0x02edcc9e4209 <JSFunction emitSortedSetBits32 (sfi = 000002EDCC9D5AB1)> (target MAGLEV) - took 0.001, 0.197, 0.007 ms]
[marking 0x012c474efae1 <JSFunction connect4RbaCofactorBasis (sfi = 0000012C474E0071)> for optimization to MAGLEV, ConcurrencyMode::kConcurrent, reason: hot and stable]
[completed compiling 0x01d0391c6c71 <JSFunction collectSingletonProfiles (sfi = 0000015EEA9A63B1)> (target MAGLEV) - took 0.000, 0.729, 0.008 ms]
[compiling method 0x012c474efae1 <JSFunction connect4RbaCofactorBasis (sfi = 0000012C474E0071)> (target MAGLEV), mode: ConcurrencyMode::kConcurrent]
[marking 0x029eafc2d2b1 <JSFunction connect4RbaCanonicalize (sfi = 0000029EAFC1D929)> for optimization to MAGLEV, ConcurrencyMode::kConcurrent, reason: hot and stable]
[compiling method 0x029eafc2d2b1 <JSFunction connect4RbaCanonicalize (sfi = 0000029EAFC1D929)> (target MAGLEV), mode: ConcurrencyMode::kConcurrent]
[marking 0x016f6a3dd969 <JSFunction permutePair3 (sfi = 000003B557D43D09)> for optimization to MAGLEV, ConcurrencyMode::kConcurrent, reason: hot and stable]
[marking 0x015eea9b4491 <JSFunction advanceConnect4LiveLineState32 (sfi = 0000015EEA9A8811)> for optimization to MAGLEV, ConcurrencyMode::kConcurrent, reason: hot and stable]
[completed compiling 0x01d0391c6251 [compiling method <JSFunction permutePair3 (sfi = 0000015EEA99ED31)> (target MAGLEV) - took 0.001, 0.334, 0.001 ms0x016f6a3dd969 ]
<JSFunction permutePair3 (sfi = 000003B557D43D09)> (target MAGLEV), mode: ConcurrencyMode::kConcurrent]
[compiling method 0x015eea9b4491 <JSFunction advanceConnect4LiveLineState32 (sfi = 0000015EEA9A8811)> (target MAGLEV), mode: ConcurrencyMode::kConcurrent]
[marking 0x012c474eeb59 <JSFunction publishSpan32 (sfi = 0000012C474D8E89)> for optimization to MAGLEV, ConcurrencyMode::kConcurrent, reason: hot and stable[marking ]
0x01f714ddf4f9 <JSFunction emitSortedSetBits32 (sfi = 000001F714DD0EE1)> for optimization to TURBOFAN_JS, ConcurrencyMode::kConcurrent, reason: hot and stable]
[compiling method 0x012c474eeb59 <JSFunction publishSpan32 (sfi = 0000012C474D8E89)> (target MAGLEV), mode: ConcurrencyMode::kConcurrent]
[compiling method 0x01f714ddf4f9 <JSFunction emitSortedSetBits32 (sfi = 000001F714DD0EE1)> (target TURBOFAN_JS), mode: ConcurrencyMode::kConcurrent]
[completed compiling 0x015eea9b4491 <JSFunction advanceConnect4LiveLineState32 (sfi = 0000015EEA9A8811)> (target MAGLEV) - took 0.000, 0.177, 0.002 ms]
[completed compiling 0x03bc6f50fcc9 <JSFunction subsetDensePrepared (sfi = 0000012C474DBBD1)> (target MAGLEV) - took 0.000, 0.058, 0.004 ms]
[completed compiling 0x012c474ef7e1 <JSFunction emitSortedSetBits32 (sfi = 0000012C474E1079)> (target MAGLEV) - took 0.000, 0.200, 0.002 ms]
[11144:000001C1FAB12000]       76 ms: Mark-Compact 7.2 (10.4) -> 6.1 (10.4) MB, pooled: 0.0 MB, 4.46 / 0.00 ms (average mu = 0.941, current mu = 0.941) background allocation failure; GC in old space requested
[completed compiling 0x01c52c7ef4d1 <JSFunction removeDensePrepared (sfi = 00000182A7E92089)> (target MAGLEV) - took 0.000, 4.525, 0.005 ms]
[completed compiling 0x01c52c7ef511 <JSFunction prepareSubsetDense (sfi = 00000182A7E92119)> (target MAGLEV) - took 0.000, 0.068, 0.001 ms]
[marking 0x0053881c6251 [completed compiling <JSFunction permutePair3 (sfi = 000002EDCC9D0699)> for optimization to MAGLEV, ConcurrencyMode::kConcurrent, reason: hot and stable0x0182a7ea5189]
 <JSFunction mixSpan32Locator32 (sfi = 00000182A7E8F4A9)> (target MAGLEV) - took 0.001, 0.268, 0.003 ms]
[marking 0x02edcc9e5dd1 <JSFunction advanceConnect4LiveLineState32 (sfi = 000002EDCC9DA161)> for optimization to MAGLEV, ConcurrencyMode::kConcurrent, reason: hot and stable]
[compiling method 0x02edcc9e5dd1 <JSFunction advanceConnect4LiveLineState32 (sfi = 000002EDCC9DA161)> (target MAGLEV), mode: ConcurrencyMode::kConcurrent]
[marking 0x029eafc2e801 <JSFunction popcount3x32 (sfi = 0000029EAFC25671)> for optimization to MAGLEV, ConcurrencyMode::kConcurrent, reason: hot and stable]
[marking 0x029eafc2eaf9 <JSFunction evaluateConnect4LiveLine3x32 (sfi = 0000029EAFC22F51)> for optimization to MAGLEV, ConcurrencyMode::kConcurrent, reason: hot and stable]
[compiling method 0x029eafc2eaf9 <JSFunction evaluateConnect4LiveLine3x32 (sfi = 0000029EAFC22F51)> (target MAGLEV), mode: ConcurrencyMode::kConcurrent]
[compiling method 0x029eafc2e801 <JSFunction popcount3x32 (sfi = 0000029EAFC25671)> (target MAGLEV), mode: ConcurrencyMode::kConcurrent]
[marking 0x015eea9b5289 <JSFunction storeConnect4RbaSharedExactCache32 (sfi = 0000015EEA9AF3C9)> for optimization to MAGLEV, ConcurrencyMode::kConcurrent, reason: hot and stable]
[compiling method 0x015eea9b5289 <JSFunction storeConnect4RbaSharedExactCache32 (sfi = 0000015EEA9AF3C9)> (target MAGLEV), mode: ConcurrencyMode::kConcurrent]
[completed compiling 0x02edcc9e45c9 <JSFunction connect4RbaCofactorKnownHeight (sfi = 000002EDCC9D4B81)> (target MAGLEV) - took 0.000, 1.655, 0.009 ms]
[marking 0x011c6c57d449 <JSFunction compareReflectedSupport (sfi = 000001F714DD0041)> for optimization to MAGLEV, ConcurrencyMode::kConcurrent, reason: hot and stable]
[completed compiling 0x0053881c60d1 <JSFunction removeDensePrepared (sfi = 000002EDCC9D04E9)> (target MAGLEV) - took 0.000, 0.040, 0.001 ms]
[compiling method 0x011c6c57d449 <JSFunction compareReflectedSupport (sfi = 000001F714DD0041)> (target MAGLEV), mode: ConcurrencyMode::kConcurrent]
[completed compiling 0x0053881c6151 <JSFunction prepareSubsetDense (sfi = 000002EDCC9D0579)> (target MAGLEV) - took 0.000, 0.024, 0.001 ms]
[completed compiling 0x02edcc9e35c1 <JSFunction mixSpan32Locator32 (sfi = 000002EDCC9CD909)> (target MAGLEV) - took 0.000, 0.123, 0.002 ms]
[compiling method 0x0053881c6251 <JSFunction permutePair3 (sfi = 000002EDCC9D0699)> (target MAGLEV), mode: ConcurrencyMode::kConcurrent]
[marking 0x011c6c57d5c9 <JSFunction deriveForkPreemption32 (sfi = 000001F714DD3179)> for optimization to MAGLEV, ConcurrencyMode::kConcurrent, reason: hot and stable[marking ]
0x015eea9b2cc9 <JSFunction connect4RbaCanonicalize (sfi = 0000015EEA9A3279)> for optimization to MAGLEV, ConcurrencyMode::kConcurrent, reason: hot and stable]
[compiling method 0x015eea9b2cc9 [compiling method <JSFunction connect4RbaCanonicalize (sfi = 0000015EEA9A3279)> (target MAGLEV), mode: ConcurrencyMode::kConcurrent]
0x011c6c57d5c9 <JSFunction deriveForkPreemption32 (sfi = 000001F714DD3179)> (target MAGLEV), mode: ConcurrencyMode::kConcurrent]
[completed compiling 0x0182a7ea60d1 <JSFunction connect4RbaCofactorBasis (sfi = 00000182A7E96631)> (target MAGLEV) - took 0.000, 0.705, 0.005 ms]
[marking 0x011c6c57d549 <JSFunction playableCell (sfi = 000001F714DD30E9)> for optimization to MAGLEV, ConcurrencyMode::kConcurrent, reason: hot and stable]
[marking [compiling method 0x03b557d5a2210x011c6c57d549  [completed compiling <JSFunction playableCell (sfi = 000001F714DD30E9)> (target MAGLEV)0x0182a7ea5149 , mode: ConcurrencyMode::kConcurrent]
<JSFunction storeConnect4RbaSharedExactCache32 (sfi = 000003B557D54371)><JSFunction publishSpan32 (sfi = 00000182A7E8F461)> for optimization to MAGLEV, ConcurrencyMode::kConcurrent, reason: hot and stable]
 (target MAGLEV) - took 0.000, 0.142, 0.002 ms]
[marking 0x01c52c7ef591 <JSFunction permutePair3 (sfi = 00000182A7E92239)> for optimization to MAGLEV, ConcurrencyMode::kConcurrent, reason: hot and stable]
[compiling method 0x03b557d5a221 <JSFunction storeConnect4RbaSharedExactCache32 (sfi = 000003B557D54371)> (target MAGLEV), mode: ConcurrencyMode::kConcurrent]
[completed compiling 0x02edcc9e4509 <JSFunction connect4RbaCofactorBasis (sfi = 000002EDCC9D4AA9)> (target MAGLEV) - took 0.000, 0.411, 0.004 ms]
[compiling method 0x01c52c7ef591 <JSFunction permutePair3 (sfi = 00000182A7E92239)> (target MAGLEV), mode: ConcurrencyMode::kConcurrent]
[marking 0x03bc6f50fd49 <JSFunction permutePair3 (sfi = 0000012C474DBC61)> for optimization to MAGLEV, ConcurrencyMode::kConcurrent, reason: hot and stable]
[completed compiling 0x02edcc9e3581 <JSFunction publishSpan32 (sfi = 000002EDCC9CD8C1)> (target MAGLEV) - took 0.000, 0.072, 0.001 ms]
[marking 0x015eea9b4219 <JSFunction popcount3x32 (sfi = 0000015EEA9AAFC1)> for optimization to MAGLEV, ConcurrencyMode::kConcurrent, reason: hot and stable]
[marking 0x015eea9b4511 <JSFunction evaluateConnect4LiveLine3x32 (sfi = 0000015EEA9A88A1)> for optimization to MAGLEV, ConcurrencyMode::kConcurrent, reason: hot and stable]
[compiling method 0x015eea9b4511 <JSFunction evaluateConnect4LiveLine3x32 (sfi = 0000015EEA9A88A1)> (target MAGLEV), mode: ConcurrencyMode::kConcurrent]
[compiling method 0x015eea9b4219 <JSFunction popcount3x32 (sfi = 0000015EEA9AAFC1)> (target MAGLEV), mode: ConcurrencyMode::kConcurrent]
[completed compiling 0x01c52c7ef591 <JSFunction permutePair3 (sfi = 00000182A7E92239)> (target MAGLEV) - took 0.000, 0.359, 0.000 ms]
[marking 0x02edcc9e6bc9 <JSFunction storeConnect4RbaSharedExactCache32 (sfi = 000002EDCC9E0D19)> for optimization to MAGLEV, ConcurrencyMode::kConcurrent, reason: hot and stable]
[compiling method 0x02edcc9e6bc9 <JSFunction storeConnect4RbaSharedExactCache32 (sfi = 000002EDCC9E0D19)> (target MAGLEV), mode: ConcurrencyMode::kConcurrent]
[completed compiling 0x0053881c6c71 <JSFunction collectSingletonProfiles (sfi = 000002EDCC9D7D01)> (target MAGLEV) - took 0.000, 0.488, 0.004 ms]
[completed compiling 0x02edcc9e5dd1 <JSFunction advanceConnect4LiveLineState32 (sfi = 000002EDCC9DA161)> (target MAGLEV) - took 0.001, 0.117, 0.001 ms]
[compiling method 0x03bc6f50fd49 <JSFunction permutePair3 (sfi = 0000012C474DBC61)> (target MAGLEV), mode: ConcurrencyMode::kConcurrent]
[marking 0x03bc6f510769 <JSFunction collectSingletonProfiles (sfi = 0000012C474E32C9)> for optimization to MAGLEV, ConcurrencyMode::kConcurrent, reason: hot and stable]
[compiling method 0x03bc6f510769 <JSFunction collectSingletonProfiles (sfi = 0000012C474E32C9)> (target MAGLEV), mode: ConcurrencyMode::kConcurrent]
[completed compiling 0x0053881c6251 <JSFunction permutePair3 (sfi = 000002EDCC9D0699)> (target MAGLEV) - took 0.000, 0.222, 0.001 ms]
[marking [marking 0x02f37f520da9 0x02edcc9e5b59 <JSFunction collectSingletonProfiles (sfi = 00000182A7E99889)><JSFunction popcount3x32 (sfi = 000002EDCC9DC911)> for optimization to MAGLEV, ConcurrencyMode::kConcurrent, reason: hot and stable for optimization to MAGLEV, ConcurrencyMode::kConcurrent, reason: hot and stable]
]
[marking 0x02edcc9e5e51 <JSFunction evaluateConnect4LiveLine3x32 (sfi = 000002EDCC9DA1F1)> for optimization to MAGLEV, ConcurrencyMode::kConcurrent, reason: hot and stable]
[compiling method 0x02edcc9e5e51 <JSFunction evaluateConnect4LiveLine3x32 (sfi = 000002EDCC9DA1F1)> (target MAGLEV), mode: ConcurrencyMode::kConcurrent]
[compiling method 0x02edcc9e5b59 <JSFunction popcount3x32 (sfi = 000002EDCC9DC911)> (target MAGLEV), mode: ConcurrencyMode::kConcurrent]
[compiling method 0x02f37f520da9 <JSFunction collectSingletonProfiles (sfi = 00000182A7E99889)> (target MAGLEV), mode: ConcurrencyMode::kConcurrent]
[completed compiling 0x02edcc9e6bc9 <JSFunction storeConnect4RbaSharedExactCache32 (sfi = 000002EDCC9E0D19)> (target MAGLEV) - took 0.000, 0.326, 0.005 ms]
[marking 0x03b557d5a1e1 <JSFunction probeConnect4RbaSharedExactCache32 (sfi = 000003B557D54329)> for optimization to MAGLEV, ConcurrencyMode::kConcurrent, reason: hot and stable]
[compiling method 0x03b557d5a1e1 <JSFunction probeConnect4RbaSharedExactCache32 (sfi = 000003B557D54329)> (target MAGLEV), mode: ConcurrencyMode::kConcurrent]
[completed compiling 0x0182a7ea6191 <JSFunction connect4RbaCofactorKnownHeight (sfi = 00000182A7E96709)> (target MAGLEV) - took 0.000, 7.360, 0.007 ms]
[completed compiling 0x012c474efba1 <JSFunction connect4RbaCofactorKnownHeight (sfi = 0000012C474E0149)> (target MAGLEV) - took 0.000, 2.663, 0.009 ms]
[completed compiling 0x02edcc9e5e51 <JSFunction evaluateConnect4LiveLine3x32 (sfi = 000002EDCC9DA1F1)> (target MAGLEV) - took 0.000, 0.109, 0.001 ms]
[marking 0x02edcc9e4609 <JSFunction connect4RbaCanonicalize (sfi = 000002EDCC9D4BC9)> for optimization to MAGLEV, ConcurrencyMode::kConcurrent, reason: hot and stable]
[compiling method 0x02edcc9e4609 <JSFunction connect4RbaCanonicalize (sfi = 000002EDCC9D4BC9)> (target MAGLEV), mode: ConcurrencyMode::kConcurrent]
[completed compiling 0x03bc6f50fbc9 <JSFunction removeDensePrepared (sfi = 0000012C474DBAB1)> (target MAGLEV) - took 0.001, 0.074, 0.001 ms]
[completed compiling 0x02edcc9e5b59 <JSFunction popcount3x32 (sfi = 000002EDCC9DC911)> (target MAGLEV) - took 0.000, 0.077, 0.001 ms]
[marking 0x0182a7ea7999 <JSFunction advanceConnect4LiveLineState32 (sfi = 00000182A7E9BCE9)> for optimization to MAGLEV, ConcurrencyMode::kConcurrent, reason: hot and stable]
[completed compiling 0x03bc6f50fc49 <JSFunction prepareSubsetDense (sfi = 0000012C474DBB41)> (target MAGLEV) - took 0.000, 0.052, 0.001 ms[compiling method ]
0x0182a7ea7999 <JSFunction advanceConnect4LiveLineState32 (sfi = 00000182A7E9BCE9)> (target MAGLEV), mode: ConcurrencyMode::kConcurrent]
[marking 0x012c474f13a9 <JSFunction advanceConnect4LiveLineState32 (sfi = 0000012C474E5729)> for optimization to MAGLEV, ConcurrencyMode::kConcurrent, reason: hot and stable]
[completed compiling 0x012c474eeb99 [completed compiling <JSFunction mixSpan32Locator32 (sfi = 0000012C474D8ED1)> (target MAGLEV) - took 0.000, 0.197, 0.002 ms]
0x0053881c61d1 <JSFunction subsetDensePrepared (sfi = 000002EDCC9D0609)> (target TURBOFAN_JS) - took 0.004, 0.655, 0.012 ms]
[completed optimizing 0x0053881c61d1 <JSFunction subsetDensePrepared (sfi = 000002EDCC9D0609)> (target TURBOFAN_JS)]
[compiling method 0x012c474f13a9 <JSFunction advanceConnect4LiveLineState32 (sfi = 0000012C474E5729)> (target MAGLEV), mode: ConcurrencyMode::kConcurrent]
[marking 0x03b557d57c61 <JSFunction connect4RbaCanonicalize (sfi = 000003B557D48221)> for optimization to MAGLEV, ConcurrencyMode::kConcurrent, reason: hot and stable]
[compiling method 0x03b557d57c61 <JSFunction connect4RbaCanonicalize (sfi = 000003B557D48221)> (target MAGLEV), mode: ConcurrencyMode::kConcurrent]
[marking 0x01f714de0e49 <JSFunction popcount3x32 (sfi = 000001F714DD7D41)> for optimization to MAGLEV, ConcurrencyMode::kConcurrent, reason: hot and stable]
[marking 0x01f714de1141 <JSFunction evaluateConnect4LiveLine3x32 (sfi = 000001F714DD5621)> for optimization to MAGLEV, ConcurrencyMode::kConcurrent, reason: hot and stable]
[compiling method 0x01f714de1141 <JSFunction evaluateConnect4LiveLine3x32 (sfi = 000001F714DD5621)> (target MAGLEV)[marking , mode: ConcurrencyMode::kConcurrent]
0x015eea9b5249 <JSFunction probeConnect4RbaSharedExactCache32 (sfi = 0000015EEA9AF381)> for optimization to MAGLEV, ConcurrencyMode::kConcurrent, reason: hot and stable]
[compiling method 0x01f714de0e49 <JSFunction popcount3x32 (sfi = 000001F714DD7D41)> (target MAGLEV), mode: ConcurrencyMode::kConcurrent]
[compiling method 0x015eea9b5249 <JSFunction probeConnect4RbaSharedExactCache32 (sfi = 0000015EEA9AF381)> (target MAGLEV), mode: ConcurrencyMode::kConcurrent]
[marking 0x0088e6b260b1[marking  0x0182a7ea8751 <JSFunction probeConnect4RbaSharedExactCache32 (sfi = 00000182A7EA2859)> for optimization to MAGLEV, ConcurrencyMode::kConcurrent, reason: hot and stable]
<JSFunction probeConnect4RbaExactCacheSlot32Frontier (sfi = 000001F714DC3CE1)> for optimization to MAGLEV, ConcurrencyMode::kConcurrent, reason: hot and stable]
[compiling method 0x0182a7ea8751 <JSFunction probeConnect4RbaSharedExactCache32 (sfi = 00000182A7EA2859)> (target MAGLEV), mode: ConcurrencyMode::kConcurrent]
[marking 0x03b557d591b1 <JSFunction popcount3x32 (sfi = 000003B557D4FF69)> for optimization to MAGLEV, ConcurrencyMode::kConcurrent, reason: hot and stable]
[marking 0x03b557d594a9 <JSFunction evaluateConnect4LiveLine3x32 (sfi = 000003B557D4D849)> for optimization to MAGLEV, ConcurrencyMode::kConcurrent, reason: hot and stable]
[compiling method 0x0088e6b260b1 <JSFunction probeConnect4RbaExactCacheSlot32Frontier (sfi = 000001F714DC3CE1)> (target MAGLEV), mode: ConcurrencyMode::kConcurrent]
[compiling method 0x03b557d594a9 <JSFunction evaluateConnect4LiveLine3x32 (sfi = 000003B557D4D849)> (target MAGLEV), mode: ConcurrencyMode::kConcurrent]
[compiling method 0x03b557d591b1 <JSFunction popcount3x32 (sfi = 000003B557D4FF69)> (target MAGLEV), mode: ConcurrencyMode::kConcurrent]
[marking 0x0182a7ea61d1 <JSFunction connect4RbaCanonicalize (sfi = 00000182A7E96751)> for optimization to MAGLEV, ConcurrencyMode::kConcurrent, reason: hot and stable]
[compiling method 0x0182a7ea61d1 <JSFunction connect4RbaCanonicalize (sfi = 00000182A7E96751)> (target MAGLEV), mode: ConcurrencyMode::kConcurrent]
[completed compiling 0x02f37f520da9 <JSFunction collectSingletonProfiles (sfi = 00000182A7E99889)> (target MAGLEV) - took 0.000, 0.899, 0.004 ms]
[completed compiling 0x012c474efae1 <JSFunction connect4RbaCofactorBasis (sfi = 0000012C474E0071)> (target MAGLEV) - took 0.000, 0.706, 0.006 ms]
[completed compiling 0x0182a7ea7999 <JSFunction advanceConnect4LiveLineState32 (sfi = 00000182A7E9BCE9)> (target MAGLEV) - took 0.000, 0.241, 0.002 ms]
[completed compiling 0x02edcc9e4609 <JSFunction connect4RbaCanonicalize (sfi = 000002EDCC9D4BC9)> (target MAGLEV) - took 0.000, 1.094, 0.007 ms]
[marking 0x01d0391c7951 <JSFunction searchCpcOnlyFrontier (sfi = 0000015EEA9970C9)> for optimization to MAGLEV, ConcurrencyMode::kConcurrent, reason: hot and stable]
[completed compiling 0x012c474eeb59 <JSFunction publishSpan32 (sfi = 0000012C474D8E89)> (target MAGLEV) - took 0.000, 0.175, 0.001 ms]
[compiling method 0x01d0391c7951 <JSFunction searchCpcOnlyFrontier (sfi = 0000015EEA9970C9)> (target MAGLEV), mode: ConcurrencyMode::kConcurrent]
[marking 0x015eea9b28c9 <JSFunction emitSortedSetBits32 (sfi = 0000015EEA9A4161)> for optimization to TURBOFAN_JS, ConcurrencyMode::kConcurrent, reason: hot and stable]
[compiling method 0x015eea9b28c9 <JSFunction emitSortedSetBits32 (sfi = 0000015EEA9A4161)> (target TURBOFAN_JS), mode: ConcurrencyMode::kConcurrent]
[marking 0x01d0391c6769 <JSFunction compareReflectedSupport (sfi = 0000015EEA9A32C1)> for optimization to MAGLEV, ConcurrencyMode::kConcurrent, reason: hot and stable]
[compiling method [marking 0x012c474efbe1 <JSFunction connect4RbaCanonicalize (sfi = 0000012C474E0191)> for optimization to MAGLEV, ConcurrencyMode::kConcurrent, reason: hot and stable]
0x01d0391c6769 <JSFunction compareReflectedSupport (sfi = 0000015EEA9A32C1)> (target MAGLEV), mode: ConcurrencyMode::kConcurrent]
[compiling method 0x012c474efbe1 <JSFunction connect4RbaCanonicalize (sfi = 0000012C474E0191)> (target MAGLEV), mode: ConcurrencyMode::kConcurrent]
[marking 0x0182a7ea7721 <JSFunction popcount3x32 (sfi = 00000182A7E9E499)> for optimization to MAGLEV, ConcurrencyMode::kConcurrent, reason: hot and stable]
[marking 0x0182a7ea7a19 <JSFunction evaluateConnect4LiveLine3x32 (sfi = 00000182A7E9BD79)> for optimization to MAGLEV, ConcurrencyMode::kConcurrent, reason: hot and stable]
[compiling method 0x0182a7ea7a19 <JSFunction evaluateConnect4LiveLine3x32 (sfi = 00000182A7E9BD79)> (target MAGLEV), mode: ConcurrencyMode::kConcurrent]
[compiling method 0x0182a7ea7721 <JSFunction popcount3x32 (sfi = 00000182A7E9E499)> (target MAGLEV), mode: ConcurrencyMode::kConcurrent]
[completed compiling 0x0182a7ea8751 <JSFunction probeConnect4RbaSharedExactCache32 (sfi = 00000182A7EA2859)> (target MAGLEV) - took 0.000, 0.735, 0.006 ms]
[completed compiling 0x03bc6f50fd49 <JSFunction permutePair3 (sfi = 0000012C474DBC61)> (target MAGLEV) - took 0.001, 0.674, 0.001 ms]
[marking 0x012c474f2161 <JSFunction probeConnect4RbaSharedExactCache32 (sfi = 0000012C474EC299)> for optimization to MAGLEV, ConcurrencyMode::kConcurrent, reason: hot and stable]
[compiling method 0x012c474f2161 <JSFunction probeConnect4RbaSharedExactCache32 (sfi = 0000012C474EC299)> (target MAGLEV), mode: ConcurrencyMode::kConcurrent]
[marking 0x02edcc9e4209 <JSFunction emitSortedSetBits32 (sfi = 000002EDCC9D5AB1)> for optimization to TURBOFAN_JS, ConcurrencyMode::kConcurrent, reason: hot and stable]
[compiling method 0x02edcc9e4209 <JSFunction emitSortedSetBits32 (sfi = 000002EDCC9D5AB1)> (target TURBOFAN_JS), mode: ConcurrencyMode::kConcurrent]
[completed compiling 0x01f714ddf4f9 <JSFunction emitSortedSetBits32 (sfi = 000001F714DD0EE1)> (target TURBOFAN_JS) - took 0.003, 1.885, 0.015 ms]
[completed optimizing 0x01f714ddf4f9 <JSFunction emitSortedSetBits32 (sfi = 000001F714DD0EE1)> (target TURBOFAN_JS)]
[marking 0x01d0391c7811 <JSFunction probeConnect4RbaExactCacheSlot32Frontier (sfi = 0000015EEA996F61)> for optimization to MAGLEV, ConcurrencyMode::kConcurrent, reason: hot and stable]
[compiling method 0x01d0391c7811 <JSFunction probeConnect4RbaExactCacheSlot32Frontier (sfi = 0000015EEA996F61)> (target MAGLEV), mode: ConcurrencyMode::kConcurrent]
[marking 0x0053881c7951 <JSFunction searchCpcOnlyFrontier (sfi = 000002EDCC9C8A31)> for optimization to MAGLEV, ConcurrencyMode::kConcurrent, reason: hot and stable]
[compiling method 0x0053881c7951 <JSFunction searchCpcOnlyFrontier (sfi = 000002EDCC9C8A31)> (target MAGLEV), mode: ConcurrencyMode::kConcurrent]
[marking 0x0182a7ea8791 <JSFunction storeConnect4RbaSharedExactCache32 (sfi = 00000182A7EA28A1)> for optimization to MAGLEV, ConcurrencyMode::kConcurrent, reason: hot and stable]
[compiling method 0x0182a7ea8791 <JSFunction storeConnect4RbaSharedExactCache32 (sfi = 00000182A7EA28A1)> (target MAGLEV), mode: ConcurrencyMode::kConcurrent]
[marking 0x012c474f21a1 <JSFunction storeConnect4RbaSharedExactCache32 (sfi = 0000012C474EC2E1)> for optimization to MAGLEV, ConcurrencyMode::kConcurrent, reason: hot and stable]
[compiling method 0x012c474f21a1 <JSFunction storeConnect4RbaSharedExactCache32 (sfi = 0000012C474EC2E1)> (target MAGLEV), mode: ConcurrencyMode::kConcurrent]
[marking 0x012c474f1131 <JSFunction popcount3x32 (sfi = 0000012C474E7ED9)> for optimization to MAGLEV, ConcurrencyMode::kConcurrent, reason: hot and stable]
[marking 0x012c474f1429 <JSFunction evaluateConnect4LiveLine3x32 (sfi = 0000012C474E57B9)> for optimization to MAGLEV, ConcurrencyMode::kConcurrent, reason: hot and stable]
[compiling method 0x012c474f1429 <JSFunction evaluateConnect4LiveLine3x32 (sfi = 0000012C474E57B9)> (target MAGLEV), mode: ConcurrencyMode::kConcurrent]
[compiling method [marking 0x012c474f1131 0x0053881c7811 <JSFunction popcount3x32 (sfi = 0000012C474E7ED9)> (target MAGLEV), mode: ConcurrencyMode::kConcurrent]
<JSFunction probeConnect4RbaExactCacheSlot32Frontier (sfi = 000002EDCC9C88C9)> for optimization to MAGLEV, ConcurrencyMode::kConcurrent, reason: hot and stable]
[compiling method 0x0053881c7811 <JSFunction probeConnect4RbaExactCacheSlot32Frontier (sfi = 000002EDCC9C88C9)> (target MAGLEV), mode: ConcurrencyMode::kConcurrent]
[marking 0x02edcc9e6b89 <JSFunction probeConnect4RbaSharedExactCache32 (sfi = 000002EDCC9E0CD1)> for optimization to MAGLEV, ConcurrencyMode::kConcurrent, reason: hot and stable]
[completed compiling 0x03bc6f510769 <JSFunction collectSingletonProfiles (sfi = 0000012C474E32C9)> (target MAGLEV) - took 0.000, 0.683, 0.005 ms]
[compiling method 0x02edcc9e6b89 <JSFunction probeConnect4RbaSharedExactCache32 (sfi = 000002EDCC9E0CD1)> (target MAGLEV), mode: ConcurrencyMode::kConcurrent]
[marking 0x002178d46769 <JSFunction compareReflectedSupport (sfi = 0000029EAFC1D971)> for optimization to MAGLEV, ConcurrencyMode::kConcurrent, reason: hot and stable]
[compiling method 0x002178d46769 <JSFunction compareReflectedSupport (sfi = 0000029EAFC1D971)> (target MAGLEV), mode: ConcurrencyMode::kConcurrent]
[completed compiling 0x012c474f13a9 <JSFunction advanceConnect4LiveLineState32 (sfi = 0000012C474E5729)> (target MAGLEV) - took 0.001, 0.230, 0.002 ms]
[bailout (kind: deopt-eager, reason: Insufficient type feedback for call): begin. deoptimizing 0x02edcc9e6bc9 <JSFunction storeConnect4RbaSharedExactCache32 (sfi = 000002EDCC9E0D19)>, 0x00127e757cb1 <Code MAGLEV>, opt id 21, bytecode offset 125, deopt exit 23, FP to SP delta 144, caller SP 0x0023779f7cf8, pc 0x01c3fae74b19]
[completed compiling 0x0182a7ea61d1 <JSFunction connect4RbaCanonicalize (sfi = 00000182A7E96751)> (target MAGLEV) - took 0.000, 1.199, 0.006 ms]
[completed compiling 0x0182a7ea7a19 <JSFunction evaluateConnect4LiveLine3x32 (sfi = 00000182A7E9BD79)> (target MAGLEV) - took 0.000, 0.135, 0.001 ms]
[completed compiling 0x0182a7ea7721 <JSFunction popcount3x32 (sfi = 00000182A7E9E499)> (target MAGLEV) - took 0.000, 0.111, 0.002 ms]
[marking 0x0182a7ea5dd1 <JSFunction emitSortedSetBits32 (sfi = 00000182A7E97639)> for optimization to TURBOFAN_JS, ConcurrencyMode::kConcurrent, reason: hot and stable]
[completed compiling 0x015eea9b28c9 <JSFunction emitSortedSetBits32 (sfi = 0000015EEA9A4161)> (target TURBOFAN_JS) - took 0.002, 1.208, 0.017 ms]
[compiling method [completed optimizing 0x0182a7ea5dd1 0x015eea9b28c9 <JSFunction emitSortedSetBits32 (sfi = 00000182A7E97639)> (target TURBOFAN_JS), mode: ConcurrencyMode::kConcurrent]
<JSFunction emitSortedSetBits32 (sfi = 0000015EEA9A4161)> (target TURBOFAN_JS)]
[marking 0x002178d46051 <JSFunction prepareRemoveDense (sfi = 0000029EAFC19189)> for optimization to MAGLEV, ConcurrencyMode::kConcurrent, reason: hot and stable]
[marking 0x01f714ddf7f9 <JSFunction connect4RbaCofactorBasis (sfi = 000001F714DCFED9)> for optimization to TURBOFAN_JS, ConcurrencyMode::kConcurrent, reason: hot and stable]
[completed compiling 0x0182a7ea8791 [marking <JSFunction storeConnect4RbaSharedExactCache32 (sfi = 00000182A7EA28A1)> (target MAGLEV)0x0053881c7851 - took 0.000, 0.491, 0.008 ms[compiling method  ]
0x01f714ddf7f9 <JSFunction connect4RbaCofactorBasis (sfi = 000001F714DCFED9)> (target TURBOFAN_JS), mode: ConcurrencyMode::kConcurrent]
<JSFunction storeConnect4RbaExactCacheSlot32Frontier (sfi = 000002EDCC9C8911)> for optimization to MAGLEV, ConcurrencyMode::kConcurrent, reason: hot and stable]
[compiling method 0x002178d46051 <JSFunction prepareRemoveDense (sfi = 0000029EAFC19189)> (target MAGLEV), mode: ConcurrencyMode::kConcurrent]
[compiling method 0x0053881c7851 <JSFunction storeConnect4RbaExactCacheSlot32Frontier (sfi = 000002EDCC9C8911)> (target MAGLEV), mode: ConcurrencyMode::kConcurrent]
[marking 0x015eea9b1c81 <JSFunction mixSpan32Locator32 (sfi = 0000015EEA99BFA1)> for optimization to TURBOFAN_JS, ConcurrencyMode::kConcurrent, reason: hot and stable]
[compiling method 0x015eea9b1c81 <JSFunction mixSpan32Locator32 (sfi = 0000015EEA99BFA1)> (target TURBOFAN_JS), mode: ConcurrencyMode::kConcurrent]
[marking 0x016f6a3dd7e9 <JSFunction prepareRemoveDense (sfi = 000003B557D43AC9)> for optimization to MAGLEV, ConcurrencyMode::kConcurrent, reason: hot and stable]
[compiling method 0x016f6a3dd7e9 <JSFunction prepareRemoveDense (sfi = 000003B557D43AC9)> (target MAGLEV), mode: ConcurrencyMode::kConcurrent]
[marking 0x0053881c78d1 <JSFunction absToRelativeFrontier (sfi = 000002EDCC9C89A1)> for optimization to MAGLEV, ConcurrencyMode::kConcurrent, reason: hot and stable]
[marking 0x03bc6f510261 <JSFunction compareReflectedSupport (sfi = 0000012C474E01D9)> for optimization to MAGLEV, ConcurrencyMode::kConcurrent, reason: hot and stable]
[completed compiling 0x012c474efbe1 <JSFunction connect4RbaCanonicalize (sfi = 0000012C474E0191)> (target MAGLEV) - took 0.000, 1.628, 0.009 ms]
[compiling method 0x0053881c78d1 <JSFunction absToRelativeFrontier (sfi = 000002EDCC9C89A1)> (target MAGLEV), mode: ConcurrencyMode::kConcurrent]
[marking 0x002178d47951 <JSFunction searchCpcOnlyFrontier (sfi = 0000029EAFC11761)> for optimization to MAGLEV, ConcurrencyMode::kConcurrent, reason: hot and stable[marking ]
0x01f714dde8b1 <JSFunction mixSpan32Locator32 (sfi = 000001F714DC8D21)> for optimization to TURBOFAN_JS, ConcurrencyMode::kConcurrent, reason: hot and stable]
[compiling method [marking 0x01f714dde8b1 0x016f6a3ddbb1 <JSFunction mixSpan32Locator32 (sfi = 000001F714DC8D21)> (target TURBOFAN_JS), mode: ConcurrencyMode::kConcurrent]
<JSFunction compareReflectedSupport (sfi = 000003B557D48269)> for optimization to MAGLEV, ConcurrencyMode::kConcurrent, reason: hot and stable]
[compiling method 0x016f6a3ddbb1 <JSFunction compareReflectedSupport (sfi = 000003B557D48269)> (target MAGLEV), mode: ConcurrencyMode::kConcurrent]
[compiling method 0x002178d47951 <JSFunction searchCpcOnlyFrontier (sfi = 0000029EAFC11761)> (target MAGLEV), mode: ConcurrencyMode::kConcurrent]
[marking 0x01c52c7cb769 <JSFunction searchCpcOnlyFrontier (sfi = 00000182A7E8A5D1)> for optimization to MAGLEV, ConcurrencyMode::kConcurrent, reason: hot and stable]
[compiling method 0x01c52c7cb769 <JSFunction searchCpcOnlyFrontier (sfi = 00000182A7E8A5D1)> (target MAGLEV), mode: ConcurrencyMode::kConcurrent]
[completed compiling 0x012c474f2161 <JSFunction probeConnect4RbaSharedExactCache32 (sfi = 0000012C474EC299)> (target MAGLEV) - took 0.000, 0.451, 0.007 ms]
[marking 0x016f6a3de281 <JSFunction probeConnect4RbaExactCacheSlot32Frontier (sfi = 000001183D3FBAE1)> for optimization to MAGLEV, ConcurrencyMode::kConcurrent, reason: hot and stable]
[compiling method 0x016f6a3de281 <JSFunction probeConnect4RbaExactCacheSlot32Frontier (sfi = 000001183D3FBAE1)> (target MAGLEV), mode: ConcurrencyMode::kConcurrent]
[completed compiling 0x02edcc9e4209 <JSFunction emitSortedSetBits32 (sfi = 000002EDCC9D5AB1)> (target TURBOFAN_JS) - took 0.002, 1.608, 0.016 ms]
[completed optimizing 0x02edcc9e4209 <JSFunction emitSortedSetBits32 (sfi = 000002EDCC9D5AB1)> (target TURBOFAN_JS)]
[marking 0x012c474ef7e1 <JSFunction emitSortedSetBits32 (sfi = 0000012C474E1079)> for optimization to TURBOFAN_JS, ConcurrencyMode::kConcurrent, reason: hot and stable]
[marking 0x01f714de0319 <JSFunction evaluateConnect4CpcNonterminal32 (sfi = 000001F714DD3011)> for optimization to MAGLEV, ConcurrencyMode::kConcurrent, reason: hot and stable]
[compiling method 0x01f714de0319 <JSFunction evaluateConnect4CpcNonterminal32 (sfi = 000001F714DD3011)> (target MAGLEV), mode: ConcurrencyMode::kConcurrent]
[compiling method 0x012c474ef7e1 <JSFunction emitSortedSetBits32 (sfi = 0000012C474E1079)> (target TURBOFAN_JS), mode: ConcurrencyMode::kConcurrent]
[marking 0x02edcc9e35c1 <JSFunction mixSpan32Locator32 (sfi = 000002EDCC9CD909)> for optimization to TURBOFAN_JS, ConcurrencyMode::kConcurrent, reason: hot and stable]
[compiling method 0x02edcc9e35c1 <JSFunction mixSpan32Locator32 (sfi = 000002EDCC9CD909)> (target TURBOFAN_JS), mode: ConcurrencyMode::kConcurrent]
[marking 0x03bc6f511449 <JSFunction searchCpcOnlyFrontier (sfi = 0000012C474D3FF9)> for optimization to MAGLEV, ConcurrencyMode::kConcurrent, reason: hot and stable]
[compiling method 0x03bc6f511449 <JSFunction searchCpcOnlyFrontier (sfi = 0000012C474D3FF9)> (target MAGLEV), mode: ConcurrencyMode::kConcurrent]
[completed compiling 0x012c474f21a1 <JSFunction storeConnect4RbaSharedExactCache32 (sfi = 0000012C474EC2E1)> (target MAGLEV) - took 0.000, 0.422, 0.007 ms]
[marking 0x002178d47811 <JSFunction probeConnect4RbaExactCacheSlot32Frontier (sfi = 0000029EAFC115F9)> for optimization to MAGLEV, ConcurrencyMode::kConcurrent, reason: hot and stable]
[marking 0x02f37f521241 <JSFunction probeConnect4RbaExactCacheSlot32Frontier (sfi = 00000182A7E8A469)> for optimization to MAGLEV, ConcurrencyMode::kConcurrent, reason: hot and stable]
[compiling method 0x002178d47811 <JSFunction probeConnect4RbaExactCacheSlot32Frontier (sfi = 0000029EAFC115F9)> (target MAGLEV), mode: ConcurrencyMode::kConcurrent]
[compiling method 0x02f37f521241 <JSFunction probeConnect4RbaExactCacheSlot32Frontier (sfi = 00000182A7E8A469)> (target MAGLEV), mode: ConcurrencyMode::kConcurrent]
[completed compiling 0x012c474f1429 <JSFunction evaluateConnect4LiveLine3x32 (sfi = 0000012C474E57B9)> (target MAGLEV) - took 0.000, 0.122, 0.001 ms]
[marking 0x01d0391c7851 <JSFunction storeConnect4RbaExactCacheSlot32Frontier (sfi = 0000015EEA996FA9)> for optimization to MAGLEV, ConcurrencyMode::kConcurrent, reason: hot and stable]
[compiling method 0x01d0391c7851 <JSFunction storeConnect4RbaExactCacheSlot32Frontier (sfi = 0000015EEA996FA9)> (target MAGLEV), mode: ConcurrencyMode::kConcurrent]
[completed compiling 0x012c474f1131 <JSFunction popcount3x32 (sfi = 0000012C474E7ED9)> (target MAGLEV) - took 0.000, 0.109, 0.002 ms]
[marking 0x03bc6f511309 <JSFunction probeConnect4RbaExactCacheSlot32Frontier (sfi = 0000012C474D3E91)> for optimization to MAGLEV, ConcurrencyMode::kConcurrent, reason: hot and stable]
[compiling method 0x03bc6f511309 <JSFunction probeConnect4RbaExactCacheSlot32Frontier (sfi = 0000012C474D3E91)> (target MAGLEV), mode: ConcurrencyMode::kConcurrent]
[marking 0x015eea9b2c89 <JSFunction connect4RbaCofactorKnownHeight (sfi = 0000015EEA9A3231)> for optimization to TURBOFAN_JS, ConcurrencyMode::kConcurrent, reason: hot and stable]
[compiling method 0x015eea9b2c89 <JSFunction connect4RbaCofactorKnownHeight (sfi = 0000015EEA9A3231)> (target TURBOFAN_JS), mode: ConcurrencyMode::kConcurrent]
[marking 0x01d0391c6cf1 <JSFunction pairedResponseNoWin (sfi = 0000015EEA9A6441)> for optimization to MAGLEV, ConcurrencyMode::kConcurrent, reason: hot and stable[marking ]
0x02f37f521301 <JSFunction absToRelativeFrontier (sfi = 00000182A7E8A541)> for optimization to MAGLEV, ConcurrencyMode::kConcurrent, reason: hot and stable]
[compiling method 0x01d0391c6cf1 <JSFunction pairedResponseNoWin (sfi = 0000015EEA9A6441)> (target MAGLEV), mode: ConcurrencyMode::kConcurrent]
[compiling method 0x02f37f521301 <JSFunction absToRelativeFrontier (sfi = 00000182A7E8A541)> (target MAGLEV), mode: ConcurrencyMode::kConcurrent]
[completed compiling 0x0182a7ea5dd1 <JSFunction emitSortedSetBits32 (sfi = 00000182A7E97639)> (target TURBOFAN_JS) - took 0.002, 1.207, 0.018 ms]
[completed optimizing 0x0182a7ea5dd1 <JSFunction emitSortedSetBits32 (sfi = 00000182A7E97639)> (target TURBOFAN_JS)]
[marking 0x02edcc9e45c9 <JSFunction connect4RbaCofactorKnownHeight (sfi = 000002EDCC9D4B81)> for optimization to TURBOFAN_JS, ConcurrencyMode::kConcurrent, reason: hot and stable]
[compiling method 0x02edcc9e45c9 <JSFunction connect4RbaCofactorKnownHeight (sfi = 000002EDCC9D4B81)> (target TURBOFAN_JS), mode: ConcurrencyMode::kConcurrent]
[marking 0x01d0391c6bf1 <JSFunction cellMarked (sfi = 0000015EEA9A6321)> for optimization to MAGLEV, ConcurrencyMode::kConcurrent, reason: hot and stable]
[marking 0x01d0391c78d1 <JSFunction absToRelativeFrontier (sfi = 0000015EEA997039)> for optimization to MAGLEV, ConcurrencyMode::kConcurrent, reason: hot and stable]
[compiling method 0x01d0391c6bf1 <JSFunction cellMarked (sfi = 0000015EEA9A6321)> (target MAGLEV), mode: ConcurrencyMode::kConcurrent]
[compiling method 0x01d0391c78d1 <JSFunction absToRelativeFrontier (sfi = 0000015EEA997039)> (target MAGLEV), mode: ConcurrencyMode::kConcurrent]
[marking 0x0053881c7911 <JSFunction relativeToAbsFrontier (sfi = 000002EDCC9C89E9)> for optimization to MAGLEV, ConcurrencyMode::kConcurrent, reason: hot and stable]
[compiling method 0x0053881c7911 <JSFunction relativeToAbsFrontier (sfi = 000002EDCC9C89E9)> (target MAGLEV), mode: ConcurrencyMode::kConcurrent]
[marking 0x02edcc9e5029 <JSFunction evaluateConnect4CpcNonterminal32 (sfi = 000002EDCC9D7BE1)> for optimization to MAGLEV, ConcurrencyMode::kConcurrent, reason: hot and stable]
[compiling method 0x02edcc9e5029 <JSFunction evaluateConnect4CpcNonterminal32 (sfi = 000002EDCC9D7BE1)> (target MAGLEV), mode: ConcurrencyMode::kConcurrent]
[marking 0x02f37f521281 <JSFunction storeConnect4RbaExactCacheSlot32Frontier (sfi = 00000182A7E8A4B1)> for optimization to MAGLEV, ConcurrencyMode::kConcurrent, reason: hot and stable]
[marking 0x017772381e99 <JSFunction searchCpcOnlyFrontier (sfi = 000001183D3FBC49)> for optimization to MAGLEV, ConcurrencyMode::kConcurrent, reason: hot and stable]
[compiling method 0x017772381e99 <JSFunction searchCpcOnlyFrontier (sfi = 000001183D3FBC49)> (target MAGLEV), mode: ConcurrencyMode::kConcurrent]
[compiling method 0x02f37f521281 <JSFunction storeConnect4RbaExactCacheSlot32Frontier (sfi = 00000182A7E8A4B1)> (target MAGLEV), mode: ConcurrencyMode::kConcurrent]
[marking 0x0053881c6bf1 <JSFunction cellMarked (sfi = 000002EDCC9D7C71)> for optimization to MAGLEV, ConcurrencyMode::kConcurrent, reason: hot and stable]
[compiling method 0x0053881c6bf1 <JSFunction cellMarked (sfi = 000002EDCC9D7C71)> (target MAGLEV), mode: ConcurrencyMode::kConcurrent]
[completed compiling 0x01f714dde8b1 <JSFunction mixSpan32Locator32 (sfi = 000001F714DC8D21)> (target TURBOFAN_JS) - took 0.001, 0.958, 0.009 ms]
[completed optimizing 0x01f714dde8b1 <JSFunction mixSpan32Locator32 (sfi = 000001F714DC8D21)> (target TURBOFAN_JS)]
[marking 0x01f714dde5b9 <JSFunction completeRootFrontierNode32 (sfi = 000001F714DC5391)> for optimization to MAGLEV, ConcurrencyMode::kConcurrent, reason: hot and stable]
[compiling method 0x01f714dde5b9 <JSFunction completeRootFrontierNode32 (sfi = 000001F714DC5391)> (target MAGLEV), mode: ConcurrencyMode::kConcurrent]
[marking 0x016f6a3e6359 <JSFunction absToRelativeFrontier (sfi = 000001183D3FBBB9)> for optimization to MAGLEV, ConcurrencyMode::kConcurrent, reason: hot and stable]
[compiling method 0x016f6a3e6359 <JSFunction absToRelativeFrontier (sfi = 000001183D3FBBB9)> (target MAGLEV), mode: ConcurrencyMode::kConcurrent]
[marking 0x02edcc9e6bc9 <JSFunction storeConnect4RbaSharedExactCache32 (sfi = 000002EDCC9E0D19)> for optimization to MAGLEV, ConcurrencyMode::kConcurrent, reason: hot and stable]
[compiling method 0x02edcc9e6bc9 <JSFunction storeConnect4RbaSharedExactCache32 (sfi = 000002EDCC9E0D19)> (target MAGLEV), mode: ConcurrencyMode::kConcurrent]
[marking 0x03bc6f5113c9 <JSFunction absToRelativeFrontier (sfi = 0000012C474D3F69)> for optimization to MAGLEV, ConcurrencyMode::kConcurrent, reason: hot and stable]
[marking 0x02edcc9e32c9 <JSFunction completeRootFrontierNode32 (sfi = 000002EDCC9C9F79)> for optimization to MAGLEV, ConcurrencyMode::kConcurrent, reason: hot and stable]
[compiling method 0x02edcc9e32c9 <JSFunction completeRootFrontierNode32 (sfi = 000002EDCC9C9F79)> (target MAGLEV), mode: ConcurrencyMode::kConcurrent]
[compiling method 0x03bc6f5113c9 <JSFunction absToRelativeFrontier (sfi = 0000012C474D3F69)> (target MAGLEV), mode: ConcurrencyMode::kConcurrent]
[marking 0x0182a7ea6191 <JSFunction connect4RbaCofactorKnownHeight (sfi = 00000182A7E96709)> for optimization to TURBOFAN_JS, ConcurrencyMode::kConcurrent, reason: hot and stable]
[completed compiling 0x03bc6f511449 <JSFunction searchCpcOnlyFrontier (sfi = 0000012C474D3FF9)> (target MAGLEV) - took 0.000, 2.851, 0.019 ms]
[compiling method 0x0182a7ea6191 <JSFunction connect4RbaCofactorKnownHeight (sfi = 00000182A7E96709)> (target TURBOFAN_JS), mode: ConcurrencyMode::kConcurrent]
[marking 0x02f37f521341 <JSFunction relativeToAbsFrontier (sfi = 00000182A7E8A589)> for optimization to MAGLEV, ConcurrencyMode::kConcurrent, reason: hot and stable]
[compiling method 0x02f37f521341 <JSFunction relativeToAbsFrontier (sfi = 00000182A7E8A589)> (target MAGLEV), mode: ConcurrencyMode::kConcurrent]
[marking 0x015eea9b1989 <JSFunction completeRootFrontierNode32 (sfi = 0000015EEA998611)> for optimization to MAGLEV, ConcurrencyMode::kConcurrent, reason: hot and stable]
[compiling method 0x015eea9b1989 <JSFunction completeRootFrontierNode32 (sfi = 0000015EEA998611)> (target MAGLEV), mode: ConcurrencyMode::kConcurrent]
[completed compiling 0x03bc6f511309 <JSFunction probeConnect4RbaExactCacheSlot32Frontier (sfi = 0000012C474D3E91)> (target MAGLEV) - took 0.000, 0.271, 0.004 ms]
[marking 0x029eafc2f831 <JSFunction probeConnect4RbaSharedExactCache32 (sfi = 0000029EAFC29A31)> for optimization to MAGLEV, ConcurrencyMode::kConcurrent, reason: hot and stable]
[completed compiling 0x03bc6f5113c9 <JSFunction absToRelativeFrontier (sfi = 0000012C474D3F69)> (target MAGLEV) - took 0.000, 0.034, 0.001 ms]
[compiling method 0x029eafc2f831 <JSFunction probeConnect4RbaSharedExactCache32 (sfi = 0000029EAFC29A31)> (target MAGLEV), mode: ConcurrencyMode::kConcurrent]
[marking 0x03bc6f511349 <JSFunction storeConnect4RbaExactCacheSlot32Frontier (sfi = 0000012C474D3ED9)> for optimization to MAGLEV, ConcurrencyMode::kConcurrent, reason: hot and stable]
[compiling method 0x03bc6f511349 <JSFunction storeConnect4RbaExactCacheSlot32Frontier (sfi = 0000012C474D3ED9)> (target MAGLEV), mode: ConcurrencyMode::kConcurrent]
[completed compiling 0x03bc6f511349 <JSFunction storeConnect4RbaExactCacheSlot32Frontier (sfi = 0000012C474D3ED9)> (target MAGLEV) - took 0.000, 0.140, 0.003 ms]
[completed compiling 0x01c52c7cb769 <JSFunction searchCpcOnlyFrontier (sfi = 00000182A7E8A5D1)> (target MAGLEV) - took 0.000, 3.237, 0.018 ms]
[marking 0x012c474f0601 [marking 0x029eafc2dcd1 <JSFunction evaluateConnect4CpcNonterminal32 (sfi = 0000012C474E31A9)> for optimization to MAGLEV, ConcurrencyMode::kConcurrent, reason: hot and stable<JSFunction evaluateConnect4CpcNonterminal32 (sfi = 0000029EAFC20941)>]
 for optimization to MAGLEV, ConcurrencyMode::kConcurrent, reason: hot and stable]
[compiling method 0x012c474f0601 <JSFunction evaluateConnect4CpcNonterminal32 (sfi = 0000012C474E31A9)> (target MAGLEV), mode: ConcurrencyMode::kConcurrent]
[compiling method 0x029eafc2dcd1 <JSFunction evaluateConnect4CpcNonterminal32 (sfi = 0000029EAFC20941)> (target MAGLEV), mode: ConcurrencyMode::kConcurrent]
[marking 0x002178d47851 <JSFunction storeConnect4RbaExactCacheSlot32Frontier (sfi = 0000029EAFC11641)> for optimization to MAGLEV, ConcurrencyMode::kConcurrent, reason: hot and stable]
[compiling method 0x002178d47851 <JSFunction storeConnect4RbaExactCacheSlot32Frontier (sfi = 0000029EAFC11641)> (target MAGLEV), mode: ConcurrencyMode::kConcurrent]
[marking 0x02f37f520d29 <JSFunction cellMarked (sfi = 00000182A7E997F9)> for optimization to MAGLEV, ConcurrencyMode::kConcurrent, reason: hot and stable]
[compiling method 0x02f37f520d29 <JSFunction cellMarked (sfi = 00000182A7E997F9)> (target MAGLEV), mode: ConcurrencyMode::kConcurrent]
[completed compiling 0x02f37f521241 <JSFunction probeConnect4RbaExactCacheSlot32Frontier (sfi = 00000182A7E8A469)> (target MAGLEV) - took 0.000, 0.844, 0.008 ms]
[marking 0x0182a7ea4e91 <JSFunction completeRootFrontierNode32 (sfi = 00000182A7E8BB19)> for optimization to MAGLEV, ConcurrencyMode::kConcurrent, reason: hot and stable]
[compiling method 0x0182a7ea4e91 <JSFunction completeRootFrontierNode32 (sfi = 00000182A7E8BB19)> (target MAGLEV), mode: ConcurrencyMode::kConcurrent]
[completed compiling 0x02f37f521301 <JSFunction absToRelativeFrontier (sfi = 00000182A7E8A541)> (target MAGLEV) - took 0.000, 0.069, 0.001 ms]
[marking 0x012c474efba1 <JSFunction connect4RbaCofactorKnownHeight (sfi = 0000012C474E0149)> for optimization to TURBOFAN_JS, ConcurrencyMode::kConcurrent, reason: hot and stable]
[compiling method 0x012c474efba1 <JSFunction connect4RbaCofactorKnownHeight (sfi = 0000012C474E0149)> (target TURBOFAN_JS), mode: ConcurrencyMode::kConcurrent]
[marking 0x011c6c541e99 <JSFunction searchCpcOnlyFrontier (sfi = 000001F714DC3E49)> for optimization to MAGLEV, ConcurrencyMode::kConcurrent, reason: hot and stable]
[compiling method 0x011c6c541e99 <JSFunction searchCpcOnlyFrontier (sfi = 000001F714DC3E49)> (target MAGLEV), mode: ConcurrencyMode::kConcurrent]
[marking 0x0182a7ea6bf1 <JSFunction evaluateConnect4CpcNonterminal32 (sfi = 00000182A7E99769)> for optimization to MAGLEV, ConcurrencyMode::kConcurrent, reason: hot and stable]
[compiling method 0x0182a7ea6bf1 <JSFunction evaluateConnect4CpcNonterminal32 (sfi = 00000182A7E99769)> (target MAGLEV), mode: ConcurrencyMode::kConcurrent]
[completed compiling 0x02f37f521281 <JSFunction storeConnect4RbaExactCacheSlot32Frontier (sfi = 00000182A7E8A4B1)> (target MAGLEV) - took 0.000, 0.331, 0.008 ms]
[completed compiling 0x02f37f521341 <JSFunction relativeToAbsFrontier (sfi = 00000182A7E8A589)> (target MAGLEV) - took 0.000, 0.166, 0.001 ms]
[completed compiling 0x02f37f520d29 <JSFunction cellMarked (sfi = 00000182A7E997F9)> (target MAGLEV) - took 0.000, 0.073, 0.002 ms]
[completed compiling 0x012c474f0601 <JSFunction evaluateConnect4CpcNonterminal32 (sfi = 0000012C474E31A9)> (target MAGLEV) - took 0.000, 1.011, 0.009 ms]
[marking 0x01d0391c7911 <JSFunction relativeToAbsFrontier (sfi = 0000015EEA997081)> for optimization to MAGLEV, ConcurrencyMode::kConcurrent, reason: hot and stable]
[completed compiling 0x0182a7ea4e91 <JSFunction completeRootFrontierNode32 (sfi = 00000182A7E8BB19)> (target MAGLEV) - took 0.000, 0.113, 0.002 ms]
[bailout (kind: deopt-eager, reason: Insufficient type feedback for call): begin. deoptimizing 0x012c474f21a1 <JSFunction storeConnect4RbaSharedExactCache32 (sfi = 0000012C474EC2E1)>, 0x00b43feb5501 <Code MAGLEV>, opt id 23, bytecode offset 125, deopt exit 23, FP to SP delta 144, caller SP 0x0023791f8c78, pc 0x01c48b617de2]
[compiling method 0x01d0391c7911 <JSFunction relativeToAbsFrontier (sfi = 0000015EEA997081)> (target MAGLEV), mode: ConcurrencyMode::kConcurrent]
[marking 0x03bc6f511409 <JSFunction relativeToAbsFrontier (sfi = 0000012C474D3FB1)> for optimization to MAGLEV, ConcurrencyMode::kConcurrent, reason: hot and stable]
[compiling method 0x03bc6f511409 <JSFunction relativeToAbsFrontier (sfi = 0000012C474D3FB1)> (target MAGLEV), mode: ConcurrencyMode::kConcurrent]
[marking 0x015eea9b3229 <JSFunction firstSetBitIndex32 (sfi = 0000015EEA9A7799)> for optimization to MAGLEV, ConcurrencyMode::kConcurrent, reason: hot and stable]
[compiling method 0x015eea9b3229 <JSFunction firstSetBitIndex32 (sfi = 0000015EEA9A7799)> (target MAGLEV), mode: ConcurrencyMode::kConcurrent]
[completed compiling 0x03bc6f511409 <JSFunction relativeToAbsFrontier (sfi = 0000012C474D3FB1)> (target MAGLEV) - took 0.000, 0.074, 0.001 ms]
[marking 0x012c474ee8a1 <JSFunction completeRootFrontierNode32 (sfi = 0000012C474D5541)> for optimization to MAGLEV, ConcurrencyMode::kConcurrent, reason: hot and stable]
[compiling method 0x012c474ee8a1 <JSFunction completeRootFrontierNode32 (sfi = 0000012C474D5541)> (target MAGLEV), mode: ConcurrencyMode::kConcurrent]
[marking 0x002178d478d1 <JSFunction absToRelativeFrontier (sfi = 0000029EAFC116D1)> for optimization to MAGLEV, ConcurrencyMode::kConcurrent, reason: hot and stable]
[compiling method 0x002178d478d1 <JSFunction absToRelativeFrontier (sfi = 0000029EAFC116D1)> (target MAGLEV), mode: ConcurrencyMode::kConcurrent]
[marking 0x015eea9b36e9 <JSFunction evaluateConnect4CpcNonterminal32 (sfi = 0000015EEA9A6291)> for optimization to MAGLEV, ConcurrencyMode::kConcurrent, reason: hot and stable]
[compiling method 0x015eea9b36e9 <JSFunction evaluateConnect4CpcNonterminal32 (sfi = 0000015EEA9A6291)> (target MAGLEV), mode: ConcurrencyMode::kConcurrent]
[marking 0x0053881c6cf1 <JSFunction pairedResponseNoWin (sfi = 000002EDCC9D7D91)> for optimization to MAGLEV, ConcurrencyMode::kConcurrent, reason: hot and stable]
[completed compiling 0x012c474ee8a1 <JSFunction completeRootFrontierNode32 (sfi = 0000012C474D5541)> (target MAGLEV) - took 0.000, 0.141, 0.004 ms[marking ]
0x011c6c57d609 <JSFunction pairedResponseNoWin (sfi = 000001F714DD31C1)> for optimization to MAGLEV, ConcurrencyMode::kConcurrent, reason: hot and stable]
[compiling method 0x011c6c57d609 [compiling method <JSFunction pairedResponseNoWin (sfi = 000001F714DD31C1)> (target MAGLEV), mode: ConcurrencyMode::kConcurrent]
0x0053881c6cf1 <JSFunction pairedResponseNoWin (sfi = 000002EDCC9D7D91)> (target MAGLEV), mode: ConcurrencyMode::kConcurrent]
[marking 0x012c474f21a1 <JSFunction storeConnect4RbaSharedExactCache32 (sfi = 0000012C474EC2E1)> for optimization to MAGLEV, ConcurrencyMode::kConcurrent, reason: hot and stable]
[compiling method 0x012c474f21a1 <JSFunction storeConnect4RbaSharedExactCache32 (sfi = 0000012C474EC2E1)> (target MAGLEV), mode: ConcurrencyMode::kConcurrent]
[marking 0x015eea9b2bc9 <JSFunction connect4RbaCofactorBasis (sfi = 0000015EEA9A3159)> for optimization to TURBOFAN_JS, ConcurrencyMode::kConcurrent, reason: hot and stable]
[compiling method 0x015eea9b2bc9 <JSFunction connect4RbaCofactorBasis (sfi = 0000015EEA9A3159)> (target TURBOFAN_JS), mode: ConcurrencyMode::kConcurrent]
[marking 0x02edcc9e4509 <JSFunction connect4RbaCofactorBasis (sfi = 000002EDCC9D4AA9)> for optimization to TURBOFAN_JS, ConcurrencyMode::kConcurrent, reason: hot and stable]
[marking 0x0182a7ea60d1 <JSFunction connect4RbaCofactorBasis (sfi = 00000182A7E96631)> for optimization to TURBOFAN_JS, ConcurrencyMode::kConcurrent, reason: hot and stable]
[marking 0x03bc6f5106e9 <JSFunction cellMarked (sfi = 0000012C474E3239)> for optimization to MAGLEV, ConcurrencyMode::kConcurrent, reason: hot and stable]
[compiling method 0x03bc6f5106e9 <JSFunction cellMarked (sfi = 0000012C474E3239)> (target MAGLEV), mode: ConcurrencyMode::kConcurrent]
[marking 0x02edcc9e4509 <JSFunction connect4RbaCofactorBasis (sfi = 000002EDCC9D4AA9)> for optimization to TURBOFAN_JS, ConcurrencyMode::kConcurrent, reason: hot and stable]
[completed compiling 0x0182a7ea6bf1 <JSFunction evaluateConnect4CpcNonterminal32 (sfi = 00000182A7E99769)> (target MAGLEV) - took 0.000, 2.739, 0.012 ms]
[marking 0x0182a7ea60d1 <JSFunction connect4RbaCofactorBasis (sfi = 00000182A7E96631)> for optimization to TURBOFAN_JS, ConcurrencyMode::kConcurrent, reason: hot and stable]
[marking 0x02edcc9e4509 <JSFunction connect4RbaCofactorBasis (sfi = 000002EDCC9D4AA9)> for optimization to TURBOFAN_JS, ConcurrencyMode::kConcurrent, reason: hot and stable]
[marking 0x0182a7ea60d1 <JSFunction connect4RbaCofactorBasis (sfi = 00000182A7E96631)> for optimization to TURBOFAN_JS, ConcurrencyMode::kConcurrent, reason: hot and stable]
[marking 0x0182a7ea60d1 <JSFunction connect4RbaCofactorBasis (sfi = 00000182A7E96631)> for optimization to TURBOFAN_JS, ConcurrencyMode::kConcurrent, reason: hot and stable]
[marking [marking 0x02f37f520e29 <JSFunction pairedResponseNoWin (sfi = 00000182A7E99919)> for optimization to MAGLEV, ConcurrencyMode::kConcurrent, reason: hot and stable]
0x01f714de1e79 <JSFunction probeConnect4RbaSharedExactCache32 (sfi = 000001F714DDC101)> for optimization to MAGLEV, ConcurrencyMode::kConcurrent, reason: hot and stable]
[compiling method 0x02f37f520e29 <JSFunction pairedResponseNoWin (sfi = 00000182A7E99919)> (target MAGLEV)[compiling method , mode: ConcurrencyMode::kConcurrent]
[marking 0x01f714de1e79 0x02edcc9e4509 <JSFunction probeConnect4RbaSharedExactCache32 (sfi = 000001F714DDC101)> (target MAGLEV), mode: ConcurrencyMode::kConcurrent]
<JSFunction connect4RbaCofactorBasis (sfi = 000002EDCC9D4AA9)> for optimization to TURBOFAN_JS, ConcurrencyMode::kConcurrent, reason: hot and stable]
[bailout (kind: deopt-eager, reason: Insufficient type feedback for generic keyed access): begin. deoptimizing 0x012c474f0601 <JSFunction evaluateConnect4CpcNonterminal32 (sfi = 0000012C474E31A9)>, 0x00b43febfc19 <Code MAGLEV>, opt id 31, bytecode offset 306, deopt exit 60, FP to SP delta 192, caller SP 0x0023791f9078, pc 0x01c48b621711]
[marking 0x002178d46bf1 <JSFunction cellMarked (sfi = 0000029EAFC209D1)> for optimization to MAGLEV, ConcurrencyMode::kConcurrent, reason: hot and stable]
[marking 0x0182a7ea60d1 <JSFunction connect4RbaCofactorBasis (sfi = 00000182A7E96631)> for optimization to TURBOFAN_JS, ConcurrencyMode::kConcurrent, reason: hot and stable]
[bailout (kind: deopt-eager, reason: Insufficient type feedback for generic named access): begin. deoptimizing 0x03bc6f511449 <JSFunction searchCpcOnlyFrontier (sfi = 0000012C474D3FF9)>, 0x00b43febbea9 <Code MAGLEV>, opt id 26, bytecode offset 292, deopt exit 168, FP to SP delta 592, caller SP 0x0023791f9338, pc 0x01c48b61dad5]
[bailout (kind: deopt-lazy, reason: (unknown)): begin. deoptimizing 0x03bc6f511449 <JSFunction searchCpcOnlyFrontier (sfi = 0000012C474D3FF9)>, 0x00b43febbea9 <Code MAGLEV>, opt id 26, bytecode offset 2072, deopt exit 199, FP to SP delta 592, caller SP 0x0023791f95f8, pc 0x01c48b61db51]
[bailout (kind: deopt-lazy, reason: (unknown)): begin. deoptimizing [marking 0x03bc6f511449 0x02edcc9e4509 <JSFunction searchCpcOnlyFrontier (sfi = 0000012C474D3FF9)>, 0x00b43febbea9 <Code MAGLEV>, opt id 26, bytecode offset 2072, deopt exit 199, FP to SP delta 592, caller SP 0x0023791f98b8, pc 0x01c48b61db51]
<JSFunction connect4RbaCofactorBasis (sfi = 000002EDCC9D4AA9)> for optimization to TURBOFAN_JS, ConcurrencyMode::kConcurrent, reason: hot and stable]
[completed compiling 0x02f37f520e29 <JSFunction pairedResponseNoWin (sfi = 00000182A7E99919)> (target MAGLEV) - took 0.001, 0.410, 0.006 ms]
[compiling method 0x02edcc9e4509[compiling method  0x002178d46bf1 <JSFunction connect4RbaCofactorBasis (sfi = 000002EDCC9D4AA9)> (target TURBOFAN_JS)<JSFunction cellMarked (sfi = 0000029EAFC209D1)>, mode: ConcurrencyMode::kConcurrent]
 (target MAGLEV), mode: ConcurrencyMode::kConcurrent]
[bailout (kind: deopt-lazy, reason: (unknown)): begin. deoptimizing 0x03bc6f511449 <JSFunction searchCpcOnlyFrontier (sfi = 0000012C474D3FF9)>, 0x00b43febbea9 <Code MAGLEV>, opt id 26, bytecode offset 2072, deopt exit 199, FP to SP delta 592, caller SP 0x0023791f9b78, pc 0x01c48b61db51]
[bailout (kind: deopt-lazy, reason: (unknown)): begin. deoptimizing 0x03bc6f511449 <JSFunction searchCpcOnlyFrontier (sfi = 0000012C474D3FF9)>, 0x00b43febbea9 <Code MAGLEV>, opt id 26, bytecode offset 2072, deopt exit 199, FP to SP delta 592, caller SP 0x0023791f9e38, pc 0x01c48b61db51]
[marking 0x0182a7ea60d1 <JSFunction connect4RbaCofactorBasis (sfi = 00000182A7E96631)> for optimization to TURBOFAN_JS, ConcurrencyMode::kConcurrent, reason: hot and stable]
[bailout (kind: deopt-lazy, reason: (unknown)): begin. deoptimizing 0x03bc6f511449 <JSFunction searchCpcOnlyFrontier (sfi = 0000012C474D3FF9)>, 0x00b43febbea9 <Code MAGLEV>, opt id 26, bytecode offset 2072, deopt exit 199, FP to SP delta 592, caller SP 0x0023791fa0f8, pc 0x01c48b61db51]
[marking 0x0182a7ea60d1 <JSFunction connect4RbaCofactorBasis (sfi = 00000182A7E96631)> for optimization to TURBOFAN_JS, ConcurrencyMode::kConcurrent, reason: hot and stable]
[bailout (kind: deopt-lazy, reason: (unknown)): begin. deoptimizing 0x03bc6f511449 <JSFunction searchCpcOnlyFrontier (sfi = 0000012C474D3FF9)>, 0x00b43febbea9 <Code MAGLEV>, opt id 26, bytecode offset 2072, deopt exit 199, FP to SP delta 592, caller SP 0x0023791fa3b8, pc 0x01c48b61db51]
[marking 0x012c474eeb99 <JSFunction mixSpan32Locator32 (sfi = 0000012C474D8ED1)> for optimization to TURBOFAN_JS, ConcurrencyMode::kConcurrent, reason: hot and stable]
[marking 0x0182a7ea60d1 <JSFunction connect4RbaCofactorBasis (sfi = 00000182A7E96631)> for optimization to TURBOFAN_JS, ConcurrencyMode::kConcurrent, reason: hot and stable]
[marking 0x002178d47911 <JSFunction relativeToAbsFrontier (sfi = 0000029EAFC11719)> for optimization to MAGLEV, ConcurrencyMode::kConcurrent, reason: hot and stable]
[compiling method 0x002178d47911 <JSFunction relativeToAbsFrontier (sfi = 0000029EAFC11719)> (target MAGLEV), mode: ConcurrencyMode::kConcurrent]
[marking 0x02edcc9e3581 <JSFunction publishSpan32 (sfi = 000002EDCC9CD8C1)> for optimization to TURBOFAN_JS, ConcurrencyMode::kConcurrent, reason: hot and stable]
[marking 0x012c474eeb99 <JSFunction mixSpan32Locator32 (sfi = 0000012C474D8ED1)> for optimization to TURBOFAN_JS, ConcurrencyMode::kConcurrent, reason: hot and stable]
[marking 0x0182a7ea60d1 <JSFunction connect4RbaCofactorBasis (sfi = 00000182A7E96631)> for optimization to TURBOFAN_JS, ConcurrencyMode::kConcurrent, reason: hot and stable]
[marking 0x03b557d58681 <JSFunction evaluateConnect4CpcNonterminal32 (sfi = 000003B557D4B239)> for optimization to MAGLEV, ConcurrencyMode::kConcurrent, reason: hot and stable]
[compiling method 0x03b557d58681 <JSFunction evaluateConnect4CpcNonterminal32 (sfi = 000003B557D4B239)> (target MAGLEV), mode: ConcurrencyMode::kConcurrent]
[completed compiling 0x0053881c7951 <JSFunction searchCpcOnlyFrontier (sfi = 000002EDCC9C8A31)> (target MAGLEV) - took 0.000, 3.893, 0.015 ms]
[marking 0x0182a7ea60d1 <JSFunction connect4RbaCofactorBasis (sfi = 00000182A7E96631)> for optimization to TURBOFAN_JS, ConcurrencyMode::kConcurrent, reason: hot and stable]
[marking 0x02edcc9e3581 <JSFunction publishSpan32 (sfi = 000002EDCC9CD8C1)> for optimization to TURBOFAN_JS, ConcurrencyMode::kConcurrent, reason: hot and stable]
[completed compiling 0x0053881c7811 <JSFunction probeConnect4RbaExactCacheSlot32Frontier (sfi = 000002EDCC9C88C9)> (target MAGLEV) - took 0.000, 0.422, 0.006 ms]
[marking 0x012c474eeb99 <JSFunction mixSpan32Locator32 (sfi = 0000012C474D8ED1)> for optimization to TURBOFAN_JS, ConcurrencyMode::kConcurrent, reason: hot and stable]
[compiling method 0x012c474eeb99 <JSFunction mixSpan32Locator32 (sfi = 0000012C474D8ED1)> (target TURBOFAN_JS), mode: ConcurrencyMode::kConcurrent]
[completed compiling 0x01f714ddf8b9 <JSFunction connect4RbaCofactorKnownHeight (sfi = 000001F714DCFFB1)> (target TURBOFAN_JS) - took 0.003, 14.762, 0.056 ms]
[completed optimizing 0x01f714ddf8b9[marking  0x0182a7ea60d1 <JSFunction connect4RbaCofactorKnownHeight (sfi = 000001F714DCFFB1)><JSFunction connect4RbaCofactorBasis (sfi = 00000182A7E96631)> (target TURBOFAN_JS)]
 for optimization to TURBOFAN_JS, ConcurrencyMode::kConcurrent, reason: hot and stable]
[marking 0x02edcc9e3581 <JSFunction publishSpan32 (sfi = 000002EDCC9CD8C1)> for optimization to TURBOFAN_JS, ConcurrencyMode::kConcurrent, reason: hot and stable]
[marking 0x0182a7ea60d1 <JSFunction connect4RbaCofactorBasis (sfi = 00000182A7E96631)> for optimization to TURBOFAN_JS, ConcurrencyMode::kConcurrent, reason: hot and stable]
[completed compiling 0x02edcc9e6b89 <JSFunction probeConnect4RbaSharedExactCache32 (sfi = 000002EDCC9E0CD1)> (target MAGLEV) - took 0.000, 0.410, 0.004 ms]
[completed compiling 0x01f714ddf7f9 <JSFunction connect4RbaCofactorBasis (sfi = 000001F714DCFED9)> (target TURBOFAN_JS) - took 0.001, 2.424, 0.026 ms]
[completed optimizing 0x01f714ddf7f9 <JSFunction connect4RbaCofactorBasis (sfi = 000001F714DCFED9)> (target TURBOFAN_JS)]
[marking 0x012c474efae1 <JSFunction connect4RbaCofactorBasis (sfi = 0000012C474E0071)> for optimization to TURBOFAN_JS, ConcurrencyMode::kConcurrent, reason: hot and stable]
[compiling method 0x012c474efae1 <JSFunction connect4RbaCofactorBasis (sfi = 0000012C474E0071)> (target TURBOFAN_JS), mode: ConcurrencyMode::kConcurrent]
[marking 0x02edcc9e3581 <JSFunction publishSpan32 (sfi = 000002EDCC9CD8C1)> for optimization to TURBOFAN_JS, ConcurrencyMode::kConcurrent, reason: hot and stable]
[completed compiling 0x0053881c7851 <JSFunction storeConnect4RbaExactCacheSlot32Frontier (sfi = 000002EDCC9C8911)> (target MAGLEV) - took 0.000, 0.218, 0.003 ms]
[marking 0x0182a7ea60d1 <JSFunction connect4RbaCofactorBasis (sfi = 00000182A7E96631)> for optimization to TURBOFAN_JS, ConcurrencyMode::kConcurrent, reason: hot and stable]
[completed compiling 0x0053881c78d1 <JSFunction absToRelativeFrontier (sfi = 000002EDCC9C89A1)> (target MAGLEV) - took 0.000, 0.060, 0.000 ms]
[completed compiling 0x0053881c7911 <JSFunction relativeToAbsFrontier (sfi = 000002EDCC9C89E9)> (target MAGLEV) - took 0.000, 0.054, 0.001 ms]
[marking 0x03bc6f5107e9 <JSFunction pairedResponseNoWin (sfi = 0000012C474E3359)> for optimization to MAGLEV, ConcurrencyMode::kConcurrent, reason: hot and stable]
[compiling method 0x03bc6f5107e9 <JSFunction pairedResponseNoWin (sfi = 0000012C474E3359)> (target MAGLEV), mode: ConcurrencyMode::kConcurrent]
[marking 0x0182a7ea60d1 <JSFunction connect4RbaCofactorBasis (sfi = 00000182A7E96631)> for optimization to TURBOFAN_JS, ConcurrencyMode::kConcurrent, reason: hot and stable]
[marking 0x0182a7ea60d1 <JSFunction connect4RbaCofactorBasis (sfi = 00000182A7E96631)> for optimization to TURBOFAN_JS, ConcurrencyMode::kConcurrent, reason: hot and stable]
[marking 0x0182a7ea60d1 <JSFunction connect4RbaCofactorBasis (sfi = 00000182A7E96631)> for optimization to TURBOFAN_JS, ConcurrencyMode::kConcurrent, reason: hot and stable]
[completed compiling 0x02edcc9e5029 <JSFunction evaluateConnect4CpcNonterminal32 (sfi = 000002EDCC9D7BE1)> (target MAGLEV) - took 0.000, 1.157, 0.008 ms]
[marking 0x0182a7ea60d1 <JSFunction connect4RbaCofactorBasis (sfi = 00000182A7E96631)> for optimization to TURBOFAN_JS, ConcurrencyMode::kConcurrent, reason: hot and stable]
[completed compiling 0x0053881c6bf1 <JSFunction cellMarked (sfi = 000002EDCC9D7C71)> (target MAGLEV) - took 0.000, 0.066, 0.001 ms]
[marking 0x0182a7ea60d1 <JSFunction connect4RbaCofactorBasis (sfi = 00000182A7E96631)> for optimization to TURBOFAN_JS, ConcurrencyMode::kConcurrent, reason: hot and stable]
[marking 0x02edcc9e3581 <JSFunction publishSpan32 (sfi = 000002EDCC9CD8C1)> for optimization to TURBOFAN_JS, ConcurrencyMode::kConcurrent, reason: hot and stable]
[marking 0x029eafc2bf71 <JSFunction completeRootFrontierNode32 (sfi = 0000029EAFC12CA9)> for optimization to MAGLEV, ConcurrencyMode::kConcurrent, reason: hot and stable]
[bailout (kind: deopt-lazy, reason: (unknown)): begin. deoptimizing 0x03bc6f511449 <JSFunction searchCpcOnlyFrontier (sfi = 0000012C474D3FF9)>, 0x00b43febbea9 <Code MAGLEV>, opt id 26, bytecode offset 2072, deopt exit 199, FP to SP delta 592, caller SP 0x0023791fa678, pc 0x01c48b61db51]
[compiling method 0x029eafc2bf71 <JSFunction completeRootFrontierNode32 (sfi = 0000029EAFC12CA9)> (target MAGLEV), mode: ConcurrencyMode::kConcurrent]
[bailout (kind: deopt-lazy, reason: (unknown)): begin. deoptimizing 0x03bc6f511449 <JSFunction searchCpcOnlyFrontier (sfi = 0000012C474D3FF9)>, 0x00b43febbea9 <Code MAGLEV>, opt id 26, bytecode offset 2072, deopt exit 199, FP to SP delta 592, caller SP 0x0023791fa938, pc 0x01c48b61db51]
[completed compiling 0x02edcc9e6bc9 <JSFunction storeConnect4RbaSharedExactCache32 (sfi = 000002EDCC9E0D19)> (target MAGLEV) - took 0.000, 0.471, 0.005 ms]
[bailout (kind: deopt-lazy, reason: (unknown)): begin. deoptimizing 0x03bc6f511449 <JSFunction searchCpcOnlyFrontier (sfi = 0000012C474D3FF9)>, 0x00b43febbea9 <Code MAGLEV>, opt id 26, bytecode offset 2072, deopt exit 199, FP to SP delta 592, caller SP 0x0023791fabf8, pc 0x01c48b61db51]
[completed compiling 0x02edcc9e32c9 <JSFunction completeRootFrontierNode32 (sfi = 000002EDCC9C9F79)> (target MAGLEV) - took 0.000, 0.094, 0.002 ms]
[bailout (kind: deopt-lazy, reason: (unknown)): begin. deoptimizing 0x03bc6f511449 <JSFunction searchCpcOnlyFrontier (sfi = 0000012C474D3FF9)>, 0x00b43febbea9 <Code MAGLEV>, opt id 26, bytecode offset 2072, deopt exit 199, FP to SP delta 592, caller SP 0x0023791faeb8, pc 0x01c48b61db51]
[marking 0x0182a7ea60d1 <JSFunction connect4RbaCofactorBasis (sfi = 00000182A7E96631)> for optimization to TURBOFAN_JS, ConcurrencyMode::kConcurrent, reason: hot and stable]
[marking 0x03b557d56921 <JSFunction completeRootFrontierNode32 (sfi = 000001183D3FD191)> for optimization to MAGLEV, ConcurrencyMode::kConcurrent, reason: hot and stable]
[compiling method 0x03b557d56921 <JSFunction completeRootFrontierNode32 (sfi = 000001183D3FD191)> (target MAGLEV), mode: ConcurrencyMode::kConcurrent]
[completed compiling 0x0053881c6cf1 [marking <JSFunction pairedResponseNoWin (sfi = 000002EDCC9D7D91)> (target MAGLEV) - took 0.000, 0.381, 0.002 ms]
0x03bc6f511449 [marking 0x0182a7ea60d1<JSFunction searchCpcOnlyFrontier (sfi = 0000012C474D3FF9)>  for optimization to MAGLEV, ConcurrencyMode::kConcurrent, reason: hot and stable]
<JSFunction connect4RbaCofactorBasis (sfi = 00000182A7E96631)> for optimization to TURBOFAN_JS, ConcurrencyMode::kConcurrent, reason: hot and stable[compiling method ]
0x03bc6f511449 <JSFunction searchCpcOnlyFrontier (sfi = 0000012C474D3FF9)> (target MAGLEV), mode: ConcurrencyMode::kConcurrent]
[completed compiling 0x02edcc9e4509 <JSFunction connect4RbaCofactorBasis (sfi = 000002EDCC9D4AA9)> (target TURBOFAN_JS) - took 0.003, 2.415, 0.017 ms]
[completed optimizing 0x02edcc9e4509 <JSFunction connect4RbaCofactorBasis (sfi = 000002EDCC9D4AA9)> (target TURBOFAN_JS)]
[compiling method 0x0182a7ea60d1 <JSFunction connect4RbaCofactorBasis (sfi = 00000182A7E96631)> (target TURBOFAN_JS), mode: ConcurrencyMode::kConcurrent]
[marking 0x016f6a3ddd69 <JSFunction cellMarked (sfi = 000003B557D4B2C9)> for optimization to MAGLEV, ConcurrencyMode::kConcurrent, reason: hot and stable]
[marking 0x01f714dde871 <JSFunction publishSpan32 (sfi = 000001F714DC8CD9)> for optimization to TURBOFAN_JS, ConcurrencyMode::kConcurrent, reason: hot and stable]
[compiling method 0x016f6a3ddd69 <JSFunction cellMarked (sfi = 000003B557D4B2C9)> (target MAGLEV), mode: ConcurrencyMode::kConcurrent]
[marking 0x016f6a3e6399 <JSFunction relativeToAbsFrontier (sfi = 000001183D3FBC01)> for optimization to MAGLEV, ConcurrencyMode::kConcurrent, reason: hot and stable]
[compiling method 0x016f6a3e6399 <JSFunction relativeToAbsFrontier (sfi = 000001183D3FBC01)> (target MAGLEV), mode: ConcurrencyMode::kConcurrent]
[marking 0x02edcc9e3581 <JSFunction publishSpan32 (sfi = 000002EDCC9CD8C1)> for optimization to TURBOFAN_JS, ConcurrencyMode::kConcurrent, reason: hot and stable]
[marking 0x01f714dde871 <JSFunction publishSpan32 (sfi = 000001F714DC8CD9)> for optimization to TURBOFAN_JS, ConcurrencyMode::kConcurrent, reason: hot and stable]
[bailout (kind: deopt-eager, reason: Insufficient type feedback for generic keyed access): begin. deoptimizing 0x0182a7ea6bf1 [bailout (kind: deopt-eager, reason: Insufficient type feedback for generic keyed access): begin. deoptimizing <JSFunction evaluateConnect4CpcNonterminal32 (sfi = 00000182A7E99769)>, 0x01332e77a649 <Code MAGLEV>, opt id 34, bytecode offset 306, deopt exit 60, FP to SP delta 192, caller SP 0x0023789f8538, pc 0x01c45ae6683b]
0x02edcc9e5029 <JSFunction evaluateConnect4CpcNonterminal32 (sfi = 000002EDCC9D7BE1)>, 0x00127e765b11 <Code MAGLEV>, opt id 43, bytecode offset 306, deopt exit 60, FP to SP delta 192, caller SP 0x0023779f8788, pc 0x01c3fae82411]
[bailout (kind: deopt-eager, reason: Insufficient type feedback for generic named access): begin. deoptimizing 0x01c52c7cb769 <JSFunction searchCpcOnlyFrontier (sfi = 00000182A7E8A5D1)>, 0x01332e775f79 <Code MAGLEV>, opt id 26, bytecode offset 292, deopt exit 168, FP to SP delta 592, caller SP 0x0023789f87f8, pc 0x01c45ae62699]
[bailout (kind: deopt-eager, reason: Insufficient type feedback for generic named access): begin. deoptimizing 0x0053881c7951 <JSFunction searchCpcOnlyFrontier (sfi = 000002EDCC9C8A31)>, 0x00127e760d99 <Code MAGLEV>, opt id 34, bytecode offset 292, deopt exit 168, FP to SP delta 592, caller SP 0x0023779f8a48, pc 0x01c3fae7c739]
[bailout (kind: deopt-lazy, reason: (unknown)): begin. deoptimizing 0x01c52c7cb769 <JSFunction searchCpcOnlyFrontier (sfi = 00000182A7E8A5D1)>, 0x01332e775f79 <Code MAGLEV>, opt id 26, bytecode offset 2072, deopt exit 199, FP to SP delta 592, caller SP 0x0023789f8ab8, pc 0x01c45ae62715]
[bailout (kind: deopt-lazy, reason: (unknown)): begin. deoptimizing 0x01c52c7cb769 <JSFunction searchCpcOnlyFrontier (sfi = 00000182A7E8A5D1)>, 0x01332e775f79 <Code MAGLEV>, opt id 26, bytecode offset 2072, deopt exit 199, FP to SP delta 592, caller SP 0x0023789f8d78, pc 0x01c45ae62715]
[bailout (kind: deopt-lazy, reason: (unknown)): begin. deoptimizing [bailout (kind: deopt-lazy, reason: (unknown)): begin. deoptimizing 0x01c52c7cb769 <JSFunction searchCpcOnlyFrontier (sfi = 00000182A7E8A5D1)>, 0x0053881c7951 0x01332e775f79 <Code MAGLEV>, opt id 26, bytecode offset 2072, deopt exit 199, FP to SP delta 592, caller SP 0x0023789f9038, pc 0x01c45ae62715]
<JSFunction searchCpcOnlyFrontier (sfi = 000002EDCC9C8A31)>, 0x00127e760d99 <Code MAGLEV>, opt id 34, bytecode offset 2072, deopt exit 199, FP to SP delta 592, caller SP 0x0023779f8d08, pc 0x01c3fae7c7b5]
[completed compiling 0x012c474f21a1 <JSFunction storeConnect4RbaSharedExactCache32 (sfi = 0000012C474EC2E1)> (target MAGLEV) - took 0.000, 0.359, 0.010 ms[bailout (kind: deopt-lazy, reason: (unknown)): begin. deoptimizing ]
0x01c52c7cb769 <JSFunction searchCpcOnlyFrontier (sfi = 00000182A7E8A5D1)>, 0x01332e775f79 <Code MAGLEV>, opt id 26, bytecode offset 2072, deopt exit 199, FP to SP delta 592, caller SP 0x0023789f92f8, pc 0x01c45ae62715]
[completed compiling 0x03bc6f5106e9 <JSFunction cellMarked (sfi = 0000012C474E3239)> (target MAGLEV) - took 0.000, 0.038, 0.004 ms]
[bailout (kind: deopt-lazy, reason: (unknown)): begin. deoptimizing 0x01c52c7cb769 <JSFunction searchCpcOnlyFrontier (sfi = 00000182A7E8A5D1)>, 0x01332e775f79 <Code MAGLEV>, opt id 26, bytecode offset 2072, deopt exit 199, FP to SP delta 592, caller SP 0x0023789f95b8, pc 0x01c45ae62715]
[bailout (kind: deopt-lazy, reason: (unknown)): begin. deoptimizing 0x01c52c7cb769 <JSFunction searchCpcOnlyFrontier (sfi = 00000182A7E8A5D1)>, 0x01332e775f79 <Code MAGLEV>, opt id 26, bytecode offset 2072, deopt exit 199, FP to SP delta 592, caller SP 0x0023789f9878, pc 0x01c45ae62715]
[bailout (kind: deopt-lazy, reason: (unknown)): begin. deoptimizing [bailout (kind: deopt-lazy, reason: (unknown)): begin. deoptimizing 0x01c52c7cb769 <JSFunction searchCpcOnlyFrontier (sfi = 00000182A7E8A5D1)>, 0x0053881c7951 0x01332e775f79 <Code MAGLEV>, opt id 26, bytecode offset 2072, deopt exit 199, FP to SP delta 592, caller SP 0x0023789f9b38, pc 0x01c45ae62715]
<JSFunction searchCpcOnlyFrontier (sfi = 000002EDCC9C8A31)>, 0x00127e760d99 <Code MAGLEV>, opt id 34, bytecode offset 2072, deopt exit 199, FP to SP delta 592, caller SP 0x0023779f8fc8, pc 0x01c3fae7c7b5]
[bailout (kind: deopt-lazy, reason: (unknown)): begin. deoptimizing 0x0053881c7951 <JSFunction searchCpcOnlyFrontier (sfi = 000002EDCC9C8A31)>, 0x00127e760d99 <Code MAGLEV>, opt id 34, bytecode offset 2072, deopt exit 199, FP to SP delta 592, caller SP 0x0023779f9288, pc 0x01c3fae7c7b5]
[bailout (kind: deopt-lazy, reason: (unknown)): begin. deoptimizing 0x01c52c7cb769 <JSFunction searchCpcOnlyFrontier (sfi = 00000182A7E8A5D1)>, 0x01332e775f79 <Code MAGLEV>, opt id 26, bytecode offset 2072, deopt exit 199, FP to SP delta 592, caller SP 0x0023789f9df8, pc 0x01c45ae62715]
[bailout (kind: deopt-lazy, reason: (unknown)): begin. deoptimizing 0x01c52c7cb769 <JSFunction searchCpcOnlyFrontier (sfi = 00000182A7E8A5D1)>, 0x01332e775f79 <Code MAGLEV>, opt id 26, bytecode offset 2072, deopt exit 199, FP to SP delta 592, caller SP 0x0023789fa0b8, pc 0x01c45ae62715]
[bailout (kind: deopt-lazy, reason: (unknown)): begin. deoptimizing 0x0053881c7951 <JSFunction searchCpcOnlyFrontier (sfi = 000002EDCC9C8A31)>, [bailout (kind: deopt-lazy, reason: (unknown)): begin. deoptimizing 0x00127e760d99 <Code 0x01c52c7cb769 MAGLEV>, opt id 34, bytecode offset 2072, deopt exit 199, FP to SP delta 592, caller SP 0x0023779f9548, pc 0x01c3fae7c7b5]
<JSFunction searchCpcOnlyFrontier (sfi = 00000182A7E8A5D1)>, 0x01332e775f79 <Code MAGLEV>, opt id 26, bytecode offset 2072, deopt exit 199, FP to SP delta 592, caller SP 0x0023789fa378, pc 0x01c45ae62715]
[bailout (kind: deopt-lazy, reason: (unknown)): begin. deoptimizing 0x01c52c7cb769 <JSFunction searchCpcOnlyFrontier (sfi = 00000182A7E8A5D1)>, 0x01332e775f79 <Code MAGLEV>, opt id 26, bytecode offset 2072, deopt exit 199, FP to SP delta 592, caller SP 0x0023789fa638, pc 0x01c45ae62715]
[bailout (kind: deopt-lazy, reason: (unknown)): begin. deoptimizing 0x0053881c7951 <JSFunction searchCpcOnlyFrontier (sfi = 000002EDCC9C8A31)>, 0x00127e760d99 <Code MAGLEV>, opt id 34, bytecode offset 2072, deopt exit 199, FP to SP delta 592, caller SP 0x0023779f9808, pc 0x01c3fae7c7b5]
[bailout (kind: deopt-lazy, reason: (unknown)): begin. deoptimizing 0x0053881c7951 <JSFunction searchCpcOnlyFrontier (sfi = 000002EDCC9C8A31)>[bailout (kind: deopt-lazy, reason: (unknown)): begin. deoptimizing , 0x01c52c7cb769 0x00127e760d99 <Code MAGLEV><JSFunction searchCpcOnlyFrontier (sfi = 00000182A7E8A5D1)>, opt id 34, bytecode offset 2072, deopt exit 199, FP to SP delta 592, caller SP 0x0023779f9ac8, pc 0x01c3fae7c7b5]
, 0x01332e775f79 <Code MAGLEV>, opt id 26, bytecode offset 2072, deopt exit 199, FP to SP delta 592, caller SP 0x0023789fa8f8, pc 0x01c45ae62715]
[bailout (kind: deopt-lazy, reason: (unknown)): begin. deoptimizing 0x0053881c7951 <JSFunction searchCpcOnlyFrontier (sfi = 000002EDCC9C8A31)>, 0x00127e760d99 <Code MAGLEV>, opt id 34, bytecode offset 2072, deopt exit 199, FP to SP delta 592, caller SP 0x0023779f9d88, pc 0x01c3fae7c7b5]
[marking 0x0182a7ea5189 <JSFunction mixSpan32Locator32 (sfi = 00000182A7E8F4A9)> for optimization to TURBOFAN_JS, ConcurrencyMode::kConcurrent, reason: hot and stable]
[bailout (kind: deopt-lazy, reason: (unknown)): begin. deoptimizing 0x0053881c7951 <JSFunction searchCpcOnlyFrontier (sfi = 000002EDCC9C8A31)>, 0x00127e760d99 <Code MAGLEV>, opt id 34, bytecode offset 2072, deopt exit 199, FP to SP delta 592, caller SP 0x0023779fa048, pc 0x01c3fae7c7b5]
[completed compiling 0x03bc6f5107e9 <JSFunction pairedResponseNoWin (sfi = 0000012C474E3359)> (target MAGLEV) - took 0.000, 0.277, 0.008 ms]
[bailout (kind: deopt-lazy, reason: (unknown)): begin. deoptimizing 0x0053881c7951 [marking <JSFunction searchCpcOnlyFrontier (sfi = 000002EDCC9C8A31)>, 0x002178d46cf1 0x00127e760d99 <Code MAGLEV>, opt id 34, bytecode offset 2072, deopt exit 199, FP to SP delta 592, caller SP 0x0023779fa308, pc 0x01c3fae7c7b5]
<JSFunction pairedResponseNoWin (sfi = 0000029EAFC20AF1)> for optimization to MAGLEV, ConcurrencyMode::kConcurrent, reason: hot and stable]
[bailout (kind: deopt-lazy, reason: (unknown)): begin. deoptimizing 0x0053881c7951 <JSFunction searchCpcOnlyFrontier (sfi = 000002EDCC9C8A31)>, 0x00127e760d99 <Code MAGLEV>, opt id 34, bytecode offset 2072, deopt exit 199, FP to SP delta 592, caller SP 0x0023779fa5c8, pc 0x01c3fae7c7b5]
[bailout (kind: deopt-lazy, reason: (unknown)): begin. deoptimizing [compiling method 0x0053881c7951 0x002178d46cf1 <JSFunction searchCpcOnlyFrontier (sfi = 000002EDCC9C8A31)><JSFunction pairedResponseNoWin (sfi = 0000029EAFC20AF1)>,  (target MAGLEV), mode: ConcurrencyMode::kConcurrent]
0x00127e760d99 <Code MAGLEV>, opt id 34, bytecode offset 2072, deopt exit 199, FP to SP delta 592, caller SP 0x0023779fa888, pc 0x01c3fae7c7b5]
[marking 0x01f714dde871 <JSFunction publishSpan32 (sfi = 000001F714DC8CD9)> for optimization to TURBOFAN_JS, ConcurrencyMode::kConcurrent, reason: hot and stable]
[marking 0x0182a7ea5189 <JSFunction mixSpan32Locator32 (sfi = 00000182A7E8F4A9)> for optimization to TURBOFAN_JS, ConcurrencyMode::kConcurrent, reason: hot and stable]
[marking 0x015eea9b1c41 <JSFunction publishSpan32 (sfi = 0000015EEA99BF59)> for optimization to TURBOFAN_JS, ConcurrencyMode::kConcurrent, reason: hot and stable]
[marking 0x0182a7ea5189 <JSFunction mixSpan32Locator32 (sfi = 00000182A7E8F4A9)> for optimization to TURBOFAN_JS, ConcurrencyMode::kConcurrent, reason: hot and stable]
[marking 0x01f714dde871 <JSFunction publishSpan32 (sfi = 000001F714DC8CD9)> for optimization to TURBOFAN_JS, ConcurrencyMode::kConcurrent, reason: hot and stable]
[marking 0x015eea9b1c41 <JSFunction publishSpan32 (sfi = 0000015EEA99BF59)> for optimization to TURBOFAN_JS, ConcurrencyMode::kConcurrent, reason: hot and stable]
[marking 0x0182a7ea5189 <JSFunction mixSpan32Locator32 (sfi = 00000182A7E8F4A9)> for optimization to TURBOFAN_JS, ConcurrencyMode::kConcurrent, reason: hot and stable]
[marking 0x02edcc9e3581 <JSFunction publishSpan32 (sfi = 000002EDCC9CD8C1)> for optimization to TURBOFAN_JS, ConcurrencyMode::kConcurrent, reason: hot and stable]
[completed compiling 0x015eea9b2bc9 [compiling method 0x02edcc9e3581 <JSFunction connect4RbaCofactorBasis (sfi = 0000015EEA9A3159)> (target TURBOFAN_JS) - took 0.004, 3.597, 0.034 ms]
<JSFunction publishSpan32 (sfi = 000002EDCC9CD8C1)> (target TURBOFAN_JS), mode: ConcurrencyMode::kConcurrent]
[completed optimizing 0x015eea9b2bc9 <JSFunction connect4RbaCofactorBasis (sfi = 0000015EEA9A3159)> (target TURBOFAN_JS)]
[marking 0x01f714dde871 <JSFunction publishSpan32 (sfi = 000001F714DC8CD9)> for optimization to TURBOFAN_JS, ConcurrencyMode::kConcurrent, reason: hot and stable]
[marking 0x016f6a3de2c1 <JSFunction storeConnect4RbaExactCacheSlot32Frontier (sfi = 000001183D3FBB29)> for optimization to MAGLEV, ConcurrencyMode::kConcurrent, reason: hot and stable]
[marking 0x0182a7ea5189 <JSFunction mixSpan32Locator32 (sfi = 00000182A7E8F4A9)> for optimization to TURBOFAN_JS, ConcurrencyMode::kConcurrent, reason: hot and stable]
[compiling method 0x016f6a3de2c1 <JSFunction storeConnect4RbaExactCacheSlot32Frontier (sfi = 000001183D3FBB29)> (target MAGLEV), mode: ConcurrencyMode::kConcurrent]
[completed compiling 0x03bc6f511449 <JSFunction searchCpcOnlyFrontier (sfi = 0000012C474D3FF9)> (target MAGLEV) - took 0.000, 1.966, 0.023 ms]
[marking 0x0182a7ea5189 <JSFunction mixSpan32Locator32 (sfi = 00000182A7E8F4A9)> for optimization to TURBOFAN_JS, ConcurrencyMode::kConcurrent, reason: hot and stable]
[marking 0x015eea9b1c41 <JSFunction publishSpan32 (sfi = 0000015EEA99BF59)> for optimization to TURBOFAN_JS, ConcurrencyMode::kConcurrent, reason: hot and stable]
[marking 0x01c52c7cb769 <JSFunction searchCpcOnlyFrontier (sfi = 00000182A7E8A5D1)> for optimization to MAGLEV, ConcurrencyMode::kConcurrent, reason: hot and stable]
[compiling method 0x01c52c7cb769 <JSFunction searchCpcOnlyFrontier (sfi = 00000182A7E8A5D1)> (target MAGLEV), mode: ConcurrencyMode::kConcurrent]
[marking 0x0182a7ea5189 <JSFunction mixSpan32Locator32 (sfi = 00000182A7E8F4A9)> for optimization to TURBOFAN_JS, ConcurrencyMode::kConcurrent, reason: hot and stable]
[marking 0x01f714dde871 <JSFunction publishSpan32 (sfi = 000001F714DC8CD9)> for optimization to TURBOFAN_JS, ConcurrencyMode::kConcurrent, reason: hot and stable]
[marking 0x0053881c7951 <JSFunction searchCpcOnlyFrontier (sfi = 000002EDCC9C8A31)> for optimization to MAGLEV, ConcurrencyMode::kConcurrent, reason: hot and stable]
[compiling method 0x0053881c7951 <JSFunction searchCpcOnlyFrontier (sfi = 000002EDCC9C8A31)> (target MAGLEV), mode: ConcurrencyMode::kConcurrent]
[marking 0x0182a7ea5189 [marking <JSFunction mixSpan32Locator32 (sfi = 00000182A7E8F4A9)> for optimization to TURBOFAN_JS, ConcurrencyMode::kConcurrent, reason: hot and stable]
0x015eea9b1c41 <JSFunction publishSpan32 (sfi = 0000015EEA99BF59)> for optimization to TURBOFAN_JS, ConcurrencyMode::kConcurrent, reason: hot and stable]
[completed compiling 0x02edcc9e35c1 <JSFunction mixSpan32Locator32 (sfi = 000002EDCC9CD909)> (target TURBOFAN_JS) - took 0.002, 1.345, 0.011 ms]
[completed optimizing 0x02edcc9e35c1 <JSFunction mixSpan32Locator32 (sfi = 000002EDCC9CD909)> (target TURBOFAN_JS)]
[completed compiling 0x015eea9b5289 <JSFunction storeConnect4RbaSharedExactCache32 (sfi = 0000015EEA9AF3C9)> (target MAGLEV) - took 0.000, 1.087, 0.008 ms]
[completed compiling 0x015eea9b2c89 <JSFunction connect4RbaCofactorKnownHeight (sfi = 0000015EEA9A3231)> (target TURBOFAN_JS) - took 0.002, 17.388, 0.033 ms]
[completed optimizing 0x015eea9b2c89 <JSFunction connect4RbaCofactorKnownHeight (sfi = 0000015EEA9A3231)> (target TURBOFAN_JS)]
[marking 0x0182a7ea5189 <JSFunction mixSpan32Locator32 (sfi = 00000182A7E8F4A9)> for optimization to TURBOFAN_JS, ConcurrencyMode::kConcurrent, reason: hot and stable]
[compiling method 0x0182a7ea5189 <JSFunction mixSpan32Locator32 (sfi = 00000182A7E8F4A9)> (target TURBOFAN_JS), mode: ConcurrencyMode::kConcurrent]
[marking 0x01d0391c6c71 <JSFunction collectSingletonProfiles (sfi = 0000015EEA9A63B1)> for optimization to TURBOFAN_JS, ConcurrencyMode::kConcurrent, reason: hot and stable]
[compiling method 0x01d0391c6c71 <JSFunction collectSingletonProfiles (sfi = 0000015EEA9A63B1)> (target TURBOFAN_JS), mode: ConcurrencyMode::kConcurrent[marking ]
0x01f714dde871 <JSFunction publishSpan32 (sfi = 000001F714DC8CD9)> for optimization to TURBOFAN_JS, ConcurrencyMode::kConcurrent, reason: hot and stable]
[marking 0x015eea9b1c41 <JSFunction publishSpan32 (sfi = 0000015EEA99BF59)> for optimization to TURBOFAN_JS, ConcurrencyMode::kConcurrent, reason: hot and stable]
[marking 0x0182a7ea6bf1 <JSFunction evaluateConnect4CpcNonterminal32 (sfi = 00000182A7E99769)> for optimization to MAGLEV, ConcurrencyMode::kConcurrent, reason: hot and stable]
[compiling method 0x0182a7ea6bf1 <JSFunction evaluateConnect4CpcNonterminal32 (sfi = 00000182A7E99769)> (target MAGLEV), mode: ConcurrencyMode::kConcurrent]
[marking 0x015eea9b1c41 <JSFunction publishSpan32 (sfi = 0000015EEA99BF59)> for optimization to TURBOFAN_JS, ConcurrencyMode::kConcurrent, reason: hot and stable]
[marking 0x0182a7ea5149 <JSFunction publishSpan32 (sfi = 00000182A7E8F461)> for optimization to TURBOFAN_JS, ConcurrencyMode::kConcurrent, reason: hot and stable]
[marking 0x01f714dde871 <JSFunction publishSpan32 (sfi = 000001F714DC8CD9)> for optimization to TURBOFAN_JS, ConcurrencyMode::kConcurrent, reason: hot and stable]
[completed compiling 0x015eea9b2cc9 <JSFunction connect4RbaCanonicalize (sfi = 0000015EEA9A3279)> (target MAGLEV) - took 0.000, 1.214, 0.007 ms]
[completed compiling 0x015eea9b4511 <JSFunction evaluateConnect4LiveLine3x32 (sfi = 0000015EEA9A88A1)> (target MAGLEV) - took 0.000, 0.132, 0.002 ms]
[marking 0x015eea9b1c41 <JSFunction publishSpan32 (sfi = 0000015EEA99BF59)> for optimization to TURBOFAN_JS, ConcurrencyMode::kConcurrent, reason: hot and stable]
[marking 0x011c6c57d489 <JSFunction permutePair3 (sfi = 000001F714DCBAB1)> for optimization to TURBOFAN_JS, ConcurrencyMode::kConcurrent, reason: hot and stable]
[completed compiling 0x015eea9b4219 <JSFunction popcount3x32 (sfi = 0000015EEA9AAFC1)> (target MAGLEV) - took 0.000, 0.138, 0.002 ms]
[marking 0x01f714dde871 <JSFunction publishSpan32 (sfi = 000001F714DC8CD9)> for optimization to TURBOFAN_JS, ConcurrencyMode::kConcurrent, reason: hot and stable]
[marking 0x015eea9b1c41 <JSFunction publishSpan32 (sfi = 0000015EEA99BF59)> for optimization to TURBOFAN_JS, ConcurrencyMode::kConcurrent, reason: hot and stable]
[11144:000001C1FA9F7000]      105 ms: Scavenge 8.3 (11.1) -> 7.1 (11.9) MB, pooled: 0.0 MB, 1.06 / 0.00 ms (average mu = 1.000, current mu = 1.000) allocation failure; 
[completed compiling 0x015eea9b5249 <JSFunction probeConnect4RbaSharedExactCache32 (sfi = 0000015EEA9AF381)> (target MAGLEV) - took 0.000, 0.508, 0.005 ms]
[marking 0x011c6c57d489 <JSFunction permutePair3 (sfi = 000001F714DCBAB1)> for optimization to TURBOFAN_JS, ConcurrencyMode::kConcurrent, reason: hot and stable]
[marking 0x01f714dde871 <JSFunction publishSpan32 (sfi = 000001F714DC8CD9)> for optimization to TURBOFAN_JS, ConcurrencyMode::kConcurrent, reason: hot and stable]
[marking 0x012c474f0601 <JSFunction evaluateConnect4CpcNonterminal32 (sfi = 0000012C474E31A9)> for optimization to MAGLEV, ConcurrencyMode::kConcurrent, reason: hot and stable]
[compiling method 0x012c474f0601 <JSFunction evaluateConnect4CpcNonterminal32 (sfi = 0000012C474E31A9)> (target MAGLEV), mode: ConcurrencyMode::kConcurrent]
[completed compiling 0x0182a7ea60d1 <JSFunction connect4RbaCofactorBasis (sfi = 00000182A7E96631)> (target TURBOFAN_JS) - took 0.002, 2.678, 0.021 ms]
[completed optimizing 0x0182a7ea60d1 <JSFunction connect4RbaCofactorBasis (sfi = 00000182A7E96631)> (target TURBOFAN_JS)]
[marking 0x015eea9b1c41 <JSFunction publishSpan32 (sfi = 0000015EEA99BF59)> for optimization to TURBOFAN_JS, ConcurrencyMode::kConcurrent, reason: hot and stable]
[compiling method 0x015eea9b1c41 <JSFunction publishSpan32 (sfi = 0000015EEA99BF59)> (target TURBOFAN_JS), mode: ConcurrencyMode::kConcurrent]
[marking 0x0182a7ea5149 <JSFunction publishSpan32 (sfi = 00000182A7E8F461)> for optimization to TURBOFAN_JS, ConcurrencyMode::kConcurrent, reason: hot and stable]
[marking 0x01f714dde871 <JSFunction publishSpan32 (sfi = 000001F714DC8CD9)> for optimization to TURBOFAN_JS, ConcurrencyMode::kConcurrent, reason: hot and stable]
[marking 0x011c6c57d489 <JSFunction permutePair3 (sfi = 000001F714DCBAB1)> for optimization to TURBOFAN_JS, ConcurrencyMode::kConcurrent, reason: hot and stable]
[bailout (kind: deopt-eager, reason: Insufficient type feedback for binary operation): begin. deoptimizing 0x0053881c6cf1 <JSFunction pairedResponseNoWin (sfi = 000002EDCC9D7D91)>, [bailout (kind: deopt-eager, reason: Insufficient type feedback for binary operation): begin. deoptimizing 0x00127e767e31 <Code MAGLEV0x02f37f520e29> , opt id 48, bytecode offset 171, deopt exit 32, FP to SP delta 160, caller SP 0x0023779f8e40, pc 0x01c3fae84822]
<JSFunction pairedResponseNoWin (sfi = 00000182A7E99919)>, 0x01332e77b451 <Code MAGLEV>, opt id 39, bytecode offset 171, deopt exit 32, FP to SP delta 160, caller SP 0x0023789f8ba0, pc 0x01c45ae678f7]
[completed compiling 0x012c474efae1 <JSFunction connect4RbaCofactorBasis (sfi = 0000012C474E0071)> (target TURBOFAN_JS) - took 0.004, 3.692, 0.019 ms]
[completed optimizing 0x012c474efae1 <JSFunction connect4RbaCofactorBasis (sfi = 0000012C474E0071)> (target TURBOFAN_JS)]
[marking 0x01f714dde871 <JSFunction publishSpan32 (sfi = 000001F714DC8CD9)> for optimization to TURBOFAN_JS, ConcurrencyMode::kConcurrent, reason: hot and stable]
[compiling method 0x01f714dde871 <JSFunction publishSpan32 (sfi = 000001F714DC8CD9)> (target TURBOFAN_JS), mode: ConcurrencyMode::kConcurrent]
[marking 0x011c6c57d489 <JSFunction permutePair3 (sfi = 000001F714DCBAB1)> for optimization to TURBOFAN_JS, ConcurrencyMode::kConcurrent, reason: hot and stable]
[completed compiling 0x02edcc9e3581 <JSFunction publishSpan32 (sfi = 000002EDCC9CD8C1)> (target TURBOFAN_JS) - took 0.002, 0.620, 0.012 ms]
[completed optimizing 0x02edcc9e3581 <JSFunction publishSpan32 (sfi = 000002EDCC9CD8C1)> (target TURBOFAN_JS)]
[completed compiling 0x01d0391c6c71 <JSFunction collectSingletonProfiles (sfi = 0000015EEA9A63B1)> (target TURBOFAN_JS) - took 0.002, 2.026, 0.025 ms]
[completed optimizing 0x01d0391c6c71 <JSFunction collectSingletonProfiles (sfi = 0000015EEA9A63B1)> (target TURBOFAN_JS)]
[completed compiling 0x01d0391c7951 <JSFunction searchCpcOnlyFrontier (sfi = 0000015EEA9970C9)> (target MAGLEV) - took 0.000, 2.856, 0.018 ms]
[marking 0x011c6c57d489 <JSFunction permutePair3 (sfi = 000001F714DCBAB1)> for optimization to TURBOFAN_JS, ConcurrencyMode::kConcurrent, reason: hot and stable]
[marking 0x00de56e20de9 <JSFunction pairedResponseNoWin (sfi = 000003B557D4B3E9)> for optimization to MAGLEV, ConcurrencyMode::kConcurrent, reason: hot and stable]
[compiling method 0x00de56e20de9 <JSFunction pairedResponseNoWin (sfi = 000003B557D4B3E9)> (target MAGLEV), mode: ConcurrencyMode::kConcurrent]
[completed compiling 0x01d0391c6769 <JSFunction compareReflectedSupport (sfi = 0000015EEA9A32C1)> (target MAGLEV) - took 0.001, 0.204, 0.004 ms]
[compiling method 0x011c6c57d489 <JSFunction permutePair3 (sfi = 000001F714DCBAB1)> (target TURBOFAN_JS), mode: ConcurrencyMode::kConcurrent]
[completed compiling 0x012c474eeb99 <JSFunction mixSpan32Locator32 (sfi = 0000012C474D8ED1)> (target TURBOFAN_JS) - took 0.003, 0.765, 0.013 ms]
[completed optimizing 0x012c474eeb99 <JSFunction mixSpan32Locator32 (sfi = 0000012C474D8ED1)> (target TURBOFAN_JS)]
[marking 0x0182a7ea5149 <JSFunction publishSpan32 (sfi = 00000182A7E8F461)> for optimization to TURBOFAN_JS, ConcurrencyMode::kConcurrent, reason: hot and stable]
[compiling method 0x0182a7ea5149 <JSFunction publishSpan32 (sfi = 00000182A7E8F461)> (target TURBOFAN_JS), mode: ConcurrencyMode::kConcurrent]
[completed compiling 0x012c474ef7e1 <JSFunction emitSortedSetBits32 (sfi = 0000012C474E1079)> (target TURBOFAN_JS) - took 0.002, 1.030, 0.006 ms]
[completed optimizing 0x012c474ef7e1 <JSFunction emitSortedSetBits32 (sfi = 0000012C474E1079)> (target TURBOFAN_JS)]
[completed compiling 0x01d0391c7811 <JSFunction probeConnect4RbaExactCacheSlot32Frontier (sfi = 0000015EEA996F61)> (target MAGLEV) - took 0.000, 0.371, 0.008 ms]
[completed compiling 0x01d0391c7851 <JSFunction storeConnect4RbaExactCacheSlot32Frontier (sfi = 0000015EEA996FA9)> (target MAGLEV) - took 0.000, 0.264, 0.004 ms]
[completed compiling 0x0182a7ea5189 <JSFunction mixSpan32Locator32 (sfi = 00000182A7E8F4A9)> (target TURBOFAN_JS) - took 0.002, 0.583, 0.014 ms]
[completed optimizing 0x0182a7ea5189 <JSFunction mixSpan32Locator32 (sfi = 00000182A7E8F4A9)> (target TURBOFAN_JS)]
[completed compiling 0x01d0391c6cf1 <JSFunction pairedResponseNoWin (sfi = 0000015EEA9A6441)> (target MAGLEV) - took 0.000, 0.414, 0.005 ms]
[completed compiling 0x01d0391c6bf1 <JSFunction cellMarked (sfi = 0000015EEA9A6321)> (target MAGLEV) - took 0.000, 0.062, 0.001 ms]
[completed compiling 0x01d0391c78d1 <JSFunction absToRelativeFrontier (sfi = 0000015EEA997039)> (target MAGLEV) - took 0.001, 0.054, 0.000 ms]
[completed compiling 0x015eea9b1989 <JSFunction completeRootFrontierNode32 (sfi = 0000015EEA998611)> (target MAGLEV) - took 0.000, 0.087, 0.003 ms]
[completed compiling 0x01d0391c7911 <JSFunction relativeToAbsFrontier (sfi = 0000015EEA997081)> (target MAGLEV) - took 0.000, 0.068, 0.001 ms]
[completed compiling 0x015eea9b3229 <JSFunction firstSetBitIndex32 (sfi = 0000015EEA9A7799)> (target MAGLEV) - took 0.000, 0.061, 0.001 ms]
[completed compiling 0x012c474efba1 <JSFunction connect4RbaCofactorKnownHeight (sfi = 0000012C474E0149)> (target TURBOFAN_JS) - took 0.002, 14.550, 0.044 ms]
[completed optimizing 0x012c474efba1 <JSFunction connect4RbaCofactorKnownHeight (sfi = 0000012C474E0149)> (target TURBOFAN_JS)]
[marking 0x02edcc9e5029 <JSFunction evaluateConnect4CpcNonterminal32 (sfi = 000002EDCC9D7BE1)> for optimization to MAGLEV, ConcurrencyMode::kConcurrent, reason: hot and stable]
[compiling method 0x02edcc9e5029 <JSFunction evaluateConnect4CpcNonterminal32 (sfi = 000002EDCC9D7BE1)> (target MAGLEV), mode: ConcurrencyMode::kConcurrent]
[completed compiling 0x015eea9b1c41 <JSFunction publishSpan32 (sfi = 0000015EEA99BF59)> (target TURBOFAN_JS) - took 0.003, 0.619, 0.010 ms]
[completed optimizing 0x015eea9b1c41 <JSFunction publishSpan32 (sfi = 0000015EEA99BF59)> (target TURBOFAN_JS)]
[completed compiling 0x015eea9b36e9 <JSFunction evaluateConnect4CpcNonterminal32 (sfi = 0000015EEA9A6291)> (target MAGLEV) - took 0.000, 1.012, 0.009 ms]
[marking 0x02f37f520da9 <JSFunction collectSingletonProfiles (sfi = 00000182A7E99889)> for optimization to TURBOFAN_JS, ConcurrencyMode::kConcurrent, reason: hot and stable]
[compiling method 0x02f37f520da9 <JSFunction collectSingletonProfiles (sfi = 00000182A7E99889)> (target TURBOFAN_JS), mode: ConcurrencyMode::kConcurrent]
[completed compiling 0x00598e9768a9 <JSFunction subsetDensePrepared (sfi = 000003B557D43C79)> (target MAGLEV) - took 0.001, 0.068, 0.006 ms]
[completed compiling 0x015eea9b1c81 <JSFunction mixSpan32Locator32 (sfi = 0000015EEA99BFA1)> (target TURBOFAN_JS) - took 0.002, 1.823, 0.009 ms]
[completed optimizing 0x015eea9b1c81 <JSFunction mixSpan32Locator32 (sfi = 0000015EEA99BFA1)> (target TURBOFAN_JS)]
[marking 0x0053881c6c71 <JSFunction collectSingletonProfiles (sfi = 000002EDCC9D7D01)> for optimization to TURBOFAN_JS, ConcurrencyMode::kConcurrent, reason: hot and stable]
[compiling method 0x0053881c6c71 <JSFunction collectSingletonProfiles (sfi = 000002EDCC9D7D01)> (target TURBOFAN_JS), mode: ConcurrencyMode::kConcurrent]
[completed compiling 0x03b557d57c21 <JSFunction connect4RbaCofactorKnownHeight (sfi = 000003B557D481D9)> (target MAGLEV) - took 0.000, 1.519, 0.011 ms]
[completed compiling 0x03b557d57861 <JSFunction emitSortedSetBits32 (sfi = 000003B557D49109)> (target MAGLEV) - took 0.000, 0.144, 0.003 ms]
[completed compiling 0x00598e976869 <JSFunction removeDensePrepared (sfi = 000003B557D43B59)> (target MAGLEV) - took 0.000, 0.037, 0.002 ms]
[completed compiling 0x00598e976829 <JSFunction prepareSubsetDense (sfi = 000003B557D43BE9)> (target MAGLEV) - took 0.000, 0.019, 0.001 ms]
[completed compiling [completed compiling 0x03b557d56c19 0x011c6c57d489 <JSFunction mixSpan32Locator32 (sfi = 000003B557D40F79)> (target MAGLEV) - took 0.000, 0.085, 0.002 ms]
<JSFunction permutePair3 (sfi = 000001F714DCBAB1)> (target TURBOFAN_JS) - took 0.003, 1.546, 0.019 ms]
[completed optimizing 0x011c6c57d489 <JSFunction permutePair3 (sfi = 000001F714DCBAB1)> (target TURBOFAN_JS)]
[completed compiling 0x03b557d57b61 <JSFunction connect4RbaCofactorBasis (sfi = 000003B557D48101)> (target MAGLEV) - took 0.000, 0.306, 0.004 ms]
[completed compiling 0x03b557d56bd9 <JSFunction publishSpan32 (sfi = 000003B557D40F31)> (target MAGLEV) - took 0.001, 0.066, 0.001 ms]
[completed compiling 0x01f714dde871 <JSFunction publishSpan32 (sfi = 000001F714DC8CD9)> (target TURBOFAN_JS) - took 0.003, 0.658, 0.007 ms]
[completed optimizing 0x01f714dde871 <JSFunction publishSpan32 (sfi = 000001F714DC8CD9)> (target TURBOFAN_JS)]
[completed compiling 0x00598e9767e9 <JSFunction collectSingletonProfiles (sfi = 000003B557D4B359)> (target MAGLEV) - took 0.000, 0.424, 0.005 ms]
[completed compiling 0x03b557d59429 <JSFunction advanceConnect4LiveLineState32 (sfi = 000003B557D4D7B9)> (target MAGLEV) - took 0.000, 0.125, 0.002 ms]
[completed compiling 0x00598e9767a9 <JSFunction permutePair3 (sfi = 000003B557D43D09)> (target MAGLEV) - took 0.000, 0.209, 0.001 ms]
[completed compiling 0x03b557d5a221 <JSFunction storeConnect4RbaSharedExactCache32 (sfi = 000003B557D54371)> (target MAGLEV) - took 0.001, 0.317, 0.006 ms]
[completed compiling 0x03b557d5a1e1 <JSFunction probeConnect4RbaSharedExactCache32 (sfi = 000003B557D54329)> (target MAGLEV) - took 0.000, 0.274, 0.005 ms]
[marking 0x03bc6f510769 <JSFunction collectSingletonProfiles (sfi = 0000012C474E32C9)> for optimization to TURBOFAN_JS, ConcurrencyMode::kConcurrent, reason: hot and stable]
[compiling method 0x03bc6f510769 <JSFunction collectSingletonProfiles (sfi = 0000012C474E32C9)> (target TURBOFAN_JS), mode: ConcurrencyMode::kConcurrent]
[completed compiling 0x03b557d57c61 <JSFunction connect4RbaCanonicalize (sfi = 000003B557D48221)> (target MAGLEV) - took 0.000, 0.813, 0.010 ms[marking ]
0x015eea9b4491 <JSFunction advanceConnect4LiveLineState32 (sfi = 0000015EEA9A8811)> for optimization to TURBOFAN_JS, ConcurrencyMode::kConcurrent, reason: hot and stable]
[compiling method 0x015eea9b4491 <JSFunction advanceConnect4LiveLineState32 (sfi = 0000015EEA9A8811)> (target TURBOFAN_JS), mode: ConcurrencyMode::kConcurrent]
[completed compiling 0x03b557d594a9 <JSFunction evaluateConnect4LiveLine3x32 (sfi = 000003B557D4D849)> (target MAGLEV) - took 0.000, 0.104, 0.002 ms]
[completed compiling 0x03b557d591b1 <JSFunction popcount3x32 (sfi = 000003B557D4FF69)> (target MAGLEV) - took 0.000, 0.069, 0.001 ms]
[completed compiling 0x00598e976769 <JSFunction prepareRemoveDense (sfi = 000003B557D43AC9)> (target MAGLEV) - took 0.000, 0.023, 0.001 ms]
[completed compiling 0x00598e976729 <JSFunction compareReflectedSupport (sfi = 000003B557D48269)> (target MAGLEV) - took 0.000, 0.097, 0.002 ms]
[completed compiling 0x00598e9766e9 <JSFunction probeConnect4RbaExactCacheSlot32Frontier (sfi = 000001183D3FBAE1)> (target MAGLEV) - took 0.000, 0.227, 0.005 ms]
[marking 0x012c474f0141 <JSFunction firstSetBitIndex32 (sfi = 0000012C474E46B1)> for optimization to MAGLEV, ConcurrencyMode::kConcurrent, reason: hot and stable]
[compiling method 0x012c474f0141 <JSFunction firstSetBitIndex32 (sfi = 0000012C474E46B1)> (target MAGLEV), mode: ConcurrencyMode::kConcurrent]
[bailout (kind: deopt-eager, reason: Insufficient type feedback for call): begin. deoptimizing 0x03b557d5a221 <JSFunction storeConnect4RbaSharedExactCache32 (sfi = 000003B557D54371)>, 0x00c6d03d7f11 <Code MAGLEV>, opt id 20, bytecode offset 125, deopt exit 23, FP to SP delta 144, caller SP 0x0023781f89a8, pc 0x01c42ae1520d]
[11144:000001C1FA8F3000]      118 ms: Scavenge 8.4 (11.6) -> 7.2 (11.9) MB, pooled: 0.0 MB, 0.93 / 0.00 ms (average mu = 1.000, current mu = 1.000) allocation failure; 
[marking 0x03b557d57861 <JSFunction emitSortedSetBits32 (sfi = 000003B557D49109)> for optimization to TURBOFAN_JS, ConcurrencyMode::kConcurrent, reason: hot and stable]
[compiling method 0x03b557d57861 <JSFunction emitSortedSetBits32 (sfi = 000003B557D49109)> (target TURBOFAN_JS), mode: ConcurrencyMode::kConcurrent]
[completed compiling 0x02f37f520da9 <JSFunction collectSingletonProfiles (sfi = 00000182A7E99889)> (target TURBOFAN_JS) - took 0.003, 3.197, 0.027 ms]
[completed optimizing 0x02f37f520da9 <JSFunction collectSingletonProfiles (sfi = 00000182A7E99889)> (target TURBOFAN_JS)]
[marking 0x012c474eeb59 <JSFunction publishSpan32 (sfi = 0000012C474D8E89)> for optimization to TURBOFAN_JS, ConcurrencyMode::kConcurrent, reason: hot and stable]
[compiling method 0x012c474eeb59 <JSFunction publishSpan32 (sfi = 0000012C474D8E89)> (target TURBOFAN_JS), mode: ConcurrencyMode::kConcurrent]
[marking 0x02edcc9e5dd1 <JSFunction advanceConnect4LiveLineState32 (sfi = 000002EDCC9DA161)> for optimization to TURBOFAN_JS, ConcurrencyMode::kConcurrent, reason: hot and stable]
[compiling method 0x02edcc9e5dd1 <JSFunction advanceConnect4LiveLineState32 (sfi = 000002EDCC9DA161)> (target TURBOFAN_JS), mode: ConcurrencyMode::kConcurrent]
[completed compiling 0x0182a7ea5149 <JSFunction publishSpan32 (sfi = 00000182A7E8F461)> (target TURBOFAN_JS) - took 0.002, 0.898, 0.009 ms]
[completed optimizing 0x0182a7ea5149 <JSFunction publishSpan32 (sfi = 00000182A7E8F461)> (target TURBOFAN_JS)]
[marking 0x03b557d57c21 <JSFunction connect4RbaCofactorKnownHeight (sfi = 000003B557D481D9)> for optimization to TURBOFAN_JS, ConcurrencyMode::kConcurrent, reason: hot and stable]
[compiling method 0x03b557d57c21 <JSFunction connect4RbaCofactorKnownHeight (sfi = 000003B557D481D9)> (target TURBOFAN_JS), mode: ConcurrencyMode::kConcurrent]
[marking 0x0182a7ea7999 <JSFunction advanceConnect4LiveLineState32 (sfi = 00000182A7E9BCE9)> for optimization to TURBOFAN_JS, ConcurrencyMode::kConcurrent, reason: hot and stable]
[compiling method 0x0182a7ea7999 <JSFunction advanceConnect4LiveLineState32 (sfi = 00000182A7E9BCE9)> (target TURBOFAN_JS), mode: ConcurrencyMode::kConcurrent]
[completed compiling 0x03b557d7e799 <JSFunction searchCpcOnlyFrontier (sfi = 000001183D3FBC49)> (target MAGLEV) - took 0.000, 2.106, 0.017 ms]
[completed compiling 0x00598e9766a9 <JSFunction absToRelativeFrontier (sfi = 000001183D3FBBB9)> (target MAGLEV) - took 0.000, 0.048, 0.000 ms]
[marking 0x012c474f13a9 <JSFunction advanceConnect4LiveLineState32 (sfi = 0000012C474E5729)> for optimization to TURBOFAN_JS, ConcurrencyMode::kConcurrent, reason: hot and stable]
[compiling method 0x012c474f13a9 <JSFunction advanceConnect4LiveLineState32 (sfi = 0000012C474E5729)> (target TURBOFAN_JS), mode: ConcurrencyMode::kConcurrent]
[completed compiling 0x03b557d58681 <JSFunction evaluateConnect4CpcNonterminal32 (sfi = 000003B557D4B239)> (target MAGLEV) - took 0.000, 0.696, 0.008 ms]
[completed compiling 0x03b557d56921 <JSFunction completeRootFrontierNode32 (sfi = 000001183D3FD191)> (target MAGLEV) - took 0.000, 0.063, 0.002 ms]
[completed compiling 0x00598e976669 <JSFunction cellMarked (sfi = 000003B557D4B2C9)> (target MAGLEV) - took 0.000, 0.031, 0.001 ms]
[completed compiling 0x00598e976629 <JSFunction relativeToAbsFrontier (sfi = 000001183D3FBC01)> (target MAGLEV) - took 0.000, 0.036, 0.000 ms]
[completed compiling 0x00598e9765e9 <JSFunction storeConnect4RbaExactCacheSlot32Frontier (sfi = 000001183D3FBB29)> (target MAGLEV) - took 0.000, 0.166, 0.003 ms]
[completed compiling 0x00de56e20de9 <JSFunction pairedResponseNoWin (sfi = 000003B557D4B3E9)> (target MAGLEV) - took 0.000, 0.330, 0.004 ms]
[marking 0x0053881c6cf1 <JSFunction pairedResponseNoWin (sfi = 000002EDCC9D7D91)> for optimization to MAGLEV, ConcurrencyMode::kConcurrent, reason: hot and stable]
[compiling method 0x0053881c6cf1 <JSFunction pairedResponseNoWin (sfi = 000002EDCC9D7D91)> (target MAGLEV), mode: ConcurrencyMode::kConcurrent]
[marking 0x02f37f520e29 <JSFunction pairedResponseNoWin (sfi = 00000182A7E99919)> for optimization to MAGLEV, ConcurrencyMode::kConcurrent, reason: hot and stable]
[compiling method 0x02f37f520e29 <JSFunction pairedResponseNoWin (sfi = 00000182A7E99919)> (target MAGLEV), mode: ConcurrencyMode::kConcurrent]
[marking 0x02edcc9e4b69 <JSFunction firstSetBitIndex32 (sfi = 000002EDCC9D90E9)> for optimization to MAGLEV, ConcurrencyMode::kConcurrent, reason: hot and stable]
[compiling method 0x02edcc9e4b69 <JSFunction firstSetBitIndex32 (sfi = 000002EDCC9D90E9)> (target MAGLEV), mode: ConcurrencyMode::kConcurrent]
[marking 0x03b557d581c1 <JSFunction firstSetBitIndex32 (sfi = 000003B557D4C741)> for optimization to MAGLEV, ConcurrencyMode::kConcurrent, reason: hot and stable]
[compiling method 0x03b557d581c1 <JSFunction firstSetBitIndex32 (sfi = 000003B557D4C741)> (target MAGLEV), mode: ConcurrencyMode::kConcurrent]
[marking 0x03b557d57b61 <JSFunction connect4RbaCofactorBasis (sfi = 000003B557D48101)> for optimization to TURBOFAN_JS, ConcurrencyMode::kConcurrent, reason: hot and stable]
[marking 0x03b557d57b61 <JSFunction connect4RbaCofactorBasis (sfi = 000003B557D48101)> for optimization to TURBOFAN_JS, ConcurrencyMode::kConcurrent, reason: hot and stable]
[completed compiling 0x0053881c6c71 <JSFunction collectSingletonProfiles (sfi = 000002EDCC9D7D01)> (target TURBOFAN_JS) - took 0.003, 4.455, 0.028 ms]
[completed optimizing 0x0053881c6c71 <JSFunction collectSingletonProfiles (sfi = 000002EDCC9D7D01)> (target TURBOFAN_JS)]
[marking 0x03b557d57b61 <JSFunction connect4RbaCofactorBasis (sfi = 000003B557D48101)> for optimization to TURBOFAN_JS, ConcurrencyMode::kConcurrent, reason: hot and stable]
[compiling method [marking 0x03b557d57b61 <JSFunction connect4RbaCofactorBasis (sfi = 000003B557D48101)> (target TURBOFAN_JS)0x0182a7ea6731, mode: ConcurrencyMode::kConcurrent]
 <JSFunction firstSetBitIndex32 (sfi = 00000182A7E9AC71)> for optimization to MAGLEV, ConcurrencyMode::kConcurrent, reason: hot and stable]
[compiling method 0x0182a7ea6731 <JSFunction firstSetBitIndex32 (sfi = 00000182A7E9AC71)> (target MAGLEV), mode: ConcurrencyMode::kConcurrent]
[11144:000001C48AE56000]      123 ms: Scavenge (during sweeping) 8.1 (11.4) -> 6.1 (11.4) MB, pooled: 0.0 MB, 0.18 / 0.00 ms (average mu = 0.952, current mu = 0.952) allocation failure; 
[completed compiling 0x0182a7ea6191 <JSFunction connect4RbaCofactorKnownHeight (sfi = 00000182A7E96709)> (target TURBOFAN_JS) - took 0.002, 14.890, 0.065 ms]
[completed optimizing 0x0182a7ea6191 <JSFunction connect4RbaCofactorKnownHeight (sfi = 00000182A7E96709)> (target TURBOFAN_JS)]
[completed compiling 0x0053881c7951 <JSFunction searchCpcOnlyFrontier (sfi = 000002EDCC9C8A31)> (target MAGLEV) - took 0.000, 2.663, 0.022 ms]
[completed compiling 0x02edcc9e45c9 <JSFunction connect4RbaCofactorKnownHeight (sfi = 000002EDCC9D4B81)> (target TURBOFAN_JS) - took 0.002, 16.021, 0.050 ms]
[completed optimizing 0x02edcc9e45c9 <JSFunction connect4RbaCofactorKnownHeight (sfi = 000002EDCC9D4B81)> (target TURBOFAN_JS)]
[completed compiling 0x012c474f13a9 <JSFunction advanceConnect4LiveLineState32 (sfi = 0000012C474E5729)> (target TURBOFAN_JS) - took 0.001, 1.954, 0.018 ms]
[completed optimizing 0x012c474f13a9 <JSFunction advanceConnect4LiveLineState32 (sfi = 0000012C474E5729)> (target TURBOFAN_JS)]
[bailout (kind: deopt-eager, reason: Insufficient type feedback for generic keyed access): begin. deoptimizing 0x03b557d58681 <JSFunction evaluateConnect4CpcNonterminal32 (sfi = 000003B557D4B239)>, 0x00c6d03e5ca9 <Code MAGLEV>, opt id 32, bytecode offset 264, deopt exit 59, FP to SP delta 192, caller SP 0x0023781f87f8, pc 0x01c42ae2249f]
[completed compiling 0x015eea9b4491 <JSFunction advanceConnect4LiveLineState32 (sfi = 0000015EEA9A8811)> (target TURBOFAN_JS) - took 0.002, 1.302, 0.018 ms]
[completed optimizing 0x015eea9b4491 <JSFunction advanceConnect4LiveLineState32 (sfi = 0000015EEA9A8811)> (target TURBOFAN_JS)]
[bailout (kind: deopt-eager, reason: Insufficient type feedback for binary operation): begin. deoptimizing 0x012c474efba1 <JSFunction connect4RbaCofactorKnownHeight (sfi = 0000012C474E0149)>, 0x02d4d719c229 <Code TURBOFAN_JS>, opt id 30, bytecode offset 461, deopt exit 228, FP to SP delta 304, caller SP 0x0023791f81f8, pc 0x01c48b6628a2]
[bailout (kind: deopt-eager, reason: Insufficient type feedback for call): begin. deoptimizing 0x03bc6f511449 <JSFunction searchCpcOnlyFrontier (sfi = 0000012C474D3FF9)>, 0x03c2f8f87f59 <Code MAGLEV>, opt id 41, bytecode offset 974, deopt exit 166, FP to SP delta 608, caller SP 0x0023791f84c8, pc 0x01c48b629a9b]
[marking 0x03b557d5a221 <JSFunction storeConnect4RbaSharedExactCache32 (sfi = 000003B557D54371)> for optimization to MAGLEV, ConcurrencyMode::kConcurrent, reason: hot and stable]
[compiling method 0x03b557d5a221 <JSFunction storeConnect4RbaSharedExactCache32 (sfi = 000003B557D54371)> (target MAGLEV), mode: ConcurrencyMode::kConcurrent]
[bailout (kind: deopt-lazy, reason: (unknown)): begin. deoptimizing 0x03bc6f511449 <JSFunction searchCpcOnlyFrontier (sfi = 0000012C474D3FF9)>, 0x03c2f8f87f59 <Code MAGLEV>, opt id 41, bytecode offset 2072, deopt exit 192, FP to SP delta 608, caller SP 0x0023791f8798, pc 0x01c48b629b03]
[completed compiling [bailout (kind: deopt-lazy, reason: (unknown)): begin. deoptimizing 0x02edcc9e5029 0x03bc6f511449 <JSFunction searchCpcOnlyFrontier (sfi = 0000012C474D3FF9)><JSFunction evaluateConnect4CpcNonterminal32 (sfi = 000002EDCC9D7BE1)>,  (target MAGLEV) - took 0.000, 1.248, 0.008 ms0x03c2f8f87f59]
 <Code MAGLEV>, opt id 41, bytecode offset 2072, deopt exit 192, FP to SP delta 608, caller SP 0x0023791f8a68, pc 0x01c48b629b03]
[bailout (kind: deopt-lazy, reason: (unknown)): begin. deoptimizing 0x03bc6f511449 <JSFunction searchCpcOnlyFrontier (sfi = 0000012C474D3FF9)>, 0x03c2f8f87f59 <Code MAGLEV>, opt id 41, bytecode offset 2072, deopt exit 192, FP to SP delta 608, caller SP 0x0023791f8d38, pc 0x01c48b629b03]
[bailout (kind: deopt-lazy, reason: (unknown)): begin. deoptimizing 0x03bc6f511449 <JSFunction searchCpcOnlyFrontier (sfi = 0000012C474D3FF9)>, 0x03c2f8f87f59 <Code MAGLEV>, opt id 41, bytecode offset 2072, deopt exit 192, FP to SP delta 608, caller SP 0x0023791f9008, pc 0x01c48b629b03]
[bailout (kind: deopt-lazy, reason: (unknown)): begin. deoptimizing 0x03bc6f511449 <JSFunction searchCpcOnlyFrontier (sfi = 0000012C474D3FF9)>, 0x03c2f8f87f59 <Code MAGLEV>, opt id 41, bytecode offset 2072, deopt exit 192, FP to SP delta 608, caller SP 0x0023791f92d8, pc 0x01c48b629b03]
[bailout (kind: deopt-lazy, reason: (unknown)): begin. deoptimizing 0x03bc6f511449 <JSFunction searchCpcOnlyFrontier (sfi = 0000012C474D3FF9)>, 0x03c2f8f87f59 <Code MAGLEV>, opt id 41, bytecode offset 2072, deopt exit 192, FP to SP delta 608, caller SP 0x0023791f95a8, pc 0x01c48b629b03]
[bailout (kind: deopt-lazy, reason: (unknown)): begin. deoptimizing 0x03bc6f511449 <JSFunction searchCpcOnlyFrontier (sfi = 0000012C474D3FF9)>, 0x03c2f8f87f59 <Code MAGLEV>, opt id 41, bytecode offset 2072, deopt exit 192, FP to SP delta 608, caller SP 0x0023791f9878, pc 0x01c48b629b03]
[bailout (kind: deopt-lazy, reason: (unknown)): begin. deoptimizing 0x03bc6f511449 <JSFunction searchCpcOnlyFrontier (sfi = 0000012C474D3FF9)>, 0x03c2f8f87f59 <Code MAGLEV>, opt id 41, bytecode offset 2072, deopt exit 192, FP to SP delta 608, caller SP 0x0023791f9b48, pc 0x01c48b629b03]
[completed compiling 0x02edcc9e5dd1 <JSFunction advanceConnect4LiveLineState32 (sfi = 000002EDCC9DA161)> (target TURBOFAN_JS) - took 0.002, 0.843, 0.011 ms]
[completed optimizing 0x02edcc9e5dd1 <JSFunction advanceConnect4LiveLineState32 (sfi = 000002EDCC9DA161)> (target TURBOFAN_JS)]
[completed compiling 0x0053881c6cf1 <JSFunction pairedResponseNoWin (sfi = 000002EDCC9D7D91)> (target MAGLEV) - took 0.000, 0.450, 0.003 ms]
[completed compiling 0x02edcc9e4b69 <JSFunction firstSetBitIndex32 (sfi = 000002EDCC9D90E9)> (target MAGLEV) - took 0.000, 0.066, 0.002 ms]
[bailout (kind: deopt-lazy, reason: (unknown)): begin. deoptimizing 0x03bc6f511449 <JSFunction searchCpcOnlyFrontier (sfi = 0000012C474D3FF9)>, 0x03c2f8f87f59 <Code MAGLEV>, opt id 41, bytecode offset 2072, deopt exit 192, FP to SP delta 608, caller SP 0x0023791f9e18, pc 0x01c48b629b03]
[bailout (kind: deopt-lazy, reason: (unknown)): begin. deoptimizing 0x03bc6f511449 <JSFunction searchCpcOnlyFrontier (sfi = 0000012C474D3FF9)>, 0x03c2f8f87f59 <Code MAGLEV>, opt id 41, bytecode offset 2072, deopt exit 192, FP to SP delta 608, caller SP 0x0023791fa0e8, pc 0x01c48b629b03]
[marking 0x012c474efba1 <JSFunction connect4RbaCofactorKnownHeight (sfi = 0000012C474E0149)> for optimization to MAGLEV, ConcurrencyMode::kConcurrent, reason: hot and stable]
[compiling method 0x012c474efba1 <JSFunction connect4RbaCofactorKnownHeight (sfi = 0000012C474E0149)> (target MAGLEV), mode: ConcurrencyMode::kConcurrent]
[marking 0x03bc6f50fcc9 <JSFunction subsetDensePrepared (sfi = 0000012C474DBBD1)> for optimization to TURBOFAN_JS, ConcurrencyMode::kConcurrent, reason: hot and stable]
[compiling method 0x03bc6f50fcc9 <JSFunction subsetDensePrepared (sfi = 0000012C474DBBD1)> (target TURBOFAN_JS), mode: ConcurrencyMode::kConcurrent]
[completed compiling 0x003d012db949 <JSFunction coordHas (sfi = 000001F714DD3059)> (target MAGLEV) - took 0.000, 0.108, 0.003 ms]
[bailout (kind: deopt-lazy, reason: (unknown)): begin. deoptimizing 0x03bc6f511449 <JSFunction searchCpcOnlyFrontier (sfi = 0000012C474D3FF9)>, 0x03c2f8f87f59 <Code MAGLEV>, opt id 41, bytecode offset 2072, deopt exit 192, FP to SP delta 608, caller SP 0x0023791fa3b8, pc 0x01c48b629b03]
[completed compiling 0x03b557d57861 <JSFunction emitSortedSetBits32 (sfi = 000003B557D49109)> (target TURBOFAN_JS) - took 0.003, 1.710, 0.015 ms]
[completed optimizing 0x03b557d57861 <JSFunction emitSortedSetBits32 (sfi = 000003B557D49109)> (target TURBOFAN_JS)]
[marking 0x03b557d58681 <JSFunction evaluateConnect4CpcNonterminal32 (sfi = 000003B557D4B239)> for optimization to MAGLEV, ConcurrencyMode::kConcurrent, reason: hot and stable]
[compiling method [completed compiling 0x03b557d58681 0x03bc6f510769 <JSFunction collectSingletonProfiles (sfi = 0000012C474E32C9)><JSFunction evaluateConnect4CpcNonterminal32 (sfi = 000003B557D4B239)> (target TURBOFAN_JS) - took 0.002, 3.112, 0.017 ms (target MAGLEV)]
, mode: ConcurrencyMode::kConcurrent]
[completed optimizing 0x03bc6f510769 <JSFunction collectSingletonProfiles (sfi = 0000012C474E32C9)> (target TURBOFAN_JS)]
[marking 0x02edcc9e4be9 <JSFunction popcount32 (sfi = 000002EDCC9D9179)> for optimization to MAGLEV, ConcurrencyMode::kConcurrent, reason: hot and stable]
[compiling method 0x02edcc9e4be9 <JSFunction popcount32 (sfi = 000002EDCC9D9179)> (target MAGLEV), mode: ConcurrencyMode::kConcurrent]
[marking 0x0182a7ea67b1 <JSFunction popcount32 (sfi = 00000182A7E9AD01)> for optimization to MAGLEV, ConcurrencyMode::kConcurrent, reason: hot and stable]
[compiling method 0x0182a7ea67b1 <JSFunction popcount32 (sfi = 00000182A7E9AD01)> (target MAGLEV), mode: ConcurrencyMode::kConcurrent]
[completed compiling 0x01f714ddf8f9 <JSFunction connect4RbaCanonicalize (sfi = 000001F714DCFFF9)> (target MAGLEV) - took 0.000, 1.125, 0.010 ms]
[completed compiling 0x03bc6f50fcc9 <JSFunction subsetDensePrepared (sfi = 0000012C474DBBD1)> (target TURBOFAN_JS) - took 0.001, 0.270, 0.004 ms]
[completed optimizing 0x03bc6f50fcc9 <JSFunction subsetDensePrepared (sfi = 0000012C474DBBD1)> (target TURBOFAN_JS)]
[completed compiling 0x03b557d57b61 <JSFunction connect4RbaCofactorBasis (sfi = 000003B557D48101)> (target TURBOFAN_JS) - took 0.002, 4.052, 0.022 ms]
[completed optimizing 0x03b557d57b61 <JSFunction connect4RbaCofactorBasis (sfi = 000003B557D48101)> (target TURBOFAN_JS)]
[completed compiling 0x003d012db909 <JSFunction collectSingletonProfiles (sfi = 000001F714DD3131)> (target MAGLEV) - took 0.000, 0.676, 0.006 ms]
[completed compiling 0x003d012db8c9 <JSFunction cellMarked (sfi = 000001F714DD30A1)> (target MAGLEV) - took 0.000, 0.060, 0.001 ms]
[completed compiling 0x0182a7ea7999 <JSFunction advanceConnect4LiveLineState32 (sfi = 00000182A7E9BCE9)> (target TURBOFAN_JS)[bailout (kind: deopt-lazy, reason: (unknown)): begin. deoptimizing  - took 0.002, 1.131, 0.016 ms0x03bc6f511449 ]
<JSFunction searchCpcOnlyFrontier (sfi = 0000012C474D3FF9)>, [completed optimizing 0x03c2f8f87f59 <Code MAGLEV>0x0182a7ea7999, opt id 41, bytecode offset 2072, deopt exit 192, FP to SP delta 608, caller SP 0x0023791fa688, pc 0x01c48b629b03]
 <JSFunction advanceConnect4LiveLineState32 (sfi = 00000182A7E9BCE9)> (target TURBOFAN_JS)]
[bailout (kind: deopt-lazy, reason: (unknown)): begin. deoptimizing 0x03bc6f511449 <JSFunction searchCpcOnlyFrontier (sfi = 0000012C474D3FF9)>, 0x03c2f8f87f59 <Code MAGLEV>, opt id 41, bytecode offset 2072, deopt exit 192, FP to SP delta 608, caller SP 0x0023791fa958, pc 0x01c48b629b03]
[bailout (kind: deopt-lazy, reason: (unknown)): begin. deoptimizing 0x03bc6f511449 <JSFunction searchCpcOnlyFrontier (sfi = 0000012C474D3FF9)>, 0x03c2f8f87f59 <Code MAGLEV>, opt id 41, bytecode offset 2072, deopt exit 192, FP to SP delta 608, caller SP 0x0023791fac28, pc 0x01c48b629b03]
[bailout (kind: deopt-lazy, reason: (unknown)): begin. deoptimizing 0x03bc6f511449 <JSFunction searchCpcOnlyFrontier (sfi = 0000012C474D3FF9)>, 0x03c2f8f87f59 <Code MAGLEV>, opt id 41, bytecode offset 2072, deopt exit 192, FP to SP delta 608, caller SP 0x0023791faef8, pc 0x01c48b629b03]
[completed compiling 0x01f714de10c1 <JSFunction advanceConnect4LiveLineState32 (sfi = 000001F714DD5591)> (target MAGLEV) - took 0.001, 0.187, 0.002 ms]
[completed compiling 0x003d012db889 <JSFunction compareReflectedSupport (sfi = 000001F714DD0041)> (target MAGLEV) - took 0.000, 0.179, 0.003 ms]
[completed compiling 0x012c474eeb59 <JSFunction publishSpan32 (sfi = 0000012C474D8E89)> (target TURBOFAN_JS) - took 0.001, 0.667, 0.007 ms]
[completed optimizing 0x012c474eeb59 <JSFunction publishSpan32 (sfi = 0000012C474D8E89)> (target TURBOFAN_JS)]
[completed compiling 0x03b557d581c1 <JSFunction firstSetBitIndex32 (sfi = 000003B557D4C741)> (target MAGLEV) - took 0.000, 0.085, 0.001 ms]
[marking 0x03bc6f511449 <JSFunction searchCpcOnlyFrontier (sfi = 0000012C474D3FF9)> for optimization to MAGLEV, ConcurrencyMode::kConcurrent, reason: hot and stable]
[compiling method 0x03bc6f511449 <JSFunction searchCpcOnlyFrontier (sfi = 0000012C474D3FF9)> (target MAGLEV), mode: ConcurrencyMode::kConcurrent]
[completed compiling 0x03b557d5a221 <JSFunction storeConnect4RbaSharedExactCache32 (sfi = 000003B557D54371)> (target MAGLEV) - took 0.000, 0.566, 0.007 ms]
[completed compiling 0x012c474f0601 <JSFunction evaluateConnect4CpcNonterminal32 (sfi = 0000012C474E31A9)> (target MAGLEV) - took 0.001, 1.385, 0.008 ms]
[completed compiling 0x012c474f0141 <JSFunction firstSetBitIndex32 (sfi = 0000012C474E46B1)> (target MAGLEV) - took 0.000, 0.063, 0.001 ms]
[completed compiling 0x003d012db849 <JSFunction deriveForkPreemption32 (sfi = 000001F714DD3179)> (target MAGLEV) - took 0.000, 1.427, 0.009 ms]
[completed compiling 0x003d012db809 <JSFunction playableCell (sfi = 000001F714DD30E9)> (target MAGLEV) - took 0.000, 0.083, 0.002 ms]
[completed compiling 0x01f714de1141 <JSFunction evaluateConnect4LiveLine3x32 (sfi = 000001F714DD5621)> (target MAGLEV) - took 0.000, 0.125, 0.001 ms]
[completed compiling 0x01f714de0e49 <JSFunction popcount3x32 (sfi = 000001F714DD7D41)> (target MAGLEV) - took 0.000, 0.131, 0.002 ms]
[completed compiling 0x03b557d58681 <JSFunction evaluateConnect4CpcNonterminal32 (sfi = 000003B557D4B239)> (target MAGLEV) - took 0.001, 1.264, 0.010 ms]
[completed compiling 0x003d012db7c9 <JSFunction probeConnect4RbaExactCacheSlot32Frontier (sfi = 000001F714DC3CE1)> (target MAGLEV) - took 0.001, 0.418, 0.004 ms]
[completed compiling 0x01f714de0319 <JSFunction evaluateConnect4CpcNonterminal32 (sfi = 000001F714DD3011)> (target MAGLEV) - took 0.000, 1.173, 0.007 ms]
[completed compiling 0x012c474efba1 <JSFunction connect4RbaCofactorKnownHeight (sfi = 0000012C474E0149)> (target MAGLEV) - took 0.001, 2.309, 0.005 ms]
[completed compiling 0x01f714dde5b9 <JSFunction completeRootFrontierNode32 (sfi = 000001F714DC5391)> (target MAGLEV) - took 0.000, 0.111, 0.002 ms]
[bailout (kind: deopt-lazy, reason: (unknown)): begin. deoptimizing 0x03bc6f511449 <JSFunction searchCpcOnlyFrontier (sfi = 0000012C474D3FF9)>, 0x03c2f8f87f59 <Code MAGLEV>, opt id 41, bytecode offset 2072, deopt exit 192, FP to SP delta 608, caller SP 0x0023791fb1c8, pc 0x01c48b629b03]
[marking 0x0053881c6bb1 <JSFunction coordHas (sfi = 000002EDCC9D7C29)> for optimization to MAGLEV, ConcurrencyMode::kConcurrent, reason: hot and stable]
[compiling method 0x0053881c6bb1 <JSFunction coordHas (sfi = 000002EDCC9D7C29)> (target MAGLEV), mode: ConcurrencyMode::kConcurrent]
[marking 0x02f37f520ce9 <JSFunction coordHas (sfi = 00000182A7E997B1)> for optimization to MAGLEV, ConcurrencyMode::kConcurrent, reason: hot and stable]
[compiling method 0x02f37f520ce9 <JSFunction coordHas (sfi = 00000182A7E997B1)> (target MAGLEV), mode: ConcurrencyMode::kConcurrent]
[marking 0x0053881c6251 <JSFunction permutePair3 (sfi = 000002EDCC9D0699)> for optimization to TURBOFAN_JS, ConcurrencyMode::kConcurrent, reason: hot and stable]
[compiling method 0x0053881c6251 <JSFunction permutePair3 (sfi = 000002EDCC9D0699)> (target TURBOFAN_JS), mode: ConcurrencyMode::kConcurrent]
[completed compiling 0x01c52c7cb769 <JSFunction searchCpcOnlyFrontier (sfi = 00000182A7E8A5D1)> (target MAGLEV) - took 0.000, 3.379, 0.023 ms]
[marking 0x01d0391c6251 <JSFunction permutePair3 (sfi = 0000015EEA99ED31)> for optimization to TURBOFAN_JS, ConcurrencyMode::kConcurrent, reason: hot and stable]
[compiling method 0x01d0391c6251 <JSFunction permutePair3 (sfi = 0000015EEA99ED31)> (target TURBOFAN_JS), mode: ConcurrencyMode::kConcurrent]
[marking 0x015eea9b32a9 <JSFunction popcount32 (sfi = 0000015EEA9A7829)> for optimization to MAGLEV, ConcurrencyMode::kConcurrent, reason: hot and stable]
[compiling method 0x015eea9b32a9 <JSFunction popcount32 (sfi = 0000015EEA9A7829)> (target MAGLEV), mode: ConcurrencyMode::kConcurrent]
[completed compiling 0x003d012d9df9 <JSFunction searchCpcOnlyFrontier (sfi = 000001F714DC3E49)> (target MAGLEV) - took 0.000, 2.950, 0.025 ms]
[marking 0x01d0391c6bb1 <JSFunction coordHas (sfi = 0000015EEA9A62D9)> for optimization to MAGLEV, ConcurrencyMode::kConcurrent, reason: hot and stable]
[compiling method 0x01d0391c6bb1 <JSFunction coordHas (sfi = 0000015EEA9A62D9)> (target MAGLEV), mode: ConcurrencyMode::kConcurrent]
[completed compiling 0x0182a7ea6bf1[marking  0x012c474efba1 <JSFunction evaluateConnect4CpcNonterminal32 (sfi = 00000182A7E99769)> (target MAGLEV) - took 0.000, 1.301, 0.007 ms<JSFunction connect4RbaCofactorKnownHeight (sfi = 0000012C474E0149)>]
 for optimization to TURBOFAN_JS, ConcurrencyMode::kConcurrent, reason: hot and stable]
[compiling method 0x012c474efba1 <JSFunction connect4RbaCofactorKnownHeight (sfi = 0000012C474E0149)> (target TURBOFAN_JS), mode: ConcurrencyMode::kConcurrent]
[completed compiling 0x003d012db789 <JSFunction pairedResponseNoWin (sfi = 000001F714DD31C1)> (target MAGLEV) - took 0.000, 0.391, 0.005 ms]
[completed compiling 0x02f37f520e29 <JSFunction pairedResponseNoWin (sfi = 00000182A7E99919)> (target MAGLEV) - took 0.000, 0.284, 0.003 ms]
[completed compiling 0x0182a7ea6731 <JSFunction firstSetBitIndex32 (sfi = 00000182A7E9AC71)> (target MAGLEV) - took 0.001, 0.038, 0.001 ms]
[completed compiling 0x0182a7ea67b1 <JSFunction popcount32 (sfi = 00000182A7E9AD01)> (target MAGLEV) - took 0.000, 0.050, 0.001 ms]
[completed compiling 0x03bc6f511449 <JSFunction searchCpcOnlyFrontier (sfi = 0000012C474D3FF9)> (target MAGLEV) - took 0.000, 3.614, 0.015 ms]
[completed compiling 0x02f37f520ce9 <JSFunction coordHas (sfi = 00000182A7E997B1)> (target MAGLEV) - took 0.000, 0.041, 0.001 ms]
[completed compiling 0x01f714de1e79 <JSFunction probeConnect4RbaSharedExactCache32 (sfi = 000001F714DDC101)> (target MAGLEV) - took 0.000, 0.323, 0.006 ms]
[completed compiling 0x02edcc9e4be9 <JSFunction popcount32 (sfi = 000002EDCC9D9179)> (target MAGLEV) - took 0.000, 0.533, 0.003 ms]
[completed compiling 0x0053881c6bb1 <JSFunction coordHas (sfi = 000002EDCC9D7C29)> (target MAGLEV) - took 0.000, 0.501, 0.002 ms]
[marking 0x012c474f01c1 <JSFunction popcount32 (sfi = 0000012C474E4741)> for optimization to MAGLEV, ConcurrencyMode::kConcurrent, reason: hot and stable]
[compiling method 0x012c474f01c1 <JSFunction popcount32 (sfi = 0000012C474E4741)> (target MAGLEV), mode: ConcurrencyMode::kConcurrent]
[marking 0x01c52c7ef591 <JSFunction permutePair3 (sfi = 00000182A7E92239)> for optimization to TURBOFAN_JS, ConcurrencyMode::kConcurrent, reason: hot and stable]
[compiling method 0x01c52c7ef591 <JSFunction permutePair3 (sfi = 00000182A7E92239)> (target TURBOFAN_JS), mode: ConcurrencyMode::kConcurrent]
[completed compiling 0x012c474f01c1 <JSFunction popcount32 (sfi = 0000012C474E4741)> (target MAGLEV) - took 0.000, 0.125, 0.003 ms]
[completed compiling 0x015eea9b32a9 <JSFunction popcount32 (sfi = 0000015EEA9A7829)> (target MAGLEV) - took 0.001, 0.109, 0.003 ms]
[completed compiling 0x01d0391c6bb1 <JSFunction coordHas (sfi = 0000015EEA9A62D9)> (target MAGLEV) - took 0.000, 0.084, 0.002 ms]
[completed compiling 0x002178d461d1 <JSFunction subsetDensePrepared (sfi = 0000029EAFC19339)> (target MAGLEV) - took 0.000, 0.100, 0.006 ms]
[marking 0x00598e9767e9 <JSFunction collectSingletonProfiles (sfi = 000003B557D4B359)> for optimization to TURBOFAN_JS, ConcurrencyMode::kConcurrent, reason: hot and stable]
[compiling method 0x00598e9767e9 <JSFunction collectSingletonProfiles (sfi = 000003B557D4B359)> (target TURBOFAN_JS), mode: ConcurrencyMode::kConcurrent]
[completed compiling 0x029eafc2ceb1 <JSFunction emitSortedSetBits32 (sfi = 0000029EAFC1E811)> (target MAGLEV) - took 0.000, 0.246, 0.003 ms]
[marking 0x03bc6f5106a9 <JSFunction coordHas (sfi = 0000012C474E31F1)> for optimization to MAGLEV, ConcurrencyMode::kConcurrent, reason: hot and stable]
[compiling method 0x03bc6f5106a9 <JSFunction coordHas (sfi = 0000012C474E31F1)> (target MAGLEV), mode: ConcurrencyMode::kConcurrent]
[completed compiling 0x0053881c6251 <JSFunction permutePair3 (sfi = 000002EDCC9D0699)> (target TURBOFAN_JS) - took 0.002, 2.586, 0.022 ms]
[completed optimizing 0x0053881c6251 <JSFunction permutePair3 (sfi = 000002EDCC9D0699)> (target TURBOFAN_JS)]
[completed compiling 0x01d0391c6251 <JSFunction permutePair3 (sfi = 0000015EEA99ED31)> (target TURBOFAN_JS) - took 0.002, 1.968, 0.013 ms]
[completed optimizing 0x01d0391c6251 <JSFunction permutePair3 (sfi = 0000015EEA99ED31)> (target TURBOFAN_JS)]
[marking 0x015eea9b5289 <JSFunction storeConnect4RbaSharedExactCache32 (sfi = 0000015EEA9AF3C9)> for optimization to TURBOFAN_JS, ConcurrencyMode::kConcurrent, reason: hot and stable]
[compiling method 0x015eea9b5289 <JSFunction storeConnect4RbaSharedExactCache32 (sfi = 0000015EEA9AF3C9)> (target TURBOFAN_JS), mode: ConcurrencyMode::kConcurrent]
[completed compiling 0x03b557d57c21 <JSFunction connect4RbaCofactorKnownHeight (sfi = 000003B557D481D9)> (target TURBOFAN_JS) - took 0.001, 14.611, 0.050 ms]
[completed optimizing 0x03b557d57c21 <JSFunction connect4RbaCofactorKnownHeight (sfi = 000003B557D481D9)> (target TURBOFAN_JS)]
[marking 0x02edcc9e5b59 <JSFunction popcount3x32 (sfi = 000002EDCC9DC911)> for optimization to TURBOFAN_JS, ConcurrencyMode::kConcurrent, reason: hot and stable]
[compiling method 0x02edcc9e5b59 <JSFunction popcount3x32 (sfi = 000002EDCC9DC911)> (target TURBOFAN_JS), mode: ConcurrencyMode::kConcurrent]
[completed compiling 0x029eafc2d271 <JSFunction connect4RbaCofactorKnownHeight (sfi = 0000029EAFC1D8E1)> (target MAGLEV) - took 0.000, 3.009, 0.010 ms]
[completed compiling 0x002178d460d1 <JSFunction removeDensePrepared (sfi = 0000029EAFC19219)> (target MAGLEV) - took 0.000, 0.064, 0.004 ms]
[marking [completed compiling 0x03b557d56bd90x029eafc2c229  <JSFunction publishSpan32 (sfi = 0000029EAFC165F1)> (target MAGLEV) - took 0.000, 0.120, 0.002 ms]
<JSFunction publishSpan32 (sfi = 000003B557D40F31)> for optimization to TURBOFAN_JS, ConcurrencyMode::kConcurrent, reason: hot and stable]
[compiling method 0x03b557d56bd9 <JSFunction publishSpan32 (sfi = 000003B557D40F31)> (target TURBOFAN_JS), mode: ConcurrencyMode::kConcurrent]
[completed compiling 0x002178d46151 <JSFunction prepareSubsetDense (sfi = 0000029EAFC192A9)> (target MAGLEV) - took 0.000, 0.038, 0.001 ms]
[completed compiling 0x029eafc2c269 <JSFunction mixSpan32Locator32 (sfi = 0000029EAFC16639)> (target MAGLEV) - took 0.000, 0.134, 0.002 ms]
[completed compiling 0x01c52c7ef591 [marking <JSFunction permutePair3 (sfi = 00000182A7E92239)> (target TURBOFAN_JS) - took 0.002, 2.507, 0.014 ms]
0x03b557d59429 [completed optimizing 0x01c52c7ef591 <JSFunction permutePair3 (sfi = 00000182A7E92239)> (target TURBOFAN_JS)]
<JSFunction advanceConnect4LiveLineState32 (sfi = 000003B557D4D7B9)> for optimization to TURBOFAN_JS, ConcurrencyMode::kConcurrent, reason: hot and stable]
[compiling method 0x03b557d59429 <JSFunction advanceConnect4LiveLineState32 (sfi = 000003B557D4D7B9)> (target TURBOFAN_JS), mode: ConcurrencyMode::kConcurrent]
[completed compiling 0x029eafc2d1b1 <JSFunction connect4RbaCofactorBasis (sfi = 0000029EAFC1D809)> (target MAGLEV) - took 0.000, 0.477, 0.006 ms]
[completed compiling 0x002178d46c71 <JSFunction collectSingletonProfiles (sfi = 0000029EAFC20A61)> (target MAGLEV) - took 0.000, 0.757, 0.006 ms]
[completed compiling 0x029eafc2ea79 <JSFunction advanceConnect4LiveLineState32 (sfi = 0000029EAFC22EC1)> (target MAGLEV) - took 0.000, 0.223, 0.002 ms]
[completed compiling 0x002178d46251 <JSFunction permutePair3 (sfi = 0000029EAFC193C9)> (target MAGLEV) - took 0.000, 0.302, 0.001 ms]
[completed compiling 0x00598e9767e9 <JSFunction collectSingletonProfiles (sfi = 000003B557D4B359)> (target TURBOFAN_JS) - took 0.003, 3.199, 0.017 ms]
[completed optimizing 0x00598e9767e9 <JSFunction collectSingletonProfiles (sfi = 000003B557D4B359)> (target TURBOFAN_JS)]
[completed compiling 0x029eafc2f871 <JSFunction storeConnect4RbaSharedExactCache32 (sfi = 0000029EAFC29A79)> (target MAGLEV) - took 0.000, 0.376, 0.006 ms]
[completed compiling 0x02edcc9e5b59 <JSFunction popcount3x32 (sfi = 000002EDCC9DC911)> (target TURBOFAN_JS) - took 0.001, 0.438, 0.009 ms]
[completed optimizing 0x02edcc9e5b59 <JSFunction popcount3x32 (sfi = 000002EDCC9DC911)> (target TURBOFAN_JS)]
[marking 0x0182a7ea7721 <JSFunction popcount3x32 (sfi = 00000182A7E9E499)> for optimization to TURBOFAN_JS, ConcurrencyMode::kConcurrent, reason: hot and stable]
[compiling method 0x0182a7ea7721 <JSFunction popcount3x32 (sfi = 00000182A7E9E499)> (target TURBOFAN_JS), mode: ConcurrencyMode::kConcurrent]
[completed compiling 0x015eea9b5289 <JSFunction storeConnect4RbaSharedExactCache32 (sfi = 0000015EEA9AF3C9)> (target TURBOFAN_JS) - took 0.002, 2.373, 0.021 ms]
[completed optimizing 0x015eea9b5289 <JSFunction storeConnect4RbaSharedExactCache32 (sfi = 0000015EEA9AF3C9)> (target TURBOFAN_JS)]
[marking 0x015eea9b4219 <JSFunction popcount3x32 (sfi = 0000015EEA9AAFC1)> for optimization to TURBOFAN_JS, ConcurrencyMode::kConcurrent, reason: hot and stable]
[compiling method 0x015eea9b4219 <JSFunction popcount3x32 (sfi = 0000015EEA9AAFC1)> (target TURBOFAN_JS), mode: ConcurrencyMode::kConcurrent]
[completed compiling 0x029eafc2d2b1 <JSFunction connect4RbaCanonicalize (sfi = 0000029EAFC1D929)> (target MAGLEV) - took 0.000, 0.943, 0.007 ms]
[marking 0x029eafc2ceb1 <JSFunction emitSortedSetBits32 (sfi = 0000029EAFC1E811)> for optimization to TURBOFAN_JS, ConcurrencyMode::kConcurrent, reason: hot and stable]
[compiling method 0x029eafc2ceb1 <JSFunction emitSortedSetBits32 (sfi = 0000029EAFC1E811)> (target TURBOFAN_JS), mode: ConcurrencyMode::kConcurrent]
[completed compiling 0x029eafc2eaf9 <JSFunction evaluateConnect4LiveLine3x32 (sfi = 0000029EAFC22F51)> (target MAGLEV) - took 0.000, 0.097, 0.002 ms]
[completed compiling 0x029eafc2e801 <JSFunction popcount3x32 (sfi = 0000029EAFC25671)> (target MAGLEV) - took 0.000, 0.091, 0.002 ms]
[completed compiling 0x03b557d56bd9 <JSFunction publishSpan32 (sfi = 000003B557D40F31)> (target TURBOFAN_JS) - took 0.002, 0.586, 0.005 ms]
[completed optimizing 0x03b557d56bd9 <JSFunction publishSpan32 (sfi = 000003B557D40F31)> (target TURBOFAN_JS)]
[marking 0x003d012db909 <JSFunction collectSingletonProfiles (sfi = 000001F714DD3131)> for optimization to TURBOFAN_JS, ConcurrencyMode::kConcurrent, reason: hot and stable]
[compiling method 0x003d012db909 <JSFunction collectSingletonProfiles (sfi = 000001F714DD3131)> (target TURBOFAN_JS), mode: ConcurrencyMode::kConcurrent]
[completed compiling 0x002178d46769 <JSFunction compareReflectedSupport (sfi = 0000029EAFC1D971)> (target MAGLEV) - took 0.000, 0.142, 0.002 ms]
[completed compiling 0x002178d46051 <JSFunction prepareRemoveDense (sfi = 0000029EAFC19189)> (target MAGLEV) - took 0.000, 0.029, 0.001 ms]
[completed compiling 0x03b557d59429 <JSFunction advanceConnect4LiveLineState32 (sfi = 000003B557D4D7B9)> (target TURBOFAN_JS) - took 0.002, 1.067, 0.006 ms]
[completed optimizing 0x03b557d59429 <JSFunction advanceConnect4LiveLineState32 (sfi = 000003B557D4D7B9)> (target TURBOFAN_JS)]
[completed compiling 0x0182a7ea7721 <JSFunction popcount3x32 (sfi = 00000182A7E9E499)> (target TURBOFAN_JS) - took 0.003, 0.460, 0.010 ms]
[completed optimizing 0x0182a7ea7721 <JSFunction popcount3x32 (sfi = 00000182A7E9E499)> (target TURBOFAN_JS)]
[completed compiling 0x015eea9b4219 <JSFunction popcount3x32 (sfi = 0000015EEA9AAFC1)> (target TURBOFAN_JS) - took 0.001, 0.442, 0.007 ms]
[completed optimizing 0x015eea9b4219 <JSFunction popcount3x32 (sfi = 0000015EEA9AAFC1)> (target TURBOFAN_JS)]
[marking 0x03bc6f50fd49 <JSFunction permutePair3 (sfi = 0000012C474DBC61)> for optimization to TURBOFAN_JS, ConcurrencyMode::kConcurrent, reason: hot and stable]
[compiling method 0x03bc6f50fd49 <JSFunction permutePair3 (sfi = 0000012C474DBC61)> (target TURBOFAN_JS), mode: ConcurrencyMode::kConcurrent]
[completed compiling 0x029eafc2ceb1 <JSFunction emitSortedSetBits32 (sfi = 0000029EAFC1E811)> (target TURBOFAN_JS) - took 0.002, 1.201, 0.036 ms]
[completed optimizing 0x029eafc2ceb1 <JSFunction emitSortedSetBits32 (sfi = 0000029EAFC1E811)> (target TURBOFAN_JS)]
[marking 0x012c474f1131 <JSFunction popcount3x32 (sfi = 0000012C474E7ED9)> for optimization to TURBOFAN_JS, ConcurrencyMode::kConcurrent, reason: hot and stable]
[compiling method 0x012c474f1131 <JSFunction popcount3x32 (sfi = 0000012C474E7ED9)> (target TURBOFAN_JS), mode: ConcurrencyMode::kConcurrent]
[marking 0x029eafc2d271 <JSFunction connect4RbaCofactorKnownHeight (sfi = 0000029EAFC1D8E1)> for optimization to TURBOFAN_JS, ConcurrencyMode::kConcurrent, reason: hot and stable]
[compiling method 0x029eafc2d271 <JSFunction connect4RbaCofactorKnownHeight (sfi = 0000029EAFC1D8E1)> (target TURBOFAN_JS), mode: ConcurrencyMode::kConcurrent]
[bailout (kind: deopt-eager, reason: Insufficient type feedback for binary operation): begin. deoptimizing 0x01f714de1e79 <JSFunction probeConnect4RbaSharedExactCache32 (sfi = 000001F714DDC101)>, 0x01149b55fa79 <Code MAGLEV>, opt id 54, bytecode offset 128, deopt exit 17, FP to SP delta 104, caller SP 0x0023771fb948, pc 0x01c1c022955a]
[completed compiling 0x002178d47951 <JSFunction searchCpcOnlyFrontier (sfi = 0000029EAFC11761)> (target MAGLEV) - took 0.000, 2.943, 0.017 ms]
[completed compiling 0x03bc6f50fd49 <JSFunction permutePair3 (sfi = 0000012C474DBC61)> (target TURBOFAN_JS) - took 0.002, 1.471, 0.013 ms]
[completed optimizing 0x03bc6f50fd49 <JSFunction permutePair3 (sfi = 0000012C474DBC61)> (target TURBOFAN_JS)]
[completed compiling 0x002178d47811 <JSFunction probeConnect4RbaExactCacheSlot32Frontier (sfi = 0000029EAFC115F9)> (target MAGLEV) - took 0.000, 0.332, 0.003 ms]
[marking 0x029eafc2c269 <JSFunction mixSpan32Locator32 (sfi = 0000029EAFC16639)> for optimization to TURBOFAN_JS, ConcurrencyMode::kConcurrent, reason: hot and stable]
[compiling method 0x029eafc2c269 <JSFunction mixSpan32Locator32 (sfi = 0000029EAFC16639)> (target TURBOFAN_JS), mode: ConcurrencyMode::kConcurrent]
[completed compiling 0x012c474f1131 <JSFunction popcount3x32 (sfi = 0000012C474E7ED9)> (target TURBOFAN_JS) - took 0.002, 0.392, 0.006 ms]
[completed optimizing 0x012c474f1131 <JSFunction popcount3x32 (sfi = 0000012C474E7ED9)> (target TURBOFAN_JS)]
[completed compiling 0x003d012db909 <JSFunction collectSingletonProfiles (sfi = 000001F714DD3131)> (target TURBOFAN_JS) - took 0.002, 3.084, 0.024 ms]
[completed optimizing 0x003d012db909 <JSFunction collectSingletonProfiles (sfi = 000001F714DD3131)> (target TURBOFAN_JS)]
[completed compiling 0x029eafc2f831 <JSFunction probeConnect4RbaSharedExactCache32 (sfi = 0000029EAFC29A31)> (target MAGLEV) - took 0.000, 0.348, 0.006 ms]
[completed compiling 0x029eafc2c269 <JSFunction mixSpan32Locator32 (sfi = 0000029EAFC16639)> (target TURBOFAN_JS) - took 0.002, 0.855, 0.010 ms]
[completed optimizing 0x029eafc2c269 <JSFunction mixSpan32Locator32 (sfi = 0000029EAFC16639)> (target TURBOFAN_JS)]
[completed compiling 0x03bc6f5106a9 <JSFunction coordHas (sfi = 0000012C474E31F1)> (target MAGLEV) - took 0.000, 0.083, 0.002 ms]
[completed compiling 0x029eafc2dcd1 <JSFunction evaluateConnect4CpcNonterminal32 (sfi = 0000029EAFC20941)> (target MAGLEV) - took 0.000, 1.182, 0.008 ms]
[completed compiling 0x002178d47851 <JSFunction storeConnect4RbaExactCacheSlot32Frontier (sfi = 0000029EAFC11641)> (target MAGLEV) - took 0.000, 0.218, 0.004 ms]
[completed compiling 0x002178d478d1 <JSFunction absToRelativeFrontier (sfi = 0000029EAFC116D1)> (target MAGLEV) - took 0.000, 0.051, 0.001 ms]
[completed compiling 0x002178d46bf1 <JSFunction cellMarked (sfi = 0000029EAFC209D1)> (target MAGLEV) - took 0.000, 0.040, 0.001 ms]
[completed compiling 0x002178d47911 <JSFunction relativeToAbsFrontier (sfi = 0000029EAFC11719)> (target MAGLEV) - took 0.000, 0.040, 0.001 ms]
[completed compiling 0x029eafc2bf71 <JSFunction completeRootFrontierNode32 (sfi = 0000029EAFC12CA9)> (target MAGLEV) - took 0.000, 0.067, 0.002 ms]
[marking 0x02edcc9e6bc9 [completed compiling 0x002178d46cf1 <JSFunction storeConnect4RbaSharedExactCache32 (sfi = 000002EDCC9E0D19)> for optimization to TURBOFAN_JS, ConcurrencyMode::kConcurrent, reason: hot and stable]
<JSFunction pairedResponseNoWin (sfi = 0000029EAFC20AF1)> (target MAGLEV) - took 0.000, 0.364, 0.004 ms]
[compiling method 0x02edcc9e6bc9 <JSFunction storeConnect4RbaSharedExactCache32 (sfi = 000002EDCC9E0D19)> (target TURBOFAN_JS), mode: ConcurrencyMode::kConcurrent]
[bailout (kind: deopt-eager, reason: overflow): begin. deoptimizing 0x002178d47951 <JSFunction searchCpcOnlyFrontier (sfi = 0000029EAFC11761)>, 0x00b4d3cd0881 <Code MAGLEV>, opt id 28, bytecode offset 145, deopt exit 15, FP to SP delta 608, caller SP 0x0023799f8cb8, pc 0x01c4cb60b808]
[bailout (kind: deopt-lazy, reason: (unknown)): begin. deoptimizing 0x002178d47951 <JSFunction searchCpcOnlyFrontier (sfi = 0000029EAFC11761)>, 0x00b4d3cd0881 <Code MAGLEV>, opt id 28, bytecode offset 2072, deopt exit 194, FP to SP delta 608, caller SP 0x0023799f8f88, pc 0x01c4cb60bad4]
[bailout (kind: deopt-lazy, reason: (unknown)): begin. deoptimizing 0x002178d47951 <JSFunction searchCpcOnlyFrontier (sfi = 0000029EAFC11761)>, 0x00b4d3cd0881 <Code MAGLEV>, opt id 28, bytecode offset 2072, deopt exit 194, FP to SP delta 608, caller SP 0x0023799f9258, pc 0x01c4cb60bad4]
[bailout (kind: deopt-lazy, reason: (unknown)): begin. deoptimizing 0x002178d47951 <JSFunction searchCpcOnlyFrontier (sfi = 0000029EAFC11761)>, 0x00b4d3cd0881 <Code MAGLEV>, opt id 28, bytecode offset 2072, deopt exit 194, FP to SP delta 608, caller SP 0x0023799f9528, pc 0x01c4cb60bad4]
[bailout (kind: deopt-lazy, reason: (unknown)): begin. deoptimizing 0x002178d47951 <JSFunction searchCpcOnlyFrontier (sfi = 0000029EAFC11761)>, 0x00b4d3cd0881 <Code MAGLEV>, opt id 28, bytecode offset 2072, deopt exit 194, FP to SP delta 608, caller SP 0x0023799f97f8, pc 0x01c4cb60bad4]
[bailout (kind: deopt-lazy, reason: (unknown)): begin. deoptimizing 0x002178d47951 <JSFunction searchCpcOnlyFrontier (sfi = 0000029EAFC11761)>, 0x00b4d3cd0881 <Code MAGLEV>, opt id 28, bytecode offset 2072, deopt exit 194, FP to SP delta 608, caller SP 0x0023799f9ac8, pc 0x01c4cb60bad4]
[bailout (kind: deopt-lazy, reason: (unknown)): begin. deoptimizing 0x002178d47951 <JSFunction searchCpcOnlyFrontier (sfi = 0000029EAFC11761)>, 0x00b4d3cd0881 <Code MAGLEV>, opt id 28, bytecode offset 2072, deopt exit 194, FP to SP delta 608, caller SP 0x0023799f9d98, pc 0x01c4cb60bad4]
[bailout (kind: deopt-lazy, reason: (unknown)): begin. deoptimizing 0x002178d47951 <JSFunction searchCpcOnlyFrontier (sfi = 0000029EAFC11761)>, 0x00b4d3cd0881 <Code MAGLEV>, opt id 28, bytecode offset 2072, deopt exit 194, FP to SP delta 608, caller SP 0x0023799fa068, pc 0x01c4cb60bad4]
[bailout (kind: deopt-lazy, reason: (unknown)): begin. deoptimizing 0x002178d47951 <JSFunction searchCpcOnlyFrontier (sfi = 0000029EAFC11761)>, 0x00b4d3cd0881 <Code MAGLEV>, opt id 28, bytecode offset 2072, deopt exit 194, FP to SP delta 608, caller SP 0x0023799fa338, pc 0x01c4cb60bad4]
[marking 0x00598e9767a9 <JSFunction permutePair3 (sfi = 000003B557D43D09)> for optimization to TURBOFAN_JS, ConcurrencyMode::kConcurrent, reason: hot and stable]
[compiling method 0x00598e9767a9 <JSFunction permutePair3 (sfi = 000003B557D43D09)> (target TURBOFAN_JS), mode: ConcurrencyMode::kConcurrent]
[bailout (kind: deopt-lazy, reason: (unknown)): begin. deoptimizing 0x002178d47951 <JSFunction searchCpcOnlyFrontier (sfi = 0000029EAFC11761)>, 0x00b4d3cd0881 <Code MAGLEV>, opt id 28, bytecode offset 2072, deopt exit 194, FP to SP delta 608, caller SP 0x0023799fa608, pc 0x01c4cb60bad4]
[bailout (kind: deopt-eager, reason: overflow): begin. deoptimizing 0x01c52c7cb769 <JSFunction searchCpcOnlyFrontier (sfi = 00000182A7E8A5D1)>, 0x006eadf41589 <Code MAGLEV>, opt id 69, bytecode offset 276, deopt exit 25, FP to SP delta 608, caller SP 0x0023789f8b08, pc 0x01c45ae6d366]
[bailout (kind: deopt-lazy, reason: (unknown)): begin. deoptimizing 0x01c52c7cb769 <JSFunction searchCpcOnlyFrontier (sfi = 00000182A7E8A5D1)>, 0x006eadf41589 <Code MAGLEV>, opt id 69, bytecode offset 2072, deopt exit 193, FP to SP delta 608, caller SP 0x0023789f8dd8, pc 0x01c45ae6d606]
[bailout (kind: deopt-lazy, reason: (unknown)): begin. deoptimizing 0x01c52c7cb769 <JSFunction searchCpcOnlyFrontier (sfi = 00000182A7E8A5D1)>, 0x006eadf41589 <Code MAGLEV>, opt id 69, bytecode offset 2072, deopt exit 193, FP to SP delta 608, caller SP 0x0023789f90a8, pc 0x01c45ae6d606]
[bailout (kind: deopt-lazy, reason: (unknown)): begin. deoptimizing 0x01c52c7cb769 <JSFunction searchCpcOnlyFrontier (sfi = 00000182A7E8A5D1)>, 0x006eadf41589 <Code MAGLEV>, opt id 69, bytecode offset 2072, deopt exit 193, FP to SP delta 608, caller SP 0x0023789f9378, pc 0x01c45ae6d606]
[bailout (kind: deopt-lazy, reason: (unknown)): begin. deoptimizing 0x01c52c7cb769 <JSFunction searchCpcOnlyFrontier (sfi = 00000182A7E8A5D1)>, 0x006eadf41589 <Code MAGLEV>, opt id 69, bytecode offset 2072, deopt exit 193, FP to SP delta 608, caller SP 0x0023789f9648, pc 0x01c45ae6d606]
[marking 0x03bc6f5107a9 <JSFunction deriveForkPreemption32 (sfi = 0000012C474E3311)> for optimization to MAGLEV, ConcurrencyMode::kConcurrent, reason: hot and stable]
[compiling method 0x03bc6f5107a9 <JSFunction deriveForkPreemption32 (sfi = 0000012C474E3311)> (target MAGLEV), mode: ConcurrencyMode::kConcurrent]
[bailout (kind: deopt-lazy, reason: (unknown)): begin. deoptimizing 0x002178d47951 <JSFunction searchCpcOnlyFrontier (sfi = 0000029EAFC11761)>, 0x00b4d3cd0881 <Code MAGLEV>, opt id 28, bytecode offset 2072, deopt exit 194, FP to SP delta 608, caller SP 0x0023799fa8d8, pc 0x01c4cb60bad4]
[bailout (kind: deopt-lazy, reason: (unknown)): begin. deoptimizing 0x01c52c7cb769 <JSFunction searchCpcOnlyFrontier (sfi = 00000182A7E8A5D1)>, 0x006eadf41589 <Code MAGLEV>, opt id 69, bytecode offset 2072, deopt exit 193, FP to SP delta 608, caller SP 0x0023789f9918, pc 0x01c45ae6d606]
[bailout (kind: deopt-lazy, reason: (unknown)): begin. deoptimizing 0x002178d47951 <JSFunction searchCpcOnlyFrontier (sfi = 0000029EAFC11761)>, 0x00b4d3cd0881 <Code MAGLEV>, opt id 28, bytecode offset 2072, deopt exit 194, FP to SP delta 608, caller SP 0x0023799faba8, pc 0x01c4cb60bad4]
[marking 0x0053881c6cb1 <JSFunction deriveForkPreemption32 (sfi = 000002EDCC9D7D49)> for optimization to MAGLEV, ConcurrencyMode::kConcurrent, reason: hot and stable]
[compiling method 0x0053881c6cb1 <JSFunction deriveForkPreemption32 (sfi = 000002EDCC9D7D49)> (target MAGLEV), mode: ConcurrencyMode::kConcurrent]
[bailout (kind: deopt-lazy, reason: (unknown)): begin. deoptimizing 0x002178d47951 <JSFunction searchCpcOnlyFrontier (sfi = 0000029EAFC11761)>, 0x00b4d3cd0881 <Code MAGLEV>, opt id 28, bytecode offset 2072, deopt exit 194, FP to SP delta 608, caller SP 0x0023799fae78, pc 0x01c4cb60bad4]
[marking 0x029eafc2d1b1 <JSFunction connect4RbaCofactorBasis (sfi = 0000029EAFC1D809)> for optimization to TURBOFAN_JS, ConcurrencyMode::kConcurrent, reason: hot and stable]
[compiling method 0x029eafc2d1b1 <JSFunction connect4RbaCofactorBasis (sfi = 0000029EAFC1D809)> (target TURBOFAN_JS), mode: ConcurrencyMode::kConcurrent]
[marking 0x00de56e20d29 <JSFunction coordHas (sfi = 000003B557D4B281)> for optimization to MAGLEV, ConcurrencyMode::kConcurrent, reason: hot and stable]
[compiling method 0x00de56e20d29 <JSFunction coordHas (sfi = 000003B557D4B281)> (target MAGLEV), mode: ConcurrencyMode::kConcurrent]
[marking dependent code 0x03ec17340ba1 <Code MAGLEV> (0x004cfce60bd1 <SharedFunctionInfo next>) (opt id 2) for deoptimization, reason: embedded weak objects cleared]
[marking 0x01c52c7cb769 <JSFunction searchCpcOnlyFrontier (sfi = 00000182A7E8A5D1)> for optimization to MAGLEV, ConcurrencyMode::kConcurrent, reason: hot and stable]
[compiling method 0x01c52c7cb769 <JSFunction searchCpcOnlyFrontier (sfi = 00000182A7E8A5D1)> (target MAGLEV), mode: ConcurrencyMode::kConcurrent]
[bailout (kind: deopt-lazy, reason: (unknown)): begin. deoptimizing 0x01c52c7cb769 <JSFunction searchCpcOnlyFrontier (sfi = 00000182A7E8A5D1)>, 0x006eadf41589 <Code MAGLEV>, opt id 69, bytecode offset 2072, deopt exit 193, FP to SP delta 608, caller SP 0x0023789f9be8, pc 0x01c45ae6d606]
[marking 0x01d0391c6cb1 <JSFunction deriveForkPreemption32 (sfi = 0000015EEA9A63F9)> for optimization to MAGLEV, ConcurrencyMode::kConcurrent, reason: hot and stable]
[compiling method 0x01d0391c6cb1 <JSFunction deriveForkPreemption32 (sfi = 0000015EEA9A63F9)> (target MAGLEV), mode: ConcurrencyMode::kConcurrent]
[bailout (kind: deopt-lazy, reason: (unknown)): begin. deoptimizing 0x01c52c7cb769 <JSFunction searchCpcOnlyFrontier (sfi = 00000182A7E8A5D1)>, 0x006eadf41589 <Code MAGLEV>, opt id 69, bytecode offset 2072, deopt exit 193, FP to SP delta 608, caller SP 0x0023789f9eb8, pc 0x01c45ae6d606]
[11144:000001C1FA8F3000]      157 ms: Mark-Compact 7.6 (11.9) -> 6.2 (11.9) MB, pooled: 0.0 MB, 3.77 / 0.00 ms (average mu = 0.976, current mu = 0.976) background allocation failure; GC in old space requested
[marking 0x03b557d58241 <JSFunction popcount32 (sfi = 000003B557D4C7D1)> for optimization to MAGLEV, ConcurrencyMode::kConcurrent, reason: hot and stable]
[compiling method 0x03b557d58241 <JSFunction popcount32 (sfi = 000003B557D4C7D1)> (target MAGLEV), mode: ConcurrencyMode::kConcurrent]
[bailout (kind: deopt-eager, reason: Insufficient type feedback for call): begin. deoptimizing 0x015eea9b5289 <JSFunction storeConnect4RbaSharedExactCache32 (sfi = 0000015EEA9AF3C9)>, 0x00902245b909 <Code TURBOFAN_JS>, opt id 54, bytecode offset 125, deopt exit 23, FP to SP delta 120, caller SP 0x00237a1fac48, pc 0x01c4eb6281e4]
[completed compiling 0x00de56e20d29 <JSFunction coordHas (sfi = 000003B557D4B281)> (target MAGLEV) - took 0.000, 0.129, 0.004 ms]
[completed compiling 0x03b557d58241 <JSFunction popcount32 (sfi = 000003B557D4C7D1)> (target MAGLEV) - took 0.000, 0.121, 0.003 ms]
[bailout (kind: deopt-eager, reason: Insufficient type feedback for binary operation): begin. deoptimizing 0x015eea9b2c89 <JSFunction connect4RbaCofactorKnownHeight (sfi = 0000015EEA9A3231)>, 0x009022456ff9 <Code TURBOFAN_JS>, opt id 22, bytecode offset 461, deopt exit 228, FP to SP delta 304, caller SP 0x00237a1f82b8, pc 0x01c4eb625722]
[bailout (kind: deopt-eager, reason: Insufficient type feedback for call): begin. deoptimizing 0x01d0391c7951 <JSFunction searchCpcOnlyFrontier (sfi = 0000015EEA9970C9)>, 0x004795ac4419 <Code MAGLEV>, opt id 39, bytecode offset 974, deopt exit 166, FP to SP delta 608, caller SP 0x00237a1f8588, pc 0x01c4eb668814]
[bailout (kind: deopt-lazy, reason: (unknown)): begin. deoptimizing 0x01d0391c7951 <JSFunction searchCpcOnlyFrontier (sfi = 0000015EEA9970C9)>, 0x004795ac4419 <Code MAGLEV>, opt id 39, bytecode offset 2072, deopt exit 192, FP to SP delta 608, caller SP 0x00237a1f8858, pc 0x01c4eb66887c]
[bailout (kind: deopt-lazy, reason: (unknown)): begin. deoptimizing 0x01d0391c7951 <JSFunction searchCpcOnlyFrontier (sfi = 0000015EEA9970C9)>, 0x004795ac4419 <Code MAGLEV>, opt id 39, bytecode offset 2072, deopt exit 192, FP to SP delta 608, caller SP 0x00237a1f8b28, pc 0x01c4eb66887c]
[bailout (kind: deopt-lazy, reason: (unknown)): begin. deoptimizing 0x01d0391c7951 <JSFunction searchCpcOnlyFrontier (sfi = 0000015EEA9970C9)>, 0x004795ac4419 <Code MAGLEV>, opt id 39, bytecode offset 2072, deopt exit 192, FP to SP delta 608, caller SP 0x00237a1f8df8, pc 0x01c4eb66887c]
[bailout (kind: deopt-lazy, reason: (unknown)): begin. deoptimizing 0x01d0391c7951 <JSFunction searchCpcOnlyFrontier (sfi = 0000015EEA9970C9)>, 0x004795ac4419 <Code MAGLEV>, opt id 39, bytecode offset 2072, deopt exit 192, FP to SP delta 608, caller SP 0x00237a1f90c8, pc 0x01c4eb66887c]
[bailout (kind: deopt-lazy, reason: (unknown)): begin. deoptimizing 0x01d0391c7951 <JSFunction searchCpcOnlyFrontier (sfi = 0000015EEA9970C9)>, 0x004795ac4419 <Code MAGLEV>, opt id 39, bytecode offset 2072, deopt exit 192, FP to SP delta 608, caller SP 0x00237a1f9398, pc 0x01c4eb66887c]
[bailout (kind: deopt-lazy, reason: (unknown)): begin. deoptimizing 0x01d0391c7951 <JSFunction searchCpcOnlyFrontier (sfi = 0000015EEA9970C9)>, 0x004795ac4419 <Code MAGLEV>, opt id 39, bytecode offset 2072, deopt exit 192, FP to SP delta 608, caller SP 0x00237a1f9668, pc 0x01c4eb66887c]
[bailout (kind: deopt-lazy, reason: (unknown)): begin. deoptimizing 0x01d0391c7951 <JSFunction searchCpcOnlyFrontier (sfi = 0000015EEA9970C9)>, 0x004795ac4419 <Code MAGLEV>, opt id 39, bytecode offset 2072, deopt exit 192, FP to SP delta 608, caller SP 0x00237a1f9938, pc 0x01c4eb66887c]
[bailout (kind: deopt-lazy, reason: (unknown)): begin. deoptimizing 0x01d0391c7951 <JSFunction searchCpcOnlyFrontier (sfi = 0000015EEA9970C9)>, 0x004795ac4419 <Code MAGLEV>, opt id 39, bytecode offset 2072, deopt exit 192, FP to SP delta 608, caller SP 0x00237a1f9c08, pc 0x01c4eb66887c]
[completed compiling 0x012c474efba1 <JSFunction connect4RbaCofactorKnownHeight (sfi = 0000012C474E0149)> (target TURBOFAN_JS) - took 0.002, 16.252, 0.067 ms]
[completed optimizing 0x012c474efba1 <JSFunction connect4RbaCofactorKnownHeight (sfi = 0000012C474E0149)> (target TURBOFAN_JS)]
[marking 0x029eafc2d811 <JSFunction firstSetBitIndex32 (sfi = 0000029EAFC21E49)> for optimization to MAGLEV, ConcurrencyMode::kConcurrent, reason: hot and stable]
[compiling method 0x029eafc2d811 <JSFunction firstSetBitIndex32 (sfi = 0000029EAFC21E49)> (target MAGLEV), mode: ConcurrencyMode::kConcurrent]
[marking 0x0182a7ea8751 <JSFunction probeConnect4RbaSharedExactCache32 (sfi = 00000182A7EA2859)> for optimization to TURBOFAN_JS, ConcurrencyMode::kConcurrent, reason: hot and stable]
[compiling method 0x0182a7ea8751 <JSFunction probeConnect4RbaSharedExactCache32 (sfi = 00000182A7EA2859)> (target TURBOFAN_JS), mode: ConcurrencyMode::kConcurrent]
[marking 0x015eea9b2c89 <JSFunction connect4RbaCofactorKnownHeight (sfi = 0000015EEA9A3231)> for optimization to MAGLEV, ConcurrencyMode::kConcurrent, reason: hot and stable]
[compiling method 0x015eea9b2c89 <JSFunction connect4RbaCofactorKnownHeight (sfi = 0000015EEA9A3231)> (target MAGLEV), mode: ConcurrencyMode::kConcurrent]
[bailout (kind: deopt-eager, reason: Insufficient type feedback for binary operation): begin. deoptimizing 0x029eafc2d271 <JSFunction connect4RbaCofactorKnownHeight (sfi = 0000029EAFC1D8E1)>, 0x0357f827e171 <Code MAGLEV>, opt id 11, bytecode offset 461, deopt exit 141, FP to SP delta 304, caller SP 0x0023799f8088, pc 0x01c4cb67d5a3]
[completed compiling 0x02edcc9e6bc9 <JSFunction storeConnect4RbaSharedExactCache32 (sfi = 000002EDCC9E0D19)> (target TURBOFAN_JS) - took 0.002, 3.465, 0.034 ms]
[completed optimizing 0x02edcc9e6bc9 <JSFunction storeConnect4RbaSharedExactCache32 (sfi = 000002EDCC9E0D19)> (target TURBOFAN_JS)]
[bailout (kind: deopt-lazy, reason: (unknown)): begin. deoptimizing 0x01d0391c7951 <JSFunction searchCpcOnlyFrontier (sfi = 0000015EEA9970C9)>, 0x004795ac4419 <Code MAGLEV>, opt id 39, bytecode offset 2072, deopt exit 192, FP to SP delta 608, caller SP 0x00237a1f9ed8, pc 0x01c4eb66887c]
[marking 0x029eafc2d271 <JSFunction connect4RbaCofactorKnownHeight (sfi = 0000029EAFC1D8E1)> for optimization to MAGLEV, ConcurrencyMode::kConcurrent, reason: hot and stable]
[bailout (kind: deopt-lazy, reason: (unknown)): begin. deoptimizing 0x01d0391c7951 <JSFunction searchCpcOnlyFrontier (sfi = 0000015EEA9970C9)>, 0x004795ac4419 <Code MAGLEV>, opt id 39, bytecode offset 2072, deopt exit 192, FP to SP delta 608, caller SP 0x00237a1fa1a8, pc 0x01c4eb66887c]
[compiling method 0x029eafc2d271 <JSFunction connect4RbaCofactorKnownHeight (sfi = 0000029EAFC1D8E1)>[bailout (kind: deopt-lazy, reason: (unknown)): begin. deoptimizing  (target MAGLEV), mode: ConcurrencyMode::kConcurrent]
0x01d0391c7951 <JSFunction searchCpcOnlyFrontier (sfi = 0000015EEA9970C9)>, 0x004795ac4419 <Code MAGLEV>, opt id 39, bytecode offset 2072, deopt exit 192, FP to SP delta 608, caller SP 0x00237a1fa478, pc 0x01c4eb66887c]
[marking 0x002178d461d1 <JSFunction subsetDensePrepared (sfi = 0000029EAFC19339)> for optimization to TURBOFAN_JS, ConcurrencyMode::kConcurrent, reason: hot and stable]
[marking 0x02f37f520de9 <JSFunction deriveForkPreemption32 (sfi = 00000182A7E998D1)> for optimization to MAGLEV, ConcurrencyMode::kConcurrent, reason: hot and stable]
[compiling method 0x002178d461d1 <JSFunction subsetDensePrepared (sfi = 0000029EAFC19339)> (target TURBOFAN_JS), mode: ConcurrencyMode::kConcurrent]
[compiling method 0x02f37f520de9 <JSFunction deriveForkPreemption32 (sfi = 00000182A7E998D1)> (target MAGLEV), mode: ConcurrencyMode::kConcurrent]
[marking 0x01d0391c61d1 <JSFunction subsetDensePrepared (sfi = 0000015EEA99ECA1)> for optimization to TURBOFAN_JS, ConcurrencyMode::kConcurrent, reason: hot and stable]
[compiling method 0x01d0391c61d1 <JSFunction subsetDensePrepared (sfi = 0000015EEA99ECA1)> (target TURBOFAN_JS), mode: ConcurrencyMode::kConcurrent]
[completed compiling 0x00598e9767a9 <JSFunction permutePair3 (sfi = 000003B557D43D09)> (target TURBOFAN_JS) - took 0.002, 1.641, 0.017 ms]
[completed optimizing 0x00598e9767a9 <JSFunction permutePair3 (sfi = 000003B557D43D09)> (target TURBOFAN_JS)]
[completed compiling 0x01d0391c6cb1 <JSFunction deriveForkPreemption32 (sfi = 0000015EEA9A63F9)> (target MAGLEV) - took 0.000, 1.395, 0.012 ms]
[marking 0x003d012db8c9 <JSFunction cellMarked (sfi = 000001F714DD30A1)> for optimization to TURBOFAN_JS, ConcurrencyMode::kConcurrent, reason: hot and stable]
[compiling method 0x003d012db8c9 <JSFunction cellMarked (sfi = 000001F714DD30A1)> (target TURBOFAN_JS), mode: ConcurrencyMode::kConcurrent]
[marking 0x012c474f21a1 <JSFunction storeConnect4RbaSharedExactCache32 (sfi = 0000012C474EC2E1)> for optimization to TURBOFAN_JS, ConcurrencyMode::kConcurrent, reason: hot and stable]
[compiling method 0x012c474f21a1 <JSFunction storeConnect4RbaSharedExactCache32 (sfi = 0000012C474EC2E1)> (target TURBOFAN_JS), mode: ConcurrencyMode::kConcurrent]
[marking 0x0182a7ea8791 <JSFunction storeConnect4RbaSharedExactCache32 (sfi = 00000182A7EA28A1)> for optimization to TURBOFAN_JS, ConcurrencyMode::kConcurrent, reason: hot and stable]
[compiling method 0x0182a7ea8791 <JSFunction storeConnect4RbaSharedExactCache32 (sfi = 00000182A7EA28A1)> (target TURBOFAN_JS), mode: ConcurrencyMode::kConcurrent]
[marking 0x002178d47951 <JSFunction searchCpcOnlyFrontier (sfi = 0000029EAFC11761)> for optimization to MAGLEV, ConcurrencyMode::kConcurrent, reason: hot and stable]
[compiling method 0x002178d47951 <JSFunction searchCpcOnlyFrontier (sfi = 0000029EAFC11761)> (target MAGLEV), mode: ConcurrencyMode::kConcurrent]
[marking 0x01d0391c7951 <JSFunction searchCpcOnlyFrontier (sfi = 0000015EEA9970C9)> for optimization to MAGLEV, ConcurrencyMode::kConcurrent, reason: hot and stable]
[compiling method 0x01d0391c7951 <JSFunction searchCpcOnlyFrontier (sfi = 0000015EEA9970C9)> (target MAGLEV), mode: ConcurrencyMode::kConcurrent]
[completed compiling 0x029eafc2d1b1 <JSFunction connect4RbaCofactorBasis (sfi = 0000029EAFC1D809)> (target TURBOFAN_JS) - took 0.002, 2.585, 0.030 ms]
[completed optimizing 0x029eafc2d1b1 <JSFunction connect4RbaCofactorBasis (sfi = 0000029EAFC1D809)> (target TURBOFAN_JS)]
[marking 0x01f714de1e79 <JSFunction probeConnect4RbaSharedExactCache32 (sfi = 000001F714DDC101)> for optimization to MAGLEV, ConcurrencyMode::kConcurrent, reason: hot and stable]
[compiling method 0x01f714de1e79 <JSFunction probeConnect4RbaSharedExactCache32 (sfi = 000001F714DDC101)> (target MAGLEV), mode: ConcurrencyMode::kConcurrent]
[completed compiling 0x002178d461d1 <JSFunction subsetDensePrepared (sfi = 0000029EAFC19339)> (target TURBOFAN_JS) - took 0.003, 0.269, 0.007 ms]
[completed optimizing 0x002178d461d1 <JSFunction subsetDensePrepared (sfi = 0000029EAFC19339)> (target TURBOFAN_JS)]
[marking 0x00de56e20da9 <JSFunction deriveForkPreemption32 (sfi = 000003B557D4B3A1)> for optimization to MAGLEV, ConcurrencyMode::kConcurrent, reason: hot and stable]
[compiling method 0x00de56e20da9 <JSFunction deriveForkPreemption32 (sfi = 000003B557D4B3A1)> (target MAGLEV), mode: ConcurrencyMode::kConcurrent]
[completed compiling 0x0182a7ea8751 <JSFunction probeConnect4RbaSharedExactCache32 (sfi = 00000182A7EA2859)> (target TURBOFAN_JS) - took 0.002, 2.074, 0.026 ms]
[completed optimizing 0x0182a7ea8751 <JSFunction probeConnect4RbaSharedExactCache32 (sfi = 00000182A7EA2859)> (target TURBOFAN_JS)]
[completed compiling 0x015eea9b2c89 <JSFunction connect4RbaCofactorKnownHeight (sfi = 0000015EEA9A3231)> (target MAGLEV) - took 0.001, 2.020, 0.009 ms]
[marking [completed compiling 0x02edcc9e46090x01d0391c61d1  <JSFunction subsetDensePrepared (sfi = 0000015EEA99ECA1)> (target TURBOFAN_JS) - took 0.003, 0.233, 0.008 ms<JSFunction connect4RbaCanonicalize (sfi = 000002EDCC9D4BC9)>]
 for optimization to TURBOFAN_JS, ConcurrencyMode::kConcurrent, reason: hot and stable]
[completed optimizing 0x01d0391c61d1 <JSFunction subsetDensePrepared (sfi = 0000015EEA99ECA1)> (target TURBOFAN_JS)]
[compiling method 0x02edcc9e4609 <JSFunction connect4RbaCanonicalize (sfi = 000002EDCC9D4BC9)> (target TURBOFAN_JS), mode: ConcurrencyMode::kConcurrent]
[bailout (kind: deopt-lazy, reason: (unknown)): begin. deoptimizing 0x01c52c7cb769 <JSFunction searchCpcOnlyFrontier (sfi = 00000182A7E8A5D1)>, 0x006eadf41589 <Code MAGLEV>, opt id 69, bytecode offset 2072, deopt exit 193, FP to SP delta 608, caller SP 0x0023789fa188, pc 0x01c45ae6d606]
[bailout (kind: deopt-lazy, reason: (unknown)): begin. deoptimizing 0x01c52c7cb769 <JSFunction searchCpcOnlyFrontier (sfi = 00000182A7E8A5D1)>, 0x006eadf41589 <Code MAGLEV>, opt id 69, bytecode offset 2072, deopt exit 193, FP to SP delta 608, caller SP 0x0023789fa458, pc 0x01c45ae6d606]
[completed compiling 0x003d012db8c9 <JSFunction cellMarked (sfi = 000001F714DD30A1)> (target TURBOFAN_JS) - took 0.002, 0.322, 0.012 ms]
[completed optimizing 0x003d012db8c9 <JSFunction cellMarked (sfi = 000001F714DD30A1)> (target TURBOFAN_JS)]
[marking 0x01f714de10c1 <JSFunction advanceConnect4LiveLineState32 (sfi = 000001F714DD5591)> for optimization to TURBOFAN_JS, ConcurrencyMode::kConcurrent, reason: hot and stable]
[compiling method 0x01f714de10c1 <JSFunction advanceConnect4LiveLineState32 (sfi = 000001F714DD5591)> (target TURBOFAN_JS), mode: ConcurrencyMode::kConcurrent]
[bailout (kind: deopt-lazy, reason: (unknown)): begin. deoptimizing 0x01c52c7cb769 <JSFunction searchCpcOnlyFrontier (sfi = 00000182A7E8A5D1)>, 0x006eadf41589 <Code MAGLEV>, opt id 69, bytecode offset 2072, deopt exit 193, FP to SP delta 608, caller SP 0x0023789fa728, pc 0x01c45ae6d606]
[marking 0x01d0391c6c31 <JSFunction playableCell (sfi = 0000015EEA9A6369)> for optimization to MAGLEV, ConcurrencyMode::kConcurrent, reason: hot and stable]
[compiling method 0x01d0391c6c31 <JSFunction playableCell (sfi = 0000015EEA9A6369)> (target MAGLEV), mode: ConcurrencyMode::kConcurrent]
[bailout (kind: deopt-lazy, reason: (unknown)): begin. deoptimizing 0x01d0391c7951 <JSFunction searchCpcOnlyFrontier (sfi = 0000015EEA9970C9)>, 0x004795ac4419 <Code MAGLEV>, opt id 39, bytecode offset 2072, deopt exit 192, FP to SP delta 608, caller SP 0x00237a1fa748, pc 0x01c4eb66887c]
[marking 0x03b557d591b1 <JSFunction popcount3x32 (sfi = 000003B557D4FF69)> for optimization to TURBOFAN_JS, ConcurrencyMode::kConcurrent, reason: hot and stable]
[compiling method 0x03b557d591b1 <JSFunction popcount3x32 (sfi = 000003B557D4FF69)> (target TURBOFAN_JS), mode: ConcurrencyMode::kConcurrent]
[marking 0x02f37f521241 <JSFunction probeConnect4RbaExactCacheSlot32Frontier (sfi = 00000182A7E8A469)> for optimization to TURBOFAN_JS, ConcurrencyMode::kConcurrent, reason: hot and stable]
[compiling method 0x02f37f521241 <JSFunction probeConnect4RbaExactCacheSlot32Frontier (sfi = 00000182A7E8A469)> (target TURBOFAN_JS), mode: ConcurrencyMode::kConcurrent]
[marking 0x0053881c7811 <JSFunction probeConnect4RbaExactCacheSlot32Frontier (sfi = 000002EDCC9C88C9)> for optimization to TURBOFAN_JS, ConcurrencyMode::kConcurrent, reason: hot and stable]
[compiling method 0x0053881c7811 <JSFunction probeConnect4RbaExactCacheSlot32Frontier (sfi = 000002EDCC9C88C9)> (target TURBOFAN_JS), mode: ConcurrencyMode::kConcurrent]
[completed compiling 0x012c474f21a1 <JSFunction storeConnect4RbaSharedExactCache32 (sfi = 0000012C474EC2E1)> (target TURBOFAN_JS) - took 0.003, 2.927, 0.031 ms]
[completed optimizing 0x012c474f21a1 <JSFunction storeConnect4RbaSharedExactCache32 (sfi = 0000012C474EC2E1)> (target TURBOFAN_JS)]
[bailout (kind: deopt-lazy, reason: (unknown)): begin. deoptimizing 0x01d0391c7951 <JSFunction searchCpcOnlyFrontier (sfi = 0000015EEA9970C9)>, 0x004795ac4419 <Code MAGLEV>, opt id 39, bytecode offset 2072, deopt exit 192, FP to SP delta 608, caller SP 0x00237a1faa18, pc 0x01c4eb66887c]
[completed compiling 0x0182a7ea8791 <JSFunction storeConnect4RbaSharedExactCache32 (sfi = 00000182A7EA28A1)> (target TURBOFAN_JS) - took 0.002, 2.825, 0.018 ms]
[completed optimizing 0x0182a7ea8791 <JSFunction storeConnect4RbaSharedExactCache32 (sfi = 00000182A7EA28A1)> (target TURBOFAN_JS)]
[marking 0x00de56e20d69 <JSFunction playableCell (sfi = 000003B557D4B311)> for optimization to MAGLEV, ConcurrencyMode::kConcurrent, reason: hot and stable]
[compiling method 0x00de56e20d69 <JSFunction playableCell (sfi = 000003B557D4B311)> (target MAGLEV), mode: ConcurrencyMode::kConcurrent]
[marking 0x015eea9b5289 <JSFunction storeConnect4RbaSharedExactCache32 (sfi = 0000015EEA9AF3C9)> for optimization to MAGLEV, ConcurrencyMode::kConcurrent, reason: hot and stable]
[compiling method 0x015eea9b5289 <JSFunction storeConnect4RbaSharedExactCache32 (sfi = 0000015EEA9AF3C9)> (target MAGLEV), mode: ConcurrencyMode::kConcurrent]
[completed compiling 0x01d0391c7951 <JSFunction searchCpcOnlyFrontier (sfi = 0000015EEA9970C9)> (target MAGLEV) - took 0.000, 3.742, 0.018 ms]
[completed compiling 0x01d0391c6c31 <JSFunction playableCell (sfi = 0000015EEA9A6369)> (target MAGLEV) - took 0.000, 0.092, 0.002 ms]
[marking 0x015eea9b2c89 <JSFunction connect4RbaCofactorKnownHeight (sfi = 0000015EEA9A3231)> for optimization to TURBOFAN_JS, ConcurrencyMode::kConcurrent, reason: hot and stable]
[compiling method 0x015eea9b2c89 <JSFunction connect4RbaCofactorKnownHeight (sfi = 0000015EEA9A3231)> (target TURBOFAN_JS), mode: ConcurrencyMode::kConcurrent]
[marking 0x01d0391c7811 <JSFunction probeConnect4RbaExactCacheSlot32Frontier (sfi = 0000015EEA996F61)> for optimization to TURBOFAN_JS, ConcurrencyMode::kConcurrent, reason: hot and stable]
[compiling method 0x01d0391c7811 <JSFunction probeConnect4RbaExactCacheSlot32Frontier (sfi = 0000015EEA996F61)> (target TURBOFAN_JS), mode: ConcurrencyMode::kConcurrent]
[completed compiling 0x01f714de10c1 <JSFunction advanceConnect4LiveLineState32 (sfi = 000001F714DD5591)> (target TURBOFAN_JS) - took 0.001, 1.126, 0.011 ms]
[completed optimizing 0x01f714de10c1 <JSFunction advanceConnect4LiveLineState32 (sfi = 000001F714DD5591)> (target TURBOFAN_JS)]
[completed compiling 0x015eea9b5289 <JSFunction storeConnect4RbaSharedExactCache32 (sfi = 0000015EEA9AF3C9)> (target MAGLEV) - took 0.000, 0.454, 0.007 ms]
[bailout (kind: deopt-lazy, reason: (unknown)): begin. deoptimizing 0x01c52c7cb769 <JSFunction searchCpcOnlyFrontier (sfi = 00000182A7E8A5D1)>, 0x006eadf41589 <Code MAGLEV>, opt id 69, bytecode offset 2072, deopt exit 193, FP to SP delta 608, caller SP 0x0023789fa9f8, pc 0x01c45ae6d606]
[bailout (kind: deopt-lazy, reason: (unknown)): begin. deoptimizing 0x01c52c7cb769 <JSFunction searchCpcOnlyFrontier (sfi = 00000182A7E8A5D1)>, 0x006eadf41589 <Code MAGLEV>, opt id 69, bytecode offset 2072, deopt exit 193, FP to SP delta 608, caller SP 0x0023789facc8, pc 0x01c45ae6d606]
[bailout (kind: deopt-eager, reason: Insufficient type feedback for binary operation): begin. deoptimizing 0x03b557d57c21 <JSFunction connect4RbaCofactorKnownHeight (sfi = 000003B557D481D9)>, 0x0091dde79029 <Code TURBOFAN_JS>, opt id 29, bytecode offset 461, deopt exit 228, FP to SP delta 304, caller SP 0x0023781f88b8, pc 0x01c42ae28c62]
[bailout (kind: deopt-eager, reason: Insufficient type feedback for call): begin. deoptimizing 0x03b557d7e799 <JSFunction searchCpcOnlyFrontier (sfi = 000001183D3FBC49)>, 0x00c6d03e3ae9 <Code MAGLEV>, opt id 30, bytecode offset 974, deopt exit 167, FP to SP delta 608, caller SP 0x0023781f8b88, pc 0x01c42ae1f927]
[bailout (kind: deopt-lazy, reason: (unknown)): begin. deoptimizing 0x03b557d7e799 <JSFunction searchCpcOnlyFrontier (sfi = 000001183D3FBC49)>, 0x00c6d03e3ae9 <Code MAGLEV>, opt id 30, bytecode offset 2072, deopt exit 193, FP to SP delta 608, caller SP 0x0023781f8e58, pc 0x01c42ae1f98f]
[bailout (kind: deopt-lazy, reason: (unknown)): begin. deoptimizing 0x03b557d7e799 <JSFunction searchCpcOnlyFrontier (sfi = 000001183D3FBC49)>, 0x00c6d03e3ae9 <Code MAGLEV>, opt id 30, bytecode offset 2072, deopt exit 193, FP to SP delta 608, caller SP 0x0023781f9128, pc 0x01c42ae1f98f]
[bailout (kind: deopt-lazy, reason: (unknown)): begin. deoptimizing 0x03b557d7e799 <JSFunction searchCpcOnlyFrontier (sfi = 000001183D3FBC49)>, 0x00c6d03e3ae9 <Code MAGLEV>, opt id 30, bytecode offset 2072, deopt exit 193, FP to SP delta 608, caller SP 0x0023781f93f8, pc 0x01c42ae1f98f]
[bailout (kind: deopt-lazy, reason: (unknown)): begin. deoptimizing 0x03b557d7e799 <JSFunction searchCpcOnlyFrontier (sfi = 000001183D3FBC49)>, 0x00c6d03e3ae9 <Code MAGLEV>, opt id 30, bytecode offset 2072, deopt exit 193, FP to SP delta 608, caller SP 0x0023781f96c8, pc 0x01c42ae1f98f]
[bailout (kind: deopt-lazy, reason: (unknown)): begin. deoptimizing 0x03b557d7e799 <JSFunction searchCpcOnlyFrontier (sfi = 000001183D3FBC49)>, 0x00c6d03e3ae9 <Code MAGLEV>, opt id 30, bytecode offset 2072, deopt exit 193, FP to SP delta 608, caller SP 0x0023781f9998, pc 0x01c42ae1f98f]
[bailout (kind: deopt-lazy, reason: (unknown)): begin. deoptimizing 0x03b557d7e799 <JSFunction searchCpcOnlyFrontier (sfi = 000001183D3FBC49)>, 0x00c6d03e3ae9 <Code MAGLEV>, opt id 30, bytecode offset 2072, deopt exit 193, FP to SP delta 608, caller SP 0x0023781f9c68, pc 0x01c42ae1f98f]
[bailout (kind: deopt-lazy, reason: (unknown)): begin. deoptimizing 0x03b557d7e799 <JSFunction searchCpcOnlyFrontier (sfi = 000001183D3FBC49)>, 0x00c6d03e3ae9 <Code MAGLEV>, opt id 30, bytecode offset 2072, deopt exit 193, FP to SP delta 608, caller SP 0x0023781f9f38, pc 0x01c42ae1f98f]
[bailout (kind: deopt-lazy, reason: (unknown)): begin. deoptimizing 0x03b557d7e799 <JSFunction searchCpcOnlyFrontier (sfi = 000001183D3FBC49)>, 0x00c6d03e3ae9 <Code MAGLEV>, opt id 30, bytecode offset 2072, deopt exit 193, FP to SP delta 608, caller SP 0x0023781fa208, pc 0x01c42ae1f98f]
[marking 0x03b557d57c21 <JSFunction connect4RbaCofactorKnownHeight (sfi = 000003B557D481D9)> for optimization to MAGLEV, ConcurrencyMode::kConcurrent, reason: hot and stable]
[compiling method 0x03b557d57c21 <JSFunction connect4RbaCofactorKnownHeight (sfi = 000003B557D481D9)> (target MAGLEV), mode: ConcurrencyMode::kConcurrent]
[completed compiling 0x03b557d591b1 <JSFunction popcount3x32 (sfi = 000003B557D4FF69)> (target TURBOFAN_JS) - took 0.002, 1.798, 0.013 ms]
[completed optimizing 0x03b557d591b1 <JSFunction popcount3x32 (sfi = 000003B557D4FF69)> (target TURBOFAN_JS)]
[marking 0x03b557d56c19 <JSFunction mixSpan32Locator32 (sfi = 000003B557D40F79)> for optimization to TURBOFAN_JS, ConcurrencyMode::kConcurrent, reason: hot and stable]
[marking 0x01f714ddf8f9 <JSFunction connect4RbaCanonicalize (sfi = 000001F714DCFFF9)> for optimization to TURBOFAN_JS, ConcurrencyMode::kConcurrent, reason: hot and stable]
[compiling method [compiling method 0x03b557d56c190x01f714ddf8f9  <JSFunction connect4RbaCanonicalize (sfi = 000001F714DCFFF9)> (target TURBOFAN_JS), mode: ConcurrencyMode::kConcurrent]
<JSFunction mixSpan32Locator32 (sfi = 000003B557D40F79)> (target TURBOFAN_JS), mode: ConcurrencyMode::kConcurrent]
[completed compiling 0x029eafc2d271 <JSFunction connect4RbaCofactorKnownHeight (sfi = 0000029EAFC1D8E1)> (target TURBOFAN_JS) - took 0.002, 17.288, 0.058 ms]
[completed optimizing 0x029eafc2d271 <JSFunction connect4RbaCofactorKnownHeight (sfi = 0000029EAFC1D8E1)> (target TURBOFAN_JS)]
[marking 0x002178d46bb1 <JSFunction coordHas (sfi = 0000029EAFC20989)> for optimization to MAGLEV, ConcurrencyMode::kConcurrent, reason: hot and stable]
[compiling method 0x002178d46bb1 <JSFunction coordHas (sfi = 0000029EAFC20989)> (target MAGLEV), mode: ConcurrencyMode::kConcurrent]
[completed compiling 0x00de56e20da9 <JSFunction deriveForkPreemption32 (sfi = 000003B557D4B3A1)> (target MAGLEV) - took 0.001, 0.943, 0.017 ms]
[completed compiling 0x00de56e20d69 <JSFunction playableCell (sfi = 000003B557D4B311)> (target MAGLEV) - took 0.001, 0.063, 0.003 ms]
[marking 0x03bc6f511309 <JSFunction probeConnect4RbaExactCacheSlot32Frontier (sfi = 0000012C474D3E91)> for optimization to TURBOFAN_JS, ConcurrencyMode::kConcurrent, reason: hot and stable]
[compiling method 0x03bc6f511309 <JSFunction probeConnect4RbaExactCacheSlot32Frontier (sfi = 0000012C474D3E91)> (target TURBOFAN_JS), mode: ConcurrencyMode::kConcurrent]
[bailout (kind: deopt-lazy, reason: (unknown)): begin. deoptimizing 0x03b557d7e799 <JSFunction searchCpcOnlyFrontier (sfi = 000001183D3FBC49)>, 0x00c6d03e3ae9 <Code MAGLEV>, opt id 30, bytecode offset 2072, deopt exit 193, FP to SP delta 608, caller SP 0x0023781fa4d8, pc 0x01c42ae1f98f]
[bailout (kind: deopt-lazy, reason: (unknown)): begin. deoptimizing 0x03b557d7e799 <JSFunction searchCpcOnlyFrontier (sfi = 000001183D3FBC49)>, 0x00c6d03e3ae9 <Code MAGLEV>, opt id 30, bytecode offset 2072, deopt exit 193, FP to SP delta 608, caller SP 0x0023781fa7a8, pc 0x01c42ae1f98f]
[marking 0x00598e9768a9 <JSFunction subsetDensePrepared (sfi = 000003B557D43C79)> for optimization to TURBOFAN_JS, ConcurrencyMode::kConcurrent, reason: hot and stable]
[compiling method 0x00598e9768a9 <JSFunction subsetDensePrepared (sfi = 000003B557D43C79)> (target TURBOFAN_JS), mode: ConcurrencyMode::kConcurrent]
[bailout (kind: deopt-eager, reason: Insufficient type feedback for generic keyed access): begin. deoptimizing 0x01f714de0319 <JSFunction evaluateConnect4CpcNonterminal32 (sfi = 000001F714DD3011)>, 0x01149b557ec1 <Code MAGLEV>, opt id 50, bytecode offset 680, deopt exit 53, FP to SP delta 176, caller SP 0x0023771fb700, pc 0x01c1c022223b]
[marking 0x0053881c6c31 <JSFunction playableCell (sfi = 000002EDCC9D7CB9)> for optimization to MAGLEV, ConcurrencyMode::kConcurrent, reason: hot and stable]
[compiling method 0x0053881c6c31 <JSFunction playableCell (sfi = 000002EDCC9D7CB9)> (target MAGLEV), mode: ConcurrencyMode::kConcurrent]
[marking 0x03b557d7e799 <JSFunction searchCpcOnlyFrontier (sfi = 000001183D3FBC49)> for optimization to MAGLEV, ConcurrencyMode::kConcurrent, reason: hot and stable]
[compiling method 0x03b557d7e799 <JSFunction searchCpcOnlyFrontier (sfi = 000001183D3FBC49)> (target MAGLEV), mode: ConcurrencyMode::kConcurrent]
[completed compiling 0x03b557d57c21 <JSFunction connect4RbaCofactorKnownHeight (sfi = 000003B557D481D9)> (target MAGLEV) - took 0.000, 1.459, 0.010 ms]
[bailout (kind: deopt-lazy, reason: (unknown)): begin. deoptimizing 0x03b557d7e799 <JSFunction searchCpcOnlyFrontier (sfi = 000001183D3FBC49)>, 0x00c6d03e3ae9 <Code MAGLEV>, opt id 30, bytecode offset 2072, deopt exit 193, FP to SP delta 608, caller SP 0x0023781faa78, pc 0x01c42ae1f98f]
[marking 0x01f714de0319 <JSFunction evaluateConnect4CpcNonterminal32 (sfi = 000001F714DD3011)> for optimization to MAGLEV, ConcurrencyMode::kConcurrent, reason: hot and stable]
[compiling method 0x01f714de0319 <JSFunction evaluateConnect4CpcNonterminal32 (sfi = 000001F714DD3011)> (target MAGLEV), mode: ConcurrencyMode::kConcurrent]
[marking 0x002178d46c71 <JSFunction collectSingletonProfiles (sfi = 0000029EAFC20A61)> for optimization to TURBOFAN_JS, ConcurrencyMode::kConcurrent, reason: hot and stable]
[compiling method 0x002178d46c71 <JSFunction collectSingletonProfiles (sfi = 0000029EAFC20A61)> (target TURBOFAN_JS), mode: ConcurrencyMode::kConcurrent]
[completed compiling 0x0053881c7811 <JSFunction probeConnect4RbaExactCacheSlot32Frontier (sfi = 000002EDCC9C88C9)> (target TURBOFAN_JS) - took 0.003, 3.999, 0.031 ms]
[completed optimizing 0x0053881c7811 <JSFunction probeConnect4RbaExactCacheSlot32Frontier (sfi = 000002EDCC9C88C9)> (target TURBOFAN_JS)]
[completed compiling 0x02f37f521241 <JSFunction probeConnect4RbaExactCacheSlot32Frontier (sfi = 00000182A7E8A469)> (target TURBOFAN_JS) - took 0.002, 4.302, 0.036 ms]
[completed optimizing 0x02f37f521241 <JSFunction probeConnect4RbaExactCacheSlot32Frontier (sfi = 00000182A7E8A469)> (target TURBOFAN_JS)]
[bailout (kind: deopt-lazy, reason: (unknown)): begin. deoptimizing 0x01d0391c7951 <JSFunction searchCpcOnlyFrontier (sfi = 0000015EEA9970C9)>, 0x004795ac4419 <Code MAGLEV>, opt id 39, bytecode offset 2072, deopt exit 192, FP to SP delta 608, caller SP 0x00237a1face8, pc 0x01c4eb66887c]
[completed compiling 0x03b557d7e799 <JSFunction searchCpcOnlyFrontier (sfi = 000001183D3FBC49)> (target MAGLEV) - took 0.000, 2.124, 0.021 ms]
[bailout (kind: deopt-lazy, reason: (unknown)): begin. deoptimizing 0x01d0391c7951 <JSFunction searchCpcOnlyFrontier (sfi = 0000015EEA9970C9)>, 0x004795ac4419 <Code MAGLEV>, opt id 39, bytecode offset 2072, deopt exit 192, FP to SP delta 608, caller SP 0x00237a1fafb8, pc 0x01c4eb66887c]
[bailout (kind: deopt-lazy, reason: (unknown)): begin. deoptimizing 0x03b557d7e799 <JSFunction searchCpcOnlyFrontier (sfi = 000001183D3FBC49)>, 0x00c6d03e3ae9 <Code MAGLEV>, opt id 30, bytecode offset 2072, deopt exit 193, FP to SP delta 608, caller SP 0x0023781fad48, pc 0x01c42ae1f98f]
[bailout (kind: deopt-lazy, reason: (unknown)): begin. deoptimizing 0x03b557d7e799 <JSFunction searchCpcOnlyFrontier (sfi = 000001183D3FBC49)>, 0x00c6d03e3ae9 <Code MAGLEV>, opt id 30, bytecode offset 2072, deopt exit 193, FP to SP delta 608, caller SP 0x0023781fb018, pc 0x01c42ae1f98f]
[marking 0x03b557d57c21 <JSFunction connect4RbaCofactorKnownHeight (sfi = 000003B557D481D9)> for optimization to TURBOFAN_JS, ConcurrencyMode::kConcurrent, reason: hot and stable]
[compiling method 0x03b557d57c21 <JSFunction connect4RbaCofactorKnownHeight (sfi = 000003B557D481D9)> (target TURBOFAN_JS), mode: ConcurrencyMode::kConcurrent]
[completed compiling 0x02edcc9e4609 <JSFunction connect4RbaCanonicalize (sfi = 000002EDCC9D4BC9)> (target TURBOFAN_JS) - took 0.002, 10.552, 0.054 ms]
[completed optimizing [bailout (kind: deopt-lazy, reason: (unknown)): begin. deoptimizing 0x02edcc9e4609 0x01d0391c7951 <JSFunction connect4RbaCanonicalize (sfi = 000002EDCC9D4BC9)> (target TURBOFAN_JS)]
<JSFunction searchCpcOnlyFrontier (sfi = 0000015EEA9970C9)>, 0x004795ac4419 <Code MAGLEV>, opt id 39, bytecode offset 2072, deopt exit 192, FP to SP delta 608, caller SP 0x00237a1fb288, pc 0x01c4eb66887c]
[bailout (kind: deopt-lazy, reason: (unknown)): begin. deoptimizing 0x01d0391c7951 <JSFunction searchCpcOnlyFrontier (sfi = 0000015EEA9970C9)>, 0x004795ac4419 <Code MAGLEV>, opt id 39, bytecode offset 2072, deopt exit 192, FP to SP delta 608, caller SP 0x00237a1fb558, pc 0x01c4eb66887c]
[marking 0x029eafc2c229 <JSFunction publishSpan32 (sfi = 0000029EAFC165F1)> for optimization to TURBOFAN_JS, ConcurrencyMode::kConcurrent, reason: hot and stable]
[compiling method 0x029eafc2c229 <JSFunction publishSpan32 (sfi = 0000029EAFC165F1)> (target TURBOFAN_JS), mode: ConcurrencyMode::kConcurrent]
[bailout (kind: deopt-lazy, reason: (unknown)): begin. deoptimizing 0x03b557d7e799 <JSFunction searchCpcOnlyFrontier (sfi = 000001183D3FBC49)>, 0x00c6d03e3ae9 <Code MAGLEV>, opt id 30, bytecode offset 2072, deopt exit 193, FP to SP delta 608, caller SP 0x0023781fb2e8, pc 0x01c42ae1f98f]
[completed compiling 0x01d0391c7811 <JSFunction probeConnect4RbaExactCacheSlot32Frontier (sfi = 0000015EEA996F61)> (target TURBOFAN_JS) - took 0.001, 4.145, 0.037 ms]
[completed optimizing 0x01d0391c7811 <JSFunction probeConnect4RbaExactCacheSlot32Frontier (sfi = 0000015EEA996F61)> (target TURBOFAN_JS)]
[completed compiling 0x01c52c7cb769 <JSFunction searchCpcOnlyFrontier (sfi = 00000182A7E8A5D1)> (target MAGLEV) - took 0.001, 2.691, 0.022 ms]
[bailout (kind: deopt-lazy, reason: (unknown)): begin. deoptimizing 0x03b557d7e799 <JSFunction searchCpcOnlyFrontier (sfi = 000001183D3FBC49)>, 0x00c6d03e3ae9 <Code MAGLEV>, opt id 30, bytecode offset 2072, deopt exit 193, FP to SP delta 608, caller SP 0x0023781fb5b8, pc 0x01c42ae1f98f]
[bailout (kind: deopt-lazy, reason: (unknown)): begin. deoptimizing 0x03b557d7e799 <JSFunction searchCpcOnlyFrontier (sfi = 000001183D3FBC49)>, 0x00c6d03e3ae9 <Code MAGLEV>, opt id 30, bytecode offset 2072, deopt exit 193, FP to SP delta 608, caller SP 0x0023781fb888, pc 0x01c42ae1f98f]
[bailout (kind: deopt-lazy, reason: (unknown)): begin. deoptimizing 0x03b557d7e799 <JSFunction searchCpcOnlyFrontier (sfi = 000001183D3FBC49)>, 0x00c6d03e3ae9 <Code MAGLEV>, opt id 30, bytecode offset 2072, deopt exit 193, FP to SP delta 608, caller SP 0x0023781fbb58, pc 0x01c42ae1f98f]
[marking 0x0182a7ea61d1 <JSFunction connect4RbaCanonicalize (sfi = 00000182A7E96751)> for optimization to TURBOFAN_JS, ConcurrencyMode::kConcurrent, reason: hot and stable]
[compiling method 0x0182a7ea61d1 <JSFunction connect4RbaCanonicalize (sfi = 00000182A7E96751)> (target TURBOFAN_JS), mode: ConcurrencyMode::kConcurrent]
[completed compiling 0x02f37f520de9 <JSFunction deriveForkPreemption32 (sfi = 00000182A7E998D1)> (target MAGLEV) - took 0.000, 1.211, 0.011 ms]
[marking 0x03b557d5a1e1 <JSFunction probeConnect4RbaSharedExactCache32 (sfi = 000003B557D54329)> for optimization to TURBOFAN_JS, ConcurrencyMode::kConcurrent, reason: hot and stable]
[compiling method 0x03b557d5a1e1 <JSFunction probeConnect4RbaSharedExactCache32 (sfi = 000003B557D54329)> (target TURBOFAN_JS), mode: ConcurrencyMode::kConcurrent]
[marking 0x015eea9b36e9 <JSFunction evaluateConnect4CpcNonterminal32 (sfi = 0000015EEA9A6291)> for optimization to TURBOFAN_JS, ConcurrencyMode::kConcurrent, reason: hot and stable]
[compiling method 0x015eea9b36e9 <JSFunction evaluateConnect4CpcNonterminal32 (sfi = 0000015EEA9A6291)> (target TURBOFAN_JS), mode: ConcurrencyMode::kConcurrent]
[marking 0x00598e9766e9 <JSFunction probeConnect4RbaExactCacheSlot32Frontier (sfi = 000001183D3FBAE1)> for optimization to TURBOFAN_JS, ConcurrencyMode::kConcurrent, reason: hot and stable]
[completed compiling 0x029eafc2d811 <JSFunction firstSetBitIndex32 (sfi = 0000029EAFC21E49)> (target MAGLEV) - took 0.000, 0.083, 0.002 ms]
[bailout (kind: deopt-eager, reason: Insufficient type feedback for binary operation): begin. deoptimizing 0x029eafc2d271 <JSFunction connect4RbaCofactorKnownHeight (sfi = 0000029EAFC1D8E1)>, 0x03e954b09279 <Code TURBOFAN_JS>, opt id 27, bytecode offset 461, deopt exit 228, FP to SP delta 304, caller SP 0x0023799f8088, pc 0x01c4cb616462]
[marking 0x029eafc2d271 <JSFunction connect4RbaCofactorKnownHeight (sfi = 0000029EAFC1D8E1)> for optimization to MAGLEV, ConcurrencyMode::kConcurrent, reason: hot and stable]
[compiling method 0x029eafc2d271 <JSFunction connect4RbaCofactorKnownHeight (sfi = 0000029EAFC1D8E1)> (target MAGLEV), mode: ConcurrencyMode::kConcurrent]
[marking 0x0053881c7951 <JSFunction searchCpcOnlyFrontier (sfi = 000002EDCC9C8A31)> for optimization to TURBOFAN_JS, ConcurrencyMode::kConcurrent, reason: hot and stable]
[marking 0x00598e9766e9 <JSFunction probeConnect4RbaExactCacheSlot32Frontier (sfi = 000001183D3FBAE1)> for optimization to TURBOFAN_JS, ConcurrencyMode::kConcurrent, reason: hot and stable]
[marking 0x029eafc2d891 <JSFunction popcount32 (sfi = 0000029EAFC21ED9)> for optimization to MAGLEV, ConcurrencyMode::kConcurrent, reason: hot and stable]
[compiling method 0x029eafc2d891 <JSFunction popcount32 (sfi = 0000029EAFC21ED9)> (target MAGLEV), mode: ConcurrencyMode::kConcurrent]
[completed compiling 0x029eafc2d271 <JSFunction connect4RbaCofactorKnownHeight (sfi = 0000029EAFC1D8E1)> (target MAGLEV) - took 0.000, 2.120, 0.012 ms]
[completed compiling 0x01f714ddf8f9 <JSFunction connect4RbaCanonicalize (sfi = 000001F714DCFFF9)> (target TURBOFAN_JS) - took 0.001, 5.873, 0.035 ms]
[completed optimizing 0x01f714ddf8f9 <JSFunction connect4RbaCanonicalize (sfi = 000001F714DCFFF9)> (target TURBOFAN_JS)]
[marking 0x015eea9b2cc9 <JSFunction connect4RbaCanonicalize (sfi = 0000015EEA9A3279)> for optimization to TURBOFAN_JS, ConcurrencyMode::kConcurrent, reason: hot and stable]
[compiling method 0x015eea9b2cc9 <JSFunction connect4RbaCanonicalize (sfi = 0000015EEA9A3279)> (target TURBOFAN_JS), mode: ConcurrencyMode::kConcurrent]
[marking 0x00598e9766e9 <JSFunction probeConnect4RbaExactCacheSlot32Frontier (sfi = 000001183D3FBAE1)> for optimization to TURBOFAN_JS, ConcurrencyMode::kConcurrent, reason: hot and stable]
[marking 0x0053881c7951 <JSFunction searchCpcOnlyFrontier (sfi = 000002EDCC9C8A31)> for optimization to TURBOFAN_JS, ConcurrencyMode::kConcurrent, reason: hot and stable]
[completed compiling 0x002178d47951 <JSFunction searchCpcOnlyFrontier (sfi = 0000029EAFC11761)> (target MAGLEV) - took 0.000, 2.604, 0.018 ms]
[completed compiling 0x002178d46bb1 <JSFunction coordHas (sfi = 0000029EAFC20989)> (target MAGLEV) - took 0.000, 0.067, 0.001 ms]
[marking 0x03b557d57c61 <JSFunction connect4RbaCanonicalize (sfi = 000003B557D48221)> for optimization to TURBOFAN_JS, ConcurrencyMode::kConcurrent, reason: hot and stable]
[marking 0x029eafc2ea79 <JSFunction advanceConnect4LiveLineState32 (sfi = 0000029EAFC22EC1)> for optimization to TURBOFAN_JS, ConcurrencyMode::kConcurrent, reason: hot and stable]
[compiling method 0x029eafc2ea79 <JSFunction advanceConnect4LiveLineState32 (sfi = 0000029EAFC22EC1)> (target TURBOFAN_JS), mode: ConcurrencyMode::kConcurrent]
[completed compiling 0x03bc6f511309 <JSFunction probeConnect4RbaExactCacheSlot32Frontier (sfi = 0000012C474D3E91)> (target TURBOFAN_JS) - took 0.002, 2.686, 0.038 ms]
[completed optimizing 0x03bc6f511309 <JSFunction probeConnect4RbaExactCacheSlot32Frontier (sfi = 0000012C474D3E91)> (target TURBOFAN_JS)]
[marking 0x029eafc2d271 <JSFunction connect4RbaCofactorKnownHeight (sfi = 0000029EAFC1D8E1)> for optimization to TURBOFAN_JS, ConcurrencyMode::kConcurrent, reason: hot and stable]
[marking 0x03b557d5a221 <JSFunction storeConnect4RbaSharedExactCache32 (sfi = 000003B557D54371)> for optimization to TURBOFAN_JS, ConcurrencyMode::kConcurrent, reason: hot and stable]
[marking 0x029eafc2d271 <JSFunction connect4RbaCofactorKnownHeight (sfi = 0000029EAFC1D8E1)> for optimization to TURBOFAN_JS, ConcurrencyMode::kConcurrent, reason: hot and stable]
[completed compiling 0x029eafc2d271 <JSFunction connect4RbaCofactorKnownHeight (sfi = 0000029EAFC1D8E1)> (target MAGLEV) - took 0.000, 1.912, 0.008 ms]
[marking 0x00598e9766e9 [completed compiling 0x029eafc2d891 <JSFunction probeConnect4RbaExactCacheSlot32Frontier (sfi = 000001183D3FBAE1)> for optimization to TURBOFAN_JS, ConcurrencyMode::kConcurrent, reason: hot and stable]
<JSFunction popcount32 (sfi = 0000029EAFC21ED9)> (target MAGLEV) - took 0.000, 0.077, 0.002 ms]
[marking 0x029eafc2d271 <JSFunction connect4RbaCofactorKnownHeight (sfi = 0000029EAFC1D8E1)> for optimization to TURBOFAN_JS, ConcurrencyMode::kConcurrent, reason: hot and stable]
[marking 0x029eafc2d271 <JSFunction connect4RbaCofactorKnownHeight (sfi = 0000029EAFC1D8E1)> for optimization to TURBOFAN_JS, ConcurrencyMode::kConcurrent, reason: hot and stable]
[marking 0x029eafc2d271 <JSFunction connect4RbaCofactorKnownHeight (sfi = 0000029EAFC1D8E1)> for optimization to TURBOFAN_JS, ConcurrencyMode::kConcurrent, reason: hot and stable]
[marking 0x029eafc2d271 <JSFunction connect4RbaCofactorKnownHeight (sfi = 0000029EAFC1D8E1)> for optimization to TURBOFAN_JS, ConcurrencyMode::kConcurrent, reason: hot and stable]
[marking 0x029eafc2d271 <JSFunction connect4RbaCofactorKnownHeight (sfi = 0000029EAFC1D8E1)> for optimization to TURBOFAN_JS, ConcurrencyMode::kConcurrent, reason: hot and stable]
[marking 0x03b557d5a221 <JSFunction storeConnect4RbaSharedExactCache32 (sfi = 000003B557D54371)> for optimization to TURBOFAN_JS, ConcurrencyMode::kConcurrent, reason: hot and stable]
[marking 0x0053881c7951 <JSFunction searchCpcOnlyFrontier (sfi = 000002EDCC9C8A31)> for optimization to TURBOFAN_JS, ConcurrencyMode::kConcurrent, reason: hot and stable]
[marking 0x029eafc2d271 <JSFunction connect4RbaCofactorKnownHeight (sfi = 0000029EAFC1D8E1)> for optimization to TURBOFAN_JS, ConcurrencyMode::kConcurrent, reason: hot and stable]
[marking 0x03b557d57c61 <JSFunction connect4RbaCanonicalize (sfi = 000003B557D48221)> for optimization to TURBOFAN_JS, ConcurrencyMode::kConcurrent, reason: hot and stable]
[marking 0x002178d46cb1 <JSFunction deriveForkPreemption32 (sfi = 0000029EAFC20AA9)> for optimization to MAGLEV, ConcurrencyMode::kConcurrent, reason: hot and stable]
[compiling method 0x002178d46cb1 <JSFunction deriveForkPreemption32 (sfi = 0000029EAFC20AA9)> (target MAGLEV), mode: ConcurrencyMode::kConcurrent]
[marking 0x029eafc2d271 <JSFunction connect4RbaCofactorKnownHeight (sfi = 0000029EAFC1D8E1)> for optimization to TURBOFAN_JS, ConcurrencyMode::kConcurrent, reason: hot and stable]
[completed compiling 0x03b557d5a1e1 <JSFunction probeConnect4RbaSharedExactCache32 (sfi = 000003B557D54329)> (target TURBOFAN_JS) - took 0.005, 2.945, 0.021 ms]
[completed optimizing 0x03b557d5a1e1 <JSFunction probeConnect4RbaSharedExactCache32 (sfi = 000003B557D54329)> (target TURBOFAN_JS)]
[marking 0x029eafc2d271 <JSFunction connect4RbaCofactorKnownHeight (sfi = 0000029EAFC1D8E1)> for optimization to TURBOFAN_JS, ConcurrencyMode::kConcurrent, reason: hot and stable]
[compiling method 0x029eafc2d271 <JSFunction connect4RbaCofactorKnownHeight (sfi = 0000029EAFC1D8E1)> (target TURBOFAN_JS), mode: ConcurrencyMode::kConcurrent]
[bailout (kind: deopt-lazy, reason: (unknown)): begin. deoptimizing 0x01d0391c7951 <JSFunction searchCpcOnlyFrontier (sfi = 0000015EEA9970C9)>, 0x004795ac4419 <Code MAGLEV>, opt id 39, bytecode offset 2072, deopt exit 192, FP to SP delta 608, caller SP 0x00237a1fb828, pc 0x01c4eb66887c]
[completed compiling 0x015eea9b2c89 <JSFunction connect4RbaCofactorKnownHeight (sfi = 0000015EEA9A3231)> (target TURBOFAN_JS) - took 0.003, 15.232, 0.057 ms]
[completed optimizing 0x015eea9b2c89 <JSFunction connect4RbaCofactorKnownHeight (sfi = 0000015EEA9A3231)> (target TURBOFAN_JS)]
[completed compiling 0x00598e9768a9 <JSFunction subsetDensePrepared (sfi = 000003B557D43C79)> (target TURBOFAN_JS) - took 0.002, 0.300, 0.009 ms]
[completed optimizing 0x00598e9768a9 <JSFunction subsetDensePrepared (sfi = 000003B557D43C79)> (target TURBOFAN_JS)]
[marking 0x03b557d5a221 <JSFunction storeConnect4RbaSharedExactCache32 (sfi = 000003B557D54371)> for optimization to TURBOFAN_JS, ConcurrencyMode::kConcurrent, reason: hot and stable]
[compiling method 0x03b557d5a221 <JSFunction storeConnect4RbaSharedExactCache32 (sfi = 000003B557D54371)> (target TURBOFAN_JS), mode: ConcurrencyMode::kConcurrent]
[completed compiling 0x0053881c6cb1 <JSFunction deriveForkPreemption32 (sfi = 000002EDCC9D7D49)> (target MAGLEV) - took 0.000, 1.297, 0.012 ms]
[completed compiling 0x0053881c6c31 <JSFunction playableCell (sfi = 000002EDCC9D7CB9)> (target MAGLEV) - took 0.000, 0.067, 0.002 ms]
[marking 0x00598e9766e9 <JSFunction probeConnect4RbaExactCacheSlot32Frontier (sfi = 000001183D3FBAE1)> for optimization to TURBOFAN_JS, ConcurrencyMode::kConcurrent, reason: hot and stable]
[compiling method 0x00598e9766e9 <JSFunction probeConnect4RbaExactCacheSlot32Frontier (sfi = 000001183D3FBAE1)> (target TURBOFAN_JS), mode: ConcurrencyMode::kConcurrent]
[completed compiling 0x029eafc2ea79 <JSFunction advanceConnect4LiveLineState32 (sfi = 0000029EAFC22EC1)> (target TURBOFAN_JS) - took 0.002, 1.677, 0.014 ms]
[completed optimizing 0x029eafc2ea79 <JSFunction advanceConnect4LiveLineState32 (sfi = 0000029EAFC22EC1)> (target TURBOFAN_JS)]
[completed compiling 0x01f714de1e79 <JSFunction probeConnect4RbaSharedExactCache32 (sfi = 000001F714DDC101)> (target MAGLEV) - took 0.000, 1.000, 0.010 ms]
[marking 0x0053881c7951 <JSFunction searchCpcOnlyFrontier (sfi = 000002EDCC9C8A31)> for optimization to TURBOFAN_JS, ConcurrencyMode::kConcurrent, reason: hot and stable[marking ]
0x01f714de1eb9 <JSFunction storeConnect4RbaSharedExactCache32 (sfi = 000001F714DDC149)> for optimization to MAGLEV, ConcurrencyMode::kConcurrent, reason: hot and stable]
[compiling method 0x0053881c7951 <JSFunction searchCpcOnlyFrontier (sfi = 000002EDCC9C8A31)> (target TURBOFAN_JS), mode: ConcurrencyMode::kConcurrent]
[compiling method 0x01f714de1eb9 <JSFunction storeConnect4RbaSharedExactCache32 (sfi = 000001F714DDC149)> (target MAGLEV), mode: ConcurrencyMode::kConcurrent]
[completed compiling [bailout (kind: deopt-lazy, reason: (unknown)): begin. deoptimizing 0x01f714de0319 <JSFunction evaluateConnect4CpcNonterminal32 (sfi = 000001F714DD3011)> (target MAGLEV) - took 0.000, 1.026, 0.008 ms0x01c52c7cb769 <JSFunction searchCpcOnlyFrontier (sfi = 00000182A7E8A5D1)>, 0x006eadf41589 <Code MAGLEV>, opt id 69, bytecode offset 2072, deopt exit 193, FP to SP delta 608, caller SP 0x0023789faf98, pc 0x01c45ae6d606]
]
[completed compiling 0x01f714de1eb9 <JSFunction storeConnect4RbaSharedExactCache32 (sfi = 000001F714DDC149)> (target MAGLEV) - took 0.000, 0.370, 0.006 ms]
[marking 0x03b557d57c61 <JSFunction connect4RbaCanonicalize (sfi = 000003B557D48221)> for optimization to TURBOFAN_JS, ConcurrencyMode::kConcurrent, reason: hot and stable]
[bailout (kind: deopt-lazy, reason: (unknown)): begin. deoptimizing 0x01c52c7cb769 <JSFunction searchCpcOnlyFrontier (sfi = 00000182A7E8A5D1)>, 0x006eadf41589 <Code MAGLEV>, opt id 69, bytecode offset 2072, deopt exit 193, FP to SP delta 608, caller SP 0x0023789fb268, pc 0x01c45ae6d606]
[completed compiling 0x03b557d57c21 <JSFunction connect4RbaCofactorKnownHeight (sfi = 000003B557D481D9)> (target TURBOFAN_JS) - took 0.004, 14.720, 0.060 ms]
[completed optimizing 0x03b557d57c21 <JSFunction connect4RbaCofactorKnownHeight (sfi = 000003B557D481D9)> (target TURBOFAN_JS)]
[bailout (kind: deopt-eager, reason: overflow): begin. deoptimizing 0x03b557d7e799 <JSFunction searchCpcOnlyFrontier (sfi = 000001183D3FBC49)>, 0x00c6d03f8681 <Code MAGLEV>, opt id 56, bytecode offset 1029, deopt exit 83, FP to SP delta 608, caller SP 0x0023781f8b48, pc 0x01c42ae7d54c]
[bailout (kind: deopt-lazy, reason: (unknown)): begin. deoptimizing 0x03b557d7e799 <JSFunction searchCpcOnlyFrontier (sfi = 000001183D3FBC49)>, 0x00c6d03f8681 <Code MAGLEV>, opt id 56, bytecode offset 2072, deopt exit 205, FP to SP delta 608, caller SP 0x0023781f8e18, pc 0x01c42ae7d734]
[marking 0x03bc6f510729 <JSFunction playableCell (sfi = 0000012C474E3281)> for optimization to MAGLEV, ConcurrencyMode::kConcurrent, reason: hot and stable]
[bailout (kind: deopt-lazy, reason: (unknown)): begin. deoptimizing 0x03b557d7e799 <JSFunction searchCpcOnlyFrontier (sfi = 000001183D3FBC49)>, 0x00c6d03f8681 <Code MAGLEV>, opt id 56, bytecode offset 2072, deopt exit 205, FP to SP delta 608, caller SP 0x0023781f90e8, pc 0x01c42ae7d734]
[compiling method 0x03bc6f510729 <JSFunction playableCell (sfi = 0000012C474E3281)> (target MAGLEV), mode: ConcurrencyMode::kConcurrent]
[marking 0x02f37f520d69 [bailout (kind: deopt-lazy, reason: (unknown)): begin. deoptimizing 0x03b557d7e799 <JSFunction searchCpcOnlyFrontier (sfi = 000001183D3FBC49)>, <JSFunction playableCell (sfi = 00000182A7E99841)> for optimization to MAGLEV, ConcurrencyMode::kConcurrent, reason: hot and stable]
0x00c6d03f8681 <Code MAGLEV>, opt id 56, bytecode offset 2072, deopt exit 205, FP to SP delta 608, caller SP 0x0023781f93b8, pc 0x01c42ae7d734]
[bailout (kind: deopt-lazy, reason: (unknown)): begin. deoptimizing 0x03b557d7e799 <JSFunction searchCpcOnlyFrontier (sfi = 000001183D3FBC49)>, 0x00c6d03f8681 <Code MAGLEV>, opt id 56, bytecode offset 2072, deopt exit 205, FP to SP delta 608, caller SP 0x0023781f9688, pc 0x01c42ae7d734]
[compiling method 0x02f37f520d69 <JSFunction playableCell (sfi = 00000182A7E99841)> (target MAGLEV), mode: ConcurrencyMode::kConcurrent]
[bailout (kind: deopt-lazy, reason: (unknown)): begin. deoptimizing 0x03b557d7e799 <JSFunction searchCpcOnlyFrontier (sfi = 000001183D3FBC49)>, 0x00c6d03f8681 <Code MAGLEV>, opt id 56, bytecode offset 2072, deopt exit 205, FP to SP delta 608, caller SP 0x0023781f9958, pc 0x01c42ae7d734]
[bailout (kind: deopt-lazy, reason: (unknown)): begin. deoptimizing 0x03b557d7e799 <JSFunction searchCpcOnlyFrontier (sfi = 000001183D3FBC49)>, 0x00c6d03f8681 <Code MAGLEV>, opt id 56, bytecode offset 2072, deopt exit 205, FP to SP delta 608, caller SP 0x0023781f9c28, pc 0x01c42ae7d734]
[marking 0x01d0391c6bf1 <JSFunction cellMarked (sfi = 0000015EEA9A6321)> for optimization to TURBOFAN_JS, ConcurrencyMode::kConcurrent, reason: hot and stable]
[compiling method 0x01d0391c6bf1 <JSFunction cellMarked (sfi = 0000015EEA9A6321)> (target TURBOFAN_JS), mode: ConcurrencyMode::kConcurrent]
[completed compiling 0x03bc6f5107a9 <JSFunction deriveForkPreemption32 (sfi = 0000012C474E3311)> (target MAGLEV) - took 0.000, 1.233, 0.015 ms]
[completed compiling 0x03bc6f510729 <JSFunction playableCell (sfi = 0000012C474E3281)> (target MAGLEV) - took 0.001, 0.082, 0.006 ms]
[bailout (kind: deopt-lazy, reason: (unknown)): begin. deoptimizing 0x03b557d7e799 <JSFunction searchCpcOnlyFrontier (sfi = 000001183D3FBC49)>, 0x00c6d03f8681 <Code MAGLEV>, opt id 56, bytecode offset 2072, deopt exit 205, FP to SP delta 608, caller SP 0x0023781f9ef8, pc 0x01c42ae7d734]
[bailout (kind: deopt-lazy, reason: (unknown)): begin. deoptimizing 0x03b557d7e799 <JSFunction searchCpcOnlyFrontier (sfi = 000001183D3FBC49)>, 0x00c6d03f8681 <Code MAGLEV>, opt id 56, bytecode offset 2072, deopt exit 205, FP to SP delta 608, caller SP 0x0023781fa1c8, pc 0x01c42ae7d734]
[marking 0x03b557d7e799 <JSFunction searchCpcOnlyFrontier (sfi = 000001183D3FBC49)> for optimization to MAGLEV, ConcurrencyMode::kConcurrent, reason: hot and stable]
[compiling method 0x03b557d7e799 <JSFunction searchCpcOnlyFrontier (sfi = 000001183D3FBC49)> (target MAGLEV), mode: ConcurrencyMode::kConcurrent]
[completed compiling 0x02f37f520d69 <JSFunction playableCell (sfi = 00000182A7E99841)> (target MAGLEV) - took 0.000, 0.076, 0.004 ms]
[completed compiling 0x03b557d5a221 <JSFunction storeConnect4RbaSharedExactCache32 (sfi = 000003B557D54371)> (target TURBOFAN_JS) - took 0.002, 1.907, 0.029 ms]
[completed optimizing 0x03b557d5a221 <JSFunction storeConnect4RbaSharedExactCache32 (sfi = 000003B557D54371)> (target TURBOFAN_JS)]
[bailout (kind: deopt-lazy, reason: (unknown)): begin. deoptimizing 0x03b557d7e799 <JSFunction searchCpcOnlyFrontier (sfi = 000001183D3FBC49)>, 0x00c6d03f8681 <Code MAGLEV>, opt id 56, bytecode offset 2072, deopt exit 205, FP to SP delta 608, caller SP 0x0023781fa498, pc 0x01c42ae7d734]
[bailout (kind: deopt-lazy, reason: (unknown)): begin. deoptimizing 0x03b557d7e799 <JSFunction searchCpcOnlyFrontier (sfi = 000001183D3FBC49)>, 0x00c6d03f8681 <Code MAGLEV>, opt id 56, bytecode offset 2072, deopt exit 205, FP to SP delta 608, caller SP 0x0023781fa768, pc 0x01c42ae7d734]
[bailout (kind: deopt-lazy, reason: (unknown)): begin. deoptimizing 0x03b557d7e799 <JSFunction searchCpcOnlyFrontier (sfi = 000001183D3FBC49)>, 0x00c6d03f8681 <Code MAGLEV>, opt id 56, bytecode offset 2072, deopt exit 205, FP to SP delta 608, caller SP 0x0023781faa38, pc 0x01c42ae7d734]
[bailout (kind: deopt-lazy, reason: (unknown)): begin. deoptimizing 0x03b557d7e799 <JSFunction searchCpcOnlyFrontier (sfi = 000001183D3FBC49)>, 0x00c6d03f8681 <Code MAGLEV>, opt id 56, bytecode offset 2072, deopt exit 205, FP to SP delta 608, caller SP 0x0023781fad08, pc 0x01c42ae7d734]
[bailout (kind: deopt-lazy, reason: (unknown)): begin. deoptimizing 0x03b557d7e799 <JSFunction searchCpcOnlyFrontier (sfi = 000001183D3FBC49)>, 0x00c6d03f8681 <Code MAGLEV>, opt id 56, bytecode offset 2072, deopt exit 205, FP to SP delta 608, caller SP 0x0023781fafd8, pc 0x01c42ae7d734]
[completed compiling 0x002178d46cb1 <JSFunction deriveForkPreemption32 (sfi = 0000029EAFC20AA9)> (target MAGLEV) - took 0.001, 1.190, 0.014 ms]
[marking 0x03b557d57c61 <JSFunction connect4RbaCanonicalize (sfi = 000003B557D48221)> for optimization to TURBOFAN_JS, ConcurrencyMode::kConcurrent, reason: hot and stable]
[compiling method 0x03b557d57c61 <JSFunction connect4RbaCanonicalize (sfi = 000003B557D48221)> (target TURBOFAN_JS), mode: ConcurrencyMode::kConcurrent]
[marking 0x002178d46c31 <JSFunction playableCell (sfi = 0000029EAFC20A19)> for optimization to MAGLEV, ConcurrencyMode::kConcurrent, reason: hot and stable]
[compiling method 0x002178d46c31 <JSFunction playableCell (sfi = 0000029EAFC20A19)> (target MAGLEV), mode: ConcurrencyMode::kConcurrent]
[bailout (kind: deopt-lazy, reason: (unknown)): begin. deoptimizing 0x01c52c7cb769 <JSFunction searchCpcOnlyFrontier (sfi = 00000182A7E8A5D1)>, 0x006eadf41589 <Code MAGLEV>, opt id 69, bytecode offset 2072, deopt exit 193, FP to SP delta 608, caller SP 0x0023789fb538, pc 0x01c45ae6d606]
[completed compiling 0x0182a7ea61d1 <JSFunction connect4RbaCanonicalize (sfi = 00000182A7E96751)> (target TURBOFAN_JS) - took 0.003, 8.319, 0.038 ms]
[completed optimizing 0x0182a7ea61d1 <JSFunction connect4RbaCanonicalize (sfi = 00000182A7E96751)> (target TURBOFAN_JS)]
[marking 0x02edcc9e5029 <JSFunction evaluateConnect4CpcNonterminal32 (sfi = 000002EDCC9D7BE1)> for optimization to TURBOFAN_JS, ConcurrencyMode::kConcurrent, reason: hot and stable]
[compiling method 0x02edcc9e5029 <JSFunction evaluateConnect4CpcNonterminal32 (sfi = 000002EDCC9D7BE1)> (target TURBOFAN_JS), mode: ConcurrencyMode::kConcurrent]
[marking 0x012c474efbe1 <JSFunction connect4RbaCanonicalize (sfi = 0000012C474E0191)> for optimization to TURBOFAN_JS, ConcurrencyMode::kConcurrent, reason: hot and stable]
[completed compiling 0x015eea9b2cc9 <JSFunction connect4RbaCanonicalize (sfi = 0000015EEA9A3279)> (target TURBOFAN_JS) - took 0.002, 6.464, 0.047 ms]
[completed optimizing 0x015eea9b2cc9 <JSFunction connect4RbaCanonicalize (sfi = 0000015EEA9A3279)> (target TURBOFAN_JS)]
[marking 0x01d0391c6cf1 <JSFunction pairedResponseNoWin (sfi = 0000015EEA9A6441)> for optimization to TURBOFAN_JS, ConcurrencyMode::kConcurrent, reason: hot and stable]
[compiling method 0x01d0391c6cf1 <JSFunction pairedResponseNoWin (sfi = 0000015EEA9A6441)> (target TURBOFAN_JS), mode: ConcurrencyMode::kConcurrent]
[completed compiling 0x029eafc2c229 <JSFunction publishSpan32 (sfi = 0000029EAFC165F1)> (target TURBOFAN_JS) - took 0.003, 0.699, 0.012 ms]
[completed optimizing 0x029eafc2c229 <JSFunction publishSpan32 (sfi = 0000029EAFC165F1)> (target TURBOFAN_JS)]
[bailout (kind: deopt-eager, reason: Insufficient type feedback for binary operation): begin. deoptimizing [bailout (kind: deopt-eager, reason: Insufficient type feedback for binary operation): begin. deoptimizing 0x0182a7ea6191 0x02edcc9e45c9 <JSFunction connect4RbaCofactorKnownHeight (sfi = 00000182A7E96709)><JSFunction connect4RbaCofactorKnownHeight (sfi = 000002EDCC9D4B81)>, , 0x00edfe7a37190x0130ec07b219  <Code <Code TURBOFAN_JSTURBOFAN_JS>>, opt id 27, bytecode offset 461, deopt exit 228, FP to SP delta 304, caller SP 0x0023779f8808, pc 0x01c3fae128e2]
, opt id 25, bytecode offset 461, deopt exit 228, FP to SP delta 304, caller SP 0x0023789f8528, pc 0x01c45ae1e9a2]
[bailout (kind: deopt-eager, reason: Insufficient type feedback for call): begin. deoptimizing 0x01c52c7cb769 <JSFunction searchCpcOnlyFrontier (sfi = 00000182A7E8A5D1)>, 0x006eadf4ac69 <Code MAGLEV>, opt id 80, bytecode offset 974, deopt exit 166, FP to SP delta 608, caller SP 0x0023789f87f8, pc 0x01c45ae7745f]
[bailout (kind: deopt-eager, reason: Insufficient type feedback for call): begin. deoptimizing 0x0053881c7951 <JSFunction searchCpcOnlyFrontier (sfi = 000002EDCC9C8A31)>, 0x00127e76e281 <Code MAGLEV>, opt id 53, bytecode offset 974, deopt exit 167, FP to SP delta 608, caller SP 0x0023779f8ad8, pc 0x01c3fae8acbf]
[marking 0x012c474efbe1 [bailout (kind: deopt-lazy, reason: (unknown)): begin. deoptimizing 0x01c52c7cb769 <JSFunction searchCpcOnlyFrontier (sfi = 00000182A7E8A5D1)>, 0x006eadf4ac69 [bailout (kind: deopt-lazy, reason: (unknown)): begin. deoptimizing <Code <JSFunction connect4RbaCanonicalize (sfi = 0000012C474E0191)>MAGLEV0x0053881c7951 for optimization to TURBOFAN_JS, ConcurrencyMode::kConcurrent, reason: hot and stable>]
 , opt id 80, bytecode offset 2072, deopt exit 192, FP to SP delta 608, caller SP 0x0023789f8ac8, pc 0x01c45ae774c7]
<JSFunction searchCpcOnlyFrontier (sfi = 000002EDCC9C8A31)>, 0x00127e76e281 <Code MAGLEV>, opt id 53, bytecode offset 2072, deopt exit 193, FP to SP delta 608, caller SP 0x0023779f8da8, pc 0x01c3fae8ad27]
[bailout (kind: deopt-lazy, reason: (unknown)): begin. deoptimizing 0x01c52c7cb769 <JSFunction searchCpcOnlyFrontier (sfi = 00000182A7E8A5D1)>, 0x006eadf4ac69 <Code MAGLEV>, opt id 80, bytecode offset 2072, deopt exit 192, FP to SP delta 608, caller SP 0x0023789f8d98, pc 0x01c45ae774c7]
[compiling method 0x012c474efbe1 <JSFunction connect4RbaCanonicalize (sfi = 0000012C474E0191)> (target TURBOFAN_JS), mode: ConcurrencyMode::kConcurrent]
[bailout (kind: deopt-lazy, reason: (unknown)): begin. deoptimizing 0x0053881c7951 <JSFunction searchCpcOnlyFrontier (sfi = 000002EDCC9C8A31)>, 0x00127e76e281 <Code MAGLEV>, opt id 53, bytecode offset 2072, deopt exit 193, FP to SP delta 608, caller SP 0x0023779f9078, pc 0x01c3fae8ad27]
[bailout (kind: deopt-lazy, reason: (unknown)): begin. deoptimizing 0x01c52c7cb769 <JSFunction searchCpcOnlyFrontier (sfi = 00000182A7E8A5D1)>, 0x006eadf4ac69 <Code MAGLEV>, opt id 80, bytecode offset 2072, deopt exit 192, FP to SP delta 608, caller SP 0x0023789f9068, pc 0x01c45ae774c7]
[bailout (kind: deopt-lazy, reason: (unknown)): begin. deoptimizing 0x0053881c7951 <JSFunction searchCpcOnlyFrontier (sfi = 000002EDCC9C8A31)>, 0x00127e76e281 <Code MAGLEV>, opt id 53, bytecode offset 2072, deopt exit 193, FP to SP delta 608, caller SP 0x0023779f9348, pc 0x01c3fae8ad27]
[bailout (kind: deopt-lazy, reason: (unknown)): begin. deoptimizing 0x01c52c7cb769 <JSFunction searchCpcOnlyFrontier (sfi = 00000182A7E8A5D1)>, 0x006eadf4ac69 <Code MAGLEV>, opt id 80, bytecode offset 2072, deopt exit 192, FP to SP delta 608, caller SP 0x0023789f9338, pc 0x01c45ae774c7]
[bailout (kind: deopt-lazy, reason: (unknown)): begin. deoptimizing 0x0053881c7951 <JSFunction searchCpcOnlyFrontier (sfi = 000002EDCC9C8A31)>, 0x00127e76e281 <Code MAGLEV>, opt id 53, bytecode offset 2072, deopt exit 193, FP to SP delta 608, caller SP 0x0023779f9618, pc 0x01c3fae8ad27]
[bailout (kind: deopt-lazy, reason: (unknown)): begin. deoptimizing 0x01c52c7cb769 <JSFunction searchCpcOnlyFrontier (sfi = 00000182A7E8A5D1)>, 0x006eadf4ac69 <Code MAGLEV>, opt id 80, bytecode offset 2072, deopt exit 192, FP to SP delta 608, caller SP 0x0023789f9608, pc 0x01c45ae774c7]
[bailout (kind: deopt-lazy, reason: (unknown)): begin. deoptimizing 0x0053881c7951 <JSFunction searchCpcOnlyFrontier (sfi = 000002EDCC9C8A31)>, 0x00127e76e281 <Code MAGLEV>, opt id 53, bytecode offset 2072, deopt exit 193, FP to SP delta 608, caller SP 0x0023779f98e8, pc 0x01c3fae8ad27]
[marking 0x0182a7ea6191 <JSFunction connect4RbaCofactorKnownHeight (sfi = 00000182A7E96709)> for optimization to MAGLEV, ConcurrencyMode::kConcurrent, reason: hot and stable]
[marking 0x02edcc9e45c9 <JSFunction connect4RbaCofactorKnownHeight (sfi = 000002EDCC9D4B81)> for optimization to MAGLEV, ConcurrencyMode::kConcurrent, reason: hot and stable]
[compiling method 0x0182a7ea6191 <JSFunction connect4RbaCofactorKnownHeight (sfi = 00000182A7E96709)> (target MAGLEV), mode: ConcurrencyMode::kConcurrent]
[compiling method 0x02edcc9e45c9 <JSFunction connect4RbaCofactorKnownHeight (sfi = 000002EDCC9D4B81)> (target MAGLEV), mode: ConcurrencyMode::kConcurrent]
[completed compiling 0x029eafc2d271 <JSFunction connect4RbaCofactorKnownHeight (sfi = 0000029EAFC1D8E1)> (target TURBOFAN_JS) - took 0.002, 13.460, 0.065 ms]
[completed optimizing 0x029eafc2d271 <JSFunction connect4RbaCofactorKnownHeight (sfi = 0000029EAFC1D8E1)> (target TURBOFAN_JS)]
[bailout (kind: deopt-lazy, reason: (unknown)): begin. deoptimizing 0x01c52c7cb769 <JSFunction searchCpcOnlyFrontier (sfi = 00000182A7E8A5D1)>, 0x006eadf4ac69 <Code MAGLEV>, opt id 80, bytecode offset 2072, deopt exit 192, FP to SP delta 608, caller SP 0x0023789f98d8, pc 0x01c45ae774c7]
[bailout (kind: deopt-lazy, reason: (unknown)): begin. deoptimizing 0x0053881c7951 <JSFunction searchCpcOnlyFrontier (sfi = 000002EDCC9C8A31)>, 0x00127e76e281 <Code MAGLEV>, opt id 53, bytecode offset 2072, deopt exit 193, FP to SP delta 608, caller SP 0x0023779f9bb8, pc 0x01c3fae8ad27]
[marking 0x01c52c7cd279 <JSFunction subsetDensePrepared (sfi = 00000182A7E921A9)> for optimization to TURBOFAN_JS, ConcurrencyMode::kConcurrent, reason: hot and stable]
[compiling method 0x01c52c7cd279 <JSFunction subsetDensePrepared (sfi = 00000182A7E921A9)> (target TURBOFAN_JS), mode: ConcurrencyMode::kConcurrent]
[marking 0x0053881c7951 <JSFunction searchCpcOnlyFrontier (sfi = 000002EDCC9C8A31)> for optimization to MAGLEV, ConcurrencyMode::kConcurrent, reason: hot and stable]
[compiling method 0x0053881c7951 <JSFunction searchCpcOnlyFrontier (sfi = 000002EDCC9C8A31)> (target MAGLEV), mode: ConcurrencyMode::kConcurrent]
[marking 0x01c52c7cb769 <JSFunction searchCpcOnlyFrontier (sfi = 00000182A7E8A5D1)> for optimization to MAGLEV, ConcurrencyMode::kConcurrent, reason: hot and stable]
[compiling method 0x01c52c7cb769 <JSFunction searchCpcOnlyFrontier (sfi = 00000182A7E8A5D1)> (target MAGLEV), mode: ConcurrencyMode::kConcurrent]
[bailout (kind: deopt-lazy, reason: (unknown)): begin. deoptimizing 0x0053881c7951 <JSFunction searchCpcOnlyFrontier (sfi = 000002EDCC9C8A31)>, 0x00127e76e281 <Code MAGLEV>, opt id 53, bytecode offset 2072, deopt exit 193, FP to SP delta 608, caller SP 0x0023779f9e88, pc 0x01c3fae8ad27]
[bailout (kind: deopt-lazy, reason: (unknown)): begin. deoptimizing 0x01c52c7cb769 <JSFunction searchCpcOnlyFrontier (sfi = 00000182A7E8A5D1)>, 0x006eadf4ac69 <Code MAGLEV>, opt id 80, bytecode offset 2072, deopt exit 192, FP to SP delta 608, caller SP 0x0023789f9ba8, pc 0x01c45ae774c7]
[marking dependent code 0x0091dde41571 <Code MAGLEV> (0x036ca9020bd1 <SharedFunctionInfo next>) (opt id 2) for deoptimization, reason: embedded weak objects cleared]
[bailout (kind: deopt-lazy, reason: (unknown)): begin. deoptimizing [bailout (kind: deopt-lazy, reason: (unknown)): begin. deoptimizing 0x0053881c7951 0x01c52c7cb769 <JSFunction searchCpcOnlyFrontier (sfi = 000002EDCC9C8A31)>, <JSFunction searchCpcOnlyFrontier (sfi = 00000182A7E8A5D1)>0x00127e76e281,  <Code MAGLEV>0x006eadf4ac69, opt id 53, bytecode offset 2072, deopt exit 193, FP to SP delta 608, caller SP 0x0023779fa158, pc 0x01c3fae8ad27]
 <Code MAGLEV>, opt id 80, bytecode offset 2072, deopt exit 192, FP to SP delta 608, caller SP 0x0023789f9e78, pc 0x01c45ae774c7]
[bailout (kind: deopt-lazy, reason: (unknown)): begin. deoptimizing 0x01c52c7cb769 [bailout (kind: deopt-lazy, reason: (unknown)): begin. deoptimizing <JSFunction searchCpcOnlyFrontier (sfi = 00000182A7E8A5D1)>0x0053881c7951,  0x006eadf4ac69 <Code MAGLEV>, opt id 80, bytecode offset 2072, deopt exit 192, FP to SP delta 608, caller SP 0x0023789fa148, pc 0x01c45ae774c7]
<JSFunction searchCpcOnlyFrontier (sfi = 000002EDCC9C8A31)>, 0x00127e76e281 <Code MAGLEV>, opt id 53, bytecode offset 2072, deopt exit 193, FP to SP delta 608, caller SP 0x0023779fa428, pc 0x01c3fae8ad27]
[marking 0x003d012db7c9 [completed compiling <JSFunction probeConnect4RbaExactCacheSlot32Frontier (sfi = 000001F714DC3CE1)> for optimization to TURBOFAN_JS, ConcurrencyMode::kConcurrent, reason: hot and stable0x002178d46c71]
 <JSFunction collectSingletonProfiles (sfi = 0000029EAFC20A61)> (target TURBOFAN_JS) - took 0.004, 2.649, 0.018 ms]
[completed optimizing 0x002178d46c71 <JSFunction collectSingletonProfiles (sfi = 0000029EAFC20A61)> (target TURBOFAN_JS)]
[compiling method 0x003d012db7c9 <JSFunction probeConnect4RbaExactCacheSlot32Frontier (sfi = 000001F714DC3CE1)> (target TURBOFAN_JS), mode: ConcurrencyMode::kConcurrent]
[bailout (kind: deopt-lazy, reason: (unknown)): begin. deoptimizing [bailout (kind: deopt-lazy, reason: (unknown)): begin. deoptimizing 0x0053881c7951 0x01c52c7cb769 <JSFunction searchCpcOnlyFrontier (sfi = 000002EDCC9C8A31)>, <JSFunction searchCpcOnlyFrontier (sfi = 00000182A7E8A5D1)>, 0x00127e76e281 <Code MAGLEV>, opt id 53, bytecode offset 2072, deopt exit 193, FP to SP delta 608, caller SP 0x0023779fa6f8, pc 0x01c3fae8ad27]
0x006eadf4ac69 <Code MAGLEV>, opt id 80, bytecode offset 2072, deopt exit 192, FP to SP delta 608, caller SP 0x0023789fa418, pc 0x01c45ae774c7]
[bailout (kind: deopt-eager, reason: Insufficient type feedback for generic keyed access): begin. deoptimizing 0x029eafc2dcd1 <JSFunction evaluateConnect4CpcNonterminal32 (sfi = 0000029EAFC20941)>, 0x00b4d3cd46c9 <Code MAGLEV>, opt id 32, bytecode offset 264, deopt exit 59, FP to SP delta 192, caller SP 0x0023799f87d8, pc 0x01c4cb60fe2d]
[11144:000001C1FA9F7000]      203 ms: Mark-Compact 8.5 (11.9) -> 6.3 (11.9) MB, pooled: 0.0 MB, 6.27 / 0.00 ms (average mu = 0.969, current mu = 0.969) background allocation failure; GC in old space requested
[marking 0x002178d46251 <JSFunction permutePair3 (sfi = 0000029EAFC193C9)> for optimization to TURBOFAN_JS, ConcurrencyMode::kConcurrent, reason: hot and stable]
[completed compiling 0x03b557d7e799 <JSFunction searchCpcOnlyFrontier (sfi = 000001183D3FBC49)> (target MAGLEV) - took 0.000, 9.078, 0.024 ms]
[bailout (kind: deopt-eager, reason: overflow): begin. deoptimizing 0x01d0391c7951 <JSFunction searchCpcOnlyFrontier (sfi = 0000015EEA9970C9)>, 0x004795ad6ff9 <Code MAGLEV>, opt id 59, bytecode offset 1029, deopt exit 82, FP to SP delta 608, caller SP 0x00237a1f8db8, pc 0x01c4eb67b186]
[bailout (kind: deopt-lazy, reason: (unknown)): begin. deoptimizing 0x01d0391c7951 <JSFunction searchCpcOnlyFrontier (sfi = 0000015EEA9970C9)>, 0x004795ad6ff9 <Code MAGLEV>, opt id 59, bytecode offset 2072, deopt exit 204, FP to SP delta 608, caller SP 0x00237a1f9088, pc 0x01c4eb67b36e]
[bailout (kind: deopt-lazy, reason: (unknown)): begin. deoptimizing [completed compiling 0x01d0391c7951 <JSFunction searchCpcOnlyFrontier (sfi = 0000015EEA9970C9)>0x03b557d56c19,  0x004795ad6ff9 <Code MAGLEV>, opt id 59, bytecode offset 2072, deopt exit 204, FP to SP delta 608, caller SP 0x00237a1f9358, pc 0x01c4eb67b36e]
<JSFunction mixSpan32Locator32 (sfi = 000003B557D40F79)> (target TURBOFAN_JS) - took 0.002, 0.915, 0.018 ms]
[completed optimizing 0x03b557d56c19 <JSFunction mixSpan32Locator32 (sfi = 000003B557D40F79)> (target TURBOFAN_JS)]
[bailout (kind: deopt-lazy, reason: (unknown)): begin. deoptimizing 0x01d0391c7951 <JSFunction searchCpcOnlyFrontier (sfi = 0000015EEA9970C9)>, 0x004795ad6ff9 <Code MAGLEV>, opt id 59, bytecode offset 2072, deopt exit 204, FP to SP delta 608, caller SP 0x00237a1f9628, pc 0x01c4eb67b36e]
[bailout (kind: deopt-lazy, reason: (unknown)): begin. deoptimizing 0x01d0391c7951 <JSFunction searchCpcOnlyFrontier (sfi = 0000015EEA9970C9)>, 0x004795ad6ff9 <Code MAGLEV>, opt id 59, bytecode offset 2072, deopt exit 204, FP to SP delta 608, caller SP 0x00237a1f98f8, pc 0x01c4eb67b36e]
[marking 0x03bc6f511449 <JSFunction searchCpcOnlyFrontier (sfi = 0000012C474D3FF9)> for optimization to TURBOFAN_JS, ConcurrencyMode::kConcurrent, reason: hot and stable]
[compiling method 0x03bc6f511449 <JSFunction searchCpcOnlyFrontier (sfi = 0000012C474D3FF9)> (target TURBOFAN_JS), mode: ConcurrencyMode::kConcurrent]
[bailout (kind: deopt-lazy, reason: (unknown)): begin. deoptimizing 0x01d0391c7951 <JSFunction searchCpcOnlyFrontier (sfi = 0000015EEA9970C9)>, 0x004795ad6ff9 <Code MAGLEV>, opt id 59, bytecode offset 2072, deopt exit 204, FP to SP delta 608, caller SP 0x00237a1f9bc8, pc 0x01c4eb67b36e]
[bailout (kind: deopt-lazy, reason: (unknown)): begin. deoptimizing 0x01d0391c7951 <JSFunction searchCpcOnlyFrontier (sfi = 0000015EEA9970C9)>, 0x004795ad6ff9 <Code MAGLEV>, opt id 59, bytecode offset 2072, deopt exit 204, FP to SP delta 608, caller SP 0x00237a1f9e98, pc 0x01c4eb67b36e]
[bailout (kind: deopt-lazy, reason: (unknown)): begin. deoptimizing 0x01d0391c7951 <JSFunction searchCpcOnlyFrontier (sfi = 0000015EEA9970C9)>, 0x004795ad6ff9 <Code MAGLEV>, opt id 59, bytecode offset 2072, deopt exit 204, FP to SP delta 608, caller SP 0x00237a1fa168, pc 0x01c4eb67b36e]
[marking 0x01f714de0e49 <JSFunction popcount3x32 (sfi = 000001F714DD7D41)> for optimization to TURBOFAN_JS, ConcurrencyMode::kConcurrent, reason: hot and stable]
[bailout (kind: deopt-lazy, reason: (unknown)): begin. deoptimizing 0x01d0391c7951 <JSFunction searchCpcOnlyFrontier (sfi = 0000015EEA9970C9)>, 0x004795ad6ff9 <Code MAGLEV>, opt id 59, bytecode offset 2072, deopt exit 204, FP to SP delta 608, caller SP 0x00237a1fa438, pc 0x01c4eb67b36e]
[marking 0x002178d46251 <JSFunction permutePair3 (sfi = 0000029EAFC193C9)> for optimization to TURBOFAN_JS, ConcurrencyMode::kConcurrent, reason: hot and stable]
[bailout (kind: deopt-lazy, reason: (unknown)): begin. deoptimizing 0x01d0391c7951 <JSFunction searchCpcOnlyFrontier (sfi = 0000015EEA9970C9)>, 0x004795ad6ff9 <Code MAGLEV>, opt id 59, bytecode offset 2072, deopt exit 204, FP to SP delta 608, caller SP 0x00237a1fa708, pc 0x01c4eb67b36e]
[bailout (kind: deopt-lazy, reason: (unknown)): begin. deoptimizing 0x01d0391c7951 <JSFunction searchCpcOnlyFrontier (sfi = 0000015EEA9970C9)>, 0x004795ad6ff9 <Code MAGLEV>, opt id 59, bytecode offset 2072, deopt exit 204, FP to SP delta 608, caller SP 0x00237a1fa9d8, pc 0x01c4eb67b36e]
[bailout (kind: deopt-lazy, reason: (unknown)): begin. deoptimizing 0x01d0391c7951 <JSFunction searchCpcOnlyFrontier (sfi = 0000015EEA9970C9)>, 0x004795ad6ff9 <Code MAGLEV>, opt id 59, bytecode offset 2072, deopt exit 204, FP to SP delta 608, caller SP 0x00237a1faca8, pc 0x01c4eb67b36e]
[bailout (kind: deopt-lazy, reason: (unknown)): begin. deoptimizing 0x03b557d7e799 <JSFunction searchCpcOnlyFrontier (sfi = 000001183D3FBC49)>, 0x00c6d03f8681 <Code MAGLEV>, opt id 56, bytecode offset 2072, deopt exit 205, FP to SP delta 608, caller SP 0x0023781fb2a8, pc 0x01c42ae7d734]
[bailout (kind: deopt-lazy, reason: (unknown)): begin. deoptimizing 0x03b557d7e799 <JSFunction searchCpcOnlyFrontier (sfi = 000001183D3FBC49)>, 0x00c6d03f8681 <Code MAGLEV>, opt id 56, bytecode offset 2072, deopt exit 205, FP to SP delta 608, caller SP 0x0023781fb578, pc 0x01c42ae7d734]
[marking 0x029eafc2dcd1 <JSFunction evaluateConnect4CpcNonterminal32 (sfi = 0000029EAFC20941)> for optimization to MAGLEV, ConcurrencyMode::kConcurrent, reason: hot and stable]
[compiling method 0x029eafc2dcd1 <JSFunction evaluateConnect4CpcNonterminal32 (sfi = 0000029EAFC20941)> (target MAGLEV), mode: ConcurrencyMode::kConcurrent]
[marking 0x01d0391c7951 <JSFunction searchCpcOnlyFrontier (sfi = 0000015EEA9970C9)> for optimization to MAGLEV, ConcurrencyMode::kConcurrent, reason: hot and stable]
[compiling method 0x01d0391c7951 <JSFunction searchCpcOnlyFrontier (sfi = 0000015EEA9970C9)> (target MAGLEV), mode: ConcurrencyMode::kConcurrent]
[marking [bailout (kind: deopt-lazy, reason: (unknown)): begin. deoptimizing 0x01d0391c7951 0x002178d46251 <JSFunction searchCpcOnlyFrontier (sfi = 0000015EEA9970C9)>, 0x004795ad6ff9 <Code MAGLEV>, opt id 59, bytecode offset 2072, deopt exit 204, FP to SP delta 608, caller SP 0x00237a1faf78, pc 0x01c4eb67b36e]
<JSFunction permutePair3 (sfi = 0000029EAFC193C9)> for optimization to TURBOFAN_JS, ConcurrencyMode::kConcurrent, reason: hot and stable]
[marking 0x0182a7ea7a19 <JSFunction evaluateConnect4LiveLine3x32 (sfi = 00000182A7E9BD79)> for optimization to TURBOFAN_JS, ConcurrencyMode::kConcurrent, reason: hot and stable]
[completed compiling 0x0182a7ea6191 <JSFunction connect4RbaCofactorKnownHeight (sfi = 00000182A7E96709)> (target MAGLEV) - took 0.000, 2.387, 0.011 ms]
[completed compiling 0x00598e9766e9 <JSFunction probeConnect4RbaExactCacheSlot32Frontier (sfi = 000001183D3FBAE1)> (target TURBOFAN_JS) - took 0.001, 4.188, 0.037 ms]
[completed optimizing 0x00598e9766e9 <JSFunction probeConnect4RbaExactCacheSlot32Frontier (sfi = 000001183D3FBAE1)> (target TURBOFAN_JS)]
[marking 0x0108f96796c9 <JSFunction absToRelativeFrontier (sfi = 000001F714DC3DB9)> for optimization to MAGLEV, ConcurrencyMode::kConcurrent, reason: hot and stable]
[compiling method 0x0108f96796c9 <JSFunction absToRelativeFrontier (sfi = 000001F714DC3DB9)> (target MAGLEV), mode: ConcurrencyMode::kConcurrent]
[bailout (kind: deopt-lazy, reason: (unknown)): begin. deoptimizing 0x01d0391c7951 <JSFunction searchCpcOnlyFrontier (sfi = 0000015EEA9970C9)>, 0x004795ad6ff9 <Code MAGLEV>, opt id 59, bytecode offset 2072, deopt exit 204, FP to SP delta 608, caller SP 0x00237a1fb248, pc 0x01c4eb67b36e]
[bailout (kind: deopt-lazy, reason: (unknown)): begin. deoptimizing 0x01d0391c7951 <JSFunction searchCpcOnlyFrontier (sfi = 0000015EEA9970C9)>, 0x004795ad6ff9 <Code MAGLEV>, opt id 59, bytecode offset 2072, deopt exit 204, FP to SP delta 608, caller SP 0x00237a1fb518, pc 0x01c4eb67b36e]
[completed compiling 0x015eea9b36e9 <JSFunction evaluateConnect4CpcNonterminal32 (sfi = 0000015EEA9A6291)> (target TURBOFAN_JS) - took 0.003, 11.108, 0.053 ms]
[completed optimizing 0x015eea9b36e9 <JSFunction evaluateConnect4CpcNonterminal32 (sfi = 0000015EEA9A6291)> (target TURBOFAN_JS)]
[bailout (kind: deopt-lazy, reason: (unknown)): begin. deoptimizing 0x01c52c7cb769 <JSFunction searchCpcOnlyFrontier (sfi = 00000182A7E8A5D1)>, 0x006eadf4ac69 <Code MAGLEV>, opt id 80, bytecode offset 2072, deopt exit 192, FP to SP delta 608, caller SP 0x0023789fa6e8, pc 0x01c45ae774c7]
[bailout (kind: deopt-lazy, reason: (unknown)): begin. deoptimizing 0x0053881c7951 <JSFunction searchCpcOnlyFrontier (sfi = 000002EDCC9C8A31)>, 0x00127e76e281 <Code MAGLEV>, opt id 53, bytecode offset 2072, deopt exit 193, FP to SP delta 608, caller SP 0x0023779fa9c8, pc 0x01c3fae8ad27]
[bailout (kind: deopt-lazy, reason: (unknown)): begin. deoptimizing 0x01c52c7cb769 <JSFunction searchCpcOnlyFrontier (sfi = 00000182A7E8A5D1)>, 0x006eadf4ac69 <Code MAGLEV>, opt id 80, bytecode offset 2072, deopt exit 192, FP to SP delta 608, caller SP 0x0023789fa9b8, pc 0x01c45ae774c7]
[bailout (kind: deopt-lazy, reason: (unknown)): begin. deoptimizing 0x01c52c7cb769 <JSFunction searchCpcOnlyFrontier (sfi = 00000182A7E8A5D1)>, 0x006eadf4ac69 <Code MAGLEV>, opt id 80, bytecode offset 2072, deopt exit 192, FP to SP delta 608, caller SP 0x0023789fac88, pc 0x01c45ae774c7]
[bailout (kind: deopt-lazy, reason: (unknown)): begin. deoptimizing 0x01c52c7cb769 <JSFunction searchCpcOnlyFrontier (sfi = 00000182A7E8A5D1)>, 0x006eadf4ac69 <Code MAGLEV>, opt id 80, bytecode offset 2072, deopt exit 192, FP to SP delta 608, caller SP 0x0023789faf58, pc 0x01c45ae774c7]
[bailout (kind: deopt-lazy, reason: (unknown)): begin. deoptimizing 0x0053881c7951 <JSFunction searchCpcOnlyFrontier (sfi = 000002EDCC9C8A31)>, 0x00127e76e281 <Code MAGLEV>, opt id 53, bytecode offset 2072, deopt exit 193, FP to SP delta 608, caller SP 0x0023779fac98, pc 0x01c3fae8ad27]
[bailout (kind: deopt-lazy, reason: (unknown)): begin. deoptimizing 0x01c52c7cb769 <JSFunction searchCpcOnlyFrontier (sfi = 00000182A7E8A5D1)>, 0x006eadf4ac69 <Code MAGLEV>, opt id 80, bytecode offset 2072, deopt exit 192, FP to SP delta 608, caller SP 0x0023789fb228, pc 0x01c45ae774c7]
[bailout (kind: deopt-lazy, reason: (unknown)): begin. deoptimizing 0x0053881c7951 <JSFunction searchCpcOnlyFrontier (sfi = 000002EDCC9C8A31)>, 0x00127e76e281 <Code MAGLEV>, opt id 53, bytecode offset 2072, deopt exit 193, FP to SP delta 608, caller SP 0x0023779faf68, pc 0x01c3fae8ad27]
[bailout (kind: deopt-lazy, reason: (unknown)): begin. deoptimizing 0x0053881c7951 <JSFunction searchCpcOnlyFrontier (sfi = 000002EDCC9C8A31)>, 0x00127e76e281 <Code MAGLEV>, opt id 53, bytecode offset 2072, deopt exit 193, FP to SP delta 608, caller SP 0x0023779fb238, pc 0x01c3fae8ad27]
[bailout (kind: deopt-lazy, reason: (unknown)): begin. deoptimizing 0x0053881c7951 <JSFunction searchCpcOnlyFrontier (sfi = 000002EDCC9C8A31)>, 0x00127e76e281 <Code MAGLEV>, opt id 53, bytecode offset 2072, deopt exit 193, FP to SP delta 608, caller SP 0x0023779fb508, pc 0x01c3fae8ad27]
[bailout (kind: deopt-lazy, reason: (unknown)): begin. deoptimizing 0x0053881c7951 <JSFunction searchCpcOnlyFrontier (sfi = 000002EDCC9C8A31)>, 0x00127e76e281 <Code MAGLEV>, opt id 53, bytecode offset 2072, deopt exit 193, FP to SP delta 608, caller SP 0x0023779fb7d8, pc 0x01c3fae8ad27]
[marking 0x01f714de0e49 <JSFunction popcount3x32 (sfi = 000001F714DD7D41)> for optimization to TURBOFAN_JS, ConcurrencyMode::kConcurrent, reason: hot and stable]
[compiling method 0x01f714de0e49 <JSFunction popcount3x32 (sfi = 000001F714DD7D41)> (target TURBOFAN_JS), mode: ConcurrencyMode::kConcurrent]
[completed compiling 0x01d0391c6cf1 <JSFunction pairedResponseNoWin (sfi = 0000015EEA9A6441)> (target TURBOFAN_JS) - took 0.002, 1.507, 0.015 ms]
[completed optimizing 0x01d0391c6cf1 <JSFunction pairedResponseNoWin (sfi = 0000015EEA9A6441)> (target TURBOFAN_JS)]
[marking 0x002178d46251 <JSFunction permutePair3 (sfi = 0000029EAFC193C9)> for optimization to TURBOFAN_JS, ConcurrencyMode::kConcurrent, reason: hot and stable]
[compiling method 0x002178d46251 <JSFunction permutePair3 (sfi = 0000029EAFC193C9)> (target TURBOFAN_JS), mode: ConcurrencyMode::kConcurrent]
[completed compiling 0x01c52c7cb769 <JSFunction searchCpcOnlyFrontier (sfi = 00000182A7E8A5D1)> (target MAGLEV) - took 0.000, 2.904, 0.020 ms]
[marking 0x029eafc2e801 <JSFunction popcount3x32 (sfi = 0000029EAFC25671)> for optimization to TURBOFAN_JS, ConcurrencyMode::kConcurrent, reason: hot and stable]
[compiling method 0x029eafc2e801 <JSFunction popcount3x32 (sfi = 0000029EAFC25671)> (target TURBOFAN_JS), mode: ConcurrencyMode::kConcurrent]
[marking 0x0182a7ea6191 <JSFunction connect4RbaCofactorKnownHeight (sfi = 00000182A7E96709)> for optimization to TURBOFAN_JS, ConcurrencyMode::kConcurrent, reason: hot and stable]
[marking 0x0182a7ea6191 <JSFunction connect4RbaCofactorKnownHeight (sfi = 00000182A7E96709)> for optimization to TURBOFAN_JS, ConcurrencyMode::kConcurrent, reason: hot and stable]
[marking 0x0182a7ea6191 <JSFunction connect4RbaCofactorKnownHeight (sfi = 00000182A7E96709)> for optimization to TURBOFAN_JS, ConcurrencyMode::kConcurrent, reason: hot and stable]
[marking 0x0182a7ea6191 <JSFunction connect4RbaCofactorKnownHeight (sfi = 00000182A7E96709)> for optimization to TURBOFAN_JS, ConcurrencyMode::kConcurrent, reason: hot and stable]
[marking 0x0182a7ea6191 <JSFunction connect4RbaCofactorKnownHeight (sfi = 00000182A7E96709)> for optimization to TURBOFAN_JS, ConcurrencyMode::kConcurrent, reason: hot and stable]
[marking 0x0182a7ea6191 <JSFunction connect4RbaCofactorKnownHeight (sfi = 00000182A7E96709)> for optimization to TURBOFAN_JS, ConcurrencyMode::kConcurrent, reason: hot and stable]
[marking 0x0182a7ea6191 <JSFunction connect4RbaCofactorKnownHeight (sfi = 00000182A7E96709)> for optimization to TURBOFAN_JS, ConcurrencyMode::kConcurrent, reason: hot and stable]
[marking 0x0182a7ea6191 <JSFunction connect4RbaCofactorKnownHeight (sfi = 00000182A7E96709)> for optimization to TURBOFAN_JS, ConcurrencyMode::kConcurrent, reason: hot and stable]
[marking 0x0182a7ea6191 <JSFunction connect4RbaCofactorKnownHeight (sfi = 00000182A7E96709)> for optimization to TURBOFAN_JS, ConcurrencyMode::kConcurrent, reason: hot and stable]
[completed compiling 0x02edcc9e45c9 <JSFunction connect4RbaCofactorKnownHeight (sfi = 000002EDCC9D4B81)> (target MAGLEV) - took 0.000, 1.496, 0.012 ms]
[marking 0x0182a7ea6191 <JSFunction connect4RbaCofactorKnownHeight (sfi = 00000182A7E96709)> for optimization to TURBOFAN_JS, ConcurrencyMode::kConcurrent, reason: hot and stable]
[marking 0x0053881c6bf1 <JSFunction cellMarked (sfi = 000002EDCC9D7C71)> for optimization to TURBOFAN_JS, ConcurrencyMode::kConcurrent, reason: hot and stable]
[marking 0x01f714ddfe59 <JSFunction firstSetBitIndex32 (sfi = 000001F714DD4519)> for optimization to MAGLEV, ConcurrencyMode::kConcurrent, reason: hot and stable]
[compiling method 0x01f714ddfe59 <JSFunction firstSetBitIndex32 (sfi = 000001F714DD4519)> (target MAGLEV), mode: ConcurrencyMode::kConcurrent]
[marking 0x0182a7ea6191 <JSFunction connect4RbaCofactorKnownHeight (sfi = 00000182A7E96709)> for optimization to TURBOFAN_JS, ConcurrencyMode::kConcurrent, reason: hot and stable]
[marking 0x0182a7ea6191 <JSFunction connect4RbaCofactorKnownHeight (sfi = 00000182A7E96709)> for optimization to TURBOFAN_JS, ConcurrencyMode::kConcurrent, reason: hot and stable]
[marking 0x0182a7ea6191 <JSFunction connect4RbaCofactorKnownHeight (sfi = 00000182A7E96709)> for optimization to TURBOFAN_JS, ConcurrencyMode::kConcurrent, reason: hot and stable]
[bailout (kind: deopt-eager, reason: Insufficient type feedback for binary operation): begin. deoptimizing 0x03bc6f5107a9 <JSFunction deriveForkPreemption32 (sfi = 0000012C474E3311)>, 0x03c2f8f9a6d9 <Code MAGLEV>, opt id 57, bytecode offset 582, deopt exit 87, FP to SP delta 232, caller SP 0x0023791f8fb8, pc 0x01c48b6891c5]
[marking 0x0182a7ea6191 <JSFunction connect4RbaCofactorKnownHeight (sfi = 00000182A7E96709)> for optimization to TURBOFAN_JS, ConcurrencyMode::kConcurrent, reason: hot and stable]
[marking 0x0182a7ea6191 <JSFunction connect4RbaCofactorKnownHeight (sfi = 00000182A7E96709)> for optimization to TURBOFAN_JS, ConcurrencyMode::kConcurrent, reason: hot and stable]
[marking 0x012c474f0601 <JSFunction evaluateConnect4CpcNonterminal32 (sfi = 0000012C474E31A9)> for optimization to TURBOFAN_JS, ConcurrencyMode::kConcurrent, reason: hot and stable]
[marking 0x0182a7ea6191 <JSFunction connect4RbaCofactorKnownHeight (sfi = 00000182A7E96709)> for optimization to TURBOFAN_JS, ConcurrencyMode::kConcurrent, reason: hot and stable]
[marking 0x0182a7ea6191 <JSFunction connect4RbaCofactorKnownHeight (sfi = 00000182A7E96709)> for optimization to TURBOFAN_JS, ConcurrencyMode::kConcurrent, reason: hot and stable]
[marking 0x0182a7ea6191 <JSFunction connect4RbaCofactorKnownHeight (sfi = 00000182A7E96709)> for optimization to TURBOFAN_JS, ConcurrencyMode::kConcurrent, reason: hot and stable]
[marking 0x03b557d58681 <JSFunction evaluateConnect4CpcNonterminal32 (sfi = 000003B557D4B239)> for optimization to TURBOFAN_JS, ConcurrencyMode::kConcurrent, reason: hot and stable]
[marking 0x0182a7ea6191 <JSFunction connect4RbaCofactorKnownHeight (sfi = 00000182A7E96709)> for optimization to TURBOFAN_JS, ConcurrencyMode::kConcurrent, reason: hot and stable]
[marking 0x0182a7ea6191 <JSFunction connect4RbaCofactorKnownHeight (sfi = 00000182A7E96709)> for optimization to TURBOFAN_JS, ConcurrencyMode::kConcurrent, reason: hot and stable]
[completed compiling 0x0053881c7951 <JSFunction searchCpcOnlyFrontier (sfi = 000002EDCC9C8A31)> (target MAGLEV) - took 0.000, 2.000, 0.021 ms]
[marking 0x0182a7ea6191 <JSFunction connect4RbaCofactorKnownHeight (sfi = 00000182A7E96709)> for optimization to TURBOFAN_JS, ConcurrencyMode::kConcurrent, reason: hot and stable]
[marking 0x0182a7ea6191 <JSFunction connect4RbaCofactorKnownHeight (sfi = 00000182A7E96709)> for optimization to TURBOFAN_JS, ConcurrencyMode::kConcurrent, reason: hot and stable]
[marking 0x0182a7ea6191 <JSFunction connect4RbaCofactorKnownHeight (sfi = 00000182A7E96709)> for optimization to TURBOFAN_JS, ConcurrencyMode::kConcurrent, reason: hot and stable]
[completed compiling 0x0108f96796c9 <JSFunction absToRelativeFrontier (sfi = 000001F714DC3DB9)> (target MAGLEV) - took 0.000, 0.055, 0.001 ms]
[marking 0x0182a7ea6191 <JSFunction connect4RbaCofactorKnownHeight (sfi = 00000182A7E96709)> for optimization to TURBOFAN_JS, ConcurrencyMode::kConcurrent, reason: hot and stable]
[marking 0x012c474f0601 <JSFunction evaluateConnect4CpcNonterminal32 (sfi = 0000012C474E31A9)> for optimization to TURBOFAN_JS, ConcurrencyMode::kConcurrent, reason: hot and stable[completed compiling ]
0x01f714ddfe59 <JSFunction firstSetBitIndex32 (sfi = 000001F714DD4519)> (target MAGLEV) - took 0.000, 0.044, 0.002 ms]
[marking 0x0182a7ea6191 <JSFunction connect4RbaCofactorKnownHeight (sfi = 00000182A7E96709)> for optimization to TURBOFAN_JS, ConcurrencyMode::kConcurrent, reason: hot and stable]
[marking 0x03bc6f5106e9 <JSFunction cellMarked (sfi = 0000012C474E3239)> for optimization to TURBOFAN_JS, ConcurrencyMode::kConcurrent, reason: hot and stable]
[marking 0x0182a7ea6191 <JSFunction connect4RbaCofactorKnownHeight (sfi = 00000182A7E96709)> for optimization to TURBOFAN_JS, ConcurrencyMode::kConcurrent, reason: hot and stable]
[marking 0x0182a7ea6191 <JSFunction connect4RbaCofactorKnownHeight (sfi = 00000182A7E96709)> for optimization to TURBOFAN_JS, ConcurrencyMode::kConcurrent, reason: hot and stable]
[marking 0x0182a7ea6191 <JSFunction connect4RbaCofactorKnownHeight (sfi = 00000182A7E96709)> for optimization to TURBOFAN_JS, ConcurrencyMode::kConcurrent, reason: hot and stable]
[marking 0x0053881c6bf1 <JSFunction cellMarked (sfi = 000002EDCC9D7C71)> for optimization to TURBOFAN_JS, ConcurrencyMode::kConcurrent, reason: hot and stable]
[marking 0x0182a7ea6191 <JSFunction connect4RbaCofactorKnownHeight (sfi = 00000182A7E96709)> for optimization to TURBOFAN_JS, ConcurrencyMode::kConcurrent, reason: hot and stable]
[bailout (kind: deopt-eager, reason: overflow): begin. deoptimizing 0x03bc6f511449 <JSFunction searchCpcOnlyFrontier (sfi = 0000012C474D3FF9)>, 0x03c2f8f946d1 <Code MAGLEV>, opt id 50, bytecode offset 1029, deopt exit 82, FP to SP delta 608, caller SP 0x0023791f8588, pc 0x01c48b635bbc]
[bailout (kind: deopt-lazy, reason: (unknown)): begin. deoptimizing 0x03bc6f511449 <JSFunction searchCpcOnlyFrontier (sfi = 0000012C474D3FF9)>, 0x03c2f8f946d1 <Code MAGLEV>, opt id 50, bytecode offset 2072, deopt exit 204, FP to SP delta 608, caller SP 0x0023791f8858, pc 0x01c48b635da4]
[bailout (kind: deopt-lazy, reason: (unknown)): begin. deoptimizing 0x03bc6f511449 <JSFunction searchCpcOnlyFrontier (sfi = 0000012C474D3FF9)>, 0x03c2f8f946d1 <Code MAGLEV>, opt id 50, bytecode offset 2072, deopt exit 204, FP to SP delta 608, caller SP 0x0023791f8b28, pc 0x01c48b635da4]
[bailout (kind: deopt-lazy, reason: (unknown)): begin. deoptimizing 0x03bc6f511449 <JSFunction searchCpcOnlyFrontier (sfi = 0000012C474D3FF9)>, 0x03c2f8f946d1 <Code MAGLEV>, opt id 50, bytecode offset 2072, deopt exit 204, FP to SP delta 608, caller SP 0x0023791f8df8, pc 0x01c48b635da4]
[bailout (kind: deopt-lazy, reason: (unknown)): begin. deoptimizing 0x03bc6f511449 <JSFunction searchCpcOnlyFrontier (sfi = 0000012C474D3FF9)>, 0x03c2f8f946d1 <Code MAGLEV>, opt id 50, bytecode offset 2072, deopt exit 204, FP to SP delta 608, caller SP 0x0023791f90c8, pc 0x01c48b635da4]
[bailout (kind: deopt-lazy, reason: (unknown)): begin. deoptimizing 0x03bc6f511449 <JSFunction searchCpcOnlyFrontier (sfi = 0000012C474D3FF9)>, 0x03c2f8f946d1 <Code MAGLEV>, opt id 50, bytecode offset 2072, deopt exit 204, FP to SP delta 608, caller SP 0x0023791f9398, pc 0x01c48b635da4]
[bailout (kind: deopt-lazy, reason: (unknown)): begin. deoptimizing 0x03bc6f511449 <JSFunction searchCpcOnlyFrontier (sfi = 0000012C474D3FF9)>, 0x03c2f8f946d1 <Code MAGLEV>, opt id 50, bytecode offset 2072, deopt exit 204, FP to SP delta 608, caller SP 0x0023791f9668, pc 0x01c48b635da4]
[marking 0x0182a7ea6191 <JSFunction connect4RbaCofactorKnownHeight (sfi = 00000182A7E96709)> for optimization to TURBOFAN_JS, ConcurrencyMode::kConcurrent, reason: hot and stable]
[marking 0x02edcc9e45c9 <JSFunction connect4RbaCofactorKnownHeight (sfi = 000002EDCC9D4B81)> for optimization to TURBOFAN_JS, ConcurrencyMode::kConcurrent, reason: hot and stable]
[bailout (kind: deopt-lazy, reason: (unknown)): begin. deoptimizing 0x03bc6f511449 <JSFunction searchCpcOnlyFrontier (sfi = 0000012C474D3FF9)>, 0x03c2f8f946d1 <Code MAGLEV>, opt id 50, bytecode offset 2072, deopt exit 204, FP to SP delta 608, caller SP 0x0023791f9938, pc 0x01c48b635da4]
[bailout (kind: deopt-lazy, reason: (unknown)): begin. deoptimizing 0x03bc6f511449 <JSFunction searchCpcOnlyFrontier (sfi = 0000012C474D3FF9)>, 0x03c2f8f946d1 <Code MAGLEV>, opt id 50, bytecode offset 2072, deopt exit 204, FP to SP delta 608, caller SP 0x0023791f9c08, pc 0x01c48b635da4]
[bailout (kind: deopt-lazy, reason: (unknown)): begin. deoptimizing 0x03bc6f511449 <JSFunction searchCpcOnlyFrontier (sfi = 0000012C474D3FF9)>, 0x03c2f8f946d1 <Code MAGLEV>, opt id 50, bytecode offset 2072, deopt exit 204, FP to SP delta 608, caller SP 0x0023791f9ed8, pc 0x01c48b635da4]
[bailout (kind: deopt-lazy, reason: (unknown)): begin. deoptimizing 0x03bc6f511449 <JSFunction searchCpcOnlyFrontier (sfi = 0000012C474D3FF9)>, 0x03c2f8f946d1 <Code MAGLEV>, opt id 50, bytecode offset 2072, deopt exit 204, FP to SP delta 608, caller SP 0x0023791fa1a8, pc 0x01c48b635da4]
[bailout (kind: deopt-lazy, reason: (unknown)): begin. deoptimizing 0x03bc6f511449 <JSFunction searchCpcOnlyFrontier (sfi = 0000012C474D3FF9)>, 0x03c2f8f946d1 <Code MAGLEV>, opt id 50, bytecode offset 2072, deopt exit 204, FP to SP delta 608, caller SP 0x0023791fa478, pc 0x01c48b635da4]
[bailout (kind: deopt-lazy, reason: (unknown)): begin. deoptimizing 0x03bc6f511449 <JSFunction searchCpcOnlyFrontier (sfi = 0000012C474D3FF9)>, 0x03c2f8f946d1 <Code MAGLEV>, opt id 50, bytecode offset 2072, deopt exit 204, FP to SP delta 608, caller SP 0x0023791fa748, pc 0x01c48b635da4]
[marking 0x0182a7ea6191 <JSFunction connect4RbaCofactorKnownHeight (sfi = 00000182A7E96709)> for optimization to TURBOFAN_JS, ConcurrencyMode::kConcurrent, reason: hot and stable]
[marking 0x02edcc9e45c9 <JSFunction connect4RbaCofactorKnownHeight (sfi = 000002EDCC9D4B81)> for optimization to TURBOFAN_JS, ConcurrencyMode::kConcurrent, reason: hot and stable]
[marking 0x02edcc9e45c9 <JSFunction connect4RbaCofactorKnownHeight (sfi = 000002EDCC9D4B81)> for optimization to TURBOFAN_JS, ConcurrencyMode::kConcurrent, reason: hot and stable]
[marking 0x0182a7ea6191 <JSFunction connect4RbaCofactorKnownHeight (sfi = 00000182A7E96709)> for optimization to TURBOFAN_JS, ConcurrencyMode::kConcurrent, reason: hot and stable]
[marking 0x02edcc9e45c9 <JSFunction connect4RbaCofactorKnownHeight (sfi = 000002EDCC9D4B81)> for optimization to TURBOFAN_JS, ConcurrencyMode::kConcurrent, reason: hot and stable]
[marking 0x0182a7ea6191 <JSFunction connect4RbaCofactorKnownHeight (sfi = 00000182A7E96709)> for optimization to TURBOFAN_JS, ConcurrencyMode::kConcurrent, reason: hot and stable]
[marking 0x03bc6f511449 <JSFunction searchCpcOnlyFrontier (sfi = 0000012C474D3FF9)> for optimization to MAGLEV, ConcurrencyMode::kConcurrent, reason: hot and stable]
[marking 0x02edcc9e45c9 <JSFunction connect4RbaCofactorKnownHeight (sfi = 000002EDCC9D4B81)> for optimization to TURBOFAN_JS, ConcurrencyMode::kConcurrent, reason: hot and stable]
[compiling method 0x03bc6f511449 <JSFunction searchCpcOnlyFrontier (sfi = 0000012C474D3FF9)> (target MAGLEV), mode: ConcurrencyMode::kConcurrent]
[marking 0x012c474f0601 <JSFunction evaluateConnect4CpcNonterminal32 (sfi = 0000012C474E31A9)> for optimization to TURBOFAN_JS, ConcurrencyMode::kConcurrent, reason: hot and stable]
[marking 0x0182a7ea6191 <JSFunction connect4RbaCofactorKnownHeight (sfi = 00000182A7E96709)> for optimization to TURBOFAN_JS, ConcurrencyMode::kConcurrent, reason: hot and stable]
[marking 0x02edcc9e45c9 <JSFunction connect4RbaCofactorKnownHeight (sfi = 000002EDCC9D4B81)> for optimization to TURBOFAN_JS, ConcurrencyMode::kConcurrent, reason: hot and stable]
[marking 0x02edcc9e45c9 <JSFunction connect4RbaCofactorKnownHeight (sfi = 000002EDCC9D4B81)> for optimization to TURBOFAN_JS, ConcurrencyMode::kConcurrent, reason: hot and stable]
[marking 0x0182a7ea6191 <JSFunction connect4RbaCofactorKnownHeight (sfi = 00000182A7E96709)> for optimization to TURBOFAN_JS, ConcurrencyMode::kConcurrent, reason: hot and stable]
[marking 0x02edcc9e45c9 <JSFunction connect4RbaCofactorKnownHeight (sfi = 000002EDCC9D4B81)> for optimization to TURBOFAN_JS, ConcurrencyMode::kConcurrent, reason: hot and stable]
[completed compiling 0x01d0391c7951 <JSFunction searchCpcOnlyFrontier (sfi = 0000015EEA9970C9)> (target MAGLEV) - took 0.000, 1.978, 0.017 ms]
[marking 0x0182a7ea6191 <JSFunction connect4RbaCofactorKnownHeight (sfi = 00000182A7E96709)> for optimization to TURBOFAN_JS, ConcurrencyMode::kConcurrent, reason: hot and stable]
[compiling method 0x0182a7ea6191 <JSFunction connect4RbaCofactorKnownHeight (sfi = 00000182A7E96709)> (target TURBOFAN_JS), mode: ConcurrencyMode::kConcurrent]
[marking 0x03bc6f5106e9 <JSFunction cellMarked (sfi = 0000012C474E3239)> for optimization to TURBOFAN_JS, ConcurrencyMode::kConcurrent, reason: hot and stable]
[completed compiling 0x02edcc9e5029 <JSFunction evaluateConnect4CpcNonterminal32 (sfi = 000002EDCC9D7BE1)> (target TURBOFAN_JS) - took 0.002, 13.358, 0.061 ms]
[completed optimizing 0x02edcc9e5029 <JSFunction evaluateConnect4CpcNonterminal32 (sfi = 000002EDCC9D7BE1)> (target TURBOFAN_JS)]
[marking 0x02edcc9e45c9 <JSFunction connect4RbaCofactorKnownHeight (sfi = 000002EDCC9D4B81)> for optimization to TURBOFAN_JS, ConcurrencyMode::kConcurrent, reason: hot and stable]
[marking 0x02edcc9e45c9 <JSFunction connect4RbaCofactorKnownHeight (sfi = 000002EDCC9D4B81)> for optimization to TURBOFAN_JS, ConcurrencyMode::kConcurrent, reason: hot and stable]
[bailout (kind: deopt-lazy, reason: (unknown)): begin. deoptimizing 0x03bc6f511449 <JSFunction searchCpcOnlyFrontier (sfi = 0000012C474D3FF9)>, 0x03c2f8f946d1 <Code MAGLEV>, opt id 50, bytecode offset 2072, deopt exit 204, FP to SP delta 608, caller SP 0x0023791faa18, pc 0x01c48b635da4]
[completed compiling 0x01d0391c6bf1 <JSFunction cellMarked (sfi = 0000015EEA9A6321)> (target TURBOFAN_JS) - took 0.004, 0.361, 0.007 ms]
[completed optimizing 0x01d0391c6bf1 <JSFunction cellMarked (sfi = 0000015EEA9A6321)> (target TURBOFAN_JS)]
[marking 0x02edcc9e45c9 <JSFunction connect4RbaCofactorKnownHeight (sfi = 000002EDCC9D4B81)> for optimization to TURBOFAN_JS, ConcurrencyMode::kConcurrent, reason: hot and stable]
[compiling method 0x02edcc9e45c9 <JSFunction connect4RbaCofactorKnownHeight (sfi = 000002EDCC9D4B81)> (target TURBOFAN_JS), mode: ConcurrencyMode::kConcurrent]
[completed compiling 0x03b557d57c61 <JSFunction connect4RbaCanonicalize (sfi = 000003B557D48221)> (target TURBOFAN_JS) - took 0.003, 10.445, 0.040 ms]
[completed optimizing 0x03b557d57c61 <JSFunction connect4RbaCanonicalize (sfi = 000003B557D48221)> (target TURBOFAN_JS)]
[completed compiling 0x03bc6f511449 <JSFunction searchCpcOnlyFrontier (sfi = 0000012C474D3FF9)> (target MAGLEV) - took 0.000, 1.772, 0.017 ms]
[marking 0x03b557d58681 <JSFunction evaluateConnect4CpcNonterminal32 (sfi = 000003B557D4B239)> for optimization to TURBOFAN_JS, ConcurrencyMode::kConcurrent, reason: hot and stable]
[compiling method 0x03b557d58681 <JSFunction evaluateConnect4CpcNonterminal32 (sfi = 000003B557D4B239)> (target TURBOFAN_JS), mode: ConcurrencyMode::kConcurrent]
[marking 0x012c474f0601 <JSFunction evaluateConnect4CpcNonterminal32 (sfi = 0000012C474E31A9)> for optimization to TURBOFAN_JS, ConcurrencyMode::kConcurrent, reason: hot and stable]
[compiling method 0x012c474f0601 <JSFunction evaluateConnect4CpcNonterminal32 (sfi = 0000012C474E31A9)> (target TURBOFAN_JS), mode: ConcurrencyMode::kConcurrent]
[completed compiling 0x01f714de0e49 <JSFunction popcount3x32 (sfi = 000001F714DD7D41)> (target TURBOFAN_JS) - took 0.002, 0.342, 0.012 ms]
[completed optimizing 0x01f714de0e49 <JSFunction popcount3x32 (sfi = 000001F714DD7D41)> (target TURBOFAN_JS)]
[bailout (kind: deopt-lazy, reason: (unknown)): begin. deoptimizing 0x03bc6f511449 <JSFunction searchCpcOnlyFrontier (sfi = 0000012C474D3FF9)>, 0x03c2f8f946d1 <Code MAGLEV>, opt id 50, bytecode offset 2072, deopt exit 204, FP to SP delta 608, caller SP 0x0023791face8, pc 0x01c48b635da4]
[bailout (kind: deopt-lazy, reason: (unknown)): begin. deoptimizing 0x03bc6f511449 <JSFunction searchCpcOnlyFrontier (sfi = 0000012C474D3FF9)>, 0x03c2f8f946d1 <Code MAGLEV>, opt id 50, bytecode offset 2072, deopt exit 204, FP to SP delta 608, caller SP 0x0023791fafb8, pc 0x01c48b635da4]
[marking 0x002178d47811 <JSFunction probeConnect4RbaExactCacheSlot32Frontier (sfi = 0000029EAFC115F9)> for optimization to TURBOFAN_JS, ConcurrencyMode::kConcurrent, reason: hot and stable]
[compiling method 0x002178d47811 <JSFunction probeConnect4RbaExactCacheSlot32Frontier (sfi = 0000029EAFC115F9)> (target TURBOFAN_JS), mode: ConcurrencyMode::kConcurrent]
[marking 0x015eea9b1989 <JSFunction completeRootFrontierNode32 (sfi = 0000015EEA998611)> for optimization to TURBOFAN_JS, ConcurrencyMode::kConcurrent, reason: hot and stable]
[marking 0x0053881c6bf1 <JSFunction cellMarked (sfi = 000002EDCC9D7C71)> for optimization to TURBOFAN_JS, ConcurrencyMode::kConcurrent, reason: hot and stable]
[marking 0x03bc6f5106e9 <JSFunction cellMarked (sfi = 0000012C474E3239)> for optimization to TURBOFAN_JS, ConcurrencyMode::kConcurrent, reason: hot and stable]
[marking 0x0182a7ea6bf1 <JSFunction evaluateConnect4CpcNonterminal32 (sfi = 00000182A7E99769)> for optimization to TURBOFAN_JS, ConcurrencyMode::kConcurrent, reason: hot and stable]
[marking 0x015eea9b1989 <JSFunction completeRootFrontierNode32 (sfi = 0000015EEA998611)> for optimization to TURBOFAN_JS, ConcurrencyMode::kConcurrent, reason: hot and stable]
[marking 0x00598e976669 <JSFunction cellMarked (sfi = 000003B557D4B2C9)> for optimization to TURBOFAN_JS, ConcurrencyMode::kConcurrent, reason: hot and stable]
[marking 0x02f37f520d29 <JSFunction cellMarked (sfi = 00000182A7E997F9)> for optimization to TURBOFAN_JS, ConcurrencyMode::kConcurrent, reason: hot and stable]
[marking 0x0182a7ea6bf1 <JSFunction evaluateConnect4CpcNonterminal32 (sfi = 00000182A7E99769)> for optimization to TURBOFAN_JS, ConcurrencyMode::kConcurrent, reason: hot and stable]
[marking 0x0053881c78d1 <JSFunction absToRelativeFrontier (sfi = 000002EDCC9C89A1)> for optimization to TURBOFAN_JS, ConcurrencyMode::kConcurrent, reason: hot and stable]
[marking 0x02f37f520d29 <JSFunction cellMarked (sfi = 00000182A7E997F9)> for optimization to TURBOFAN_JS, ConcurrencyMode::kConcurrent, reason: hot and stable]
[completed compiling 0x012c474efbe1 <JSFunction connect4RbaCanonicalize (sfi = 0000012C474E0191)> (target TURBOFAN_JS) - took 0.003, 7.013, 0.054 ms]
[completed optimizing 0x012c474efbe1 <JSFunction connect4RbaCanonicalize (sfi = 0000012C474E0191)> (target TURBOFAN_JS)]
[marking 0x015eea9b5289 <JSFunction storeConnect4RbaSharedExactCache32 (sfi = 0000015EEA9AF3C9)> for optimization to TURBOFAN_JS, ConcurrencyMode::kConcurrent, reason: hot and stable]
[compiling method 0x015eea9b5289 <JSFunction storeConnect4RbaSharedExactCache32 (sfi = 0000015EEA9AF3C9)> (target TURBOFAN_JS), mode: ConcurrencyMode::kConcurrent]
[marking 0x02edcc9e32c9 <JSFunction completeRootFrontierNode32 (sfi = 000002EDCC9C9F79)> for optimization to TURBOFAN_JS, ConcurrencyMode::kConcurrent, reason: hot and stable]
[marking 0x0182a7ea6bf1 <JSFunction evaluateConnect4CpcNonterminal32 (sfi = 00000182A7E99769)> for optimization to TURBOFAN_JS, ConcurrencyMode::kConcurrent, reason: hot and stable]
[marking 0x02f37f520d29 <JSFunction cellMarked (sfi = 00000182A7E997F9)> for optimization to TURBOFAN_JS, ConcurrencyMode::kConcurrent, reason: hot and stable]
[marking 0x029eafc2f831 <JSFunction probeConnect4RbaSharedExactCache32 (sfi = 0000029EAFC29A31)> for optimization to TURBOFAN_JS, ConcurrencyMode::kConcurrent, reason: hot and stable]
[marking 0x0053881c6bf1 <JSFunction cellMarked (sfi = 000002EDCC9D7C71)> for optimization to TURBOFAN_JS, ConcurrencyMode::kConcurrent, reason: hot and stable]
[marking 0x03bc6f5106e9 <JSFunction cellMarked (sfi = 0000012C474E3239)> for optimization to TURBOFAN_JS, ConcurrencyMode::kConcurrent, reason: hot and stable]
[marking 0x0182a7ea6bf1 <JSFunction evaluateConnect4CpcNonterminal32 (sfi = 00000182A7E99769)> for optimization to TURBOFAN_JS, ConcurrencyMode::kConcurrent, reason: hot and stable]
[marking 0x015eea9b1989 <JSFunction completeRootFrontierNode32 (sfi = 0000015EEA998611)> for optimization to TURBOFAN_JS, ConcurrencyMode::kConcurrent, reason: hot and stable]
[compiling method 0x015eea9b1989 <JSFunction completeRootFrontierNode32 (sfi = 0000015EEA998611)> (target TURBOFAN_JS), mode: ConcurrencyMode::kConcurrent]
[completed compiling 0x003d012db7c9 <JSFunction probeConnect4RbaExactCacheSlot32Frontier (sfi = 000001F714DC3CE1)> (target TURBOFAN_JS) - took 0.002, 2.853, 0.035 ms]
[completed optimizing 0x003d012db7c9 <JSFunction probeConnect4RbaExactCacheSlot32Frontier (sfi = 000001F714DC3CE1)> (target TURBOFAN_JS)]
[11144:000001C48AE56000]      229 ms: Scavenge (during sweeping) 8.6 (12.1) -> 6.6 (12.1) MB, pooled: 0.0 MB, 0.17 / 0.00 ms (average mu = 0.952, current mu = 0.952) allocation failure; 
[marking 0x00598e976669 <JSFunction cellMarked (sfi = 000003B557D4B2C9)> for optimization to TURBOFAN_JS, ConcurrencyMode::kConcurrent, reason: hot and stable]
[marking 0x02edcc9e32c9 <JSFunction completeRootFrontierNode32 (sfi = 000002EDCC9C9F79)> for optimization to TURBOFAN_JS, ConcurrencyMode::kConcurrent, reason: hot and stable]
[completed compiling 0x0053881c7951 <JSFunction searchCpcOnlyFrontier (sfi = 000002EDCC9C8A31)> (target TURBOFAN_JS) - took 0.003, 21.732, 0.104 ms]
[completed optimizing 0x0053881c7951 <JSFunction searchCpcOnlyFrontier (sfi = 000002EDCC9C8A31)> (target TURBOFAN_JS)]
[marking 0x02f37f520d29 <JSFunction cellMarked (sfi = 00000182A7E997F9)> for optimization to TURBOFAN_JS, ConcurrencyMode::kConcurrent, reason: hot and stable]
[compiling method 0x02f37f520d29 <JSFunction cellMarked (sfi = 00000182A7E997F9)> (target TURBOFAN_JS), mode: ConcurrencyMode::kConcurrent]
[marking 0x0182a7ea6bf1 <JSFunction evaluateConnect4CpcNonterminal32 (sfi = 00000182A7E99769)> for optimization to TURBOFAN_JS, ConcurrencyMode::kConcurrent, reason: hot and stable]
[completed compiling 0x002178d46251 <JSFunction permutePair3 (sfi = 0000029EAFC193C9)> (target TURBOFAN_JS) - took 0.002, 0.999, 0.017 ms]
[completed optimizing 0x002178d46251 <JSFunction permutePair3 (sfi = 0000029EAFC193C9)> (target TURBOFAN_JS)]
[completed compiling 0x01c52c7cd279 <JSFunction subsetDensePrepared (sfi = 00000182A7E921A9)> (target TURBOFAN_JS) - took 0.002, 0.257, 0.011 ms]
[completed optimizing 0x01c52c7cd279 <JSFunction subsetDensePrepared (sfi = 00000182A7E921A9)> (target TURBOFAN_JS)]
[bailout (kind: deopt-eager, reason: overflow): begin. deoptimizing 0x002178d47951 <JSFunction searchCpcOnlyFrontier (sfi = 0000029EAFC11761)>, 0x00b4d3ce1251 <Code MAGLEV>, opt id 45, bytecode offset 276, deopt exit 25, FP to SP delta 608, caller SP 0x0023799f95e8, pc 0x01c4cb6891d6]
[bailout (kind: deopt-lazy, reason: (unknown)): begin. deoptimizing 0x002178d47951 <JSFunction searchCpcOnlyFrontier (sfi = 0000029EAFC11761)>, 0x00b4d3ce1251 <Code MAGLEV>, opt id 45, bytecode offset 2072, deopt exit 205, FP to SP delta 608, caller SP 0x0023799f98b8, pc 0x01c4cb6894a6]
[marking 0x02f37f521301 <JSFunction absToRelativeFrontier (sfi = 00000182A7E8A541)> for optimization to TURBOFAN_JS, ConcurrencyMode::kConcurrent, reason: hot and stable]
[compiling method 0x02f37f521301 <JSFunction absToRelativeFrontier (sfi = 00000182A7E8A541)> (target TURBOFAN_JS), mode: ConcurrencyMode::kConcurrent]
[bailout (kind: deopt-lazy, reason: (unknown)): begin. deoptimizing 0x002178d47951 <JSFunction searchCpcOnlyFrontier (sfi = 0000029EAFC11761)>, 0x00b4d3ce1251 <Code MAGLEV>, opt id 45, bytecode offset 2072, deopt exit 205, FP to SP delta 608, caller SP 0x0023799f9b88, pc 0x01c4cb6894a6]
[bailout (kind: deopt-lazy, reason: (unknown)): begin. deoptimizing 0x002178d47951 <JSFunction searchCpcOnlyFrontier (sfi = 0000029EAFC11761)>, 0x00b4d3ce1251 <Code MAGLEV>, opt id 45, bytecode offset 2072, deopt exit 205, FP to SP delta 608, caller SP 0x0023799f9e58, pc 0x01c4cb6894a6]
[bailout (kind: deopt-lazy, reason: (unknown)): begin. deoptimizing 0x03b557d7e799 <JSFunction searchCpcOnlyFrontier (sfi = 000001183D3FBC49)>, 0x00c6d03f8681 <Code MAGLEV>, opt id 56, bytecode offset 2072, deopt exit 205, FP to SP delta 608, caller SP 0x0023781fb848, pc 0x01c42ae7d734]
[completed compiling 0x0182a7ea6191 <JSFunction connect4RbaCofactorKnownHeight (sfi = 00000182A7E96709)> (target TURBOFAN_JS) - took 0.003, 14.246, 0.052 ms]
[completed optimizing 0x0182a7ea6191 <JSFunction connect4RbaCofactorKnownHeight (sfi = 00000182A7E96709)> (target TURBOFAN_JS)]
[bailout (kind: deopt-lazy, reason: (unknown)): begin. deoptimizing 0x002178d47951 <JSFunction searchCpcOnlyFrontier (sfi = 0000029EAFC11761)>, 0x00b4d3ce1251 <Code MAGLEV>, opt id 45, bytecode offset 2072, deopt exit 205, FP to SP delta 608, caller SP 0x0023799fa128, pc 0x01c4cb6894a6]
[marking 0x029eafc2f831 <JSFunction probeConnect4RbaSharedExactCache32 (sfi = 0000029EAFC29A31)> for optimization to TURBOFAN_JS, ConcurrencyMode::kConcurrent, reason: hot and stable]
[compiling method 0x029eafc2f831 <JSFunction probeConnect4RbaSharedExactCache32 (sfi = 0000029EAFC29A31)> (target TURBOFAN_JS), mode: ConcurrencyMode::kConcurrent]
[bailout (kind: deopt-lazy, reason: (unknown)): begin. deoptimizing 0x002178d47951 <JSFunction searchCpcOnlyFrontier (sfi = 0000029EAFC11761)>, 0x00b4d3ce1251 <Code MAGLEV>, opt id 45, bytecode offset 2072, deopt exit 205, FP to SP delta 608, caller SP 0x0023799fa3f8, pc 0x01c4cb6894a6]
[bailout (kind: deopt-lazy, reason: (unknown)): begin. deoptimizing 0x002178d47951 <JSFunction searchCpcOnlyFrontier (sfi = 0000029EAFC11761)>, 0x00b4d3ce1251 <Code MAGLEV>, opt id 45, bytecode offset 2072, deopt exit 205, FP to SP delta 608, caller SP 0x0023799fa6c8, pc 0x01c4cb6894a6]
[marking 0x012c474ee8a1 <JSFunction completeRootFrontierNode32 (sfi = 0000012C474D5541)> for optimization to TURBOFAN_JS, ConcurrencyMode::kConcurrent, reason: hot and stable]
[compiling method 0x012c474ee8a1 <JSFunction completeRootFrontierNode32 (sfi = 0000012C474D5541)> (target TURBOFAN_JS), mode: ConcurrencyMode::kConcurrent]
[marking 0x003d012d9df9 <JSFunction searchCpcOnlyFrontier (sfi = 000001F714DC3E49)> for optimization to TURBOFAN_JS, ConcurrencyMode::kConcurrent, reason: hot and stable]
[marking 0x00598e976669 <JSFunction cellMarked (sfi = 000003B557D4B2C9)> for optimization to TURBOFAN_JS, ConcurrencyMode::kConcurrent, reason: hot and stable]
[completed compiling 0x002178d47811 <JSFunction probeConnect4RbaExactCacheSlot32Frontier (sfi = 0000029EAFC115F9)> (target TURBOFAN_JS) - took 0.003, 4.216, 0.032 ms]
[completed optimizing 0x002178d47811 <JSFunction probeConnect4RbaExactCacheSlot32Frontier (sfi = 0000029EAFC115F9)> (target TURBOFAN_JS)]
[marking 0x0182a7ea4e91 <JSFunction completeRootFrontierNode32 (sfi = 00000182A7E8BB19)> for optimization to TURBOFAN_JS, ConcurrencyMode::kConcurrent, reason: hot and stable]
[compiling method 0x0182a7ea4e91 <JSFunction completeRootFrontierNode32 (sfi = 00000182A7E8BB19)> (target TURBOFAN_JS), mode: ConcurrencyMode::kConcurrent]
[marking 0x03bc6f5106e9 <JSFunction cellMarked (sfi = 0000012C474E3239)> for optimization to TURBOFAN_JS, ConcurrencyMode::kConcurrent, reason: hot and stable]
[marking 0x002178d47951 <JSFunction searchCpcOnlyFrontier (sfi = 0000029EAFC11761)> for optimization to MAGLEV, ConcurrencyMode::kConcurrent, reason: hot and stable]
[compiling method 0x002178d47951 <JSFunction searchCpcOnlyFrontier (sfi = 0000029EAFC11761)> (target MAGLEV), mode: ConcurrencyMode::kConcurrent]
[marking 0x0182a7ea6bf1 <JSFunction evaluateConnect4CpcNonterminal32 (sfi = 00000182A7E99769)> for optimization to TURBOFAN_JS, ConcurrencyMode::kConcurrent, reason: hot and stable]
[marking 0x029eafc2d2b1 <JSFunction connect4RbaCanonicalize (sfi = 0000029EAFC1D929)> for optimization to TURBOFAN_JS, ConcurrencyMode::kConcurrent, reason: hot and stable]
[marking 0x00598e976669 <JSFunction cellMarked (sfi = 000003B557D4B2C9)> for optimization to TURBOFAN_JS, ConcurrencyMode::kConcurrent, reason: hot and stable]
[marking 0x02edcc9e32c9 <JSFunction completeRootFrontierNode32 (sfi = 000002EDCC9C9F79)> for optimization to TURBOFAN_JS, ConcurrencyMode::kConcurrent, reason: hot and stable]
[marking 0x03bc6f5107a9 <JSFunction deriveForkPreemption32 (sfi = 0000012C474E3311)> for optimization to MAGLEV, ConcurrencyMode::kConcurrent, reason: hot and stable]
[compiling method 0x03bc6f5107a9 <JSFunction deriveForkPreemption32 (sfi = 0000012C474E3311)> (target MAGLEV), mode: ConcurrencyMode::kConcurrent]
[marking 0x0182a7ea6bf1 <JSFunction evaluateConnect4CpcNonterminal32 (sfi = 00000182A7E99769)> for optimization to TURBOFAN_JS, ConcurrencyMode::kConcurrent, reason: hot and stable]
[marking 0x03bc6f5113c9 <JSFunction absToRelativeFrontier (sfi = 0000012C474D3F69)> for optimization to TURBOFAN_JS, ConcurrencyMode::kConcurrent, reason: hot and stable]
[bailout (kind: deopt-lazy, reason: (unknown)): begin. deoptimizing 0x002178d47951 <JSFunction searchCpcOnlyFrontier (sfi = 0000029EAFC11761)>, 0x00b4d3ce1251 <Code MAGLEV>, opt id 45, bytecode offset 2072, deopt exit 205, FP to SP delta 608, caller SP 0x0023799fa998, pc 0x01c4cb6894a6]
[marking 0x0053881c6bf1 <JSFunction cellMarked (sfi = 000002EDCC9D7C71)> for optimization to TURBOFAN_JS, ConcurrencyMode::kConcurrent, reason: hot and stable]
[marking 0x003d012d9df9 <JSFunction searchCpcOnlyFrontier (sfi = 000001F714DC3E49)> for optimization to TURBOFAN_JS, ConcurrencyMode::kConcurrent, reason: hot and stable]
[marking 0x03bc6f5107e9 <JSFunction pairedResponseNoWin (sfi = 0000012C474E3359)> for optimization to TURBOFAN_JS, ConcurrencyMode::kConcurrent, reason: hot and stable]
[marking 0x0182a7ea6bf1 <JSFunction evaluateConnect4CpcNonterminal32 (sfi = 00000182A7E99769)> for optimization to TURBOFAN_JS, ConcurrencyMode::kConcurrent, reason: hot and stable]
[bailout (kind: deopt-lazy, reason: (unknown)): begin. deoptimizing 0x002178d47951 <JSFunction searchCpcOnlyFrontier (sfi = 0000029EAFC11761)>, 0x00b4d3ce1251 <Code MAGLEV>, opt id 45, bytecode offset 2072, deopt exit 205, FP to SP delta 608, caller SP 0x0023799fac68, pc 0x01c4cb6894a6]
[bailout (kind: deopt-lazy, reason: (unknown)): begin. deoptimizing 0x002178d47951 <JSFunction searchCpcOnlyFrontier (sfi = 0000029EAFC11761)>, 0x00b4d3ce1251 <Code MAGLEV>, opt id 45, bytecode offset 2072, deopt exit 205, FP to SP delta 608, caller SP 0x0023799faf38, pc 0x01c4cb6894a6]
[bailout (kind: deopt-lazy, reason: (unknown)): begin. deoptimizing 0x002178d47951 <JSFunction searchCpcOnlyFrontier (sfi = 0000029EAFC11761)>, 0x00b4d3ce1251 <Code MAGLEV>, opt id 45, bytecode offset 2072, deopt exit 205, FP to SP delta 608, caller SP 0x0023799fb208, pc 0x01c4cb6894a6]
[bailout (kind: deopt-lazy, reason: (unknown)): begin. deoptimizing 0x002178d47951 <JSFunction searchCpcOnlyFrontier (sfi = 0000029EAFC11761)>, 0x00b4d3ce1251 <Code MAGLEV>, opt id 45, bytecode offset 2072, deopt exit 205, FP to SP delta 608, caller SP 0x0023799fb4d8, pc 0x01c4cb6894a6]
[bailout (kind: deopt-lazy, reason: (unknown)): begin. deoptimizing 0x002178d47951 <JSFunction searchCpcOnlyFrontier (sfi = 0000029EAFC11761)>, 0x00b4d3ce1251 <Code MAGLEV>, opt id 45, bytecode offset 2072, deopt exit 205, FP to SP delta 608, caller SP 0x0023799fb7a8, pc 0x01c4cb6894a6]
[marking 0x03bc6f5106e9 <JSFunction cellMarked (sfi = 0000012C474E3239)> for optimization to TURBOFAN_JS, ConcurrencyMode::kConcurrent, reason: hot and stable]
[marking 0x029eafc2d2b1 <JSFunction connect4RbaCanonicalize (sfi = 0000029EAFC1D929)> for optimization to TURBOFAN_JS, ConcurrencyMode::kConcurrent, reason: hot and stable]
[marking 0x00598e976669 <JSFunction cellMarked (sfi = 000003B557D4B2C9)> for optimization to TURBOFAN_JS, ConcurrencyMode::kConcurrent, reason: hot and stable]
[completed compiling 0x03bc6f511449 <JSFunction searchCpcOnlyFrontier (sfi = 0000012C474D3FF9)> (target TURBOFAN_JS) - took 0.003, 21.067, 0.099 ms]
[completed optimizing 0x03bc6f511449 <JSFunction searchCpcOnlyFrontier (sfi = 0000012C474D3FF9)> (target TURBOFAN_JS)]
[completed compiling 0x029eafc2e801 <JSFunction popcount3x32 (sfi = 0000029EAFC25671)> (target TURBOFAN_JS) - took 0.002, 0.333, 0.008 ms]
[completed optimizing 0x029eafc2e801 <JSFunction popcount3x32 (sfi = 0000029EAFC25671)> (target TURBOFAN_JS)]
[marking 0x0053881c7851 <JSFunction storeConnect4RbaExactCacheSlot32Frontier (sfi = 000002EDCC9C8911)> for optimization to TURBOFAN_JS, ConcurrencyMode::kConcurrent, reason: hot and stable]
[compiling method 0x0053881c7851 <JSFunction storeConnect4RbaExactCacheSlot32Frontier (sfi = 000002EDCC9C8911)> (target TURBOFAN_JS), mode: ConcurrencyMode::kConcurrent]
[marking 0x003d012db809 <JSFunction playableCell (sfi = 000001F714DD30E9)> for optimization to TURBOFAN_JS, ConcurrencyMode::kConcurrent, reason: hot and stable]
[compiling method 0x003d012db809 <JSFunction playableCell (sfi = 000001F714DD30E9)> (target TURBOFAN_JS), mode: ConcurrencyMode::kConcurrent]
--- Raw source ---
(state,value){
  let flags=state.behaviorLoad()>>>0;
  if(flags&0x80000000){
    flags=readWorkerBehavior32(state.behaviorWords,[marking state0x002178d46cf1. behaviorBa<JSFunction pairedResponseNoWin (sfi = 0000029EAFC20AF1)>s for optimization to TURBOFAN_JS, ConcurrencyMode::kConcurrent, reason: hot and stablee]
,state.behaviorExtensions,0);
    if(flags===-1)return value;[compiling method 
  0x002178d46cf1} 
  if(f<JSFunction pairedResponseNoWin (sfi = 0000029EAFC20AF1)>l (target TURBOFAN_JS)a, mode: ConcurrencyMode::kConcurrentg]
s===state.frontierLast)return value;
  if(flags&1)return 3;
  state.frontierStride=(flags&8388608)&&!(flags&4194304)?(flags>>>16)&63:0;
  state.frontierTarget=(flags>>>24)&31;
  if(!state.frontierStride)state.frontierLimit=state.g.cellCount;
  state.frontierLast=flags;
  return value;
}


--- Optimized code ---
optimization_id = 72
source_position = 1443
kind = TURBOFAN_JS
name = completeRootFrontierNode32
compiler = turbofan
address = 000000902246E0D9

Instructions (size = 384)
000001C4EB632E80     0  55                   push rbp
000001C4EB632E81     1  4889e5               REX.W movq rbp,rsp
000001C4EB632E84     4  56                   push rsi
000001C4EB632E85     5  57                   push rdi
000001C4EB632E86     6  50                   push rax
000001C4EB632E87     7  4883ec10             REX.W subq rsp,0x10
000001C4EB632E8B     b  488975e0             REX.W movq [rbp-0x20],rsi
000001C4EB632E8F     f  493b65a0             REX.W cmpq rsp,[r13-0x60] (external value (StackGuard::address_of_jslimit()))
000001C4EB632E93    13  0f86e2000000         jna 000001C4EB632F7B  <+0xfb>
000001C4EB632E99    19  488b5518             REX.W movq rdx,[rbp+0x18]
000001C4EB632E9D    1d  f6c201               testb rdx,0x1
000001C4EB632EA0    20  0f8432010000         jz 000001C4EB632FD8  <+0x158>
000001C4EB632EA6    26  48b981a19bea5e010000 REX.W movq rcx,0000015EEA9BA181    ;; object: 0x015eea9ba181 <Map[240](HOLEY_ELEMENTS)>
000001C4EB632EB0    30  48394aff             REX.W cmpq [rdx-0x1],rcx
000001C4EB632EB4    34  0f8522010000         jnz 000001C4EB632FDC  <+0x15c>
000001C4EB632EBA    3a  488b7a07             REX.W movq rdi,[rdx+0x7]
000001C4EB632EBE    3e  49b8516b9bea5e010000 REX.W movq r8,0000015EEA9B6B51    ;; object: 0x015eea9b6b51 <JSFunction js-to-wasm::i (sfi = 0000015EEA9B6B09)>
000001C4EB632EC8    48  4c39470f             REX.W cmpq [rdi+0xf],r8
000001C4EB632ECC    4c  0f850e010000         jnz 000001C4EB632FE0  <+0x160>
000001C4EB632ED2    52  498b781f             REX.W movq rdi,[r8+0x1f]
000001C4EB632ED6    56  488b7f07             REX.W movq rdi,[rdi+0x7]
000001C4EB632EDA    5a  488b7f1f             REX.W movq rdi,[rdi+0x1f]
000001C4EB632EDE    5e  448b471f             movl r8,[rdi+0x1f]
000001C4EB632EE2    62  488b7707             REX.W movq rsi,[rdi+0x7]
000001C4EB632EE6    66  49ba000065f2c1010000 REX.W movq r10,000001C1F2650000
000001C4EB632EF0    70  43ff14c2             call [r10+r8*8]
000001C4EB632EF4    74  85c0                 testl rax,rax
000001C4EB632EF6    76  0f8ce8000000         jl 000001C4EB632FE4  <+0x164>
000001C4EB632EFC    7c  ba00000080           movl rdx,0000000080000000
000001C4EB632F01    81  85d0                 testl rdx,rax
000001C4EB632F03    83  0f854f000000         jnz 000001C4EB632F58  <+0xd8>
000001C4EB632F09    89  488b5518             REX.W movq rdx,[rbp+0x18]
000001C4EB632F0D    8d  48b981a19bea5e010000 REX.W movq rcx,0000015EEA9BA181    ;; object: 0x015eea9ba181 <Map[240](HOLEY_ELEMENTS)>
000001C4EB632F17    97  48394aff             REX.W cmpq [rdx-0x1],rcx
000001C4EB632F1B    9b  0f85c7000000         jnz 000001C4EB632FE8  <+0x168>
000001C4EB632F21    a1  488b4a07             REX.W movq rcx,[rdx+0x7]
000001C4EB632F25    a5  488b492f             REX.W movq rcx,[rcx+0x2f]
000001C4EB632F29    a9  48c1f920             REX.W sarq rcx,32
000001C4EB632F2D    ad  3bc8                 cmpl rcx,rax
000001C4EB632F2F    af  0f8405000000         jz 000001C4EB632F3A  <+0xba>
000001C4EB632F35    b5  e9b2000000           jmp 000001C4EB632FEC  <+0x16c>
000001C4EB632F3A    ba  488b4520             REX.W movq rax,[rbp+0x20]
000001C4EB632F3E    be  488b4de8             REX.W movq rcx,[rbp-0x18]
000001C4EB632F42    c2  488be5               REX.W movq rsp,rbp
000001C4EB632F45    c5  5d                   pop rbp
000001C4EB632F46    c6  4883f903             REX.W cmpq rcx,0x3
000001C4EB632F4A    ca  7f03                 jg 000001C4EB632F4F  <+0xcf>
000001C4EB632F4C    cc  c21800               ret 0x18
000001C4EB632F4F    cf  415a                 pop r10
000001C4EB632F51    d1  488d24cc             REX.W leaq rsp,[rsp+rcx*8]
000001C4EB632F55    d5  4152                 push r10
000001C4EB632F57    d7  c3                   retl
000001C4EB632F58    d8  48ba31069bea5e010000 REX.W movq rdx,0000015EEA9B0631    ;; object: 0x015eea9b0631 <Cell value= 0x015eea9b1279 <JSFunction readWorkerBehavior32 (sfi = 0000015EEA993001)>>
000001C4EB632F62    e2  488b5207             REX.W movq rdx,[rdx+0x7]
000001C4EB632F66    e6  498b8d38020000       REX.W movq rcx,[r13+0x238] (root (the_hole_value))
000001C4EB632F6D    ed  483bca               REX.W cmpq rcx,rdx
000001C4EB632F70    f0  0f8433000000         jz 000001C4EB632FA9  <+0x129>
000001C4EB632F76    f6  e975000000           jmp 000001C4EB632FF0  <+0x170>
[marking 0x029eafc2d2b1 000001C4EB632F7B    fb  48ba00000000f0000000 REX.W movq rdx,000000F000000000
<JSFunction connect4RbaCanonicalize (sfi = 0000029EAFC1D929)> for optimization to TURBOFAN_JS, ConcurrencyMode::kConcurrent, reason: hot and stable]
000001C4EB632F85   105  52                   push rdx
000001C4EB632F86   106  48bef9f7dee05e020000 REX.W movq rsi,0000025EE0DEF7F9    ;; object: 0x025ee0def7f9 <NativeContext[306]>
000001C4EB632F90   110  48bbd0f61bf3f67f0000 REX.W movq rbx,00007FF6F31BF6D0
000001C4EB632F9A   11a  b801000000           movl rax,0000000000000001
000001C4EB632F9F   11f  e85cc4e01f           call 000001C50B43F400  (CEntry_Return1_ArgvOnStack_NoBuiltinExit)    ;; near builtin entry
000001C4EB632FA4   124  e9f0feffff           jmp 000001C4EB632E99  <+0x19>
000001C4EB632FA9   129  48b9f10f99ea5e010000 REX.W movq rcx,0000015EEA990FF1    ;; object: 0x015eea990ff1 <String[20]: #readWorkerBehavior32>
000001C4EB632FB3   133  51                   push rcx
[marking 000001C4EB632FB4   134  488955d8             REX.W movq [rbp-0x28],rdx0x0182a7ea6bf1
 <JSFunction evaluateConnect4CpcNonterminal32 (sfi = 00000182A7E99769)> for optimization to TURBOFAN_JS, ConcurrencyMode::kConcurrent, reason: hot and stable]
000001C4EB632FB8   138  48bbe0e61bf3f67f0000 REX.W movq rbx,00007FF6F31BE6E0
000001C4EB632FC2   142  b801000000           movl rax,0000000000000001
000001C4EB632FC7   147  48bef9f7dee05e020000 REX.W movq rsi,0000025EE0DEF7F9    ;; object: 0x025ee0def7f9 <NativeContext[306]>
000001C4EB632FD1   151  e82ac4e01f           call 000001C50B43F400  (CEntry_Return1_ArgvOnStack_NoBuiltinExit)    ;; near builtin entry
000001C4EB632FD6   156  cc                   int3l
000001C4EB632FD7   157  90                   nop
000001C4EB632FD8   158  41ff55d8             call [r13-0x28] (external value (IsolateData::builtin_tier0_entry_table_))    ;; debug: deopt position, script offset '5c4'
                                                             ;; debug: deopt position, inlining id 'ffffffff'
                                                             ;; debug: deopt reason 'Smi'
                                                             ;; debug: deopt index 0
000001C4EB632FDC   15c  41ff55d8             call [r13-0x28] (external value (IsolateData::builtin_tier0_entry_table_))    ;; debug: deopt position, script offset '5c4'
                                                             ;; debug: deopt position, inlining id 'ffffffff'
                                                             ;; debug: deopt reason 'wrong map'
                                                             ;; debug: deopt index 1
000001C4EB632FE0   160  41ff55d8             call [r13-0x28] (external value (IsolateData::builtin_tier0_entry_table_))    ;; debug: deopt position, script offset '5c4'
                                                             ;; debug: deopt position, inlining id 'ffffffff'
                                                             ;; debug: deopt reason 'wrong call target'
                                                             ;; debug: deopt index 2
000001C4EB632FE4   164  41ff55d8             call [r13-0x28] (external value (IsolateData::builtin_tier0_entry_table_))    ;; debug: deopt position, script offset '5d2'
                                                             ;; debug: deopt position, inlining id 'ffffffff'
                                                             ;; debug: deopt reason 'lost precision'
                                                             ;; debug: deopt index 3
000001C4EB632FE8   168  41ff55d8             call [r13-0x28] (external value (IsolateData::builtin_tier0_entry_table_))    ;; debug: deopt position, script offset '68a'
                                                             ;; debug: deopt position, inlining id 'ffffffff'
                                                             ;; debug: deopt reason 'wrong map'
                                                             ;; debug: deopt index 4
000001C4EB632FEC   16c  41ff55d8             call [r13-0x28] (external value (IsolateData::builtin_tier0_entry_table_))    ;; debug: deopt position, script offset '6af'
                                                             ;; debug: deopt position, inlining id 'ffffffff'
                                                             ;; debug: deopt reason 'Insufficient type feedback for binary operation'
                                                             ;; debug: deopt index 5
000001C4EB632FF0   170  41ff55d8             call [r13-0x28] (external value (IsolateData::builtin_tier0_entry_table_))    ;; debug: deopt position, script offset '615'
                                                             ;; debug: deopt position, inlining id 'ffffffff'
                                                             ;; debug: deopt reason 'Insufficient type feedback for generic named access'
                                                             ;; debug: deopt index 6
000001C4EB632FF4   174  41ff55e0             call [r13-0x20]    ;; debug: deopt position, script offset '5c4'
                                                             ;; debug: deopt position, inlining id 'ffffffff'
                                                             ;; debug: deopt reason '(unknown)'
                                                             ;; debug: deopt index 7
000001C4EB632FF8   178  41ff55e0             call [r13-0x20]    ;; debug: deopt position, script offset '5a3'
                                                             ;; debug: deopt position, inlining id 'ffffffff'
                                                             ;; debug: deopt reason '(unknown)'
                                                             ;; debug: deopt index 8
000001C4EB632FFC   17c  41ff55e0             call [r13-0x20]    ;; debug: deopt position, script offset '5f4'
                                                             ;; debug: deopt position, inlining id 'ffffffff'
                                                             ;; debug: deopt reason '(unknown)'
                                                             ;; debug: deopt index 9

Source positions:
 pc offset  position
         b      1443
        19      1476
        74      1490
        7c      1506
        89      1674
        a9      1665
        b5      1711
        ba      1700
        d8      1524
        f6      1557
        fb      1443
       129      1524

Inlined functions (count = 0)

Deoptimization Input Data (deopt points = 10)
 index  bytecode-offset    pc
     0                0    NA 
     1                0    NA 
     2                0    NA 
     3                9    NA 
     4                9    NA 
     5               75    NA 
     6               26    NA 
     7              755    74 
     8               -1   124 
     9               23   156 

Safepoints (stack slots = 7, entries = 3, byte size = 30)
000001C4EB632EF4     74  slots (sp->fp): 0100000  deopt      7 trampoline:    174
000001C4EB632FA4    124  slots (sp->fp): 0100000  deopt      8 trampoline:    178
000001C4EB632FD6    156  slots (sp->fp): 1100000  deopt      9 trampoline:    17c

RelocInfo (size = e1)
000001C4EB632EA8  full embedded object  (0x015eea9ba181 <Map[f0](HOLEY_ELEMENTS)>)
000001C4EB632EC0  full embedded object  (0x015eea9b6b51 <JSFunction js-to-wasm::i (sfi = 0000015EEA9B6B09)>)
000001C4EB632F0F  full embedded object  (0x015eea9ba181 <Map[f0](HOLEY_ELEMENTS)>)
000001C4EB632F5A  full embedded object  (0x015eea9b0631 <Cell value= 0x015eea9b1279 <JSFunction readWorkerBehavior32 (sfi = 0000015EEA993001)>>)
000001C4EB632F88  full embedded object  (0x025ee0def7f9 <NativeContext[132]>)
000001C4EB632FA0  near builtin entry
000001C4EB632FAB  full embedded object  (0x015eea990ff1 <String[20]: #readWorkerBehavior32>)
000001C4EB632FC9  full embedded object  (0x025ee0def7f9 <NativeContext[132]>)
000001C4EB632FD2  near builtin entry
000001C4EB632FDC  deopt script offset  (5c4)
000001C4EB632FDC  deopt inlining id  (ffffffffffffffff)
000001C4EB632FDC  deopt reason  (Smi)
000001C4EB632FDC  deopt index
000001C4EB632FE0  deopt script offset  (5c4)
000001C4EB632FE0  deopt inlining id  (ffffffffffffffff)
000001C4EB632FE0  deopt reason  (wrong map)
000001C4EB632FE0  deopt index
000001C4EB632FE4  deopt script offset  (5c4)
000001C4EB632FE4  deopt inlining id  (ffffffffffffffff)
000001C4EB632FE4  deopt reason  (wrong call target)
000001C4EB632FE4  deopt index
000001C4EB632FE8  deopt script offset  (5d2)
000001C4EB632FE8  deopt inlining id  (ffffffffffffffff)
000001C4EB632FE8  deopt reason  (lost precision)
000001C4EB632FE8  deopt index
000001C4EB632FEC  deopt script offset  (68a)
000001C4EB632FEC  deopt inlining id  (ffffffffffffffff)
000001C4EB632FEC  deopt reason  (wrong map)
000001C4EB632FEC  deopt index
000001C4EB632FF0  deopt script offset  (6af)
000001C4EB632FF0  deopt inlining id  (ffffffffffffffff)
000001C4EB632FF0  deopt reason  (Insufficient type feedback for binary operation)
000001C4EB632FF0  deopt index
000001C4EB632FF4  deopt script offset  (615)
000001C4EB632FF4  deopt inlining id  (ffffffffffffffff)
000001C4EB632FF4  deopt reason  (Insufficient type feedback for generic named access)
000001C4EB632FF4  deopt index
000001C4EB632FF8  deopt script offset  (5c4)
000001C4EB632FF8  deopt inlining id  (ffffffffffffffff)
000001C4EB632FF8  deopt reason  ((unknown))
000001C4EB632FF8  deopt index
000001C4EB632FFC  deopt script offset  (5a3)
000001C4EB632FFC  deopt inlining id  (ffffffffffffffff)
000001C4EB632FFC  deopt reason  ((unknown))
000001C4EB632FFC  deopt index
000001C4EB633000  deopt script offset  (5f4)
000001C4EB633000  deopt inlining id  (ffffffffffffffff)
000001C4EB633000  deopt reason  ((unknown))
000001C4EB633000  deopt index

--- End code ---
[completed compiling 0x015eea9b1989 <JSFunction completeRootFrontierNode32 (sfi = 0000015EEA998611)> (target TURBOFAN_JS) - took 0.003, 0.381, 1.137 ms]
[completed optimizing 0x015eea9b1989 <JSFunction completeRootFrontierNode32 (sfi = 0000015EEA998611)> (target TURBOFAN_JS)]
[marking 0x02edcc9e32c9 <JSFunction completeRootFrontierNode32 (sfi = 000002EDCC9C9F79)> for optimization to TURBOFAN_JS, ConcurrencyMode::kConcurrent, reason: hot and stable]
[completed compiling 0x015eea9b5289 <JSFunction storeConnect4RbaSharedExactCache32 (sfi = 0000015EEA9AF3C9)> (target TURBOFAN_JS) - took 0.004, 1.811, 0.026 ms]
[completed optimizing 0x015eea9b5289 <JSFunction storeConnect4RbaSharedExactCache32 (sfi = 0000015EEA9AF3C9)> (target TURBOFAN_JS)]
[marking 0x03bc6f5106e9 <JSFunction cellMarked (sfi = 0000012C474E3239)> for optimization to TURBOFAN_JS, ConcurrencyMode::kConcurrent, reason: hot and stable]
[compiling method 0x03bc6f5106e9 <JSFunction cellMarked (sfi = 0000012C474E3239)> (target TURBOFAN_JS), mode: ConcurrencyMode::kConcurrent]
[completed compiling 0x02f37f521301 <JSFunction absToRelativeFrontier (sfi = 00000182A7E8A541)> (target TURBOFAN_JS) - took 0.002, 0.313, 0.011 ms]
[completed optimizing 0x02f37f521301 <JSFunction absToRelativeFrontier (sfi = 00000182A7E8A541)> (target TURBOFAN_JS)]
[marking 0x00de56e20de9 <JSFunction pairedResponseNoWin (sfi = 000003B557D4B3E9)> for optimization to TURBOFAN_JS, ConcurrencyMode::kConcurrent, reason: hot and stable]
[compiling method 0x00de56e20de9 <JSFunction pairedResponseNoWin (sfi = 000003B557D4B3E9)> (target TURBOFAN_JS), mode: ConcurrencyMode::kConcurrent]
[marking 0x003d012d9df9 <JSFunction searchCpcOnlyFrontier (sfi = 000001F714DC3E49)> for optimization to TURBOFAN_JS, ConcurrencyMode::kConcurrent, reason: hot and stable]
[marking 0x01d0391c78d1 <JSFunction absToRelativeFrontier (sfi = 0000015EEA997039)> for optimization to TURBOFAN_JS, ConcurrencyMode::kConcurrent, reason: hot and stable]
--- Raw source ---
(state,value){
  let flags=state.behaviorLoad()>>>0;
  if(flags&0x80000000){
    flags=readWorkerBehavior32(state.behaviorWords,state.behaviorBase,state.behaviorExtensions,0);
    if(flags===-1)return value;
  }
  if(flags===state.frontierLast)return value;
  if(flags&1)return 3;
  state.frontierStride=(flags&8388608)&&!(flags&4194304)?(flags>>>16)&63:0;
  state.frontierTarget=(flags>>>24)&31;
  if(!state.frontierStride)state.frontierLimit=state.g.cellCount;
  state.frontierLast=flags;
  return value;
}


--- Optimized code ---
optimization_id = 134
source_position = 1443
kind = TURBOFAN_JS
name = completeRootFrontierNode32
compiler = turbofan
address = 000000EDFE7B3D21

Instructions (size = 384)
000001C45AE28380     0  55                   push rbp
000001C45AE28381     1  4889e5               REX.W movq rbp,rsp
000001C45AE28384     4  56                   push rsi
000001C45AE28385     5  57                   push rdi
000001C45AE28386     6  50                   push rax
000001C45AE28387     7  4883ec10             REX.W subq rsp,0x10
000001C45AE2838B     b  488975e0             REX.W movq [rbp-0x20],rsi
000001C45AE2838F     f  493b65a0             REX.W cmpq rsp,[r13-0x60] (external value (StackGuard::address_of_jslimit()))
000001C45AE28393    13  0f86e2000000         jna 000001C45AE2847B  <+0xfb>
000001C45AE28399    19  488b5518             REX.W movq rdx,[rbp+0x18]
000001C45AE2839D    1d  f6c201               testb rdx,0x1
000001C45AE283A0    20  0f8432010000         jz 000001C45AE284D8  <+0x158>
000001C45AE283A6    26  48b979d6eaa782010000 REX.W movq rcx,00000182A7EAD679    ;; object: 0x0182a7ead679 <Map[240](HOLEY_ELEMENTS)>
000001C45AE283B0    30  48394aff             REX.W cmpq [rdx-0x1],rcx
000001C45AE283B4    34  0f8522010000         jnz 000001C45AE284DC  <+0x15c>
000001C45AE283BA    3a  488b7a07             REX.W movq rdi,[rdx+0x7]
[completed compiling 0x03b557d58681 <JSFunction evaluateConnect4CpcNonterminal32 (sfi = 000003B557D4B239)> (target TURBOFAN_JS) - took 0.003, 9.737, 0.055 ms]
[completed optimizing 0x03b557d58681 000001C45AE283BE    3e  49b859a0eaa782010000 REX.W movq r8,00000182A7EAA059    ;; object: 0x0182a7eaa059 <JSFunction js-to-wasm::i (sfi = 00000182A7EAA011)>
<JSFunction evaluateConnect4CpcNonterminal32 (sfi = 000003B557D4B239)> (target TURBOFAN_JS)]
000001C45AE283C8    48  4c39470f             REX.W cmpq [rdi+0xf],r8
000001C45AE283CC    4c  0f850e010000         jnz 000001C45AE284E0  <+0x160>
000001C45AE283D2    52  498b781f             REX.W movq rdi,[r8+0x1f]
000001C45AE283D6    56  488b7f07             REX.W movq rdi,[rdi+0x7]
000001C45AE283DA    5a  488b7f1f             REX.W movq rdi,[rdi+0x1f]
000001C45AE283DE    5e  448b471f             movl r8,[rdi+0x1f]
000001C45AE283E2    62  488b7707             REX.W movq rsi,[rdi+0x7]
000001C45AE283E6    66  49ba000065f2c1010000 REX.W movq r10,000001C1F2650000
000001C45AE283F0    70  43ff14c2             call [r10+r8*8]
000001C45AE283F4    74  85c0                 testl rax,rax
000001C45AE283F6    76  0f8ce8000000         jl 000001C45AE284E4  <+0x164>
000001C45AE283FC    7c  ba00000080           movl rdx,0000000080000000
000001C45AE28401    81  85d0                 testl rdx,rax
000001C45AE28403    83  0f854f000000         jnz 000001C45AE28458  <+0xd8>
000001C45AE28409    89  488b5518             REX.W movq rdx,[rbp+0x18]
000001C45AE2840D    8d  48b979d6eaa782010000 REX.W movq rcx,00000182A7EAD679    ;; object: 0x0182a7ead679 <Map[240](HOLEY_ELEMENTS)>
000001C45AE28417    97  48394aff             REX.W cmpq [rdx-0x1],rcx
000001C45AE2841B    9b  0f85c7000000         jnz 000001C45AE284E8  <+0x168>
000001C45AE28421    a1  488b4a07             REX.W movq rcx,[rdx+0x7]
000001C45AE28425    a5  488b492f             REX.W movq rcx,[rcx+0x2f]
000001C45AE28429    a9  48c1f920             REX.W sarq rcx,32
000001C45AE2842D    ad  3bc8                 cmpl rcx,rax
000001C45AE2842F    af  0f8405000000         jz 000001C45AE2843A  <+0xba>
000001C45AE28435    b5  e9b2000000           jmp 000001C45AE284EC  <+0x16c>
000001C45AE2843A    ba  488b4520             REX.W movq rax,[rbp+0x20]
000001C45AE2843E    be  488b4de8             REX.W movq rcx,[rbp-0x18]
000001C45AE28442    c2  488be5               REX.W movq rsp,rbp
000001C45AE28445    c5  5d                   pop rbp
000001C45AE28446    c6  4883f903             REX.W cmpq rcx,0x3
000001C45AE2844A    ca  7f03                 jg 000001C45AE2844F  <+0xcf>
000001C45AE2844C    cc  c21800               ret 0x18
000001C45AE2844F    cf  415a                 pop r10
000001C45AE28451    d1  488d24cc             REX.W leaq rsp,[rsp+rcx*8]
000001C45AE28455    d5  4152                 push r10
000001C45AE28457    d7  c3                   retl
000001C45AE28458    d8  48ba393beaa782010000 REX.W movq rdx,00000182A7EA3B39    ;; object: 0x0182a7ea3b39 <Cell value= 0x0182a7ea4781 <JSFunction readWorkerBehavior32 (sfi = 00000182A7E86541)>>
000001C45AE28462    e2  488b5207             REX.W movq rdx,[rdx+0x7]
000001C45AE28466    e6  498b8d38020000       REX.W movq rcx,[r13+0x238] (root (the_hole_value))
000001C45AE2846D    ed  483bca               REX.W cmpq rcx,rdx
000001C45AE28470    f0  0f8433000000         jz 000001C45AE284A9  <+0x129>
000001C45AE28476    f6  e975000000           jmp 000001C45AE284F0  <+0x170>
000001C45AE2847B    fb  48ba00000000f0000000 REX.W movq rdx,000000F000000000
000001C45AE28485   105  52                   push rdx
000001C45AE28486   106  48bef9f7a2674e030000 REX.W movq rsi,0000034E67A2F7F9    ;; object: 0x034e67a2f7f9 <NativeContext[306]>
000001C45AE28490   110  48bbd0f61bf3f67f0000 REX.W movq rbx,00007FF6F31BF6D0
000001C45AE2849A   11a  b801000000           movl rax,0000000000000001
000001C45AE2849F   11f  e85c6fe11f           call 000001C47AC3F400  (CEntry_Return1_ArgvOnStack_NoBuiltinExit)    ;; near builtin entry
000001C45AE284A4   124  e9f0feffff           jmp 000001C45AE28399  <+0x19>
000001C45AE284A9   129  48b94945e8a782010000 REX.W movq rcx,00000182A7E84549    ;; object: 0x0182a7e84549 <String[20]: #readWorkerBehavior32>
000001C45AE284B3   133  51                   push rcx
000001C45AE284B4   134  488955d8             REX.W movq [rbp-0x28],rdx
000001C45AE284B8   138  48bbe0e61bf3f67f0000 REX.W movq rbx,00007FF6F31BE6E0
000001C45AE284C2   142  b801000000           movl rax,0000000000000001
000001C45AE284C7   147  48bef9f7a2674e030000 REX.W movq rsi,0000034E67A2F7F9    ;; object: 0x034e67a2f7f9 <NativeContext[306]>
000001C45AE284D1   151  e82a6fe11f           call 000001C47AC3F400  (CEntry_Return1_ArgvOnStack_NoBuiltinExit)    ;; near builtin entry
000001C45AE284D6   156  cc                   int3l
000001C45AE284D7   157  90                   nop
000001C45AE284D8   158  41ff55d8             call [r13-0x28] (external value (IsolateData::builtin_tier0_entry_table_))    ;; debug: deopt position, script offset '5c4'
                                                             ;; debug: deopt position, inlining id 'ffffffff'
                                                             ;; debug: deopt reason 'Smi'
                                                             ;; debug: deopt index 0
000001C45AE284DC   15c  41ff55d8             call [r13-0x28] (external value (IsolateData::builtin_tier0_entry_table_))    ;; debug: deopt position, script offset '5c4'
                                                             ;; debug: deopt position, inlining id 'ffffffff'
                                                             ;; debug: deopt reason 'wrong map'
                                                             ;; debug: deopt index 1
000001C45AE284E0   160  41ff55d8             call [r13-0x28] (external value (IsolateData::builtin_tier0_entry_table_))    ;; debug: deopt position, script offset '5c4'
                                                             ;; debug: deopt position, inlining id 'ffffffff'
                                                             ;; debug: deopt reason 'wrong call target'
                                                             ;; debug: deopt index 2
000001C45AE284E4   164  41ff55d8             call [r13-0x28] (external value (IsolateData::builtin_tier0_entry_table_))    ;; debug: deopt position, script offset '5d2'
                                                             ;; debug: deopt position, inlining id 'ffffffff'
                                                             ;; debug: deopt reason 'lost precision'
                                                             ;; debug: deopt index 3
000001C45AE284E8   168  41ff55d8             call [r13-0x28] (external value (IsolateData::builtin_tier0_entry_table_))    ;; debug: deopt position, script offset '68a'
                                                             ;; debug: deopt position, inlining id 'ffffffff'
                                                             ;; debug: deopt reason 'wrong map'
                                                             ;; debug: deopt index 4
000001C45AE284EC   16c  41ff55d8             call [r13-0x28] (external value (IsolateData::builtin_tier0_entry_table_))    ;; debug: deopt position, script offset '6af'
                                                             ;; debug: deopt position, inlining id 'ffffffff'
                                                             ;; debug: deopt reason 'Insufficient type feedback for binary operation'
                                                             ;; debug: deopt index 5
000001C45AE284F0   170  41ff55d8             call [r13-0x28] (external value (IsolateData::builtin_tier0_entry_table_))    ;; debug: deopt position, script offset '615'
                                                             ;; debug: deopt position, inlining id 'ffffffff'
                                                             ;; debug: deopt reason 'Insufficient type feedback for generic named access'
                                                             ;; debug: deopt index 6
000001C45AE284F4   174  41ff55e0             call [r13-0x20]    ;; debug: deopt position, script offset '5c4'
                                                             ;; debug: deopt position, inlining id 'ffffffff'
                                                             ;; debug: deopt reason '(unknown)'
                                                             ;; debug: deopt index 7
000001C45AE284F8   178  41ff55e0             call [r13-0x20]    ;; debug: deopt position, script offset '5a3'
                                                             ;; debug: deopt position, inlining id 'ffffffff'
                                                             ;; debug: deopt reason '(unknown)'
                                                             ;; debug: deopt index 8
000001C45AE284FC   17c  41ff55e0             call [r13-0x20]    ;; debug: deopt position, script offset '5f4'
                                                             ;; debug: deopt position, inlining id 'ffffffff'
                                                             ;; debug: deopt reason '(unknown)'
                                                             ;; debug: deopt index 9

Source positions:
 pc offset  position
         b      1443
        19      1476
        74      1490
        7c      1506
        89      1674
        a9      1665
        b5      1711
        ba      1700
        d8      1524
        f6      1557
        fb      1443
       129      1524

Inlined functions (count = 0)

Deoptimization Input Data (deopt points = 10)
 index  bytecode-offset    pc
     0                0    NA 
     1                0    NA 
     2                0    NA 
     3                9    NA 
     4                9    NA 
     5               75    NA 
     6               26    NA 
     7              755    74 
     8               -1   124 
     9               23   156 

Safepoints (stack slots = 7, entries = 3, byte size = 30)
000001C45AE283F4     74  slots (sp->fp): 0100000  deopt      7 trampoline:    174
000001C45AE284A4    124  slots (sp->fp): 0100000  deopt      8 trampoline:    178
000001C45AE284D6    156  slots (sp->fp): 1100000  deopt      9 trampoline:    17c

RelocInfo (size = e1)
000001C45AE283A8  full embedded object  (0x0182a7ead679 <Map[f0](HOLEY_ELEMENTS)>)
000001C45AE283C0  full embedded object  (0x0182a7eaa059 <JSFunction js-to-wasm::i (sfi = 00000182A7EAA011)>)
000001C45AE2840F  full embedded object  (0x0182a7ead679 <Map[f0](HOLEY_ELEMENTS)>)
000001C45AE2845A  full embedded object  (0x0182a7ea3b39 <Cell value= 0x0182a7ea4781 <JSFunction readWorkerBehavior32 (sfi = 00000182A7E86541)>>)
000001C45AE28488  full embedded object  (0x034e67a2f7f9 <NativeContext[132]>)
000001C45AE284A0  near builtin entry
000001C45AE284AB  full embedded object  (0x0182a7e84549 <String[20]: #readWorkerBehavior32>)
000001C45AE284C9  full embedded object  (0x034e67a2f7f9 <NativeContext[132]>)
000001C45AE284D2  near builtin entry
000001C45AE284DC  deopt script offset  (5c4)
000001C45AE284DC  deopt inlining id  (ffffffffffffffff)
000001C45AE284DC  deopt reason  (Smi)
000001C45AE284DC  deopt index
000001C45AE284E0  deopt script offset  (5c4)
000001C45AE284E0  deopt inlining id  (ffffffffffffffff)
000001C45AE284E0  deopt reason  (wrong map)
000001C45AE284E0  deopt index
000001C45AE284E4  deopt script offset  (5c4)
000001C45AE284E4  deopt inlining id  (ffffffffffffffff)
000001C45AE284E4  deopt reason  (wrong call target)
000001C45AE284E4  deopt index
000001C45AE284E8  deopt script offset  (5d2)
000001C45AE284E8  deopt inlining id  (ffffffffffffffff)
000001C45AE284E8  deopt reason  (lost precision)
000001C45AE284E8  deopt index
000001C45AE284EC  deopt script offset  (68a)
000001C45AE284EC  deopt inlining id  (ffffffffffffffff)
000001C45AE284EC  deopt reason  (wrong map)
000001C45AE284EC  deopt index
000001C45AE284F0  deopt script offset  (6af)
000001C45AE284F0  deopt inlining id  (ffffffffffffffff)
000001C45AE284F0  deopt reason  (Insufficient type feedback for binary operation)
000001C45AE284F0  deopt index
000001C45AE284F4  deopt script offset  (615)
000001C45AE284F4  deopt inlining id  (ffffffffffffffff)
000001C45AE284F4  deopt reason  (Insufficient type feedback for generic named access)
000001C45AE284F4  deopt index
000001C45AE284F8  deopt script offset  (5c4)
000001C45AE284F8  deopt inlining id  (ffffffffffffffff)
000001C45AE284F8  deopt reason  ((unknown))
000001C45AE284F8  deopt index
000001C45AE284FC  deopt script offset  (5a3)
000001C45AE284FC  deopt inlining id  (ffffffffffffffff)
000001C45AE284FC  deopt reason  ((unknown))
000001C45AE284FC  deopt index
000001C45AE28500  deopt script offset  (5f4)
000001C45AE28500  deopt inlining id  (ffffffffffffffff)
000001C45AE28500  deopt reason  ((unknown))
000001C45AE28500  deopt index

--- End code ---
[completed compiling 0x0182a7ea4e91 <JSFunction completeRootFrontierNode32 (sfi = 00000182A7E8BB19)> (target TURBOFAN_JS) - took 0.001, 0.501, 1.218 ms]
[completed optimizing 0x0182a7ea4e91 <JSFunction completeRootFrontierNode32 (sfi = 00000182A7E8BB19)> (target TURBOFAN_JS)]
--- Raw source ---
(state,value){
  let flags=state.behaviorLoad()>>>0;
  if(flags&0x80000000){
    flags=readWorkerBehavior32(state.behaviorWords,state.behaviorBase,state.behaviorExtensions,0);
    if(flags===-1)return value;
  }
  if(flags===state.frontierLast)return value;
  if(flags&1)return 3;
  state.frontierStride=(flags&8388608)&&!(flags&4194304)?(flags>>>16)&63:0;
  state.frontierTarget=(flags>>>24)&31;
  if(!state.frontierStride)state.frontierLimit=state.g.cellCount;
  state.frontierLast=flags;
  return value;
}


--- Optimized code ---
optimization_id = 71
source_position = 1443
kind = TURBOFAN_JS
name = completeRootFrontierNode32
compiler = turbofan
address = 000002D4D71B5139

Instructions (size = 384)
000001C48B671FC0     0  55                   push rbp
000001C48B671FC1     1  4889e5               REX.W movq rbp,rsp
000001C48B671FC4     4  56                   push rsi
000001C48B671FC5     5  57                   push rdi
000001C48B671FC6     6  50                   push rax
000001C48B671FC7     7  4883ec10             REX.W subq rsp,0x10
000001C48B671FCB     b  488975e0             REX.W movq [rbp-0x20],rsi
000001C48B671FCF     f  493b65a0             REX.W cmpq rsp,[r13-0x60] (external value (StackGuard::address_of_jslimit()))
[marking 0x029eafc2d2b1 <JSFunction connect4RbaCanonicalize (sfi = 0000029EAFC1D929)> for optimization to TURBOFAN_JS, ConcurrencyMode::kConcurrent, reason: hot and stable]
[compiling method 0x029eafc2d2b1 <JSFunction connect4RbaCanonicalize (sfi = 0000029EAFC1D929)> (target TURBOFAN_JS), mode: ConcurrencyMode::kConcurrent000001C48B671FD3    13  0f86e2000000         jna 000001C48B6720BB  <+0xfb>]

000001C48B671FD9    19  488b5518             REX.W movq rdx,[rbp+0x18]
000001C48B671FDD    1d  f6c201               testb rdx,0x1
000001C48B671FE0    20  0f8432010000         jz 000001C48B672118  <+0x158>
000001C48B671FE6    26  48b989704f472c010000 REX.W movq rcx,0000012C474F7089    ;; object: 0x012c474f7089 <Map[240](HOLEY_ELEMENTS)>
000001C48B671FF0    30  48394aff             REX.W cmpq [rdx-0x1],rcx
000001C48B671FF4    34  0f8522010000         jnz 000001C48B67211C  <+0x15c>
000001C48B671FFA    3a  488b7a07             REX.W movq rdi,[rdx+0x7]
000001C48B671FFE    3e  49b8693a4f472c010000 REX.W movq r8,0000012C474F3A69    ;; object: 0x012c474f3a69 <JSFunction js-to-wasm::i (sfi = 0000012C474F3A21)>
000001C48B672008    48  4c39470f             REX.W cmpq [rdi+0xf],r8
000001C48B67200C    4c  0f850e010000         jnz 000001C48B672120  <+0x160>
000001C48B672012    52  498b781f             REX.W movq rdi,[r8+0x1f]
000001C48B672016    56  488b7f07             REX.W movq rdi,[rdi+0x7]
000001C48B67201A    5a  488b7f1f             REX.W movq rdi,[rdi+0x1f]
000001C48B67201E    5e  448b471f             movl r8,[rdi+0x1f]
000001C48B672022    62  488b7707             REX.W movq rsi,[rdi+0x7]
000001C48B672026    66  49ba000065f2c1010000 REX.W movq r10,000001C1F2650000
000001C48B672030    70  43ff14c2             call [r10+r8*8]
000001C48B672034    74  85c0                 testl rax,rax
000001C48B672036    76  0f8ce8000000         jl 000001C48B672124  <+0x164>
000001C48B67203C    7c  ba00000080           movl rdx,0000000080000000
000001C48B672041    81  85d0                 testl rdx,rax
000001C48B672043    83  0f854f000000         jnz 000001C48B672098  <+0xd8>
000001C48B672049    89  488b5518             REX.W movq rdx,[rbp+0x18]
000001C48B67204D    8d  48b989704f472c010000 REX.W movq rcx,0000012C474F7089    ;; object: 0x012c474f7089 <Map[240](HOLEY_ELEMENTS)>
000001C48B672057    97  48394aff             REX.W cmpq [rdx-0x1],rcx
000001C48B67205B    9b  0f85c7000000         jnz 000001C48B672128  <+0x168>
000001C48B672061    a1  488b4a07             REX.W movq rcx,[rdx+0x7]
000001C48B672065    a5  488b492f             REX.W movq rcx,[rcx+0x2f]
000001C48B672069    a9  48c1f920             REX.W sarq rcx,32
000001C48B67206D    ad  3bc8                 cmpl rcx,rax
000001C48B67206F    af  0f8405000000         jz 000001C48B67207A  <+0xba>
000001C48B672075    b5  e9b2000000           jmp 000001C48B67212C  <+0x16c>
000001C48B67207A    ba  488b4520             REX.W movq rax,[rbp+0x20]
000001C48B67207E    be  488b4de8             REX.W movq rcx,[rbp-0x18]
000001C48B672082    c2  488be5               REX.W movq rsp,rbp
000001C48B672085    c5  5d                   pop rbp
000001C48B672086    c6  4883f903             REX.W cmpq rcx,0x3
[completed compiling 000001C48B67208A    ca  7f03                 jg 000001C48B67208F  <+0xcf>
0x02f37f520d29 000001C48B67208C    cc  c21800               ret 0x18<JSFunction cellMarked (sfi = 00000182A7E997F9)>
 (target TURBOFAN_JS) - took 0.003, 0.333, 0.007 ms]
000001C48B67208F    cf  415a                 pop r10
[completed optimizing 0x02f37f520d29 000001C48B672091    d1  488d24cc             REX.W leaq rsp,[rsp+rcx*8]<JSFunction cellMarked (sfi = 00000182A7E997F9)>
 (target TURBOFAN_JS)]
000001C48B672095    d5  4152                 push r10
000001C48B672097    d7  c3                   retl
000001C48B672098    d8  48ba49d54e472c010000 REX.W movq rdx,0000012C474ED549    ;; object: 0x012c474ed549 <Cell value= 0x012c474ee191 <JSFunction readWorkerBehavior32 (sfi = 0000012C474CFF49)>>
000001C48B6720A2    e2  488b5207             REX.W movq rdx,[rdx+0x7]
000001C48B6720A6    e6  498b8d38020000       REX.W movq rcx,[r13+0x238] (root (the_hole_value))
000001C48B6720AD    ed  483bca               REX.W cmpq rcx,rdx
000001C48B6720B0    f0  0f8433000000         jz 000001C48B6720E9  <+0x129>
000001C48B6720B6    f6  e975000000           jmp 000001C48B672130  <+0x170>
000001C48B6720BB    fb  48ba00000000f0000000 REX.W movq rdx,000000F000000000
000001C48B6720C5   105  52                   push rdx
000001C48B6720C6   106  48bef9f78641dd020000 REX.W movq rsi,000002DD4186F7F9    ;; object: 0x02dd4186f7f9 <NativeContext[306]>
000001C48B6720D0   110  48bbd0f61bf3f67f0000 REX.W movq rbx,00007FF6F31BF6D0
000001C48B6720DA   11a  b801000000           movl rax,0000000000000001
000001C48B6720DF   11f  e81cd3dc1f           call 000001C4AB43F400  (CEntry_Return1_ArgvOnStack_NoBuiltinExit)    ;; near builtin entry
000001C48B6720E4   124  e9f0feffff           jmp 000001C48B671FD9  <+0x19>
000001C48B6720E9   129  48b939df4c472c010000 REX.W movq rcx,0000012C474CDF39    ;; object: 0x012c474cdf39 <String[20]: #readWorkerBehavior32>
000001C48B6720F3   133  51                   push rcx
000001C48B6720F4   134  488955d8             REX.W movq [rbp-0x28],rdx
000001C48B6720F8   138  48bbe0e61bf3f67f0000 REX.W movq rbx,00007FF6F31BE6E0
000001C48B672102   142  b801000000           movl rax,0000000000000001
000001C48B672107   147  48bef9f78641dd020000 REX.W movq rsi,000002DD4186F7F9    ;; object: 0x02dd4186f7f9 <NativeContext[306]>
000001C48B672111   151  e8ead2dc1f           call 000001C4AB43F400  (CEntry_Return1_ArgvOnStack_NoBuiltinExit)    ;; near builtin entry
000001C48B672116   156  cc                   int3l
000001C48B672117   157  90                   nop
000001C48B672118   158  41ff55d8             call [r13-0x28] (external value (IsolateData::builtin_tier0_entry_table_))    ;; debug: deopt position, script offset '5c4'
                                                             ;; debug: deopt position, inlining id 'ffffffff'
                                                             ;; debug: deopt reason 'Smi'
                                                             ;; debug: deopt index 0
000001C48B67211C   15c  41ff55d8             call [r13-0x28] (external value (IsolateData::builtin_tier0_entry_table_))    ;; debug: deopt position, script offset '5c4'
                                                             ;; debug: deopt position, inlining id 'ffffffff'
                                                             ;; debug: deopt reason 'wrong map'
                                                             ;; debug: deopt index 1
000001C48B672120   160  41ff55d8             call [r13-0x28] (external value (IsolateData::builtin_tier0_entry_table_))    ;; debug: deopt position, script offset '5c4'
                                                             ;; debug: deopt position, inlining id 'ffffffff'
                                                             ;; debug: deopt reason 'wrong call target'
                                                             ;; debug: deopt index 2
000001C48B672124   164  41ff55d8             call [r13-0x28] (external value (IsolateData::builtin_tier0_entry_table_))    ;; debug: deopt position, script offset '5d2'
                                                             ;; debug: deopt position, inlining id 'ffffffff'
                                                             ;; debug: deopt reason 'lost precision'
                                                             ;; debug: deopt index 3
000001C48B672128   168  41ff55d8             call [r13-0x28] (external value (IsolateData::builtin_tier0_entry_table_))    ;; debug: deopt position, script offset '68a'
                                                             ;; debug: deopt position, inlining id 'ffffffff'
                                                             ;; debug: deopt reason 'wrong map'
                                                             ;; debug: deopt index 4
000001C48B67212C   16c  41ff55d8             call [r13-0x28] (external value (IsolateData::builtin_tier0_entry_table_))    ;; debug: deopt position, script offset '6af'
                                                             ;; debug: deopt position, inlining id 'ffffffff'
                                                             ;; debug: deopt reason 'Insufficient type feedback for binary operation'
                                                             ;; debug: deopt index 5
000001C48B672130   170  41ff55d8             call [r13-0x28] (external value (IsolateData::builtin_tier0_entry_table_))    ;; debug: deopt position, script offset '615'
                                                             ;; debug: deopt position, inlining id 'ffffffff'
                                                             ;; debug: deopt reason 'Insufficient type feedback for generic named access'
                                                             ;; debug: deopt index 6
000001C48B672134   174  41ff55e0             call [r13-0x20]    ;; debug: deopt position, script offset '5c4'
                                                             ;; debug: deopt position, inlining id 'ffffffff'
                                                             ;; debug: deopt reason '(unknown)'
                                                             ;; debug: deopt index 7
000001C48B672138   178  41ff55e0             call [r13-0x20]    ;; debug: deopt position, script offset '5a3'
                                                             ;; debug: deopt position, inlining id 'ffffffff'
                                                             ;; debug: deopt reason '(unknown)'
                                                             ;; debug: deopt index 8
000001C48B67213C   17c  41ff55e0             call [r13-0x20]    ;; debug: deopt position, script offset '5f4'
                                                             ;; debug: deopt position, inlining id 'ffffffff'
                                                             ;; debug: deopt reason '(unknown)'
                                                             ;; debug: deopt index 9

Source positions:
 pc offset  position
         b      1443
        19      1476
        74      1490
        7c      1506
        89      1674
        a9      1665
        b5      1711
        ba      1700
        d8      1524
        f6      1557
        fb      1443
       129      1524

Inlined functions (count = 0)

Deoptimization Input Data (deopt points = 10)
 index  bytecode-offset    pc
     0                0    NA 
     1                0    NA 
     2                0    NA 
     3                9    NA 
     4                9    NA 
     5               75    NA 
     6               26    NA 
     7              755    74 
     8               -1   124 
     9               23   156 

Safepoints (stack slots = 7, entries = 3, byte size = 30)
000001C48B672034     74  slots (sp->fp): 0100000  deopt      7 trampoline:    174
000001C48B6720E4    124  slots (sp->fp): 0100000  deopt      8 trampoline:    178
000001C48B672116    156  slots (sp->fp): 1100000  deopt      9 trampoline:    17c

RelocInfo (size = e1)
000001C48B671FE8  full embedded object  (0x012c474f7089 <Map[f0](HOLEY_ELEMENTS)>)
000001C48B672000  full embedded object  (0x012c474f3a69 <JSFunction js-to-wasm::i (sfi = 0000012C474F3A21)>)
000001C48B67204F  full embedded object  (0x012c474f7089 <Map[f0](HOLEY_ELEMENTS)>)
000001C48B67209A  full embedded object  (0x012c474ed549 <Cell value= 0x012c474ee191 <JSFunction readWorkerBehavior32 (sfi = 0000012C474CFF49)>>)
000001C48B6720C8  full embedded object  (0x02dd4186f7f9 <NativeContext[132]>)
000001C48B6720E0  near builtin entry
000001C48B6720EB  full embedded object  (0x012c474cdf39 <String[20]: #readWorkerBehavior32>)
000001C48B672109  full embedded object  (0x02dd4186f7f9 <NativeContext[132]>)
000001C48B672112  near builtin entry
000001C48B67211C  deopt script offset  (5c4)
000001C48B67211C  deopt inlining id  (ffffffffffffffff)
000001C48B67211C  deopt reason  (Smi)
000001C48B67211C  deopt index
000001C48B672120  deopt script offset  (5c4)
000001C48B672120  deopt inlining id  (ffffffffffffffff)
000001C48B672120  deopt reason  (wrong map)
000001C48B672120  deopt index
000001C48B672124  deopt script offset  (5c4)
000001C48B672124  deopt inlining id  (ffffffffffffffff)
000001C48B672124  deopt reason  (wrong call target)
000001C48B672124  deopt index
000001C48B672128  deopt script offset  (5d2)
000001C48B672128  deopt inlining id  (ffffffffffffffff)
000001C48B672128  deopt reason  (lost precision)
000001C48B672128  deopt index
000001C48B67212C  deopt script offset  (68a)
000001C48B67212C  deopt inlining id  (ffffffffffffffff)
000001C48B67212C  deopt reason  (wrong map)
000001C48B67212C  deopt index
000001C48B672130  deopt script offset  (6af)
000001C48B672130  deopt inlining id  (ffffffffffffffff)
000001C48B672130  deopt reason  (Insufficient type feedback for binary operation)
000001C48B672130  deopt index
000001C48B672134  deopt script offset  (615)
000001C48B672134  deopt inlining id  (ffffffffffffffff)
000001C48B672134  deopt reason  (Insufficient type feedback for generic named access)
000001C48B672134  deopt index
000001C48B672138  deopt script offset  (5c4)
000001C48B672138  deopt inlining id  (ffffffffffffffff)
000001C48B672138  deopt reason  ((unknown))
000001C48B672138  deopt index
000001C48B67213C  deopt script offset  (5a3)
000001C48B67213C  deopt inlining id  (ffffffffffffffff)
000001C48B67213C  deopt reason  ((unknown))
000001C48B67213C  deopt index
000001C48B672140  deopt script offset  (5f4)
000001C48B672140  deopt inlining id  (ffffffffffffffff)
000001C48B672140  deopt reason  ((unknown))
000001C48B672140  deopt index

--- End code ---
[completed compiling 0x012c474ee8a1 <JSFunction completeRootFrontierNode32 (sfi = 0000012C474D5541)> (target TURBOFAN_JS) - took 0.003, 1.103, 0.708 ms]
[completed optimizing 0x012c474ee8a1 <JSFunction completeRootFrontierNode32 (sfi = 0000012C474D5541)> (target TURBOFAN_JS)]
[marking 0x01d0391c78d1 <JSFunction absToRelativeFrontier (sfi = 0000015EEA997039)> for optimization to TURBOFAN_JS, ConcurrencyMode::kConcurrent, reason: hot and stable]
[compiling method 0x01d0391c78d1 <JSFunction absToRelativeFrontier (sfi = 0000015EEA997039)> (target TURBOFAN_JS), mode: ConcurrencyMode::kConcurrent]
[marking 0x03bc6f5107e9 <JSFunction pairedResponseNoWin (sfi = 0000012C474E3359)> for optimization to TURBOFAN_JS, ConcurrencyMode::kConcurrent, reason: hot and stable]
[marking 0x002178d46bf1 <JSFunction cellMarked (sfi = 0000029EAFC209D1)> for optimization to TURBOFAN_JS, ConcurrencyMode::kConcurrent, reason: hot and stable]
[compiling method 0x03bc6f5107e9 <JSFunction pairedResponseNoWin (sfi = 0000012C474E3359)> (target TURBOFAN_JS), mode: ConcurrencyMode::kConcurrent]
[compiling method 0x002178d46bf1 <JSFunction cellMarked (sfi = 0000029EAFC209D1)> (target TURBOFAN_JS), mode: ConcurrencyMode::kConcurrent]
[11144:000001C48AF75000]      244 ms: Scavenge (during sweeping) 8.7 (11.9) -> 6.8 (11.9) MB, pooled: 0.0 MB, 0.14 / 0.00 ms (average mu = 0.936, current mu = 0.936) allocation failure; 
[completed compiling 0x029eafc2f831 <JSFunction probeConnect4RbaSharedExactCache32 (sfi = 0000029EAFC29A31)> (target TURBOFAN_JS) - took 0.002, 3.441, 0.025 ms]
[completed optimizing 0x029eafc2f831 <JSFunction probeConnect4RbaSharedExactCache32 (sfi = 0000029EAFC29A31)> (target TURBOFAN_JS)]
[completed compiling 0x003d012db809 <JSFunction playableCell (sfi = 000001F714DD30E9)> (target TURBOFAN_JS) - took 0.002, 0.497, 0.012 ms]
[completed optimizing 0x003d012db809 <JSFunction playableCell (sfi = 000001F714DD30E9)> (target TURBOFAN_JS)]
[completed compiling 0x02edcc9e45c9 <JSFunction connect4RbaCofactorKnownHeight (sfi = 000002EDCC9D4B81)> (target TURBOFAN_JS) - took 0.002, 14.431, 0.051 ms]
[completed optimizing 0x02edcc9e45c9 <JSFunction connect4RbaCofactorKnownHeight (sfi = 000002EDCC9D4B81)> (target TURBOFAN_JS)]
[marking 0x003d012d9df9 <JSFunction searchCpcOnlyFrontier (sfi = 000001F714DC3E49)> for optimization to TURBOFAN_JS, ConcurrencyMode::kConcurrent, reason: hot and stable]
[compiling method 0x003d012d9df9 <JSFunction searchCpcOnlyFrontier (sfi = 000001F714DC3E49)> (target TURBOFAN_JS), mode: ConcurrencyMode::kConcurrent]
[completed compiling 0x03bc6f5106e9 <JSFunction cellMarked (sfi = 0000012C474E3239)> (target TURBOFAN_JS) - took 0.003, 0.302, 0.008 ms]
[completed optimizing 0x03bc6f5106e9 <JSFunction cellMarked (sfi = 0000012C474E3239)> (target TURBOFAN_JS)]
[bailout (kind: deopt-lazy, reason: (unknown)): begin. deoptimizing 0x03bc6f511449 <JSFunction searchCpcOnlyFrontier (sfi = 0000012C474D3FF9)>, 0x03c2f8f946d1 <Code MAGLEV>, opt id 50, bytecode offset 2072, deopt exit 204, FP to SP delta 608, caller SP 0x0023791fb288, pc 0x01c48b635da4]
[bailout (kind: deopt-lazy, reason: (unknown)): begin. deoptimizing 0x03bc6f511449 <JSFunction searchCpcOnlyFrontier (sfi = 0000012C474D3FF9)>, 0x03c2f8f946d1 <Code MAGLEV>, opt id 50, bytecode offset 2072, deopt exit 204, FP to SP delta 608, caller SP 0x0023791fb558, pc 0x01c48b635da4]
[marking 0x0182a7ea6bf1 <JSFunction evaluateConnect4CpcNonterminal32 (sfi = 00000182A7E99769)> for optimization to TURBOFAN_JS, ConcurrencyMode::kConcurrent, reason: hot and stable]
[compiling method 0x0182a7ea6bf1 <JSFunction evaluateConnect4CpcNonterminal32 (sfi = 00000182A7E99769)> (target TURBOFAN_JS), mode: ConcurrencyMode::kConcurrent]
[completed compiling 0x012c474f0601 <JSFunction evaluateConnect4CpcNonterminal32 (sfi = 0000012C474E31A9)> (target TURBOFAN_JS) - took 0.001, 13.869, 0.049 ms]
[completed optimizing 0x012c474f0601 <JSFunction evaluateConnect4CpcNonterminal32 (sfi = 0000012C474E31A9)> (target TURBOFAN_JS)]
[completed compiling 0x0053881c7851 <JSFunction storeConnect4RbaExactCacheSlot32Frontier (sfi = 000002EDCC9C8911)> (target TURBOFAN_JS) - took 0.002, 4.423, 0.025 ms]
[completed optimizing 0x0053881c7851 <JSFunction storeConnect4RbaExactCacheSlot32Frontier (sfi = 000002EDCC9C8911)> (target TURBOFAN_JS)]
[completed compiling 0x01d0391c78d1 <JSFunction absToRelativeFrontier (sfi = 0000015EEA997039)> (target TURBOFAN_JS) - took 0.002, 0.282, 0.012 ms]
[completed optimizing 0x01d0391c78d1 <JSFunction absToRelativeFrontier (sfi = 0000015EEA997039)> (target TURBOFAN_JS)]
[completed compiling 0x002178d46cf1 <JSFunction pairedResponseNoWin (sfi = 0000029EAFC20AF1)> (target TURBOFAN_JS) - took 0.002, 2.498, 0.015 ms]
[completed optimizing 0x002178d46cf1 <JSFunction pairedResponseNoWin (sfi = 0000029EAFC20AF1)> (target TURBOFAN_JS)]
[completed compiling 0x002178d46bf1 <JSFunction cellMarked (sfi = 0000029EAFC209D1)> (target TURBOFAN_JS) - took 0.001, 0.302, 0.003 ms]
[completed optimizing 0x002178d46bf1 <JSFunction cellMarked (sfi = 0000029EAFC209D1)> (target TURBOFAN_JS)]
[completed compiling 0x00de56e20de9 <JSFunction pairedResponseNoWin (sfi = 000003B557D4B3E9)> (target TURBOFAN_JS) - took 0.003, 2.420, 0.017 ms]
[completed optimizing 0x00de56e20de9 <JSFunction pairedResponseNoWin (sfi = 000003B557D4B3E9)> (target TURBOFAN_JS)]
[marking 0x01f714de0319 <JSFunction evaluateConnect4CpcNonterminal32 (sfi = 000001F714DD3011)> for optimization to TURBOFAN_JS, ConcurrencyMode::kConcurrent, reason: hot and stable]
[compiling method 0x01f714de0319 <JSFunction evaluateConnect4CpcNonterminal32 (sfi = 000001F714DD3011)> (target TURBOFAN_JS), mode: ConcurrencyMode::kConcurrent]
[marking 0x015eea9b32a9 <JSFunction popcount32 (sfi = 0000015EEA9A7829)> for optimization to TURBOFAN_JS, ConcurrencyMode::kConcurrent, reason: hot and stable]
[compiling method 0x015eea9b32a9 <JSFunction popcount32 (sfi = 0000015EEA9A7829)> (target TURBOFAN_JS), mode: ConcurrencyMode::kConcurrent]
[completed compiling 0x03bc6f5107e9 <JSFunction pairedResponseNoWin (sfi = 0000012C474E3359)> (target TURBOFAN_JS) - took 0.002, 1.930, 0.012 ms]
[completed optimizing 0x03bc6f5107e9 <JSFunction pairedResponseNoWin (sfi = 0000012C474E3359)> (target TURBOFAN_JS)]
[marking 0x03b557d56921 <JSFunction completeRootFrontierNode32 (sfi = 000001183D3FD191)> for optimization to TURBOFAN_JS, ConcurrencyMode::kConcurrent, reason: hot and stable]
[compiling method 0x03b557d56921 <JSFunction completeRootFrontierNode32 (sfi = 000001183D3FD191)> (target TURBOFAN_JS), mode: ConcurrencyMode::kConcurrent]
[marking 0x0053881c6bf1 <JSFunction cellMarked (sfi = 000002EDCC9D7C71)> for optimization to TURBOFAN_JS, ConcurrencyMode::kConcurrent, reason: hot and stable]
[compiling method 0x0053881c6bf1 <JSFunction cellMarked (sfi = 000002EDCC9D7C71)> (target TURBOFAN_JS), mode: ConcurrencyMode::kConcurrent]
[marking 0x02edcc9e32c9 <JSFunction completeRootFrontierNode32 (sfi = 000002EDCC9C9F79)> for optimization to TURBOFAN_JS, ConcurrencyMode::kConcurrent, reason: hot and stable]
[compiling method 0x02edcc9e32c9 <JSFunction completeRootFrontierNode32 (sfi = 000002EDCC9C9F79)> (target TURBOFAN_JS), mode: ConcurrencyMode::kConcurrent]
[marking 0x003d012db849 <JSFunction deriveForkPreemption32 (sfi = 000001F714DD3179)> for optimization to TURBOFAN_JS, ConcurrencyMode::kConcurrent, reason: hot and stable]
[compiling method 0x003d012db849 <JSFunction deriveForkPreemption32 (sfi = 000001F714DD3179)> (target TURBOFAN_JS), mode: ConcurrencyMode::kConcurrent]
[marking 0x02f37f520e29 <JSFunction pairedResponseNoWin (sfi = 00000182A7E99919)> for optimization to TURBOFAN_JS, ConcurrencyMode::kConcurrent, reason: hot and stable]
[compiling method 0x02f37f520e29 <JSFunction pairedResponseNoWin (sfi = 00000182A7E99919)> (target TURBOFAN_JS), mode: ConcurrencyMode::kConcurrent]
[marking 0x029eafc2eaf9 <JSFunction evaluateConnect4LiveLine3x32 (sfi = 0000029EAFC22F51)> for optimization to TURBOFAN_JS, ConcurrencyMode::kConcurrent, reason: hot and stable]
[compiling method 0x029eafc2eaf9 <JSFunction evaluateConnect4LiveLine3x32 (sfi = 0000029EAFC22F51)> (target TURBOFAN_JS), mode: ConcurrencyMode::kConcurrent]
[marking 0x0053881c78d1 <JSFunction absToRelativeFrontier (sfi = 000002EDCC9C89A1)> for optimization to TURBOFAN_JS, ConcurrencyMode::kConcurrent, reason: hot and stable]
[compiling method 0x0053881c78d1 <JSFunction absToRelativeFrontier (sfi = 000002EDCC9C89A1)> (target TURBOFAN_JS), mode: ConcurrencyMode::kConcurrent]
[bailout (kind: deopt-lazy, reason: (unknown)): begin. deoptimizing 0x03bc6f511449 <JSFunction searchCpcOnlyFrontier (sfi = 0000012C474D3FF9)>, 0x03c2f8f946d1 <Code MAGLEV>, opt id 50, bytecode offset 2072, deopt exit 204, FP to SP delta 608, caller SP 0x0023791fb828, pc 0x01c48b635da4]
[marking 0x03bc6f511349 <JSFunction storeConnect4RbaExactCacheSlot32Frontier (sfi = 0000012C474D3ED9)> for optimization to TURBOFAN_JS, ConcurrencyMode::kConcurrent, reason: hot and stable]
[11144:000001C1FA96A000]      254 ms: Scavenge (during sweeping) 8.7 (11.9) -> 6.8 (11.9) MB, pooled: 0.0 MB, 0.11 / 0.00 ms (average mu = 0.940, current mu = 0.940) allocation failure; 
[marking 0x03b557d7e799 <JSFunction searchCpcOnlyFrontier (sfi = 000001183D3FBC49)> for optimization to TURBOFAN_JS, ConcurrencyMode::kConcurrent, reason: hot and stable]
[completed compiling 0x029eafc2d2b1 <JSFunction connect4RbaCanonicalize (sfi = 0000029EAFC1D929)> (target TURBOFAN_JS) - took 0.002, 8.541, 0.031 ms]
[completed optimizing 0x029eafc2d2b1 <JSFunction connect4RbaCanonicalize (sfi = 0000029EAFC1D929)> (target TURBOFAN_JS)]
[completed compiling 0x015eea9b32a9 <JSFunction popcount32 (sfi = 0000015EEA9A7829)> (target TURBOFAN_JS) - took 0.001, 0.312, 0.008 ms]
[completed optimizing 0x015eea9b32a9 <JSFunction popcount32 (sfi = 0000015EEA9A7829)> (target TURBOFAN_JS)]
--- Raw source ---
(state,value){
  let flags=state.behaviorLoad()>>>0;
  if(flags&0x80000000){
    flags=readWorkerBehavior32(state.behaviorWords,state.behaviorBase,state.behaviorExtensions,0);
    if(flags===-1)return value;
  }
  if(flags===state.frontierLast)return value;
  if(flags&1)return 3;
  state.frontierStride=(flags&8388608)&&!(flags&4194304)?(flags>>>16)&63:0;
  state.frontierTarget=(flags>>>24)&31;
  if(!state.frontierStride)state.frontierLimit=state.g.cellCount;
  state.frontierLast=flags;
  return value;
}


--- Optimized code ---
optimization_id = 80
source_position = 1443
kind = TURBOFAN_JS
name = completeRootFrontierNode32
compiler = turbofan
address = 000000C6D03CFA09

Instructions (size = 384)
000001C42AE1FA00     0  55                   push rbp
000001C42AE1FA01     1  4889e5               REX.W movq rbp,rsp
000001C42AE1FA04     4  56                   push rsi
000001C42AE1FA05     5  57                   push rdi
000001C42AE1FA06     6  50                   push rax
000001C42AE1FA07     7  4883ec10             REX.W subq rsp,0x10
000001C42AE1FA0B     b  488975e0             REX.W movq [rbp-0x20],rsi
000001C42AE1FA0F     f  493b65a0             REX.W cmpq rsp,[r13-0x60] (external value (StackGuard::address_of_jslimit()))
[marking 000001C42AE1FA13    13  0f86e2000000         jna 000001C42AE1FAFB  <+0xfb>
0x01d0391c7851 <JSFunction storeConnect4RbaExactCacheSlot32Frontier (sfi = 0000015EEA996FA9)>000001C42AE1FA19    19  488b5518             REX.W movq rdx,[rbp+0x18] for optimization to TURBOFAN_JS, ConcurrencyMode::kConcurrent, reason: hot and stable]

000001C42AE1FA1D    1d  f6c201               testb rdx,0x1
[compiling method 0x01d0391c7851 <JSFunction storeConnect4RbaExactCacheSlot32Frontier (sfi = 0000015EEA996FA9)> (target TURBOFAN_JS), mode: ConcurrencyMode::kConcurrent]
000001C42AE1FA20    20  0f8432010000         jz 000001C42AE1FB58  <+0x158>
000001C42AE1FA26    26  48b909f1d557b5030000 REX.W movq rcx,000003B557D5F109    ;; object: 0x03b557d5f109 <Map[240](HOLEY_ELEMENTS)>
000001C42AE1FA30    30  48394aff             REX.W cmpq [rdx-0x1],rcx
000001C42AE1FA34    34  0f8522010000         jnz 000001C42AE1FB5C  <+0x15c>
000001C42AE1FA3A    3a  488b7a07             REX.W movq rdi,[rdx+0x7]
[marking 0x01d0391c7951 <JSFunction searchCpcOnlyFrontier (sfi = 0000015EEA9970C9)> for optimization to TURBOFAN_JS, ConcurrencyMode::kConcurrent, reason: hot and stable]
[compiling method 0x01d0391c7951 <JSFunction searchCpcOnlyFrontier (sfi = 0000015EEA9970C9)> (target TURBOFAN_JS), mode: ConcurrencyMode::kConcurrent]
000001C42AE1FA3E    3e  49b8e9bad557b5030000 REX.W movq r8,000003B557D5BAE9    ;; object: 0x03b557d5bae9 <JSFunction js-to-wasm::i (sfi = 000003B557D5BAA1)>
000001C42AE1FA48    48  4c39470f             REX.W cmpq [rdi+0xf],r8
000001C42AE1FA4C    4c  0f850e010000         jnz 000001C42AE1FB60  <+0x160>
000001C42AE1FA52    52  498b781f             REX.W movq rdi,[r8+0x1f]
000001C42AE1FA56    56  488b7f07             REX.W movq rdi,[rdi+0x7]
000001C42AE1FA5A    5a  488b7f1f             REX.W movq rdi,[rdi+0x1f]
000001C42AE1FA5E    5e  448b471f             movl r8,[rdi+0x1f]
000001C42AE1FA62    62  488b7707             REX.W movq rsi,[rdi+0x7]
000001C42AE1FA66    66  49ba000065f2c1010000 REX.W movq r10,000001C1F2650000
000001C42AE1FA70    70  43ff14c2             call [r10+r8*8]
000001C42AE1FA74    74  85c0                 testl rax,rax
000001C42AE1FA76    76  0f8ce8000000         jl 000001C42AE1FB64  <+0x164>
000001C42AE1FA7C    7c  ba00000080           movl rdx,0000000080000000
000001C42AE1FA81    81  85d0                 testl rdx,rax
000001C42AE1FA83    83  0f854f000000         jnz 000001C42AE1FAD8  <+0xd8>
000001C42AE1FA89    89  488b5518             REX.W movq rdx,[rbp+0x18]
000001C42AE1FA8D    8d  48b909f1d557b5030000 REX.W movq rcx,000003B557D5F109    ;; object: 0x03b557d5f109 <Map[240](HOLEY_ELEMENTS)>
000001C42AE1FA97    97  48394aff             REX.W cmpq [rdx-0x1],rcx
000001C42AE1FA9B    9b  0f85c7000000         jnz 000001C42AE1FB68  <+0x168>
000001C42AE1FAA1    a1  488b4a07             REX.W movq rcx,[rdx+0x7]
000001C42AE1FAA5    a5  488b492f             REX.W movq rcx,[rcx+0x2f]
000001C42AE1FAA9    a9  48c1f920             REX.W sarq rcx,32
000001C42AE1FAAD    ad  3bc8                 cmpl rcx,rax
000001C42AE1FAAF    af  0f8405000000         jz 000001C42AE1FABA  <+0xba>
000001C42AE1FAB5    b5  e9b2000000           jmp 000001C42AE1FB6C  <+0x16c>
000001C42AE1FABA    ba  488b4520             REX.W movq rax,[rbp+0x20]
000001C42AE1FABE    be  488b4de8             REX.W movq rcx,[rbp-0x18]
000001C42AE1FAC2    c2  488be5               REX.W movq rsp,rbp
000001C42AE1FAC5    c5  5d                   pop rbp
000001C42AE1FAC6    c6  4883f903             REX.W cmpq rcx,0x3
000001C42AE1FACA    ca  7f03                 jg 000001C42AE1FACF  <+0xcf>
000001C42AE1FACC    cc  c21800               ret 0x18
000001C42AE1FACF    cf  415a                 pop r10
000001C42AE1FAD1    d1  488d24cc             REX.W leaq rsp,[rsp+rcx*8]
000001C42AE1FAD5    d5  4152                 push r10
000001C42AE1FAD7    d7  c3                   retl
000001C42AE1FAD8    d8  48bac955d557b5030000 REX.W movq rdx,000003B557D555C9    ;; object: 0x03b557d555c9 <Cell value= 0x03b557d56211 <JSFunction readWorkerBehavior32 (sfi = 000001183D3F7BB9)>>
000001C42AE1FAE2    e2  488b5207             REX.W movq rdx,[rdx+0x7]
000001C42AE1FAE6    e6  498b8d38020000       REX.W movq rcx,[r13+0x238] (root (the_hole_value))
000001C42AE1FAED    ed  483bca               REX.W cmpq rcx,rdx
000001C42AE1FAF0    f0  0f8433000000         jz 000001C42AE1FB29  <+0x129>
000001C42AE1FAF6    f6  e975000000           jmp 000001C42AE1FB70  <+0x170>
000001C42AE1FAFB    fb  48ba00000000f0000000 REX.W movq rdx,000000F000000000
000001C42AE1FB05   105  52                   push rdx
000001C42AE1FB06   106  48bef9f7b26811030000 REX.W movq rsi,0000031168B2F7F9    ;; object: 0x031168b2f7f9 <NativeContext[306]>
000001C42AE1FB10   110  48bbd0f61bf3f67f0000 REX.W movq rbx,00007FF6F31BF6D0
000001C42AE1FB1A   11a  b801000000           movl rax,0000000000000001
000001C42AE1FB1F   11f  e8dcf8e11f           call 000001C44AC3F400  (CEntry_Return1_ArgvOnStack_NoBuiltinExit)    ;; near builtin entry
000001C42AE1FB24   124  e9f0feffff           jmp 000001C42AE1FA19  <+0x19>
000001C42AE1FB29   129  48b9a95b3f3d18010000 REX.W movq rcx,000001183D3F5BA9    ;; object: 0x01183d3f5ba9 <String[20]: #readWorkerBehavior32>
000001C42AE1FB33   133  51                   push rcx
000001C42AE1FB34   134  488955d8             REX.W movq [rbp-0x28],rdx
000001C42AE1FB38   138  48bbe0e61bf3f67f0000 REX.W movq rbx,00007FF6F31BE6E0
000001C42AE1FB42   142  b801000000           movl rax,0000000000000001
000001C42AE1FB47   147  48bef9f7b26811030000 REX.W movq rsi,0000031168B2F7F9    ;; object: 0x031168b2f7f9 <NativeContext[306]>
000001C42AE1FB51   151  e8aaf8e11f           call 000001C44AC3F400  (CEntry_Return1_ArgvOnStack_NoBuiltinExit)    ;; near builtin entry
000001C42AE1FB56   156  cc                   int3l
000001C42AE1FB57   157  90                   nop
000001C42AE1FB58   158  41ff55d8             call [r13-0x28] (external value (IsolateData::builtin_tier0_entry_table_))    ;; debug: deopt position, script offset '5c4'
                                                             ;; debug: deopt position, inlining id 'ffffffff'
                                                             ;; debug: deopt reason 'Smi'
                                                             ;; debug: deopt index 0
000001C42AE1FB5C   15c  41ff55d8             call [r13-0x28] (external value (IsolateData::builtin_tier0_entry_table_))    ;; debug: deopt position, script offset '5c4'
                                                             ;; debug: deopt position, inlining id 'ffffffff'
                                                             ;; debug: deopt reason 'wrong map'
                                                             ;; debug: deopt index 1
000001C42AE1FB60   160  41ff55d8             call [r13-0x28] (external value (IsolateData::builtin_tier0_entry_table_))    ;; debug: deopt position, script offset '5c4'
                                                             ;; debug: deopt position, inlining id 'ffffffff'
                                                             ;; debug: deopt reason 'wrong call target'
                                                             ;; debug: deopt index 2
000001C42AE1FB64   164  41ff55d8             call [r13-0x28] (external value (IsolateData::builtin_tier0_entry_table_))    ;; debug: deopt position, script offset '5d2'
                                                             ;; debug: deopt position, inlining id 'ffffffff'
                                                             ;; debug: deopt reason 'lost precision'
                                                             ;; debug: deopt index 3
000001C42AE1FB68   168  41ff55d8             call [r13-0x28] (external value (IsolateData::builtin_tier0_entry_table_))    ;; debug: deopt position, script offset '68a'
                                                             ;; debug: deopt position, inlining id 'ffffffff'
                                                             ;; debug: deopt reason 'wrong map'
                                                             ;; debug: deopt index 4
000001C42AE1FB6C   16c  41ff55d8             call [r13-0x28] (external value (IsolateData::builtin_tier0_entry_table_))    ;; debug: deopt position, script offset '6af'
                                                             ;; debug: deopt position, inlining id 'ffffffff'
                                                             ;; debug: deopt reason 'Insufficient type feedback for binary operation'
                                                             ;; debug: deopt index 5
000001C42AE1FB70   170  41ff55d8             call [r13-0x28] (external value (IsolateData::builtin_tier0_entry_table_))    ;; debug: deopt position, script offset '615'
                                                             ;; debug: deopt position, inlining id 'ffffffff'
                                                             ;; debug: deopt reason 'Insufficient type feedback for generic named access'
                                                             ;; debug: deopt index 6
000001C42AE1FB74   174  41ff55e0             call [r13-0x20]    ;; debug: deopt position, script offset '5c4'
                                                             ;; debug: deopt position, inlining id 'ffffffff'
                                                             ;; debug: deopt reason '(unknown)'
                                                             ;; debug: deopt index 7
000001C42AE1FB78   178  41ff55e0             call [r13-0x20]    ;; debug: deopt position, script offset '5a3'
                                                             ;; debug: deopt position, inlining id 'ffffffff'
                                                             ;; debug: deopt reason '(unknown)'
                                                             ;; debug: deopt index 8
000001C42AE1FB7C   17c  41ff55e0             call [r13-0x20]    ;; debug: deopt position, script offset '5f4'
                                                             ;; debug: deopt position, inlining id 'ffffffff'
                                                             ;; debug: deopt reason '(unknown)'
                                                             ;; debug: deopt index 9

Source positions:
 pc offset  position
         b      1443
        19      1476
        74      1490
        7c      1506
        89      1674
        a9      1665
        b5      1711
        ba      1700
        d8      1524
        f6      1557
        fb      1443
       129      1524

Inlined functions (count = 0)

Deoptimization Input Data (deopt points = 10)
 index  bytecode-offset    pc
     0                0    NA 
     1                0    NA 
     2                0    NA 
     3                9    NA 
     4                9    NA 
     5               75    NA 
     6               26    NA 
     7              755    74 
     8               -1   124 
     9               23   156 

Safepoints (stack slots = 7, entries = 3, byte size = 30)
000001C42AE1FA74     74  slots (sp->fp): 0100000  deopt      7 trampoline:    174
000001C42AE1FB24    124  slots (sp->fp): 0100000  deopt      8 trampoline:    178
000001C42AE1FB56    156  slots (sp->fp): 1100000  deopt      9 trampoline:    17c

RelocInfo (size = e1)
000001C42AE1FA28  full embedded object  (0x03b557d5f109 <Map[f0](HOLEY_ELEMENTS)>)
000001C42AE1FA40  full embedded object  (0x03b557d5bae9 <JSFunction js-to-wasm::i (sfi = 000003B557D5BAA1)>)
000001C42AE1FA8F  full embedded object  (0x03b557d5f109 <Map[f0](HOLEY_ELEMENTS)>)
000001C42AE1FADA  full embedded object  (0x03b557d555c9 <Cell value= 0x03b557d56211 <JSFunction readWorkerBehavior32 (sfi = 000001183D3F7BB9)>>)
000001C42AE1FB08  full embedded object  (0x031168b2f7f9 <NativeContext[132]>)
000001C42AE1FB20  near builtin entry
000001C42AE1FB2B  full embedded object  (0x01183d3f5ba9 <String[20]: #readWorkerBehavior32>)
000001C42AE1FB49  full embedded object  (0x031168b2f7f9 <NativeContext[132]>)
000001C42AE1FB52  near builtin entry
000001C42AE1FB5C  deopt script offset  (5c4)
000001C42AE1FB5C  deopt inlining id  (ffffffffffffffff)
000001C42AE1FB5C  deopt reason  (Smi)
000001C42AE1FB5C  deopt index
000001C42AE1FB60  deopt script offset  (5c4)
000001C42AE1FB60  deopt inlining id  (ffffffffffffffff)
000001C42AE1FB60  deopt reason  (wrong map)
000001C42AE1FB60  deopt index
000001C42AE1FB64  deopt script offset  (5c4)
000001C42AE1FB64  deopt inlining id  (ffffffffffffffff)
000001C42AE1FB64  deopt reason  (wrong call target)
000001C42AE1FB64  deopt index
000001C42AE1FB68  deopt script offset  (5d2)
000001C42AE1FB68  deopt inlining id  (ffffffffffffffff)
000001C42AE1FB68  deopt reason  (lost precision)
000001C42AE1FB68  deopt index
000001C42AE1FB6C  deopt script offset  (68a)
000001C42AE1FB6C  deopt inlining id  (ffffffffffffffff)
000001C42AE1FB6C  deopt reason  (wrong map)
000001C42AE1FB6C  deopt index
000001C42AE1FB70  deopt script offset  (6af)
000001C42AE1FB70  deopt inlining id  (ffffffffffffffff)
000001C42AE1FB70  deopt reason  (Insufficient type feedback for binary operation)
000001C42AE1FB70  deopt index
000001C42AE1FB74  deopt script offset  (615)
000001C42AE1FB74  deopt inlining id  (ffffffffffffffff)
000001C42AE1FB74  deopt reason  (Insufficient type feedback for generic named access)
000001C42AE1FB74  deopt index
000001C42AE1FB78  deopt script offset  (5c4)
000001C42AE1FB78  deopt inlining id  (ffffffffffffffff)
000001C42AE1FB78  deopt reason  ((unknown))
000001C42AE1FB78  deopt index
000001C42AE1FB7C  deopt script offset  (5a3)
000001C42AE1FB7C  deopt inlining id  (ffffffffffffffff)
000001C42AE1FB7C  deopt reason  ((unknown))
000001C42AE1FB7C  deopt index
000001C42AE1FB80  deopt script offset  (5f4)
000001C42AE1FB80  deopt inlining id  (ffffffffffffffff)
000001C42AE1FB80  deopt reason  ((unknown))
000001C42AE1FB80  deopt index

--- End code ---
[completed compiling --- Raw source ---
0x03b557d56921 (st<JSFunction completeRootFrontierNode32 (sfi = 000001183D3FD191)>ate, (target TURBOFAN_JS)v - took 0.002, 0.485, 1.280 msa]
lue){
  let flags=state[completed optimizing .beha0x03b557d56921 viorLoad()>>>0;
<JSFunction completeRootFrontierNode32 (sfi = 000001183D3FD191)>  (target TURBOFAN_JS) ]
if(flags&0x80000000){
    flags=readWorkerBehavior32(state.behaviorWords,state.behaviorBase,state.behaviorExtensions,0);
    if(flags===-1)return value;
  }
  if(flags===state.frontierLast)return value;
  if(flags&1)return 3;
  state.frontierStride=(flags&8388608)&&!(flags&4194304)?(flags>>>16)&63:0;
  state.frontierTarget=(flags>>>24)&31;
  if(!state.frontierStride)state.frontierLimit=state.g.cellCount;
  state.frontierLast=flags;
  return value;
}


--- Optimized code ---
optimization_id = 96
source_position = 1443
kind = TURBOFAN_JS
name = completeRootFrontierNode32
compiler = turbofan
address = 000000127E77CDC1

Instructions (size = 384)
[marking 0x01c52c7cb769 <JSFunction searchCpcOnlyFrontier (sfi = 00000182A7E8A5D1)> for optimization to TURBOFAN_JS, ConcurrencyMode::kConcurrent, reason: hot and stable]
000001C3FAE24B00     0  55                   push rbp
[compiling method 0x01c52c7cb769 <JSFunction searchCpcOnlyFrontier (sfi = 00000182A7E8A5D1)> (target TURBOFAN_JS), mode: ConcurrencyMode::kConcurrent]
000001C3FAE24B01     1  4889e5               REX.W movq rbp,rsp
000001C3FAE24B04     4  56                   push rsi
000001C3FAE24B05     5  57                   push rdi
000001C3FAE24B06     6  50                   push rax
000001C3FAE24B07     7  4883ec10             REX.W subq rsp,0x10
000001C3FAE24B0B     b  488975e0             REX.W movq [rbp-0x20],rsi
000001C3FAE24B0F     f  493b65a0             REX.W cmpq rsp,[r13-0x60] (external value (StackGuard::address_of_jslimit()))
[marking 0x00598e976669 <JSFunction cellMarked (sfi = 000003B557D4B2C9)> for optimization to TURBOFAN_JS, ConcurrencyMode::kConcurrent, reason: hot and stable]
000001C3FAE24B13    13  0f86e2000000         jna 000001C3FAE24BFB  <+0xfb>
[compiling method 0x00598e976669 <JSFunction cellMarked (sfi = 000003B557D4B2C9)> (target TURBOFAN_JS), mode: ConcurrencyMode::kConcurrent]
000001C3FAE24B19    19  488b5518             REX.W movq rdx,[rbp+0x18]
000001C3FAE24B1D    1d  f6c201               testb rdx,0x1
000001C3FAE24B20    20  0f8432010000         jz 000001C3FAE24C58  <+0x158>
000001C3FAE24B26    26  48b9b1ba9ecced020000 REX.W movq rcx,000002EDCC9EBAB1    ;; object: 0x02edcc9ebab1 <Map[240](HOLEY_ELEMENTS)>
000001C3FAE24B30    30  48394aff             REX.W cmpq [rdx-0x1],rcx
000001C3FAE24B34    34  0f8522010000         jnz 000001C3FAE24C5C  <+0x15c>
000001C3FAE24B3A    3a  488b7a07             REX.W movq rdi,[rdx+0x7]
000001C3FAE24B3E    3e  49b891849ecced020000 REX.W movq r8,000002EDCC9E8491    ;; object: 0x02edcc9e8491 <JSFunction js-to-wasm::i (sfi = 000002EDCC9E8449)>
000001C3FAE24B48    48  4c39470f             REX.W cmpq [rdi+0xf],r8
000001C3FAE24B4C    4c  0f850e010000         jnz 000001C3FAE24C60  <+0x160>
000001C3FAE24B52    52  498b781f             REX.W movq rdi,[r8+0x1f]
000001C3FAE24B56    56  488b7f07             REX.W movq rdi,[rdi+0x7]
000001C3FAE24B5A    5a  488b7f1f             REX.W movq rdi,[rdi+0x1f]
000001C3FAE24B5E    5e  448b471f             movl r8,[rdi+0x1f]
000001C3FAE24B62    62  488b7707             REX.W movq rsi,[rdi+0x7]
000001C3FAE24B66    66  49ba000065f2c1010000 REX.W movq r10,000001C1F2650000
000001C3FAE24B70    70  43ff14c2             call [r10+r8*8]
000001C3FAE24B74    74  85c0                 testl rax,rax
000001C3FAE24B76    76  0f8ce8000000         jl 000001C3FAE24C64  <+0x164>
000001C3FAE24B7C    7c  ba00000080           movl rdx,0000000080000000
000001C3FAE24B81    81  85d0                 testl rdx,rax
[marking 0x00598e9766a9 <JSFunction absToRelativeFrontier (sfi = 000001183D3FBBB9)> for optimization to TURBOFAN_JS, ConcurrencyMode::kConcurrent, reason: hot and stable]
000001C3FAE24B83    83  0f854f000000         jnz 000001C3FAE24BD8  <+0xd8>
[compiling method 0x00598e9766a9 <JSFunction absToRelativeFrontier (sfi = 000001183D3FBBB9)>000001C3FAE24B89    89  488b5518             REX.W movq rdx,[rbp+0x18] (target TURBOFAN_JS), mode: ConcurrencyMode::kConcurrent]

000001C3FAE24B8D    8d  48b9b1ba9ecced020000 REX.W movq rcx,000002EDCC9EBAB1    ;; object: 0x02edcc9ebab1 <Map[240](HOLEY_ELEMENTS)>
000001C3FAE24B97    97  48394aff             REX.W cmpq [rdx-0x1],rcx
000001C3FAE24B9B    9b  0f85c7000000         jnz 000001C3FAE24C68  <+0x168>
000001C3FAE24BA1    a1  488b4a07             REX.W movq rcx,[rdx+0x7]
000001C3FAE24BA5    a5  488b492f             REX.W movq rcx,[rcx+0x2f]
000001C3FAE24BA9    a9  48c1f920             REX.W sarq rcx,32
000001C3FAE24BAD    ad  3bc8                 cmpl rcx,rax
000001C3FAE24BAF    af  0f8405000000         jz 000001C3FAE24BBA  <+0xba>
000001C3FAE24BB5    b5  e9b2000000           jmp 000001C3FAE24C6C  <+0x16c>
000001C3FAE24BBA    ba  488b4520             REX.W movq rax,[rbp+0x20]
000001C3FAE24BBE    be  488b4de8             REX.W movq rcx,[rbp-0x18]
000001C3FAE24BC2    c2  488be5               REX.W movq rsp,rbp
000001C3FAE24BC5    c5  5d                   pop rbp
000001C3FAE24BC6    c6  4883f903             REX.W cmpq rcx,0x3
000001C3FAE24BCA    ca  7f03                 jg 000001C3FAE24BCF  <+0xcf>
000001C3FAE24BCC    cc  c21800               ret 0x18
000001C3FAE24BCF    cf  415a                 pop r10
000001C3FAE24BD1    d1  488d24cc             REX.W leaq rsp,[rsp+rcx*8]
000001C3FAE24BD5    d5  4152                 push r10
000001C3FAE24BD7    d7  c3                   retl
000001C3FAE24BD8    d8  48ba711f9ecced020000 REX.W movq rdx,000002EDCC9E1F71    ;; object: 0x02edcc9e1f71 <Cell value= 0x02edcc9e2bb9 <JSFunction readWorkerBehavior32 (sfi = 000002EDCC9C49C1)>>
000001C3FAE24BE2    e2  488b5207             REX.W movq rdx,[rdx+0x7]
000001C3FAE24BE6    e6  498b8d38020000       REX.W movq rcx,[r13+0x238] (root (the_hole_value))
000001C3FAE24BED    ed  483bca               REX.W cmpq rcx,rdx
000001C3FAE24BF0    f0  0f8433000000         jz 000001C3FAE24C29  <+0x129>
000001C3FAE24BF6    f6  e975000000           jmp 000001C3FAE24C70  <+0x170>
000001C3FAE24BFB    fb  48ba00000000f0000000 REX.W movq rdx,000000F000000000
000001C3FAE24C05   105  52                   push rdx
000001C3FAE24C06   106  48bef9f732ef1f010000 REX.W movq rsi,0000011FEF32F7F9    ;; object: 0x011fef32f7f9 <NativeContext[306]>
000001C3FAE24C10   110  48bbd0f61bf3f67f0000 REX.W movq rbx,00007FF6F31BF6D0
000001C3FAE24C1A   11a  b801000000           movl rax,0000000000000001
000001C3FAE24C1F   11f  e8dca7e11f           call 000001C41AC3F400  (CEntry_Return1_ArgvOnStack_NoBuiltinExit)    ;; near builtin entry
000001C3FAE24C24   124  e9f0feffff           jmp 000001C3FAE24B19  <+0x19>
000001C3FAE24C29   129  48b9b1299ccced020000 REX.W movq rcx,000002EDCC9C29B1    ;; object: 0x02edcc9c29b1 <String[20]: #readWorkerBehavior32>
000001C3FAE24C33   133  51                   push rcx
000001C3FAE24C34   134  488955d8             REX.W movq [rbp-0x28],rdx
000001C3FAE24C38   138  48bbe0e61bf3f67f0000 REX.W movq rbx,00007FF6F31BE6E0
000001C3FAE24C42   142  b801000000           movl rax,0000000000000001
000001C3FAE24C47   147  48bef9f732ef1f010000 REX.W movq rsi,0000011FEF32F7F9    ;; object: 0x011fef32f7f9 <NativeContext[306]>
000001C3FAE24C51   151  e8aaa7e11f           call 000001C41AC3F400  (CEntry_Return1_ArgvOnStack_NoBuiltinExit)    ;; near builtin entry
000001C3FAE24C56   156  cc                   int3l
000001C3FAE24C57   157  90                   nop
000001C3FAE24C58   158  41ff55d8             call [r13-0x28] (external value (IsolateData::builtin_tier0_entry_table_))    ;; debug: deopt position, script offset '5c4'
                                                             ;; debug: deopt position, inlining id 'ffffffff'
                                                             ;; debug: deopt reason 'Smi'
                                                             ;; debug: deopt index 0
[marking 000001C3FAE24C5C   15c  41ff55d8             call [r13-0x28] (external value (IsolateData::builtin_tier0_entry_table_))    ;; debug: deopt position, script offset '5c4'
0x03b557d7e799                                                              ;; debug: deopt position, inlining id 'ffffffff'
                                                             ;; debug: deopt reason 'wrong map'
<JSFunction searchCpcOnlyFrontier (sfi = 000001183D3FBC49)> for optimization to TURBOFAN_JS, ConcurrencyMode::kConcurrent, reason: hot and stable]
                                                             ;; debug: deopt index 1
000001C3FAE24C60   160  41ff55d8             call [r13-0x28] (external value (IsolateData::builtin_tier0_entry_table_))    ;; debug: deopt position, script offset '5c4'
                                                             ;; debug: deopt position, inlining id 'ffffffff'
                                                             ;; debug: deopt reason 'wrong call target'
                                                             ;; debug: deopt index 2
000001C3FAE24C64   164  41ff55d8             call [r13-0x28] (external value (IsolateData::builtin_tier0_entry_table_))    ;; debug: deopt position, script offset '5d2'
                                                             ;; debug: deopt position, inlining id 'ffffffff'
                                                             ;; debug: deopt reason 'lost precision'
                                                             ;; debug: deopt index 3
000001C3FAE24C68   168  41ff55d8             call [r13-0x28] (external value (IsolateData::builtin_tier0_entry_table_))    ;; debug: deopt position, script offset '68a'
                                                             ;; debug: deopt position, inlining id 'ffffffff'
                                                             ;; debug: deopt reason 'wrong map'
                                                             ;; debug: deopt index 4
000001C3FAE24C6C   16c  41ff55d8             call [r13-0x28] (external value (IsolateData::builtin_tier0_entry_table_))    ;; debug: deopt position, script offset '6af'
                                                             ;; debug: deopt position, inlining id 'ffffffff'
                                                             ;; debug: deopt reason 'Insufficient type feedback for binary operation'
                                                             ;; debug: deopt index 5
000001C3FAE24C70   170  41ff55d8             call [r13-0x28] (external value (IsolateData::builtin_tier0_entry_table_))    ;; debug: deopt position, script offset '615'
                                                             ;; debug: deopt position, inlining id 'ffffffff'
                                                             ;; debug: deopt reason 'Insufficient type feedback for generic named access'
                                                             ;; debug: deopt index 6
000001C3FAE24C74   174  41ff55e0             call [r13-0x20]    ;; debug: deopt position, script offset '5c4'
                                                             ;; debug: deopt position, inlining id 'ffffffff'
                                                             ;; debug: deopt reason '(unknown)'
                                                             ;; debug: deopt index 7
000001C3FAE24C78   178  41ff55e0             call [r13-0x20]    ;; debug: deopt position, script offset '5a3'
                                                             ;; debug: deopt position, inlining id 'ffffffff'
                                                             ;; debug: deopt reason '(unknown)'
                                                             ;; debug: deopt index 8
000001C3FAE24C7C   17c  41ff55e0             call [r13-0x20]    ;; debug: deopt position, script offset '5f4'
                                                             ;; debug: deopt position, inlining id 'ffffffff'
                                                             ;; debug: deopt reason '(unknown)'
                                                             ;; debug: deopt index 9

Source positions:
 pc offset  position
         b      1443
        19      1476
        74      1490
        7c      1506
        89      1674
        a9      1665
        b5      1711
        ba      1700
        d8      1524
        f6      1557
        fb      1443
       129      1524

Inlined functions (count = 0)

Deoptimization Input Data (deopt points = 10)
 index  bytecode-offset    pc
     0                0    NA 
     1                0    NA 
     2                0    NA 
     3                9    NA 
     4                9    NA 
     5               75    NA 
     6               26    NA 
     7              755    74 
     8               -1   124 
     9               23   156 

Safepoints (stack slots = 7, entries = 3, byte size = 30)
000001C3FAE24B74     74  slots (sp->fp): 0100000  deopt      7 trampoline:    174
000001C3FAE24C24    124  slots (sp->fp): 0100000  deopt      8 trampoline:    178
000001C3FAE24C56    156  slots (sp->fp): 1100000  deopt      9 trampoline:    17c

RelocInfo (size = e1)
000001C3FAE24B28  full embedded object  (0x02edcc9ebab1 <Map[f0](HOLEY_ELEMENTS)>)
000001C3FAE24B40  full embedded object  (0x02edcc9e8491 <JSFunction js-to-wasm::i (sfi = 000002EDCC9E8449)>)
000001C3FAE24B8F  full embedded object  (0x02edcc9ebab1 <Map[f0](HOLEY_ELEMENTS)>)
000001C3FAE24BDA  full embedded object  (0x02edcc9e1f71 <Cell value= 0x02edcc9e2bb9 <JSFunction readWorkerBehavior32 (sfi = 000002EDCC9C49C1)>>)
000001C3FAE24C08  full embedded object  (0x011fef32f7f9 <NativeContext[132]>)
000001C3FAE24C20  near builtin entry
000001C3FAE24C2B  full embedded object  (0x02edcc9c29b1 <String[20]: #readWorkerBehavior32>)
000001C3FAE24C49  full embedded object  (0x011fef32f7f9 <NativeContext[132]>)
000001C3FAE24C52  near builtin entry
000001C3FAE24C5C  deopt script offset  (5c4)
000001C3FAE24C5C  deopt inlining id  (ffffffffffffffff)
000001C3FAE24C5C  deopt reason  (Smi)
000001C3FAE24C5C  deopt index
000001C3FAE24C60  deopt script offset  (5c4)
000001C3FAE24C60  deopt inlining id  (ffffffffffffffff)
000001C3FAE24C60  deopt reason  (wrong map)
000001C3FAE24C60  deopt index
000001C3FAE24C64  deopt script offset  (5c4)
000001C3FAE24C64  deopt inlining id  (ffffffffffffffff)
000001C3FAE24C64  deopt reason  (wrong call target)
000001C3FAE24C64  deopt index
000001C3FAE24C68  deopt script offset  (5d2)
000001C3FAE24C68  deopt inlining id  (ffffffffffffffff)
000001C3FAE24C68  deopt reason  (lost precision)
000001C3FAE24C68  deopt index
000001C3FAE24C6C  deopt script offset  (68a)
000001C3FAE24C6C  deopt inlining id  (ffffffffffffffff)
000001C3FAE24C6C  deopt reason  (wrong map)
000001C3FAE24C6C  deopt index
000001C3FAE24C70  deopt script offset  (6af)
000001C3FAE24C70  deopt inlining id  (ffffffffffffffff)
000001C3FAE24C70  deopt reason  (Insufficient type feedback for binary operation)
000001C3FAE24C70  deopt index
000001C3FAE24C74  deopt script offset  (615)
000001C3FAE24C74  deopt inlining id  (ffffffffffffffff)
000001C3FAE24C74  deopt reason  (Insufficient type feedback for generic named access)
000001C3FAE24C74  deopt index
000001C3FAE24C78  deopt script offset  (5c4)
000001C3FAE24C78  deopt inlining id  (ffffffffffffffff)
000001C3FAE24C78  deopt reason  ((unknown))
000001C3FAE24C78  deopt index
000001C3FAE24C7C  deopt script offset  (5a3)
000001C3FAE24C7C  deopt inlining id  (ffffffffffffffff)
000001C3FAE24C7C  deopt reason  ((unknown))
000001C3FAE24C7C  deopt index
000001C3FAE24C80  deopt script offset  (5f4)
000001C3FAE24C80  deopt inlining id  (ffffffffffffffff)
000001C3FAE24C80  deopt reason  ((unknown))
000001C3FAE24C80  deopt index

--- End code ---
[completed compiling 0x02edcc9e32c9 <JSFunction completeRootFrontierNode32 (sfi = 000002EDCC9C9F79)> (target TURBOFAN_JS) - took 0.001, 0.498, 1.939 ms]
[completed optimizing 0x02edcc9e32c9 <JSFunction completeRootFrontierNode32 (sfi = 000002EDCC9C9F79)> (target TURBOFAN_JS)]
[completed compiling 0x0053881c6bf1 <JSFunction cellMarked (sfi = 000002EDCC9D7C71)> (target TURBOFAN_JS) - took 0.002, 0.398, 0.009 ms]
[completed optimizing 0x0053881c6bf1 <JSFunction cellMarked (sfi = 000002EDCC9D7C71)> (target TURBOFAN_JS)]
[completed compiling 0x0182a7ea6bf1 <JSFunction evaluateConnect4CpcNonterminal32 (sfi = 00000182A7E99769)> (target TURBOFAN_JS) - took 0.002, 11.304, 0.068 ms]
[completed optimizing 0x0182a7ea6bf1 <JSFunction evaluateConnect4CpcNonterminal32 (sfi = 00000182A7E99769)> (target TURBOFAN_JS)]
[completed compiling 0x01f714de0319 <JSFunction evaluateConnect4CpcNonterminal32 (sfi = 000001F714DD3011)> (target TURBOFAN_JS) - took 0.002, 10.415, 0.045 ms]
[completed optimizing 0x01f714de0319 <JSFunction evaluateConnect4CpcNonterminal32 (sfi = 000001F714DD3011)> (target TURBOFAN_JS)]
[marking 0x03b557d7e799 <JSFunction searchCpcOnlyFrontier (sfi = 000001183D3FBC49)> for optimization to TURBOFAN_JS, ConcurrencyMode::kConcurrent, reason: hot and stable]
[compiling method 0x03b557d7e799 <JSFunction searchCpcOnlyFrontier (sfi = 000001183D3FBC49)> (target TURBOFAN_JS), mode: ConcurrencyMode::kConcurrent]
[completed compiling 0x029eafc2eaf9 <JSFunction evaluateConnect4LiveLine3x32 (sfi = 0000029EAFC22F51)> (target TURBOFAN_JS) - took 0.002, 0.919, 0.012 ms]
[completed optimizing 0x029eafc2eaf9 <JSFunction evaluateConnect4LiveLine3x32 (sfi = 0000029EAFC22F51)> (target TURBOFAN_JS)]
[completed compiling 0x0053881c78d1 <JSFunction absToRelativeFrontier (sfi = 000002EDCC9C89A1)> (target TURBOFAN_JS) - took 0.001, 0.307, 0.008 ms]
[completed optimizing 0x0053881c78d1 <JSFunction absToRelativeFrontier (sfi = 000002EDCC9C89A1)> (target TURBOFAN_JS)]
[marking 0x03bc6f5113c9 <JSFunction absToRelativeFrontier (sfi = 0000012C474D3F69)> for optimization to TURBOFAN_JS, ConcurrencyMode::kConcurrent, reason: hot and stable]
[compiling method 0x03bc6f5113c9 <JSFunction absToRelativeFrontier (sfi = 0000012C474D3F69)> (target TURBOFAN_JS), mode: ConcurrencyMode::kConcurrent]
[marking 0x029eafc2f871 <JSFunction storeConnect4RbaSharedExactCache32 (sfi = 0000029EAFC29A79)> for optimization to TURBOFAN_JS, ConcurrencyMode::kConcurrent, reason: hot and stable]
[compiling method 0x029eafc2f871 <JSFunction storeConnect4RbaSharedExactCache32 (sfi = 0000029EAFC29A79)> (target TURBOFAN_JS), mode: ConcurrencyMode::kConcurrent]
[marking 0x03bc6f511349 <JSFunction storeConnect4RbaExactCacheSlot32Frontier (sfi = 0000012C474D3ED9)> for optimization to TURBOFAN_JS, ConcurrencyMode::kConcurrent, reason: hot and stable]
[compiling method 0x03bc6f511349 <JSFunction storeConnect4RbaExactCacheSlot32Frontier (sfi = 0000012C474D3ED9)> (target TURBOFAN_JS), mode: ConcurrencyMode::kConcurrent]
[bailout (kind: deopt-lazy, reason: (unknown)): begin. deoptimizing 0x03bc6f511449 <JSFunction searchCpcOnlyFrontier (sfi = 0000012C474D3FF9)>, 0x03c2f8f946d1 <Code MAGLEV>, opt id 50, bytecode offset 2072, deopt exit 204, FP to SP delta 608, caller SP 0x0023791fbaf8, pc 0x01c48b635da4]
[completed compiling 0x003d012db849 <JSFunction deriveForkPreemption32 (sfi = 000001F714DD3179)> (target TURBOFAN_JS) - took 0.002, 6.522, 0.037 ms]
[completed optimizing 0x003d012db849 <JSFunction deriveForkPreemption32 (sfi = 000001F714DD3179)> (target TURBOFAN_JS)]
[11144:000001C1FAC3C000]      265 ms: Scavenge (during sweeping) 8.8 (11.9) -> 6.9 (11.9) MB, pooled: 0.0 MB, 0.15 / 0.00 ms (average mu = 0.941, current mu = 0.941) allocation failure; 
[11144:000001C1FAB12000]      267 ms: Scavenge (during sweeping) 8.7 (10.9) -> 6.8 (10.9) MB, pooled: 0.0 MB, 0.12 / 0.00 ms (average mu = 0.941, current mu = 0.941) allocation failure; 
[marking 0x029eafc2bf71 <JSFunction completeRootFrontierNode32 (sfi = 0000029EAFC12CA9)> for optimization to TURBOFAN_JS, ConcurrencyMode::kConcurrent, reason: hot and stable]
[compiling method 0x029eafc2bf71 <JSFunction completeRootFrontierNode32 (sfi = 0000029EAFC12CA9)> (target TURBOFAN_JS), mode: ConcurrencyMode::kConcurrent]
[bailout (kind: deopt-eager, reason: Insufficient type feedback for binary operation): begin. deoptimizing 0x01f714de0319 <JSFunction evaluateConnect4CpcNonterminal32 (sfi = 000001F714DD3011)>, 0x01149b56dde9 <Code TURBOFAN_JS>, opt id 72, bytecode offset 902, deopt exit 101, FP to SP delta 240, caller SP 0x0023771fb758, pc 0x01c1c0272f91]
[completed compiling 0x003d012d9df9 <JSFunction searchCpcOnlyFrontier (sfi = 000001F714DC3E49)> (target TURBOFAN_JS) - took 0.002, 19.233, 0.091 ms]
[completed optimizing 0x003d012d9df9 <JSFunction searchCpcOnlyFrontier (sfi = 000001F714DC3E49)> (target TURBOFAN_JS)]
[completed compiling 0x01d0391c7851 <JSFunction storeConnect4RbaExactCacheSlot32Frontier (sfi = 0000015EEA996FA9)> (target TURBOFAN_JS) - took 0.002, 4.098, 0.038 ms]
[completed optimizing 0x01d0391c7851 <JSFunction storeConnect4RbaExactCacheSlot32Frontier (sfi = 0000015EEA996FA9)> (target TURBOFAN_JS)]
[completed compiling 0x00598e976669 <JSFunction cellMarked (sfi = 000003B557D4B2C9)> (target TURBOFAN_JS) - took 0.003, 0.340, 0.013 ms]
[completed optimizing 0x00598e976669 <JSFunction cellMarked (sfi = 000003B557D4B2C9)> (target TURBOFAN_JS)]
[completed compiling 0x02f37f520e29 <JSFunction pairedResponseNoWin (sfi = 00000182A7E99919)> (target TURBOFAN_JS) - took 0.004, 1.430, 0.018 ms]
[completed optimizing 0x02f37f520e29 <JSFunction pairedResponseNoWin (sfi = 00000182A7E99919)> (target TURBOFAN_JS)]
[completed compiling 0x00598e9766a9 <JSFunction absToRelativeFrontier (sfi = 000001183D3FBBB9)> (target TURBOFAN_JS) - took 0.004, 0.202, 0.008 ms]
[completed optimizing 0x00598e9766a9 <JSFunction absToRelativeFrontier (sfi = 000001183D3FBBB9)> (target TURBOFAN_JS)]
[marking 0x02edcc9e4be9 <JSFunction popcount32 (sfi = 000002EDCC9D9179)> for optimization to TURBOFAN_JS, ConcurrencyMode::kConcurrent, reason: hot and stable]
[compiling method 0x02edcc9e4be9 <JSFunction popcount32 (sfi = 000002EDCC9D9179)> (target TURBOFAN_JS), mode: ConcurrencyMode::kConcurrent]
[completed compiling 0x03bc6f5113c9 <JSFunction absToRelativeFrontier (sfi = 0000012C474D3F69)> (target TURBOFAN_JS) - took 0.003, 0.160, 0.014 ms]
[completed optimizing 0x03bc6f5113c9 <JSFunction absToRelativeFrontier (sfi = 0000012C474D3F69)> (target TURBOFAN_JS)]
[marking 0x01f714de0319 <JSFunction evaluateConnect4CpcNonterminal32 (sfi = 000001F714DD3011)> for optimization to MAGLEV, ConcurrencyMode::kConcurrent, reason: hot and stable]
[compiling method 0x01f714de0319 <JSFunction evaluateConnect4CpcNonterminal32 (sfi = 000001F714DD3011)> (target MAGLEV), mode: ConcurrencyMode::kConcurrent]
[completed compiling 0x029eafc2f871 <JSFunction storeConnect4RbaSharedExactCache32 (sfi = 0000029EAFC29A79)> (target TURBOFAN_JS) - took 0.002, 1.385, 0.021 ms]
[completed optimizing 0x029eafc2f871 <JSFunction storeConnect4RbaSharedExactCache32 (sfi = 0000029EAFC29A79)> (target TURBOFAN_JS)]
[completed compiling 0x03bc6f511349 <JSFunction storeConnect4RbaExactCacheSlot32Frontier (sfi = 0000012C474D3ED9)> (target TURBOFAN_JS) - took 0.001, 2.576, 0.048 ms]
[completed optimizing 0x03bc6f511349 <JSFunction storeConnect4RbaExactCacheSlot32Frontier (sfi = 0000012C474D3ED9)> (target TURBOFAN_JS)]
--- Raw source ---
(state,value){
  let flags=state.behaviorLoad()>>>0;
  if(flags&0x80000000){
    flags=readWorkerBehavior32(state.behaviorWords,state.behaviorBase,state.behaviorExtensions,0);
    if(flags===-1)return value;
  }
  if(flags===state.frontierLast)return value;
  if(flags&1)return 3;
  state.frontierStride=(flags&8388608)&&!(flags&4194304)?(flags>>>16)&63:0;
  state.frontierTarget=(flags>>>24)&31;
  if(!state.frontierStride)state.frontierLimit=state.g.cellCount;
  state.frontierLast=flags;
  return value;
}


--- Optimized code ---
optimization_id = 77
source_position = 1443
kind = TURBOFAN_JS
name = completeRootFrontierNode32
compiler = turbofan
address = 000003E954B1C271

Instructions (size = 384)
000001C4CB621740     0  55                   push rbp
000001C4CB621741     1  4889e5               REX.W movq rbp,rsp
000001C4CB621744     4  56                   push rsi
000001C4CB621745     5  57                   push rdi
000001C4CB621746     6  50                   push rax
000001C4CB621747     7  4883ec10             REX.W subq rsp,0x10
000001C4CB62174B     b  488975e0             REX.W movq [rbp-0x20],rsi
000001C4CB62174F     f  493b65a0             REX.W cmpq rsp,[r13-0x60] (external value (StackGuard::address_of_jslimit()))
000001C4CB621753    13  0f86e2000000         jna 000001C4CB62183B  <+0xfb>
000001C4CB621759    19  488b5518             REX.W movq rdx,[rbp+0x18]
000001C4CB62175D    1d  f6c201               testb rdx,0x1
000001C4CB621760    20  0f8432010000         jz 000001C4CB621898  <+0x158>
000001C4CB621766    26  48b95947c3af9e020000 REX.W movq rcx,0000029EAFC34759    ;; object: 0x029eafc34759 <Map[240](HOLEY_ELEMENTS)>
000001C4CB621770    30  48394aff             REX.W cmpq [rdx-0x1],rcx
000001C4CB621774    34  0f8522010000         jnz 000001C4CB62189C  <+0x15c>
000001C4CB62177A    3a  488b7a07             REX.W movq rdi,[rdx+0x7]
000001C4CB62177E    3e  49b83911c3af9e020000 REX.W movq r8,0000029EAFC31139    ;; object: 0x029eafc31139 <JSFunction js-to-wasm::i (sfi = 0000029EAFC310F1)>
[completed compiling 000001C4CB621788    48  4c39470f             REX.W cmpq [rdi+0xf],r8
0x02edcc9e4be9 <JSFunction popcount32 (sfi = 000002EDCC9D9179)> (target TURBOFAN_JS) - took 0.002, 0.270, 0.015 ms]
[completed optimizing 0x02edcc9e4be9 <JSFunction popcount32 (sfi = 000002EDCC9D9179)>000001C4CB62178C    4c  0f850e010000         jnz 000001C4CB6218A0  <+0x160> (target TURBOFAN_JS)]

000001C4CB621792    52  498b781f             REX.W movq rdi,[r8+0x1f]
000001C4CB621796    56  488b7f07             REX.W movq rdi,[rdi+0x7]
000001C4CB62179A    5a  488b7f1f             REX.W movq rdi,[rdi+0x1f]
000001C4CB62179E    5e  448b471f             movl r8,[rdi+0x1f]
000001C4CB6217A2    62  488b7707             REX.W movq rsi,[rdi+0x7]
000001C4CB6217A6    66  49ba000065f2c1010000 REX.W movq r10,000001C1F2650000
000001C4CB6217B0    70  43ff14c2             call [r10+r8*8]
000001C4CB6217B4    74  85c0                 testl rax,rax
000001C4CB6217B6    76  0f8ce8000000         jl 000001C4CB6218A4  <+0x164>
000001C4CB6217BC    7c  ba00000080           movl rdx,0000000080000000
000001C4CB6217C1    81  85d0                 testl rdx,rax
000001C4CB6217C3    83  0f854f000000         jnz 000001C4CB621818  <+0xd8>
000001C4CB6217C9    89  488b5518             REX.W movq rdx,[rbp+0x18]
000001C4CB6217CD    8d  48b95947c3af9e020000 REX.W movq rcx,0000029EAFC34759    ;; object: 0x029eafc34759 <Map[240](HOLEY_ELEMENTS)>
000001C4CB6217D7    97  48394aff             REX.W cmpq [rdx-0x1],rcx
000001C4CB6217DB    9b  0f85c7000000         jnz 000001C4CB6218A8  <+0x168>
000001C4CB6217E1    a1  488b4a07             REX.W movq rcx,[rdx+0x7]
000001C4CB6217E5    a5  488b492f             REX.W movq rcx,[rcx+0x2f]
000001C4CB6217E9    a9  48c1f920             REX.W sarq rcx,32
000001C4CB6217ED    ad  3bc8                 cmpl rcx,rax
000001C4CB6217EF    af  0f8405000000         jz 000001C4CB6217FA  <+0xba>
000001C4CB6217F5    b5  e9b2000000           jmp 000001C4CB6218AC  <+0x16c>
000001C4CB6217FA    ba  488b4520             REX.W movq rax,[rbp+0x20]
000001C4CB6217FE    be  488b4de8             REX.W movq rcx,[rbp-0x18]
000001C4CB621802    c2  488be5               REX.W movq rsp,rbp
000001C4CB621805    c5  5d                   pop rbp
000001C4CB621806    c6  4883f903             REX.W cmpq rcx,0x3
000001C4CB62180A    ca  7f03                 jg 000001C4CB62180F  <+0xcf>
000001C4CB62180C    cc  c21800               ret 0x18
000001C4CB62180F    cf  415a                 pop r10
000001C4CB621811    d1  488d24cc             REX.W leaq rsp,[rsp+rcx*8]
000001C4CB621815    d5  4152                 push r10
000001C4CB621817    d7  c3                   retl
000001C4CB621818    d8  48ba19acc2af9e020000 REX.W movq rdx,0000029EAFC2AC19    ;; object: 0x029eafc2ac19 <Cell value= 0x029eafc2b861 <JSFunction readWorkerBehavior32 (sfi = 0000029EAFC0D6D1)>>
000001C4CB621822    e2  488b5207             REX.W movq rdx,[rdx+0x7]
000001C4CB621826    e6  498b8d38020000       REX.W movq rcx,[r13+0x238] (root (the_hole_value))
000001C4CB62182D    ed  483bca               REX.W cmpq rcx,rdx
000001C4CB621830    f0  0f8433000000         jz 000001C4CB621869  <+0x129>
000001C4CB621836    f6  e975000000           jmp 000001C4CB6218B0  <+0x170>
000001C4CB62183B    fb  48ba00000000f0000000 REX.W movq rdx,000000F000000000
000001C4CB621845   105  52                   push rdx
000001C4CB621846   106  48bef9f77af46d000000 REX.W movq rsi,0000006DF47AF7F9    ;; object: 0x006df47af7f9 <NativeContext[306]>
000001C4CB621850   110  48bbd0f61bf3f67f0000 REX.W movq rbx,00007FF6F31BF6D0
000001C4CB62185A   11a  b801000000           movl rax,0000000000000001
000001C4CB62185F   11f  e89cdbe11f           call 000001C4EB43F400  (CEntry_Return1_ArgvOnStack_NoBuiltinExit)    ;; near builtin entry
000001C4CB621864   124  e9f0feffff           jmp 000001C4CB621759  <+0x19>
000001C4CB621869   129  48b9d9b6c0af9e020000 REX.W movq rcx,0000029EAFC0B6D9    ;; object: 0x029eafc0b6d9 <String[20]: #readWorkerBehavior32>
000001C4CB621873   133  51                   push rcx
000001C4CB621874   134  488955d8             REX.W movq [rbp-0x28],rdx
000001C4CB621878   138  48bbe0e61bf3f67f0000 REX.W movq rbx,00007FF6F31BE6E0
000001C4CB621882   142  b801000000           movl rax,0000000000000001
000001C4CB621887   147  48bef9f77af46d000000 REX.W movq rsi,0000006DF47AF7F9    ;; object: 0x006df47af7f9 <NativeContext[306]>
000001C4CB621891   151  e86adbe11f           call 000001C4EB43F400  (CEntry_Return1_ArgvOnStack_NoBuiltinExit)    ;; near builtin entry
000001C4CB621896   156  cc                   int3l
000001C4CB621897   157  90                   nop
000001C4CB621898   158  41ff55d8             call [r13-0x28] (external value (IsolateData::builtin_tier0_entry_table_))    ;; debug: deopt position, script offset '5c4'
                                                             ;; debug: deopt position, inlining id 'ffffffff'
                                                             ;; debug: deopt reason 'Smi'
                                                             ;; debug: deopt index 0
000001C4CB62189C   15c  41ff55d8             call [r13-0x28] (external value (IsolateData::builtin_tier0_entry_table_))    ;; debug: deopt position, script offset '5c4'
                                                             ;; debug: deopt position, inlining id 'ffffffff'
                                                             ;; debug: deopt reason 'wrong map'
                                                             ;; debug: deopt index 1
000001C4CB6218A0   160  41ff55d8             call [r13-0x28] (external value (IsolateData::builtin_tier0_entry_table_))    ;; debug: deopt position, script offset '5c4'
                                                             ;; debug: deopt position, inlining id 'ffffffff'
                                                             ;; debug: deopt reason 'wrong call target'
                                                             ;; debug: deopt index 2
000001C4CB6218A4   164  41ff55d8             call [r13-0x28] (external value (IsolateData::builtin_tier0_entry_table_))    ;; debug: deopt position, script offset '5d2'
                                                             ;; debug: deopt position, inlining id 'ffffffff'
                                                             ;; debug: deopt reason 'lost precision'
                                                             ;; debug: deopt index 3
000001C4CB6218A8   168  41ff55d8             call [r13-0x28] (external value (IsolateData::builtin_tier0_entry_table_))    ;; debug: deopt position, script offset '68a'
                                                             ;; debug: deopt position, inlining id 'ffffffff'
                                                             ;; debug: deopt reason 'wrong map'
                                                             ;; debug: deopt index 4
000001C4CB6218AC   16c  41ff55d8             call [r13-0x28] (external value (IsolateData::builtin_tier0_entry_table_))    ;; debug: deopt position, script offset '6af'
                                                             ;; debug: deopt position, inlining id 'ffffffff'
                                                             ;; debug: deopt reason 'Insufficient type feedback for binary operation'
                                                             ;; debug: deopt index 5
000001C4CB6218B0   170  41ff55d8             call [r13-0x28] (external value (IsolateData::builtin_tier0_entry_table_))    ;; debug: deopt position, script offset '615'
                                                             ;; debug: deopt position, inlining id 'ffffffff'
                                                             ;; debug: deopt reason 'Insufficient type feedback for generic named access'
                                                             ;; debug: deopt index 6
000001C4CB6218B4   174  41ff55e0             call [r13-0x20]    ;; debug: deopt position, script offset '5c4'
                                                             ;; debug: deopt position, inlining id 'ffffffff'
                                                             ;; debug: deopt reason '(unknown)'
                                                             ;; debug: deopt index 7
000001C4CB6218B8   178  41ff55e0             call [r13-0x20]    ;; debug: deopt position, script offset '5a3'
                                                             ;; debug: deopt position, inlining id 'ffffffff'
                                                             ;; debug: deopt reason '(unknown)'
                                                             ;; debug: deopt index 8
000001C4CB6218BC   17c  41ff55e0             call [r13-0x20]    ;; debug: deopt position, script offset '5f4'
                                                             ;; debug: deopt position, inlining id 'ffffffff'
                                                             ;; debug: deopt reason '(unknown)'
                                                             ;; debug: deopt index 9

Source positions:
 pc offset  position
         b      1443
        19      1476
        74      1490
        7c      1506
        89      1674
        a9      1665
        b5      1711
        ba      1700
        d8      1524
        f6      1557
        fb      1443
       129      1524

Inlined functions (count = 0)

Deoptimization Input Data (deopt points = 10)
 index  bytecode-offset    pc
     0                0    NA 
     1                0    NA 
     2                0    NA 
     3                9    NA 
     4                9    NA 
     5               75    NA 
     6               26    NA 
     7              755    74 
     8               -1   124 
     9               23   156 

Safepoints (stack slots = 7, entries = 3, byte size = 30)
000001C4CB6217B4     74  slots (sp->fp): 0100000  deopt      7 trampoline:    174
000001C4CB621864    124  slots (sp->fp): 0100000  deopt      8 trampoline:    178
000001C4CB621896    156  slots (sp->fp): 1100000  deopt      9 trampoline:    17c

RelocInfo (size = e1)
000001C4CB621768  full embedded object  (0x029eafc34759 <Map[f0](HOLEY_ELEMENTS)>)
000001C4CB621780  full embedded object  (0x029eafc31139 <JSFunction js-to-wasm::i (sfi = 0000029EAFC310F1)>)
000001C4CB6217CF  full embedded object  (0x029eafc34759 <Map[f0](HOLEY_ELEMENTS)>)
000001C4CB62181A  full embedded object  (0x029eafc2ac19 <Cell value= 0x029eafc2b861 <JSFunction readWorkerBehavior32 (sfi = 0000029EAFC0D6D1)>>)
000001C4CB621848  full embedded object  (0x006df47af7f9 <NativeContext[132]>)
000001C4CB621860  near builtin entry
000001C4CB62186B  full embedded object  (0x029eafc0b6d9 <String[20]: #readWorkerBehavior32>)
000001C4CB621889  full embedded object  (0x006df47af7f9 <NativeContext[132]>)
000001C4CB621892  near builtin entry
000001C4CB62189C  deopt script offset  (5c4)
000001C4CB62189C  deopt inlining id  (ffffffffffffffff)
000001C4CB62189C  deopt reason  (Smi)
000001C4CB62189C  deopt index
000001C4CB6218A0  deopt script offset  (5c4)
000001C4CB6218A0  deopt inlining id  (ffffffffffffffff)
000001C4CB6218A0  deopt reason  (wrong map)
000001C4CB6218A0  deopt index
000001C4CB6218A4  deopt script offset  (5c4)
000001C4CB6218A4  deopt inlining id  (ffffffffffffffff)
000001C4CB6218A4  deopt reason  (wrong call target)
000001C4CB6218A4  deopt index
000001C4CB6218A8  deopt script offset  (5d2)
000001C4CB6218A8  deopt inlining id  (ffffffffffffffff)
000001C4CB6218A8  deopt reason  (lost precision)
000001C4CB6218A8  deopt index
000001C4CB6218AC  deopt script offset  (68a)
000001C4CB6218AC  deopt inlining id  (ffffffffffffffff)
000001C4CB6218AC  deopt reason  (wrong map)
000001C4CB6218AC  deopt index
000001C4CB6218B0  deopt script offset  (6af)
000001C4CB6218B0  deopt inlining id  (ffffffffffffffff)
000001C4CB6218B0  deopt reason  (Insufficient type feedback for binary operation)
000001C4CB6218B0  deopt index
000001C4CB6218B4  deopt script offset  (615)
000001C4CB6218B4  deopt inlining id  (ffffffffffffffff)
000001C4CB6218B4  deopt reason  (Insufficient type feedback for generic named access)
000001C4CB6218B4  deopt index
000001C4CB6218B8  deopt script offset  (5c4)
000001C4CB6218B8  deopt inlining id  (ffffffffffffffff)
000001C4CB6218B8  deopt reason  ((unknown))
000001C4CB6218B8  deopt index
000001C4CB6218BC  deopt script offset  (5a3)
000001C4CB6218BC  deopt inlining id  (ffffffffffffffff)
000001C4CB6218BC  deopt reason  ((unknown))
000001C4CB6218BC  deopt index
000001C4CB6218C0  deopt script offset  (5f4)
000001C4CB6218C0  deopt inlining id  (ffffffffffffffff)
000001C4CB6218C0  deopt reason  ((unknown))
000001C4CB6218C0  deopt index

--- End code ---
[completed compiling 0x029eafc2bf71 <JSFunction completeRootFrontierNode32 (sfi = 0000029EAFC12CA9)> (target TURBOFAN_JS) - took 0.003, 0.529, 1.204 ms]
[completed optimizing 0x029eafc2bf71 <JSFunction completeRootFrontierNode32 (sfi = 0000029EAFC12CA9)> (target TURBOFAN_JS)]
[completed compiling 0x03bc6f5107a9 <JSFunction deriveForkPreemption32 (sfi = 0000012C474E3311)> (target MAGLEV) - took 0.000, 1.075, 0.017 ms]
[completed compiling 0x01f714de0319 <JSFunction evaluateConnect4CpcNonterminal32 (sfi = 000001F714DD3011)>[marking  (target MAGLEV) - took 0.000, 1.956, 0.013 ms0x00598e9765e9]
 <JSFunction storeConnect4RbaExactCacheSlot32Frontier (sfi = 000001183D3FBB29)> for optimization to TURBOFAN_JS, ConcurrencyMode::kConcurrent, reason: hot and stable]
[compiling method 0x00598e9765e9 <JSFunction storeConnect4RbaExactCacheSlot32Frontier (sfi = 000001183D3FBB29)> (target TURBOFAN_JS), mode: ConcurrencyMode::kConcurrent]
[completed compiling 0x002178d46c31 <JSFunction playableCell (sfi = 0000029EAFC20A19)> (target MAGLEV) - took 0.000, 0.115, 0.004 ms]
[marking 0x012c474f0141 <JSFunction firstSetBitIndex32 (sfi = 0000012C474E46B1)> for optimization to TURBOFAN_JS, ConcurrencyMode::kConcurrent, reason: hot and stable]
[compiling method 0x012c474f0141 <JSFunction firstSetBitIndex32 (sfi = 0000012C474E46B1)> (target TURBOFAN_JS), mode: ConcurrencyMode::kConcurrent]
[marking 0x0182a7ea67b1 <JSFunction popcount32 (sfi = 00000182A7E9AD01)> for optimization to TURBOFAN_JS, ConcurrencyMode::kConcurrent, reason: hot and stable]
[compiling method 0x0182a7ea67b1 <JSFunction popcount32 (sfi = 00000182A7E9AD01)> (target TURBOFAN_JS), mode: ConcurrencyMode::kConcurrent]
[completed compiling 0x029eafc2dcd1 <JSFunction evaluateConnect4CpcNonterminal32 (sfi = 0000029EAFC20941)> (target MAGLEV) - took 0.001, 2.047, 0.012 ms]
[marking 0x02f37f521281 <JSFunction storeConnect4RbaExactCacheSlot32Frontier (sfi = 00000182A7E8A4B1)> for optimization to TURBOFAN_JS, ConcurrencyMode::kConcurrent, reason: hot and stable]
[compiling method 0x02f37f521281 <JSFunction storeConnect4RbaExactCacheSlot32Frontier (sfi = 00000182A7E8A4B1)> (target TURBOFAN_JS), mode: ConcurrencyMode::kConcurrent]
[completed compiling 0x01d0391c7951 <JSFunction searchCpcOnlyFrontier (sfi = 0000015EEA9970C9)> (target TURBOFAN_JS) - took 0.001, 22.174, 0.079 ms]
[completed optimizing 0x01d0391c7951 <JSFunction searchCpcOnlyFrontier (sfi = 0000015EEA9970C9)> (target TURBOFAN_JS)]
[completed compiling 0x01c52c7cb769 <JSFunction searchCpcOnlyFrontier (sfi = 00000182A7E8A5D1)> (target TURBOFAN_JS) - took 0.003, 24.390, 0.075 ms]
[completed optimizing 0x01c52c7cb769 <JSFunction searchCpcOnlyFrontier (sfi = 00000182A7E8A5D1)> (target TURBOFAN_JS)]
[completed compiling 0x002178d47951 <JSFunction searchCpcOnlyFrontier (sfi = 0000029EAFC11761)> (target MAGLEV) - took 0.000, 4.165, 0.020 ms]
[completed compiling 0x012c474f0141 <JSFunction firstSetBitIndex32 (sfi = 0000012C474E46B1)> (target TURBOFAN_JS) - took 0.003, 0.897, 0.020 ms]
[completed optimizing 0x012c474f0141 <JSFunction firstSetBitIndex32 (sfi = 0000012C474E46B1)> (target TURBOFAN_JS)]
[completed compiling 0x0182a7ea67b1 <JSFunction popcount32 (sfi = 00000182A7E9AD01)> (target TURBOFAN_JS) - took 0.002, 0.646, 0.007 ms]
[completed optimizing 0x0182a7ea67b1 <JSFunction popcount32 (sfi = 00000182A7E9AD01)> (target TURBOFAN_JS)]
[completed compiling 0x00598e9765e9 <JSFunction storeConnect4RbaExactCacheSlot32Frontier (sfi = 000001183D3FBB29)> (target TURBOFAN_JS) - took 0.004, 5.231, 0.031 ms]
[completed optimizing 0x00598e9765e9 <JSFunction storeConnect4RbaExactCacheSlot32Frontier (sfi = 000001183D3FBB29)> (target TURBOFAN_JS)]
[completed compiling 0x02f37f521281 <JSFunction storeConnect4RbaExactCacheSlot32Frontier (sfi = 00000182A7E8A4B1)> (target TURBOFAN_JS) - took 0.002, 4.457, 0.034 ms]
[completed optimizing 0x02f37f521281 <JSFunction storeConnect4RbaExactCacheSlot32Frontier (sfi = 00000182A7E8A4B1)> (target TURBOFAN_JS)]
[completed compiling 0x03b557d7e799 <JSFunction searchCpcOnlyFrontier (sfi = 000001183D3FBC49)> (target TURBOFAN_JS) - took 0.003, 24.959, 0.109 ms]
[completed optimizing 0x03b557d7e799 <JSFunction searchCpcOnlyFrontier (sfi = 000001183D3FBC49)> (target TURBOFAN_JS)]
[marking 0x002178d478d1 <JSFunction absToRelativeFrontier (sfi = 0000029EAFC116D1)> for optimization to TURBOFAN_JS, ConcurrencyMode::kConcurrent, reason: hot and stable]
[compiling method 0x002178d478d1 <JSFunction absToRelativeFrontier (sfi = 0000029EAFC116D1)> (target TURBOFAN_JS), mode: ConcurrencyMode::kConcurrent]
[completed compiling 0x002178d478d1 <JSFunction absToRelativeFrontier (sfi = 0000029EAFC116D1)> (target TURBOFAN_JS) - took 0.003, 0.404, 0.009 ms]
[completed optimizing 0x002178d478d1 <JSFunction absToRelativeFrontier (sfi = 0000029EAFC116D1)> (target TURBOFAN_JS)]
[bailout (kind: deopt-eager, reason: Insufficient type feedback for call): begin. deoptimizing 0x029eafc2f871 <JSFunction storeConnect4RbaSharedExactCache32 (sfi = 0000029EAFC29A79)>, 0x03e954b1be89 <Code TURBOFAN_JS>, opt id 76, bytecode offset 125, deopt exit 23, FP to SP delta 120, caller SP 0x0023799f99d0, pc 0x01c4cb621624]
[marking 0x029eafc2f871 <JSFunction storeConnect4RbaSharedExactCache32 (sfi = 0000029EAFC29A79)> for optimization to MAGLEV, ConcurrencyMode::kConcurrent, reason: hot and stable]
[compiling method 0x029eafc2f871 <JSFunction storeConnect4RbaSharedExactCache32 (sfi = 0000029EAFC29A79)> (target MAGLEV), mode: ConcurrencyMode::kConcurrent]
[marking 0x0053881c6bb1 <JSFunction coordHas (sfi = 000002EDCC9D7C29)> for optimization to TURBOFAN_JS, ConcurrencyMode::kConcurrent, reason: hot and stable]
[compiling method 0x0053881c6bb1 <JSFunction coordHas (sfi = 000002EDCC9D7C29)> (target TURBOFAN_JS), mode: ConcurrencyMode::kConcurrent]
[completed compiling 0x029eafc2f871 <JSFunction storeConnect4RbaSharedExactCache32 (sfi = 0000029EAFC29A79)> (target MAGLEV) - took 0.000, 0.531, 0.007 ms]
[completed compiling 0x0053881c6bb1 <JSFunction coordHas (sfi = 000002EDCC9D7C29)> (target TURBOFAN_JS) - took 0.002, 0.392, 0.009 ms]
[completed optimizing 0x0053881c6bb1 <JSFunction coordHas (sfi = 000002EDCC9D7C29)> (target TURBOFAN_JS)]
[marking 0x012c474f01c1 <JSFunction popcount32 (sfi = 0000012C474E4741)> for optimization to TURBOFAN_JS, ConcurrencyMode::kConcurrent, reason: hot and stable]
[compiling method 0x012c474f01c1 <JSFunction popcount32 (sfi = 0000012C474E4741)> (target TURBOFAN_JS), mode: ConcurrencyMode::kConcurrent]
[completed compiling 0x012c474f01c1 <JSFunction popcount32 (sfi = 0000012C474E4741)> (target TURBOFAN_JS) - took 0.003, 0.375, 0.014 ms]
[completed optimizing 0x012c474f01c1 <JSFunction popcount32 (sfi = 0000012C474E4741)> (target TURBOFAN_JS)]
[11144:000001C48AE56000]      308 ms: Scavenge (during sweeping) 8.7 (12.1) -> 6.8 (12.1) MB, pooled: 0.0 MB, 0.12 / 0.00 ms (average mu = 0.952, current mu = 0.952) allocation failure; 
[marking 0x02f37f520ce9 <JSFunction coordHas (sfi = 00000182A7E997B1)> for optimization to TURBOFAN_JS, ConcurrencyMode::kConcurrent, reason: hot and stable]
[compiling method 0x02f37f520ce9 <JSFunction coordHas (sfi = 00000182A7E997B1)> (target TURBOFAN_JS), mode: ConcurrencyMode::kConcurrent]
[marking 0x003d012db789 <JSFunction pairedResponseNoWin (sfi = 000001F714DD31C1)> for optimization to TURBOFAN_JS, ConcurrencyMode::kConcurrent, reason: hot and stable]
[compiling method 0x003d012db789 <JSFunction pairedResponseNoWin (sfi = 000001F714DD31C1)> (target TURBOFAN_JS), mode: ConcurrencyMode::kConcurrent]
[completed compiling 0x02f37f520ce9 <JSFunction coordHas (sfi = 00000182A7E997B1)> (target TURBOFAN_JS) - took 0.004, 0.457, 0.012 ms]
[completed optimizing 0x02f37f520ce9 <JSFunction coordHas (sfi = 00000182A7E997B1)> (target TURBOFAN_JS)]
[marking 0x029eafc2d891 <JSFunction popcount32 (sfi = 0000029EAFC21ED9)> for optimization to TURBOFAN_JS, ConcurrencyMode::kConcurrent, reason: hot and stable]
[compiling method 0x029eafc2d891 <JSFunction popcount32 (sfi = 0000029EAFC21ED9)> (target TURBOFAN_JS), mode: ConcurrencyMode::kConcurrent]
[marking 0x03bc6f5106a9 <JSFunction coordHas (sfi = 0000012C474E31F1)> for optimization to TURBOFAN_JS, ConcurrencyMode::kConcurrent, reason: hot and stable]
[compiling method 0x03bc6f5106a9 <JSFunction coordHas (sfi = 0000012C474E31F1)> (target TURBOFAN_JS), mode: ConcurrencyMode::kConcurrent]
[completed compiling 0x029eafc2d891 <JSFunction popcount32 (sfi = 0000029EAFC21ED9)> (target TURBOFAN_JS) - took 0.002, 0.385, 0.011 ms]
[completed optimizing [completed compiling 0x029eafc2d891 <JSFunction popcount32 (sfi = 0000029EAFC21ED9)>0x03bc6f5106a9 <JSFunction coordHas (sfi = 0000012C474E31F1)> (target TURBOFAN_JS) - took 0.003, 0.370, 0.008 ms]
[completed optimizing 0x03bc6f5106a9 <JSFunction coordHas (sfi = 0000012C474E31F1)> (target TURBOFAN_JS)]
 (target TURBOFAN_JS)]
[completed compiling 0x003d012db789 <JSFunction pairedResponseNoWin (sfi = 000001F714DD31C1)> (target TURBOFAN_JS) - took 0.002, 2.529, 0.022 ms]
[completed optimizing 0x003d012db789 <JSFunction pairedResponseNoWin (sfi = 000001F714DD31C1)> (target TURBOFAN_JS)]
[marking 0x002178d47951 <JSFunction searchCpcOnlyFrontier (sfi = 0000029EAFC11761)> for optimization to TURBOFAN_JS, ConcurrencyMode::kConcurrent, reason: hot and stable]
[compiling method 0x002178d47951 <JSFunction searchCpcOnlyFrontier (sfi = 0000029EAFC11761)> (target TURBOFAN_JS), mode: ConcurrencyMode::kConcurrent]
[marking 0x029eafc2dcd1 <JSFunction evaluateConnect4CpcNonterminal32 (sfi = 0000029EAFC20941)> for optimization to TURBOFAN_JS, ConcurrencyMode::kConcurrent, reason: hot and stable]
[compiling method 0x029eafc2dcd1 <JSFunction evaluateConnect4CpcNonterminal32 (sfi = 0000029EAFC20941)> (target TURBOFAN_JS), mode: ConcurrencyMode::kConcurrent]
[marking 0x03b557d58241 <JSFunction popcount32 (sfi = 000003B557D4C7D1)> for optimization to TURBOFAN_JS, ConcurrencyMode::kConcurrent, reason: hot and stable]
[compiling method 0x03b557d58241 <JSFunction popcount32 (sfi = 000003B557D4C7D1)> (target TURBOFAN_JS), mode: ConcurrencyMode::kConcurrent]
[completed compiling 0x03b557d58241 <JSFunction popcount32 (sfi = 000003B557D4C7D1)> (target TURBOFAN_JS) - took 0.004, 0.436, 0.017 ms]
[completed optimizing 0x03b557d58241 <JSFunction popcount32 (sfi = 000003B557D4C7D1)> (target TURBOFAN_JS)]
[marking 0x01d0391c6bb1 <JSFunction coordHas (sfi = 0000015EEA9A62D9)> for optimization to TURBOFAN_JS, ConcurrencyMode::kConcurrent, reason: hot and stable]
[compiling method 0x01d0391c6bb1 <JSFunction coordHas (sfi = 0000015EEA9A62D9)> (target TURBOFAN_JS), mode: ConcurrencyMode::kConcurrent]
[completed compiling 0x01d0391c6bb1 <JSFunction coordHas (sfi = 0000015EEA9A62D9)> (target TURBOFAN_JS) - took 0.003, 0.403, 0.010 ms]
[completed optimizing 0x01d0391c6bb1 <JSFunction coordHas (sfi = 0000015EEA9A62D9)> (target TURBOFAN_JS)]
[bailout (kind: deopt-eager, reason: Insufficient type feedback for generic named access): begin. deoptimizing 0x01d0391c6cb1 <JSFunction deriveForkPreemption32 (sfi = 0000015EEA9A63F9)>, 0x004795acc9d1 <Code MAGLEV>, opt id 57, bytecode offset 696, deopt exit 89, FP to SP delta 232, caller SP 0x00237a1f94c8, pc 0x01c4eb671c23]
[marking 0x02f37f520de9 <JSFunction deriveForkPreemption32 (sfi = 00000182A7E998D1)> for optimization to TURBOFAN_JS, ConcurrencyMode::kConcurrent, reason: hot and stable]
[compiling method 0x02f37f520de9 <JSFunction deriveForkPreemption32 (sfi = 00000182A7E998D1)> (target TURBOFAN_JS), mode: ConcurrencyMode::kConcurrent]
[completed compiling 0x029eafc2dcd1 <JSFunction evaluateConnect4CpcNonterminal32 (sfi = 0000029EAFC20941)> (target TURBOFAN_JS) - took 0.001, 11.284, 0.060 ms]
[completed optimizing 0x029eafc2dcd1 <JSFunction evaluateConnect4CpcNonterminal32 (sfi = 0000029EAFC20941)> (target TURBOFAN_JS)]
[marking 0x002178d46bb1 <JSFunction coordHas (sfi = 0000029EAFC20989)> for optimization to TURBOFAN_JS, ConcurrencyMode::kConcurrent, reason: hot and stable]
[compiling method 0x002178d46bb1 <JSFunction coordHas (sfi = 0000029EAFC20989)> (target TURBOFAN_JS), mode: ConcurrencyMode::kConcurrent]
[completed compiling 0x002178d46bb1 <JSFunction coordHas (sfi = 0000029EAFC20989)> (target TURBOFAN_JS) - took 0.001, 0.383, 0.007 ms]
[completed optimizing 0x002178d46bb1 <JSFunction coordHas (sfi = 0000029EAFC20989)> (target TURBOFAN_JS)]
[completed compiling 0x02f37f520de9 <JSFunction deriveForkPreemption32 (sfi = 00000182A7E998D1)> (target TURBOFAN_JS) - took 0.004, 6.056, 0.049 ms]
[completed optimizing 0x02f37f520de9 <JSFunction deriveForkPreemption32 (sfi = 00000182A7E998D1)> (target TURBOFAN_JS)]
[marking 0x01d0391c6cb1 <JSFunction deriveForkPreemption32 (sfi = 0000015EEA9A63F9)> for optimization to MAGLEV, ConcurrencyMode::kConcurrent, reason: hot and stable]
[compiling method 0x01d0391c6cb1 <JSFunction deriveForkPreemption32 (sfi = 0000015EEA9A63F9)> (target MAGLEV), mode: ConcurrencyMode::kConcurrent]
[completed compiling 0x002178d47951 <JSFunction searchCpcOnlyFrontier (sfi = 0000029EAFC11761)> (target TURBOFAN_JS) - took 0.002, 20.900, 0.072 ms]
[completed optimizing 0x002178d47951 <JSFunction searchCpcOnlyFrontier (sfi = 0000029EAFC11761)> (target TURBOFAN_JS)]
[marking 0x01f714de0319 <JSFunction evaluateConnect4CpcNonterminal32 (sfi = 000001F714DD3011)> for optimization to TURBOFAN_JS, ConcurrencyMode::kConcurrent, reason: hot and stable]
[compiling method 0x01f714de0319 <JSFunction evaluateConnect4CpcNonterminal32 (sfi = 000001F714DD3011)> (target TURBOFAN_JS), mode: ConcurrencyMode::kConcurrent]
[completed compiling 0x01d0391c6cb1 <JSFunction deriveForkPreemption32 (sfi = 0000015EEA9A63F9)> (target MAGLEV) - took 0.000, 2.161, 0.012 ms]
[marking 0x029eafc2d811 <JSFunction firstSetBitIndex32 (sfi = 0000029EAFC21E49)> for optimization to TURBOFAN_JS, ConcurrencyMode::kConcurrent, reason: hot and stable]
[compiling method 0x029eafc2d811 <JSFunction firstSetBitIndex32 (sfi = 0000029EAFC21E49)> (target TURBOFAN_JS), mode: ConcurrencyMode::kConcurrent]
[completed compiling 0x029eafc2d811 <JSFunction firstSetBitIndex32 (sfi = 0000029EAFC21E49)> (target TURBOFAN_JS) - took 0.003, 0.420, 0.013 ms]
[completed optimizing 0x029eafc2d811 <JSFunction firstSetBitIndex32 (sfi = 0000029EAFC21E49)> (target TURBOFAN_JS)]
[marking 0x00de56e20d29 <JSFunction coordHas (sfi = 000003B557D4B281)> for optimization to TURBOFAN_JS, ConcurrencyMode::kConcurrent, reason: hot and stable]
[compiling method 0x00de56e20d29 <JSFunction coordHas (sfi = 000003B557D4B281)> (target TURBOFAN_JS), mode: ConcurrencyMode::kConcurrent]
[completed compiling 0x00de56e20d29 <JSFunction coordHas (sfi = 000003B557D4B281)> (target TURBOFAN_JS) - took 0.004, 0.515, 0.014 ms]
[completed optimizing 0x00de56e20d29 <JSFunction coordHas (sfi = 000003B557D4B281)> (target TURBOFAN_JS)]
[completed compiling 0x01f714de0319 <JSFunction evaluateConnect4CpcNonterminal32 (sfi = 000001F714DD3011)> (target TURBOFAN_JS) - took 0.002, 10.820, 0.064 ms]
[completed optimizing 0x01f714de0319 <JSFunction evaluateConnect4CpcNonterminal32 (sfi = 000001F714DD3011)> (target TURBOFAN_JS)]
[marking 0x03bc6f5107a9 <JSFunction deriveForkPreemption32 (sfi = 0000012C474E3311)> for optimization to TURBOFAN_JS, ConcurrencyMode::kConcurrent, reason: hot and stable]
[compiling method 0x03bc6f5107a9 <JSFunction deriveForkPreemption32 (sfi = 0000012C474E3311)> (target TURBOFAN_JS), mode: ConcurrencyMode::kConcurrent]
[completed compiling 0x03bc6f5107a9 <JSFunction deriveForkPreemption32 (sfi = 0000012C474E3311)> (target TURBOFAN_JS) - took 0.004, 4.049, 0.041 ms]
[completed optimizing 0x03bc6f5107a9 <JSFunction deriveForkPreemption32 (sfi = 0000012C474E3311)> (target TURBOFAN_JS)]
[marking 0x0053881c6cb1 <JSFunction deriveForkPreemption32 (sfi = 000002EDCC9D7D49)> for optimization to TURBOFAN_JS, ConcurrencyMode::kConcurrent, reason: hot and stable]
[compiling method 0x0053881c6cb1 <JSFunction deriveForkPreemption32 (sfi = 000002EDCC9D7D49)> (target TURBOFAN_JS), mode: ConcurrencyMode::kConcurrent]
[11144:000001C1FAC3C000]      372 ms: Scavenge (during sweeping) 8.9 (11.9) -> 7.0 (11.9) MB, pooled: 0.0 MB, 0.20 / 0.00 ms (average mu = 0.941, current mu = 0.941) allocation failure; 
[completed compiling 0x0053881c6cb1 <JSFunction deriveForkPreemption32 (sfi = 000002EDCC9D7D49)> (target TURBOFAN_JS) - took 0.004, 6.848, 0.050 ms]
[completed optimizing 0x0053881c6cb1 <JSFunction deriveForkPreemption32 (sfi = 000002EDCC9D7D49)> (target TURBOFAN_JS)]
[11144:000001C1FA9F7000]      381 ms: Scavenge (during sweeping) 8.5 (11.9) -> 6.6 (11.9) MB, pooled: 0.0 MB, 0.13 / 0.00 ms (average mu = 0.969, current mu = 0.969) allocation failure; 
[marking 0x029eafc2f871 <JSFunction storeConnect4RbaSharedExactCache32 (sfi = 0000029EAFC29A79)> for optimization to TURBOFAN_JS, ConcurrencyMode::kConcurrent, reason: hot and stable]
[compiling method 0x029eafc2f871 <JSFunction storeConnect4RbaSharedExactCache32 (sfi = 0000029EAFC29A79)> (target TURBOFAN_JS), mode: ConcurrencyMode::kConcurrent]
[completed compiling 0x029eafc2f871 <JSFunction storeConnect4RbaSharedExactCache32 (sfi = 0000029EAFC29A79)> (target TURBOFAN_JS) - took 0.004, 2.212, 0.029 ms]
[completed optimizing 0x029eafc2f871 <JSFunction storeConnect4RbaSharedExactCache32 (sfi = 0000029EAFC29A79)> (target TURBOFAN_JS)]
[11144:000001C1FAB12000]      389 ms: Scavenge (during sweeping) 8.8 (12.4) -> 6.9 (12.4) MB, pooled: 0.0 MB, 0.09 / 0.00 ms (average mu = 0.941, current mu = 0.941) allocation failure; 
[11144:000001C1FA96A000]      391 ms: Scavenge (during sweeping) 8.8 (11.9) -> 6.8 (11.9) MB, pooled: 0.0 MB, 0.15 / 0.00 ms (average mu = 0.940, current mu = 0.940) allocation failure; 
[marking 0x002178d47851 <JSFunction storeConnect4RbaExactCacheSlot32Frontier (sfi = 0000029EAFC11641)> for optimization to TURBOFAN_JS, ConcurrencyMode::kConcurrent, reason: hot and stable]
[compiling method 0x002178d47851 <JSFunction storeConnect4RbaExactCacheSlot32Frontier (sfi = 0000029EAFC11641)> (target TURBOFAN_JS), mode: ConcurrencyMode::kConcurrent]
[completed compiling 0x002178d47851 <JSFunction storeConnect4RbaExactCacheSlot32Frontier (sfi = 0000029EAFC11641)> (target TURBOFAN_JS) - took 0.003, 3.418, 0.041 ms]
[completed optimizing 0x002178d47851 <JSFunction storeConnect4RbaExactCacheSlot32Frontier (sfi = 0000029EAFC11641)> (target TURBOFAN_JS)]
[marking 0x02f37f520d69 <JSFunction playableCell (sfi = 00000182A7E99841)> for optimization to TURBOFAN_JS, ConcurrencyMode::kConcurrent, reason: hot and stable]
[compiling method 0x02f37f520d69 <JSFunction playableCell (sfi = 00000182A7E99841)> (target TURBOFAN_JS), mode: ConcurrencyMode::kConcurrent]
[completed compiling 0x02f37f520d69 <JSFunction playableCell (sfi = 00000182A7E99841)> (target TURBOFAN_JS) - took 0.003, 0.462, 0.014 ms]
[completed optimizing 0x02f37f520d69 <JSFunction playableCell (sfi = 00000182A7E99841)> (target TURBOFAN_JS)]
[marking 0x0053881c6c31 <JSFunction playableCell (sfi = 000002EDCC9D7CB9)> for optimization to TURBOFAN_JS, ConcurrencyMode::kConcurrent, reason: hot and stable]
[compiling method 0x0053881c6c31 <JSFunction playableCell (sfi = 000002EDCC9D7CB9)> (target TURBOFAN_JS), mode: ConcurrencyMode::kConcurrent]
[completed compiling 0x0053881c6c31 <JSFunction playableCell (sfi = 000002EDCC9D7CB9)> (target TURBOFAN_JS) - took 0.007, 0.446, 0.014 ms]
[completed optimizing 0x0053881c6c31 <JSFunction playableCell (sfi = 000002EDCC9D7CB9)> (target TURBOFAN_JS)]
[bailout (kind: deopt-eager, reason: Insufficient type feedback for generic named access): begin. deoptimizing 0x03bc6f5107a9 <JSFunction deriveForkPreemption32 (sfi = 0000012C474E3311)>, 0x03c2f8fa4399 <Code TURBOFAN_JS>, opt id 85, bytecode offset 696, deopt exit 12, FP to SP delta 256, caller SP 0x0023791f9ce8, pc 0x01c48b6787bb]
[bailout (kind: deopt-eager, reason: Insufficient type feedback for generic named access): begin. deoptimizing 0x002178d46cb1 <JSFunction deriveForkPreemption32 (sfi = 0000029EAFC20AA9)>, 0x00b4d3ce80f1 <Code MAGLEV>, opt id 60, bytecode offset 696, deopt exit 89, FP to SP delta 232, caller SP 0x0023799f99f0, pc 0x01c4cb69042a]
[bailout (kind: deopt-eager, reason: Insufficient type feedback for generic named access): begin. deoptimizing 0x02f37f520de9 <JSFunction deriveForkPreemption32 (sfi = 00000182A7E998D1)>, 0x006eadf61a11 <Code TURBOFAN_JS>, opt id 145, bytecode offset 696, deopt exit 48, FP to SP delta 184, caller SP 0x0023789f9728, pc 0x01c45ae35025]
[11144:000001C48AF75000]      404 ms: Scavenge (during sweeping) 8.8 (11.9) -> 6.9 (11.9) MB, pooled: 0.0 MB, 0.11 / 0.00 ms (average mu = 0.936, current mu = 0.936) allocation failure; 
[marking 0x002178d46cb1 <JSFunction deriveForkPreemption32 (sfi = 0000029EAFC20AA9)> for optimization to MAGLEV, ConcurrencyMode::kConcurrent, reason: hot and stable]
[compiling method 0x002178d46cb1 <JSFunction deriveForkPreemption32 (sfi = 0000029EAFC20AA9)> (target MAGLEV), mode: ConcurrencyMode::kConcurrent]
[marking 0x02f37f520de9 <JSFunction deriveForkPreemption32 (sfi = 00000182A7E998D1)> for optimization to MAGLEV, ConcurrencyMode::kConcurrent, reason: hot and stable]
[compiling method 0x02f37f520de9 <JSFunction deriveForkPreemption32 (sfi = 00000182A7E998D1)> (target MAGLEV), mode: ConcurrencyMode::kConcurrent]
[completed compiling 0x002178d46cb1 <JSFunction deriveForkPreemption32 (sfi = 0000029EAFC20AA9)> (target MAGLEV) - took 0.000, 0.937, 0.012 ms]
[completed compiling 0x02f37f520de9 <JSFunction deriveForkPreemption32 (sfi = 00000182A7E998D1)> (target MAGLEV) - took 0.001, 1.089, 0.011 ms]
[11144:000001C48AE56000]      422 ms: Scavenge (during sweeping) 8.9 (12.4) -> 7.0 (12.4) MB, pooled: 0.0 MB, 0.11 / 0.00 ms (average mu = 0.952, current mu = 0.952) allocation failure; 
[marking 0x03bc6f5107a9 <JSFunction deriveForkPreemption32 (sfi = 0000012C474E3311)> for optimization to MAGLEV, ConcurrencyMode::kConcurrent, reason: hot and stable]
[compiling method 0x03bc6f5107a9 <JSFunction deriveForkPreemption32 (sfi = 0000012C474E3311)> (target MAGLEV), mode: ConcurrencyMode::kConcurrent]
[completed compiling 0x03bc6f5107a9 <JSFunction deriveForkPreemption32 (sfi = 0000012C474E3311)> (target MAGLEV) - took 0.000, 0.951, 0.015 ms]
[marking 0x03bc6f510729 <JSFunction playableCell (sfi = 0000012C474E3281)> for optimization to TURBOFAN_JS, ConcurrencyMode::kConcurrent, reason: hot and stable]
[compiling method 0x03bc6f510729 <JSFunction playableCell (sfi = 0000012C474E3281)> (target TURBOFAN_JS), mode: ConcurrencyMode::kConcurrent]
[completed compiling 0x03bc6f510729 <JSFunction playableCell (sfi = 0000012C474E3281)> (target TURBOFAN_JS) - took 0.005, 0.581, 0.026 ms]
[completed optimizing 0x03bc6f510729 <JSFunction playableCell (sfi = 0000012C474E3281)> (target TURBOFAN_JS)]
[marking 0x02f37f520de9 <JSFunction deriveForkPreemption32 (sfi = 00000182A7E998D1)> for optimization to TURBOFAN_JS, ConcurrencyMode::kConcurrent, reason: hot and stable]
[compiling method 0x02f37f520de9 <JSFunction deriveForkPreemption32 (sfi = 00000182A7E998D1)> (target TURBOFAN_JS), mode: ConcurrencyMode::kConcurrent]
[marking 0x01d0391c6cb1 <JSFunction deriveForkPreemption32 (sfi = 0000015EEA9A63F9)> for optimization to TURBOFAN_JS, ConcurrencyMode::kConcurrent, reason: hot and stable]
[compiling method 0x01d0391c6cb1 <JSFunction deriveForkPreemption32 (sfi = 0000015EEA9A63F9)> (target TURBOFAN_JS), mode: ConcurrencyMode::kConcurrent]
[completed compiling 0x02f37f520de9 <JSFunction deriveForkPreemption32 (sfi = 00000182A7E998D1)> (target TURBOFAN_JS) - took 0.002, 7.288, 0.044 ms]
[completed optimizing 0x02f37f520de9 <JSFunction deriveForkPreemption32 (sfi = 00000182A7E998D1)> (target TURBOFAN_JS)]
[bailout (kind: deopt-eager, reason: minus zero): begin. deoptimizing 0x002178d47951 <JSFunction searchCpcOnlyFrontier (sfi = 0000029EAFC11761)>, 0x00b4d3cfeca9 <Code TURBOFAN_JS>, opt id 84, bytecode offset 1029, deopt exit 260, FP to SP delta 568, caller SP 0x0023799f8898, pc 0x01c4cb62a15a]
[bailout (kind: deopt-lazy, reason: (unknown)): begin. deoptimizing 0x002178d47951 <JSFunction searchCpcOnlyFrontier (sfi = 0000029EAFC11761)>, 0x00b4d3cfeca9 <Code TURBOFAN_JS>, opt id 84, bytecode offset 2072, deopt exit 284, FP to SP delta 568, caller SP 0x0023799f8b40, pc 0x01c4cb62a1ba]
[bailout (kind: deopt-lazy, reason: (unknown)): begin. deoptimizing 0x002178d47951 <JSFunction searchCpcOnlyFrontier (sfi = 0000029EAFC11761)>, 0x00b4d3cfeca9 <Code TURBOFAN_JS>, opt id 84, bytecode offset 2072, deopt exit 284, FP to SP delta 568, caller SP 0x0023799f8de8, pc 0x01c4cb62a1ba]
[bailout (kind: deopt-lazy, reason: (unknown)): begin. deoptimizing 0x002178d47951 <JSFunction searchCpcOnlyFrontier (sfi = 0000029EAFC11761)>, 0x00b4d3cfeca9 <Code TURBOFAN_JS>, opt id 84, bytecode offset 2072, deopt exit 284, FP to SP delta 568, caller SP 0x0023799f9090, pc 0x01c4cb62a1ba]
[bailout (kind: deopt-lazy, reason: (unknown)): begin. deoptimizing 0x002178d47951 <JSFunction searchCpcOnlyFrontier (sfi = 0000029EAFC11761)>, 0x00b4d3cfeca9 <Code TURBOFAN_JS>, opt id 84, bytecode offset 2072, deopt exit 284, FP to SP delta 568, caller SP 0x0023799f9338, pc 0x01c4cb62a1ba]
[bailout (kind: deopt-lazy, reason: (unknown)): begin. deoptimizing 0x002178d47951 <JSFunction searchCpcOnlyFrontier (sfi = 0000029EAFC11761)>, 0x00b4d3cfeca9 <Code TURBOFAN_JS>, opt id 84, bytecode offset 2072, deopt exit 284, FP to SP delta 568, caller SP 0x0023799f95e0, pc 0x01c4cb62a1ba]
[bailout (kind: deopt-lazy, reason: (unknown)): begin. deoptimizing 0x002178d47951 <JSFunction searchCpcOnlyFrontier (sfi = 0000029EAFC11761)>, 0x00b4d3cfeca9 <Code TURBOFAN_JS>, opt id 84, bytecode offset 2072, deopt exit 284, FP to SP delta 568, caller SP 0x0023799f9888, pc 0x01c4cb62a1ba]
[bailout (kind: deopt-lazy, reason: (unknown)): begin. deoptimizing 0x002178d47951 <JSFunction searchCpcOnlyFrontier (sfi = 0000029EAFC11761)>, 0x00b4d3cfeca9 <Code TURBOFAN_JS>, opt id 84, bytecode offset 2072, deopt exit 284, FP to SP delta 568, caller SP 0x0023799f9b30, pc 0x01c4cb62a1ba]
[bailout (kind: deopt-lazy, reason: (unknown)): begin. deoptimizing 0x002178d47951 <JSFunction searchCpcOnlyFrontier (sfi = 0000029EAFC11761)>, 0x00b4d3cfeca9 <Code TURBOFAN_JS>, opt id 84, bytecode offset 2072, deopt exit 284, FP to SP delta 568, caller SP 0x0023799f9dd8, pc 0x01c4cb62a1ba]
[bailout (kind: deopt-lazy, reason: (unknown)): begin. deoptimizing 0x002178d47951 <JSFunction searchCpcOnlyFrontier (sfi = 0000029EAFC11761)>, 0x00b4d3cfeca9 <Code TURBOFAN_JS>, opt id 84, bytecode offset 2072, deopt exit 284, FP to SP delta 568, caller SP 0x0023799fa080, pc 0x01c4cb62a1ba]
[bailout (kind: deopt-lazy, reason: (unknown)): begin. deoptimizing 0x002178d47951 <JSFunction searchCpcOnlyFrontier (sfi = 0000029EAFC11761)>, 0x00b4d3cfeca9 <Code TURBOFAN_JS>, opt id 84, bytecode offset 2072, deopt exit 284, FP to SP delta 568, caller SP 0x0023799fa328, pc 0x01c4cb62a1ba]
[bailout (kind: deopt-lazy, reason: (unknown)): begin. deoptimizing 0x002178d47951 <JSFunction searchCpcOnlyFrontier (sfi = 0000029EAFC11761)>, 0x00b4d3cfeca9 <Code TURBOFAN_JS>, opt id 84, bytecode offset 2072, deopt exit 284, FP to SP delta 568, caller SP 0x0023799fa5d0, pc 0x01c4cb62a1ba]
[marking 0x002178d47951 <JSFunction searchCpcOnlyFrontier (sfi = 0000029EAFC11761)> for optimization to MAGLEV, ConcurrencyMode::kConcurrent, reason: hot and stable]
[compiling method 0x002178d47951 <JSFunction searchCpcOnlyFrontier (sfi = 0000029EAFC11761)> (target MAGLEV), mode: ConcurrencyMode::kConcurrent]
[completed compiling 0x01d0391c6cb1 <JSFunction deriveForkPreemption32 (sfi = 0000015EEA9A63F9)> (target TURBOFAN_JS) - took 0.002, 6.572, 0.046 ms]
[completed optimizing 0x01d0391c6cb1 <JSFunction deriveForkPreemption32 (sfi = 0000015EEA9A63F9)> (target TURBOFAN_JS)]
[marking 0x03bc6f5107a9 <JSFunction deriveForkPreemption32 (sfi = 0000012C474E3311)> for optimization to TURBOFAN_JS, ConcurrencyMode::kConcurrent, reason: hot and stable]
[compiling method 0x03bc6f5107a9 <JSFunction deriveForkPreemption32 (sfi = 0000012C474E3311)> (target TURBOFAN_JS), mode: ConcurrencyMode::kConcurrent]
[completed compiling 0x002178d47951 <JSFunction searchCpcOnlyFrontier (sfi = 0000029EAFC11761)> (target MAGLEV) - took 0.000, 2.109, 0.016 ms]
[bailout (kind: deopt-lazy, reason: (unknown)): begin. deoptimizing 0x002178d47951 <JSFunction searchCpcOnlyFrontier (sfi = 0000029EAFC11761)>, 0x00b4d3cfeca9 <Code TURBOFAN_JS>, opt id 84, bytecode offset 2072, deopt exit 284, FP to SP delta 568, caller SP 0x0023799fa878, pc 0x01c4cb62a1ba]
[marking 0x00de56e20da9 <JSFunction deriveForkPreemption32 (sfi = 000003B557D4B3A1)> for optimization to TURBOFAN_JS, ConcurrencyMode::kConcurrent, reason: hot and stable]
[compiling method 0x00de56e20da9 <JSFunction deriveForkPreemption32 (sfi = 000003B557D4B3A1)> (target TURBOFAN_JS), mode: ConcurrencyMode::kConcurrent]
[completed compiling 0x03bc6f5107a9 <JSFunction deriveForkPreemption32 (sfi = 0000012C474E3311)> (target TURBOFAN_JS) - took 0.003, 4.932, 0.045 ms]
[completed optimizing 0x03bc6f5107a9 <JSFunction deriveForkPreemption32 (sfi = 0000012C474E3311)> (target TURBOFAN_JS)]
[completed compiling 0x00de56e20da9 <JSFunction deriveForkPreemption32 (sfi = 000003B557D4B3A1)> (target TURBOFAN_JS) - took 0.004, 4.555, 0.067 ms]
[completed optimizing 0x00de56e20da9 <JSFunction deriveForkPreemption32 (sfi = 000003B557D4B3A1)> (target TURBOFAN_JS)]
[marking 0x0108f9679649 <JSFunction storeConnect4RbaExactCacheSlot32Frontier (sfi = 000001F714DC3D29)> for optimization to MAGLEV, ConcurrencyMode::kConcurrent, reason: hot and stable]
[compiling method 0x0108f9679649 <JSFunction storeConnect4RbaExactCacheSlot32Frontier (sfi = 000001F714DC3D29)> (target MAGLEV), mode: ConcurrencyMode::kConcurrent]
[completed compiling 0x0108f9679649 <JSFunction storeConnect4RbaExactCacheSlot32Frontier (sfi = 000001F714DC3D29)> (target MAGLEV) - took 0.000, 0.199, 0.008 ms]
[bailout (kind: deopt-lazy, reason: (unknown)): begin. deoptimizing 0x002178d47951 <JSFunction searchCpcOnlyFrontier (sfi = 0000029EAFC11761)>, 0x00b4d3cfeca9 <Code TURBOFAN_JS>, opt id 84, bytecode offset 2072, deopt exit 284, FP to SP delta 568, caller SP 0x0023799fab20, pc 0x01c4cb62a1ba]
[bailout (kind: deopt-lazy, reason: (unknown)): begin. deoptimizing 0x002178d47951 <JSFunction searchCpcOnlyFrontier (sfi = 0000029EAFC11761)>, 0x00b4d3cfeca9 <Code TURBOFAN_JS>, opt id 84, bytecode offset 2072, deopt exit 284, FP to SP delta 568, caller SP 0x0023799fadc8, pc 0x01c4cb62a1ba]
[bailout (kind: deopt-lazy, reason: (unknown)): begin. deoptimizing 0x002178d47951 <JSFunction searchCpcOnlyFrontier (sfi = 0000029EAFC11761)>, 0x00b4d3cfeca9 <Code TURBOFAN_JS>, opt id 84, bytecode offset 2072, deopt exit 284, FP to SP delta 568, caller SP 0x0023799fb070, pc 0x01c4cb62a1ba]
[bailout (kind: deopt-lazy, reason: (unknown)): begin. deoptimizing 0x002178d47951 <JSFunction searchCpcOnlyFrontier (sfi = 0000029EAFC11761)>, 0x00b4d3cfeca9 <Code TURBOFAN_JS>, opt id 84, bytecode offset 2072, deopt exit 284, FP to SP delta 568, caller SP 0x0023799fb318, pc 0x01c4cb62a1ba]
[bailout (kind: deopt-lazy, reason: (unknown)): begin. deoptimizing 0x002178d47951 <JSFunction searchCpcOnlyFrontier (sfi = 0000029EAFC11761)>, 0x00b4d3cfeca9 <Code TURBOFAN_JS>, opt id 84, bytecode offset 2072, deopt exit 284, FP to SP delta 568, caller SP 0x0023799fb5c0, pc 0x01c4cb62a1ba]
[bailout (kind: deopt-lazy, reason: (unknown)): begin. deoptimizing 0x002178d47951 <JSFunction searchCpcOnlyFrontier (sfi = 0000029EAFC11761)>, 0x00b4d3cfeca9 <Code TURBOFAN_JS>, opt id 84, bytecode offset 2072, deopt exit 284, FP to SP delta 568, caller SP 0x0023799fb868, pc 0x01c4cb62a1ba]
[bailout (kind: deopt-lazy, reason: (unknown)): begin. deoptimizing 0x002178d47951 <JSFunction searchCpcOnlyFrontier (sfi = 0000029EAFC11761)>, 0x00b4d3cfeca9 <Code TURBOFAN_JS>, opt id 84, bytecode offset 2072, deopt exit 284, FP to SP delta 568, caller SP 0x0023799fbb10, pc 0x01c4cb62a1ba]
[bailout (kind: deopt-eager, reason: Insufficient type feedback for compare operation): begin. deoptimizing 0x003d012d9df9 <JSFunction searchCpcOnlyFrontier (sfi = 000001F714DC3E49)>, 0x01149b577361 <Code TURBOFAN_JS>, opt id 71, bytecode offset 2296, deopt exit 213, FP to SP delta 560, caller SP 0x0023771fbd28, pc 0x01c1c02785da]
[bailout (kind: deopt-lazy, reason: (unknown)): begin. deoptimizing 0x003d012d9df9 <JSFunction searchCpcOnlyFrontier (sfi = 000001F714DC3E49)>, 0x01149b577361 <Code TURBOFAN_JS>, opt id 71, bytecode offset 2072, deopt exit 257, FP to SP delta 560, caller SP 0x0023771fbfc8, pc 0x01c1c027868a]
[bailout (kind: deopt-lazy, reason: (unknown)): begin. deoptimizing 0x003d012d9df9 <JSFunction searchCpcOnlyFrontier (sfi = 000001F714DC3E49)>, 0x01149b577361 <Code TURBOFAN_JS>, opt id 71, bytecode offset 2072, deopt exit 257, FP to SP delta 560, caller SP 0x0023771fc268, pc 0x01c1c027868a]
[bailout (kind: deopt-lazy, reason: (unknown)): begin. deoptimizing 0x003d012d9df9 <JSFunction searchCpcOnlyFrontier (sfi = 000001F714DC3E49)>, 0x01149b577361 <Code TURBOFAN_JS>, opt id 71, bytecode offset 2072, deopt exit 257, FP to SP delta 560, caller SP 0x0023771fc508, pc 0x01c1c027868a]
[marking 0x003d012d9df9 <JSFunction searchCpcOnlyFrontier (sfi = 000001F714DC3E49)> for optimization to MAGLEV, ConcurrencyMode::kConcurrent, reason: hot and stable]
[compiling method 0x003d012d9df9 <JSFunction searchCpcOnlyFrontier (sfi = 000001F714DC3E49)> (target MAGLEV), mode: ConcurrencyMode::kConcurrent]
[marking 0x002178d47951 <JSFunction searchCpcOnlyFrontier (sfi = 0000029EAFC11761)> for optimization to TURBOFAN_JS, ConcurrencyMode::kConcurrent, reason: hot and stable]
[compiling method 0x002178d47951 <JSFunction searchCpcOnlyFrontier (sfi = 0000029EAFC11761)> (target TURBOFAN_JS), mode: ConcurrencyMode::kConcurrent]
[completed compiling 0x003d012d9df9 <JSFunction searchCpcOnlyFrontier (sfi = 000001F714DC3E49)> (target MAGLEV) - took 0.000, 2.605, 0.024 ms]
[11144:000001C1FAC3C000]      477 ms: Scavenge (during sweeping) 9.0 (11.9) -> 7.0 (11.9) MB, pooled: 0.0 MB, 0.12 / 0.00 ms (average mu = 0.941, current mu = 0.941) allocation failure; 
[marking 0x01f714dde5b9 <JSFunction completeRootFrontierNode32 (sfi = 000001F714DC5391)> for optimization to TURBOFAN_JS, ConcurrencyMode::kConcurrent, reason: hot and stable]
[compiling method 0x01f714dde5b9 <JSFunction completeRootFrontierNode32 (sfi = 000001F714DC5391)> (target TURBOFAN_JS), mode: ConcurrencyMode::kConcurrent]
--- Raw source ---
(state,value){
  let flags=state.behaviorLoad()>>>0;
  if(flags&0x80000000){
    flags=readWorkerBehavior32(state.behaviorWords,state.behaviorBase,state.behaviorExtensions,0);
    if(flags===-1)return value;
  }
  if(flags===state.frontierLast)return value;
  if(flags&1)return 3;
  state.frontierStride=(flags&8388608)&&!(flags&4194304)?(flags>>>16)&63:0;
  state.frontierTarget=(flags>>>24)&31;
  if(!state.frontierStride)state.frontierLimit=state.g.cellCount;
  state.frontierLast=flags;
  return value;
}


--- Optimized code ---
optimization_id = 79
source_position = 1443
kind = TURBOFAN_JS
name = completeRootFrontierNode32
compiler = turbofan
address = 000001149B57D4C9

Instructions (size = 384)
000001C1C027C580     0  55                   push rbp
000001C1C027C581     1  4889e5               REX.W movq rbp,rsp
000001C1C027C584     4  56                   push rsi
000001C1C027C585     5  57                   push rdi
000001C1C027C586     6  50                   push rax
000001C1C027C587     7  4883ec10             REX.W subq rsp,0x10
000001C1C027C58B     b  488975e0             REX.W movq [rbp-0x20],rsi
000001C1C027C58F     f  493b65a0             REX.W cmpq rsp,[r13-0x60] (external value (StackGuard::address_of_jslimit()))
000001C1C027C593    13  0f86e2000000         jna 000001C1C027C67B  <+0xfb>
000001C1C027C599    19  488b5518             REX.W movq rdx,[rbp+0x18]
000001C1C027C59D    1d  f6c201               testb rdx,0x1
000001C1C027C5A0    20  0f8432010000         jz 000001C1C027C6D8  <+0x158>
000001C1C027C5A6    26  48b9a16dde14f7010000 REX.W movq rcx,000001F714DE6DA1    ;; object: 0x01f714de6da1 <Map[240](HOLEY_ELEMENTS)>
000001C1C027C5B0    30  48394aff             REX.W cmpq [rdx-0x1],rcx
000001C1C027C5B4    34  0f8522010000         jnz 000001C1C027C6DC  <+0x15c>
000001C1C027C5BA    3a  488b7a07             REX.W movq rdi,[rdx+0x7]
000001C1C027C5BE    3e  49b88137de14f7010000 REX.W movq r8,000001F714DE3781    ;; object: 0x01f714de3781 <JSFunction js-to-wasm::i (sfi = 000001F714DE3739)>
000001C1C027C5C8    48  4c39470f             REX.W cmpq [rdi+0xf],r8
000001C1C027C5CC    4c  0f850e010000         jnz 000001C1C027C6E0  <+0x160>
000001C1C027C5D2    52  498b781f             REX.W movq rdi,[r8+0x1f]
000001C1C027C5D6    56  488b7f07             REX.W movq rdi,[rdi+0x7]
000001C1C027C5DA    5a  488b7f1f             REX.W movq rdi,[rdi+0x1f]
000001C1C027C5DE    5e  448b471f             movl r8,[rdi+0x1f]
000001C1C027C5E2    62  488b7707             REX.W movq rsi,[rdi+0x7]
000001C1C027C5E6    66  49ba000065f2c1010000 REX.W movq r10,000001C1F2650000
000001C1C027C5F0    70  43ff14c2             call [r10+r8*8]
000001C1C027C5F4    74  85c0                 testl rax,rax
000001C1C027C5F6    76  0f8ce8000000         jl 000001C1C027C6E4  <+0x164>
000001C1C027C5FC    7c  ba00000080           movl rdx,0000000080000000
000001C1C027C601    81  85d0                 testl rdx,rax
000001C1C027C603    83  0f854f000000         jnz 000001C1C027C658  <+0xd8>
000001C1C027C609    89  488b5518             REX.W movq rdx,[rbp+0x18]
000001C1C027C60D    8d  48b9a16dde14f7010000 REX.W movq rcx,000001F714DE6DA1    ;; object: 0x01f714de6da1 <Map[240](HOLEY_ELEMENTS)>
000001C1C027C617    97  48394aff             REX.W cmpq [rdx-0x1],rcx
000001C1C027C61B    9b  0f85c7000000         jnz 000001C1C027C6E8  <+0x168>
000001C1C027C621    a1  488b4a07             REX.W movq rcx,[rdx+0x7]
000001C1C027C625    a5  488b492f             REX.W movq rcx,[rcx+0x2f]
000001C1C027C629    a9  48c1f920             REX.W sarq rcx,32
000001C1C027C62D    ad  3bc8                 cmpl rcx,rax
000001C1C027C62F    af  0f8405000000         jz 000001C1C027C63A  <+0xba>
000001C1C027C635    b5  e9b2000000           jmp 000001C1C027C6EC  <+0x16c>
000001C1C027C63A    ba  488b4520             REX.W movq rax,[rbp+0x20]
000001C1C027C63E    be  488b4de8             REX.W movq rcx,[rbp-0x18]
000001C1C027C642    c2  488be5               REX.W movq rsp,rbp
000001C1C027C645    c5  5d                   pop rbp
000001C1C027C646    c6  4883f903             REX.W cmpq rcx,0x3
000001C1C027C64A    ca  7f03                 jg 000001C1C027C64F  <+0xcf>
000001C1C027C64C    cc  c21800               ret 0x18
000001C1C027C64F    cf  415a                 pop r10
000001C1C027C651    d1  488d24cc             REX.W leaq rsp,[rsp+rcx*8]
000001C1C027C655    d5  4152                 push r10
000001C1C027C657    d7  c3                   retl
000001C1C027C658    d8  48ba61d2dd14f7010000 REX.W movq rdx,000001F714DDD261    ;; object: 0x01f714ddd261 <Cell value= 0x01f714dddea9 <JSFunction readWorkerBehavior32 (sfi = 000002AFEE53FCF1)>>
000001C1C027C662    e2  488b5207             REX.W movq rdx,[rdx+0x7]
000001C1C027C666    e6  498b8d38020000       REX.W movq rcx,[r13+0x238] (root (the_hole_value))
000001C1C027C66D    ed  483bca               REX.W cmpq rcx,rdx
000001C1C027C670    f0  0f8433000000         jz 000001C1C027C6A9  <+0x129>
000001C1C027C676    f6  e975000000           jmp 000001C1C027C6F0  <+0x170>
000001C1C027C67B    fb  48ba00000000f0000000 REX.W movq rdx,000000F000000000
000001C1C027C685   105  52                   push rdx
000001C1C027C686   106  48bef9f796b90c020000 REX.W movq rsi,0000020CB996F7F9    ;; object: 0x020cb996f7f9 <NativeContext[306]>
000001C1C027C690   110  48bbd0f61bf3f67f0000 REX.W movq rbx,00007FF6F31BF6D0
000001C1C027C69A   11a  b801000000           movl rax,0000000000000001
000001C1C027C69F   11f  e85c2ddc1f           call 000001C1E003F400  (CEntry_Return1_ArgvOnStack_NoBuiltinExit)    ;; near builtin entry
000001C1C027C6A4   124  e9f0feffff           jmp 000001C1C027C599  <+0x19>
000001C1C027C6A9   129  48b9e1dc53eeaf020000 REX.W movq rcx,000002AFEE53DCE1    ;; object: 0x02afee53dce1 <String[20]: #readWorkerBehavior32>
000001C1C027C6B3   133  51                   push rcx
000001C1C027C6B4   134  488955d8             REX.W movq [rbp-0x28],rdx
000001C1C027C6B8   138  48bbe0e61bf3f67f0000 REX.W movq rbx,00007FF6F31BE6E0
000001C1C027C6C2   142  b801000000           movl rax,0000000000000001
000001C1C027C6C7   147  48bef9f796b90c020000 REX.W movq rsi,0000020CB996F7F9    ;; object: 0x020cb996f7f9 <NativeContext[306]>
000001C1C027C6D1   151  e82a2ddc1f           call 000001C1E003F400  (CEntry_Return1_ArgvOnStack_NoBuiltinExit)    ;; near builtin entry
000001C1C027C6D6   156  cc                   int3l
000001C1C027C6D7   157  90                   nop
000001C1C027C6D8   158  41ff55d8             call [r13-0x28] (external value (IsolateData::builtin_tier0_entry_table_))    ;; debug: deopt position, script offset '5c4'
                                                             ;; debug: deopt position, inlining id 'ffffffff'
                                                             ;; debug: deopt reason 'Smi'
                                                             ;; debug: deopt index 0
000001C1C027C6DC   15c  41ff55d8             call [r13-0x28] (external value (IsolateData::builtin_tier0_entry_table_))    ;; debug: deopt position, script offset '5c4'
                                                             ;; debug: deopt position, inlining id 'ffffffff'
                                                             ;; debug: deopt reason 'wrong map'
                                                             ;; debug: deopt index 1
000001C1C027C6E0   160  41ff55d8             call [r13-0x28] (external value (IsolateData::builtin_tier0_entry_table_))    ;; debug: deopt position, script offset '5c4'
                                                             ;; debug: deopt position, inlining id 'ffffffff'
                                                             ;; debug: deopt reason 'wrong call target'
                                                             ;; debug: deopt index 2
000001C1C027C6E4   164  41ff55d8             call [r13-0x28] (external value (IsolateData::builtin_tier0_entry_table_))    ;; debug: deopt position, script offset '5d2'
                                                             ;; debug: deopt position, inlining id 'ffffffff'
                                                             ;; debug: deopt reason 'lost precision'
                                                             ;; debug: deopt index 3
000001C1C027C6E8   168  41ff55d8             call [r13-0x28] (external value (IsolateData::builtin_tier0_entry_table_))    ;; debug: deopt position, script offset '68a'
                                                             ;; debug: deopt position, inlining id 'ffffffff'
                                                             ;; debug: deopt reason 'wrong map'
                                                             ;; debug: deopt index 4
000001C1C027C6EC   16c  41ff55d8             call [r13-0x28] (external value (IsolateData::builtin_tier0_entry_table_))    ;; debug: deopt position, script offset '6af'
                                                             ;; debug: deopt position, inlining id 'ffffffff'
                                                             ;; debug: deopt reason 'Insufficient type feedback for binary operation'
                                                             ;; debug: deopt index 5
000001C1C027C6F0   170  41ff55d8             call [r13-0x28] (external value (IsolateData::builtin_tier0_entry_table_))    ;; debug: deopt position, script offset '615'
                                                             ;; debug: deopt position, inlining id 'ffffffff'
                                                             ;; debug: deopt reason 'Insufficient type feedback for generic named access'
                                                             ;; debug: deopt index 6
000001C1C027C6F4   174  41ff55e0             call [r13-0x20]    ;; debug: deopt position, script offset '5c4'
                                                             ;; debug: deopt position, inlining id 'ffffffff'
                                                             ;; debug: deopt reason '(unknown)'
                                                             ;; debug: deopt index 7
000001C1C027C6F8   178  41ff55e0             call [r13-0x20]    ;; debug: deopt position, script offset '5a3'
                                                             ;; debug: deopt position, inlining id 'ffffffff'
                                                             ;; debug: deopt reason '(unknown)'
                                                             ;; debug: deopt index 8
000001C1C027C6FC   17c  41ff55e0             call [r13-0x20]    ;; debug: deopt position, script offset '5f4'
                                                             ;; debug: deopt position, inlining id 'ffffffff'
                                                             ;; debug: deopt reason '(unknown)'
                                                             ;; debug: deopt index 9

Source positions:
 pc offset  position
         b      1443
        19      1476
        74      1490
        7c      1506
        89      1674
        a9      1665
        b5      1711
        ba      1700
        d8      1524
        f6      1557
        fb      1443
       129      1524

Inlined functions (count = 0)

Deoptimization Input Data (deopt points = 10)
 index  bytecode-offset    pc
     0                0    NA 
     1                0    NA 
     2                0    NA 
     3                9    NA 
     4                9    NA 
     5               75    NA 
     6               26    NA 
     7              755    74 
     8               -1   124 
     9               23   156 

Safepoints (stack slots = 7, entries = 3, byte size = 30)
000001C1C027C5F4     74  slots (sp->fp): 0100000  deopt      7 trampoline:    174
000001C1C027C6A4    124  slots (sp->fp): 0100000  deopt      8 trampoline:    178
000001C1C027C6D6    156  slots (sp->fp): 1100000  deopt      9 trampoline:    17c

RelocInfo (size = e1)
000001C1C027C5A8  full embedded object  (0x01f714de6da1 <Map[f0](HOLEY_ELEMENTS)>)
000001C1C027C5C0  full embedded object  (0x01f714de3781 <JSFunction js-to-wasm::i (sfi = 000001F714DE3739)>)
000001C1C027C60F  full embedded object  (0x01f714de6da1 <Map[f0](HOLEY_ELEMENTS)>)
000001C1C027C65A  full embedded object  (0x01f714ddd261 <Cell value= 0x01f714dddea9 <JSFunction readWorkerBehavior32 (sfi = 000002AFEE53FCF1)>>)
000001C1C027C688  full embedded object  (0x020cb996f7f9 <NativeContext[132]>)
000001C1C027C6A0  near builtin entry
000001C1C027C6AB  full embedded object  (0x02afee53dce1 <String[20]: #readWorkerBehavior32>)
000001C1C027C6C9  full embedded object  (0x020cb996f7f9 <NativeContext[132]>)
000001C1C027C6D2  near builtin entry
000001C1C027C6DC  deopt script offset  (5c4)
000001C1C027C6DC  deopt inlining id  (ffffffffffffffff)
000001C1C027C6DC  deopt reason  (Smi)
000001C1C027C6DC  deopt index
000001C1C027C6E0  deopt script offset  (5c4)
000001C1C027C6E0  deopt inlining id  (ffffffffffffffff)
000001C1C027C6E0  deopt reason  (wrong map)
000001C1C027C6E0  deopt index
000001C1C027C6E4  deopt script offset  (5c4)
000001C1C027C6E4  deopt inlining id  (ffffffffffffffff)
000001C1C027C6E4  deopt reason  (wrong call target)
000001C1C027C6E4  deopt index
000001C1C027C6E8  deopt script offset  (5d2)
000001C1C027C6E8  deopt inlining id  (ffffffffffffffff)
000001C1C027C6E8  deopt reason  (lost precision)
000001C1C027C6E8  deopt index
000001C1C027C6EC  deopt script offset  (68a)
000001C1C027C6EC  deopt inlining id  (ffffffffffffffff)
000001C1C027C6EC  deopt reason  (wrong map)
000001C1C027C6EC  deopt index
000001C1C027C6F0  deopt script offset  (6af)
000001C1C027C6F0  deopt inlining id  (ffffffffffffffff)
000001C1C027C6F0  deopt reason  (Insufficient type feedback for binary operation)
000001C1C027C6F0  deopt index
000001C1C027C6F4  deopt script offset  (615)
000001C1C027C6F4  deopt inlining id  (ffffffffffffffff)
000001C1C027C6F4  deopt reason  (Insufficient type feedback for generic named access)
000001C1C027C6F4  deopt index
000001C1C027C6F8  deopt script offset  (5c4)
000001C1C027C6F8  deopt inlining id  (ffffffffffffffff)
000001C1C027C6F8  deopt reason  ((unknown))
000001C1C027C6F8  deopt index
000001C1C027C6FC  deopt script offset  (5a3)
000001C1C027C6FC  deopt inlining id  (ffffffffffffffff)
000001C1C027C6FC  deopt reason  ((unknown))
000001C1C027C6FC  deopt index
000001C1C027C700  deopt script offset  (5f4)
000001C1C027C700  deopt inlining id  (ffffffffffffffff)
000001C1C027C700  deopt reason  ((unknown))
000001C1C027C700  deopt index

--- End code ---
[completed compiling 0x01f714dde5b9 <JSFunction completeRootFrontierNode32 (sfi = 000001F714DC5391)> (target TURBOFAN_JS) - took 0.005, 0.638, 1.295 ms]
[completed optimizing 0x01f714dde5b9 <JSFunction completeRootFrontierNode32 (sfi = 000001F714DC5391)> (target TURBOFAN_JS)]
[completed compiling 0x002178d47951 <JSFunction searchCpcOnlyFrontier (sfi = 0000029EAFC11761)> (target TURBOFAN_JS) - took 0.004, 21.454, 0.119 ms]
[completed optimizing 0x002178d47951 <JSFunction searchCpcOnlyFrontier (sfi = 0000029EAFC11761)> (target TURBOFAN_JS)]
[bailout (kind: deopt-lazy, reason: (unknown)): begin. deoptimizing 0x003d012d9df9 <JSFunction searchCpcOnlyFrontier (sfi = 000001F714DC3E49)>, 0x01149b577361 <Code TURBOFAN_JS>, opt id 71, bytecode offset 2072, deopt exit 257, FP to SP delta 560, caller SP 0x0023771fc7a8, pc 0x01c1c027868a]
[marking 0x01d0391c6c31 <JSFunction playableCell (sfi = 0000015EEA9A6369)> for optimization to TURBOFAN_JS, ConcurrencyMode::kConcurrent, reason: hot and stable]
[compiling method 0x01d0391c6c31 <JSFunction playableCell (sfi = 0000015EEA9A6369)> (target TURBOFAN_JS), mode: ConcurrencyMode::kConcurrent]
[completed compiling 0x01d0391c6c31 <JSFunction playableCell (sfi = 0000015EEA9A6369)> (target TURBOFAN_JS) - took 0.005, 0.472, 0.018 ms]
[completed optimizing 0x01d0391c6c31 <JSFunction playableCell (sfi = 0000015EEA9A6369)> (target TURBOFAN_JS)]
[11144:000001C1FAB12000]      498 ms: Scavenge (during sweeping) 8.9 (12.6) -> 6.9 (12.6) MB, pooled: 0.0 MB, 0.12 / 0.00 ms (average mu = 0.941, current mu = 0.941) allocation failure; 
[marking 0x002178d46c31 <JSFunction playableCell (sfi = 0000029EAFC20A19)> for optimization to TURBOFAN_JS, ConcurrencyMode::kConcurrent, reason: hot and stable]
[compiling method 0x002178d46c31 <JSFunction playableCell (sfi = 0000029EAFC20A19)> (target TURBOFAN_JS), mode: ConcurrencyMode::kConcurrent]
[marking 0x002178d46cb1 <JSFunction deriveForkPreemption32 (sfi = 0000029EAFC20AA9)> for optimization to TURBOFAN_JS, ConcurrencyMode::kConcurrent, reason: hot and stable]
[compiling method 0x002178d46cb1 <JSFunction deriveForkPreemption32 (sfi = 0000029EAFC20AA9)> (target TURBOFAN_JS), mode: ConcurrencyMode::kConcurrent]
[completed compiling 0x002178d46c31 <JSFunction playableCell (sfi = 0000029EAFC20A19)> (target TURBOFAN_JS) - took 0.005, 0.590, 0.016 ms]
[completed optimizing 0x002178d46c31 <JSFunction playableCell (sfi = 0000029EAFC20A19)> (target TURBOFAN_JS)]
[11144:000001C1FA96A000]      516 ms: Scavenge (during sweeping) 8.8 (11.9) -> 6.8 (11.9) MB, pooled: 0.0 MB, 0.11 / 0.00 ms (average mu = 0.940, current mu = 0.940) allocation failure; 
[completed compiling 0x002178d46cb1 <JSFunction deriveForkPreemption32 (sfi = 0000029EAFC20AA9)> (target TURBOFAN_JS) - took 0.001, 8.031, 0.042 ms]
[completed optimizing 0x002178d46cb1 <JSFunction deriveForkPreemption32 (sfi = 0000029EAFC20AA9)> (target TURBOFAN_JS)]
[11144:000001C48AE56000]      524 ms: Scavenge (during sweeping) 9.0 (12.4) -> 7.1 (12.4) MB, pooled: 0.0 MB, 0.12 / 0.00 ms (average mu = 0.952, current mu = 0.952) allocation failure; 
[11144:000001C48AF75000]      526 ms: Scavenge (during sweeping) 8.9 (11.9) -> 7.0 (11.9) MB, pooled: 0.0 MB, 0.11 / 0.00 ms (average mu = 0.936, current mu = 0.936) allocation failure; 
[11144:000001C1FA9F7000]      555 ms: Scavenge (during sweeping) 8.5 (12.1) -> 6.6 (12.1) MB, pooled: 0.0 MB, 0.17 / 0.00 ms (average mu = 0.969, current mu = 0.969) allocation failure; 
[marking 0x003d012d9df9 <JSFunction searchCpcOnlyFrontier (sfi = 000001F714DC3E49)> for optimization to TURBOFAN_JS, ConcurrencyMode::kConcurrent, reason: hot and stable]
[compiling method 0x003d012d9df9 <JSFunction searchCpcOnlyFrontier (sfi = 000001F714DC3E49)> (target TURBOFAN_JS), mode: ConcurrencyMode::kConcurrent]
[11144:000001C1FAB12000]      562 ms: Scavenge (during sweeping) 8.9 (12.6) -> 6.9 (12.6) MB, pooled: 0.0 MB, 0.11 / 0.00 ms (average mu = 0.941, current mu = 0.941) allocation failure; 
[completed compiling 0x003d012d9df9 <JSFunction searchCpcOnlyFrontier (sfi = 000001F714DC3E49)> (target TURBOFAN_JS) - took 0.005, 17.674, 0.079 ms]
[completed optimizing 0x003d012d9df9 <JSFunction searchCpcOnlyFrontier (sfi = 000001F714DC3E49)> (target TURBOFAN_JS)]
[11144:000001C1FAC3C000]      606 ms: Scavenge (during sweeping) 9.0 (11.9) -> 7.0 (11.9) MB, pooled: 0.0 MB, 0.11 / 0.00 ms (average mu = 0.941, current mu = 0.941) allocation failure; 
[11144:000001C48AF75000]      610 ms: Scavenge (during sweeping) 8.9 (11.9) -> 6.9 (11.9) MB, pooled: 0.0 MB, 0.10 / 0.00 ms (average mu = 0.936, current mu = 0.936) allocation failure; 
[11144:000001C48AE56000]      613 ms: Scavenge (during sweeping) 9.0 (12.4) -> 7.0 (12.4) MB, pooled: 0.0 MB, 0.13 / 0.00 ms (average mu = 0.952, current mu = 0.952) allocation failure; 
[11144:000001C1FA96A000]      616 ms: Scavenge (during sweeping) 8.8 (11.9) -> 6.8 (11.9) MB, pooled: 0.0 MB, 0.11 / 0.00 ms (average mu = 0.940, current mu = 0.940) allocation failure; 
[11144:000001C1FAB12000]      655 ms: Scavenge (during sweeping) 8.9 (12.6) -> 6.9 (12.6) MB, pooled: 0.0 MB, 0.10 / 0.00 ms (average mu = 0.941, current mu = 0.941) allocation failure; 
[11144:000001C1FA9F7000]      704 ms: Scavenge (during sweeping) 8.6 (12.1) -> 6.6 (12.1) MB, pooled: 0.0 MB, 0.12 / 0.00 ms (average mu = 0.969, current mu = 0.969) allocation failure; 
[11144:000001C1FAC3C000]      707 ms: Scavenge (during sweeping) 9.0 (11.9) -> 7.0 (11.9) MB, pooled: 0.0 MB, 0.08 / 0.00 ms (average mu = 0.941, current mu = 0.941) allocation failure; 
[marking 0x01f714ddfed9 <JSFunction popcount32 (sfi = 000001F714DD45A9)> for optimization to MAGLEV, ConcurrencyMode::kConcurrent, reason: hot and stable]
[compiling method 0x01f714ddfed9 <JSFunction popcount32 (sfi = 000001F714DD45A9)> (target MAGLEV), mode: ConcurrencyMode::kConcurrent]
[completed compiling 0x01f714ddfed9 <JSFunction popcount32 (sfi = 000001F714DD45A9)> (target MAGLEV) - took 0.000, 0.172, 0.004 ms]
[11144:000001C48AE56000]      728 ms: Scavenge (during sweeping) 9.0 (12.4) -> 7.0 (12.4) MB, pooled: 0.0 MB, 0.09 / 0.00 ms (average mu = 0.952, current mu = 0.952) allocation failure; 
[11144:000001C48AF75000]      738 ms: Scavenge (during sweeping) 8.9 (11.9) -> 6.9 (11.9) MB, pooled: 0.0 MB, 0.12 / 0.00 ms (average mu = 0.936, current mu = 0.936) allocation failure; 
[11144:000001C1FAB12000]      761 ms: Scavenge (during sweeping) 8.9 (12.6) -> 6.9 (12.6) MB, pooled: 0.0 MB, 0.10 / 0.00 ms (average mu = 0.941, current mu = 0.941) allocation failure; 
[11144:000001C1FA96A000]      782 ms: Scavenge (during sweeping) 8.8 (11.9) -> 6.8 (11.9) MB, pooled: 0.0 MB, 0.12 / 0.00 ms (average mu = 0.940, current mu = 0.940) allocation failure; 
[marking 0x0108f9679709 <JSFunction relativeToAbsFrontier (sfi = 000001F714DC3E01)> for optimization to MAGLEV, ConcurrencyMode::kConcurrent, reason: hot and stable]
[compiling method 0x0108f9679709 <JSFunction relativeToAbsFrontier (sfi = 000001F714DC3E01)> (target MAGLEV), mode: ConcurrencyMode::kConcurrent]
[completed compiling 0x0108f9679709 <JSFunction relativeToAbsFrontier (sfi = 000001F714DC3E01)> (target MAGLEV) - took 0.000, 0.139, 0.001 ms]
[11144:000001C1FAC3C000]      801 ms: Scavenge (during sweeping) 9.0 (11.9) -> 7.0 (11.9) MB, pooled: 0.0 MB, 0.09 / 0.00 ms (average mu = 0.941, current mu = 0.941) allocation failure; 
[11144:000001C1FA9F7000]      832 ms: Scavenge (during sweeping) 8.6 (12.1) -> 6.6 (12.1) MB, pooled: 0.0 MB, 0.12 / 0.00 ms (average mu = 0.969, current mu = 0.969) allocation failure; 
[11144:000001C48AE56000]      852 ms: Scavenge (during sweeping) 9.0 (12.4) -> 7.0 (12.4) MB, pooled: 0.0 MB, 0.10 / 0.00 ms (average mu = 0.952, current mu = 0.952) allocation failure; 
[11144:000001C1FAB12000]      873 ms: Scavenge (during sweeping) 8.9 (12.6) -> 6.9 (12.6) MB, pooled: 0.0 MB, 0.09 / 0.00 ms (average mu = 0.941, current mu = 0.941) allocation failure; 
[marking 0x002178d47911 <JSFunction relativeToAbsFrontier (sfi = 0000029EAFC11719)> for optimization to TURBOFAN_JS, ConcurrencyMode::kConcurrent, reason: hot and stable]
[compiling method 0x002178d47911 <JSFunction relativeToAbsFrontier (sfi = 0000029EAFC11719)> (target TURBOFAN_JS), mode: ConcurrencyMode::kConcurrent]
[completed compiling 0x002178d47911 <JSFunction relativeToAbsFrontier (sfi = 0000029EAFC11719)> (target TURBOFAN_JS) - took 0.005, 0.418, 0.019 ms]
[completed optimizing 0x002178d47911 <JSFunction relativeToAbsFrontier (sfi = 0000029EAFC11719)> (target TURBOFAN_JS)]
[11144:000001C48AF75000]      883 ms: Scavenge (during sweeping) 8.9 (11.9) -> 6.9 (11.9) MB, pooled: 0.0 MB, 0.09 / 0.00 ms (average mu = 0.936, current mu = 0.936) allocation failure; 
[11144:000001C1FA8F3000]      897 ms: Scavenge (during sweeping) 8.6 (12.1) -> 6.7 (12.1) MB, pooled: 0.0 MB, 0.12 / 0.00 ms (average mu = 0.976, current mu = 0.976) allocation failure; 
[11144:000001C1FA96A000]      897 ms: Scavenge (during sweeping) 8.8 (11.9) -> 6.8 (11.9) MB, pooled: 0.0 MB, 0.08 / 0.00 ms (average mu = 0.940, current mu = 0.940) allocation failure; 
[11144:000001C1FAC3C000]      916 ms: Scavenge (during sweeping) 9.0 (11.9) -> 7.0 (11.9) MB, pooled: 0.0 MB, 0.09 / 0.00 ms (average mu = 0.941, current mu = 0.941) allocation failure; 
[11144:000001C1FA9F7000]      946 ms: Scavenge (during sweeping) 8.6 (12.1) -> 6.6 (12.1) MB, pooled: 0.0 MB, 0.13 / 0.00 ms (average mu = 0.969, current mu = 0.969) allocation failure; 
[11144:000001C48AE56000]      951 ms: Scavenge (during sweeping) 9.0 (12.4) -> 7.0 (12.4) MB, pooled: 0.0 MB, 0.12 / 0.00 ms (average mu = 0.952, current mu = 0.952) allocation failure; 
[marking 0x00de56e20d69 <JSFunction playableCell (sfi = 000003B557D4B311)> for optimization to TURBOFAN_JS, ConcurrencyMode::kConcurrent, reason: hot and stable]
[compiling method 0x00de56e20d69 <JSFunction playableCell (sfi = 000003B557D4B311)> (target TURBOFAN_JS), mode: ConcurrencyMode::kConcurrent]
[completed compiling 0x00de56e20d69 <JSFunction playableCell (sfi = 000003B557D4B311)> (target TURBOFAN_JS) - took 0.005, 0.587, 0.021 ms]
[completed optimizing 0x00de56e20d69 <JSFunction playableCell (sfi = 000003B557D4B311)> (target TURBOFAN_JS)]
[11144:000001C1FAB12000]      989 ms: Scavenge (during sweeping) 8.9 (12.6) -> 6.9 (12.6) MB, pooled: 0.0 MB, 0.09 / 0.00 ms (average mu = 0.941, current mu = 0.941) allocation failure; 
[11144:000001C48AF75000]      996 ms: Scavenge (during sweeping) 8.9 (11.9) -> 6.9 (11.9) MB, pooled: 0.0 MB, 0.09 / 0.00 ms (average mu = 0.936, current mu = 0.936) allocation failure; 
[11144:000001C1FA96A000]     1011 ms: Scavenge (during sweeping) 8.8 (11.9) -> 6.8 (11.9) MB, pooled: 0.0 MB, 0.09 / 0.00 ms (average mu = 0.940, current mu = 0.940) allocation failure; 
[11144:000001C1FAC3C000]     1011 ms: Scavenge (during sweeping) 9.0 (11.9) -> 7.0 (11.9) MB, pooled: 0.0 MB, 0.08 / 0.00 ms (average mu = 0.941, current mu = 0.941) allocation failure; 
[11144:000001C48AE56000]     1050 ms: Scavenge (during sweeping) 9.0 (12.4) -> 7.0 (12.4) MB, pooled: 0.0 MB, 0.10 / 0.00 ms (average mu = 0.952, current mu = 0.952) allocation failure; 
[11144:000001C1FA9F7000]     1054 ms: Scavenge (during sweeping) 8.6 (12.1) -> 6.6 (12.1) MB, pooled: 0.0 MB, 0.09 / 0.00 ms (average mu = 0.969, current mu = 0.969) allocation failure; 
[11144:000001C48AF75000]     1080 ms: Scavenge (during sweeping) 8.9 (11.9) -> 6.9 (11.9) MB, pooled: 0.0 MB, 0.10 / 0.00 ms (average mu = 0.936, current mu = 0.936) allocation failure; 
[11144:000001C1FAC3C000]     1094 ms: Scavenge (during sweeping) 9.0 (11.9) -> 7.0 (11.9) MB, pooled: 0.0 MB, 0.09 / 0.00 ms (average mu = 0.941, current mu = 0.941) allocation failure; 
[11144:000001C1FAB12000]     1096 ms: Scavenge (during sweeping) 8.9 (12.6) -> 6.9 (12.6) MB, pooled: 0.0 MB, 0.09 / 0.00 ms (average mu = 0.941, current mu = 0.941) allocation failure; 
[11144:000001C1FA96A000]     1104 ms: Scavenge (during sweeping) 8.8 (11.9) -> 6.8 (11.9) MB, pooled: 0.0 MB, 0.08 / 0.00 ms (average mu = 0.940, current mu = 0.940) allocation failure; 
[11144:000001C48AE56000]     1139 ms: Scavenge (during sweeping) 9.0 (12.4) -> 7.0 (12.4) MB, pooled: 0.0 MB, 0.10 / 0.00 ms (average mu = 0.952, current mu = 0.952) allocation failure; 
[11144:000001C1FA9F7000]     1149 ms: Scavenge (during sweeping) 8.6 (12.1) -> 6.6 (12.1) MB, pooled: 0.0 MB, 0.09 / 0.00 ms (average mu = 0.969, current mu = 0.969) allocation failure; 
[11144:000001C1FAC3C000]     1184 ms: Scavenge (during sweeping) 9.0 (11.9) -> 7.0 (11.9) MB, pooled: 0.0 MB, 0.10 / 0.00 ms (average mu = 0.941, current mu = 0.941) allocation failure; 
[bailout (kind: deopt-eager, reason: Insufficient type feedback for generic named access): begin. deoptimizing 0x00de56e20da9 <JSFunction deriveForkPreemption32 (sfi = 000003B557D4B3A1)>, 0x007ab12c2a31 <Code TURBOFAN_JS>, opt id 89, bytecode offset 696, deopt exit 52, FP to SP delta 176, caller SP 0x0023781f92a8, pc 0x01c42ae3d797]
[11144:000001C48AF75000]     1187 ms: Scavenge (during sweeping) 8.9 (11.9) -> 6.9 (11.9) MB, pooled: 0.0 MB, 0.11 / 0.00 ms (average mu = 0.936, current mu = 0.936) allocation failure; 
[marking 0x00de56e20da9 <JSFunction deriveForkPreemption32 (sfi = 000003B557D4B3A1)> for optimization to MAGLEV, ConcurrencyMode::kConcurrent, reason: hot and stable]
[compiling method 0x00de56e20da9 <JSFunction deriveForkPreemption32 (sfi = 000003B557D4B3A1)> (target MAGLEV), mode: ConcurrencyMode::kConcurrent]
[completed compiling 0x00de56e20da9 <JSFunction deriveForkPreemption32 (sfi = 000003B557D4B3A1)> (target MAGLEV) - took 0.000, 1.986, 0.019 ms]
[11144:000001C1FAB12000]     1197 ms: Scavenge (during sweeping) 8.9 (12.6) -> 6.9 (12.6) MB, pooled: 0.0 MB, 0.08 / 0.00 ms (average mu = 0.941, current mu = 0.941) allocation failure; 
[11144:000001C1FA96A000]     1212 ms: Scavenge (during sweeping) 8.8 (11.9) -> 6.8 (11.9) MB, pooled: 0.0 MB, 0.10 / 0.00 ms (average mu = 0.940, current mu = 0.940) allocation failure; 
[11144:000001C48AE56000]     1234 ms: Scavenge (during sweeping) 9.0 (12.4) -> 7.0 (12.4) MB, pooled: 0.0 MB, 0.11 / 0.00 ms (average mu = 0.952, current mu = 0.952) allocation failure; 
[11144:000001C1FA9F7000]     1267 ms: Scavenge (during sweeping) 8.6 (12.1) -> 6.6 (12.1) MB, pooled: 0.0 MB, 0.13 / 0.00 ms (average mu = 0.969, current mu = 0.969) allocation failure; 
[11144:000001C1FAC3C000]     1276 ms: Scavenge (during sweeping) 9.0 (11.9) -> 7.0 (11.9) MB, pooled: 0.0 MB, 0.09 / 0.00 ms (average mu = 0.941, current mu = 0.941) allocation failure; 
[marking 0x00de56e20da9 <JSFunction deriveForkPreemption32 (sfi = 000003B557D4B3A1)> for optimization to TURBOFAN_JS, ConcurrencyMode::kConcurrent, reason: hot and stable]
[compiling method 0x00de56e20da9 <JSFunction deriveForkPreemption32 (sfi = 000003B557D4B3A1)> (target TURBOFAN_JS), mode: ConcurrencyMode::kConcurrent]
[11144:000001C48AF75000]     1305 ms: Scavenge (during sweeping) 8.9 (11.9) -> 6.9 (11.9) MB, pooled: 0.0 MB, 0.09 / 0.00 ms (average mu = 0.936, current mu = 0.936) allocation failure; 
[completed compiling 0x00de56e20da9 <JSFunction deriveForkPreemption32 (sfi = 000003B557D4B3A1)> (target TURBOFAN_JS) - took 0.005, 5.868, 0.067 ms]
[completed optimizing 0x00de56e20da9 <JSFunction deriveForkPreemption32 (sfi = 000003B557D4B3A1)> (target TURBOFAN_JS)]
[11144:000001C1FAB12000]     1313 ms: Scavenge (during sweeping) 8.9 (12.6) -> 6.9 (12.6) MB, pooled: 0.0 MB, 0.09 / 0.00 ms (average mu = 0.941, current mu = 0.941) allocation failure; 
[11144:000001C1FA96A000]     1314 ms: Scavenge (during sweeping) 8.8 (11.9) -> 6.8 (11.9) MB, pooled: 0.0 MB, 0.08 / 0.00 ms (average mu = 0.940, current mu = 0.940) allocation failure; 
[11144:000001C48AE56000]     1332 ms: Scavenge (during sweeping) 9.0 (12.4) -> 7.0 (12.4) MB, pooled: 0.0 MB, 0.09 / 0.00 ms (average mu = 0.952, current mu = 0.952) allocation failure; 
[11144:000001C1FAB12000]     1370 ms: Scavenge (during sweeping) 8.9 (12.6) -> 6.9 (12.6) MB, pooled: 0.0 MB, 0.09 / 0.00 ms (average mu = 0.941, current mu = 0.941) allocation failure; 
[11144:000001C1FAC3C000]     1379 ms: Scavenge (during sweeping) 9.0 (11.9) -> 7.0 (11.9) MB, pooled: 0.0 MB, 0.09 / 0.00 ms (average mu = 0.941, current mu = 0.941) allocation failure; 
[11144:000001C48AF75000]     1380 ms: Scavenge (during sweeping) 8.9 (11.9) -> 6.9 (11.9) MB, pooled: 0.0 MB, 0.08 / 0.00 ms (average mu = 0.936, current mu = 0.936) allocation failure; 
[11144:000001C1FA9F7000]     1401 ms: Scavenge (during sweeping) 8.6 (12.1) -> 6.6 (12.1) MB, pooled: 0.0 MB, 0.14 / 0.00 ms (average mu = 0.969, current mu = 0.969) allocation failure; 
[11144:000001C1FA96A000]     1406 ms: Scavenge (during sweeping) 8.8 (11.9) -> 6.8 (11.9) MB, pooled: 0.0 MB, 0.08 / 0.00 ms (average mu = 0.940, current mu = 0.940) allocation failure; 
[11144:000001C48AE56000]     1411 ms: Scavenge (during sweeping) 9.0 (12.4) -> 7.0 (12.4) MB, pooled: 0.0 MB, 0.09 / 0.00 ms (average mu = 0.952, current mu = 0.952) allocation failure; 
[11144:000001C48AF75000]     1464 ms: Scavenge (during sweeping) 8.9 (11.9) -> 6.9 (11.9) MB, pooled: 0.0 MB, 0.12 / 0.00 ms (average mu = 0.936, current mu = 0.936) allocation failure; 
[11144:000001C1FAB12000]     1466 ms: Scavenge (during sweeping) 8.9 (12.6) -> 6.9 (12.6) MB, pooled: 0.0 MB, 0.10 / 0.00 ms (average mu = 0.941, current mu = 0.941) allocation failure; 
[11144:000001C1FAC3C000]     1478 ms: Scavenge (during sweeping) 9.0 (11.9) -> 7.0 (11.9) MB, pooled: 0.0 MB, 0.12 / 0.00 ms (average mu = 0.941, current mu = 0.941) allocation failure; 
[11144:000001C1FA96A000]     1482 ms: Scavenge (during sweeping) 8.8 (11.9) -> 6.8 (11.9) MB, pooled: 0.0 MB, 0.08 / 0.00 ms (average mu = 0.940, current mu = 0.940) allocation failure; 
[11144:000001C48AE56000]     1488 ms: Scavenge (during sweeping) 9.0 (12.4) -> 7.0 (12.4) MB, pooled: 0.0 MB, 0.08 / 0.00 ms (average mu = 0.952, current mu = 0.952) allocation failure; 
[11144:000001C1FA9F7000]     1501 ms: Scavenge (during sweeping) 8.6 (12.1) -> 6.6 (12.1) MB, pooled: 0.0 MB, 0.14 / 0.00 ms (average mu = 0.969, current mu = 0.969) allocation failure; 
[11144:000001C1FA96A000]     1536 ms: Scavenge (during sweeping) 8.8 (11.9) -> 6.8 (11.9) MB, pooled: 0.0 MB, 0.09 / 0.00 ms (average mu = 0.940, current mu = 0.940) allocation failure; 
[11144:000001C48AF75000]     1547 ms: Scavenge (during sweeping) 8.9 (11.9) -> 6.9 (11.9) MB, pooled: 0.0 MB, 0.09 / 0.00 ms (average mu = 0.936, current mu = 0.936) allocation failure; 
[11144:000001C1FAB12000]     1574 ms: Scavenge (during sweeping) 8.9 (12.6) -> 6.9 (12.6) MB, pooled: 0.0 MB, 0.11 / 0.00 ms (average mu = 0.941, current mu = 0.941) allocation failure; 
[11144:000001C1FAC3C000]     1584 ms: Scavenge (during sweeping) 9.0 (11.9) -> 7.0 (11.9) MB, pooled: 0.0 MB, 0.13 / 0.00 ms (average mu = 0.941, current mu = 0.941) allocation failure; 
[11144:000001C1FA9F7000]     1592 ms: Scavenge (during sweeping) 8.6 (12.1) -> 6.6 (12.1) MB, pooled: 0.0 MB, 0.14 / 0.00 ms (average mu = 0.969, current mu = 0.969) allocation failure; 
[11144:000001C48AE56000]     1597 ms: Scavenge (during sweeping) 9.0 (12.4) -> 7.0 (12.4) MB, pooled: 0.0 MB, 0.11 / 0.00 ms (average mu = 0.952, current mu = 0.952) allocation failure; 
[11144:000001C1FA96A000]     1617 ms: Scavenge (during sweeping) 8.8 (11.9) -> 6.8 (11.9) MB, pooled: 0.0 MB, 0.09 / 0.00 ms (average mu = 0.940, current mu = 0.940) allocation failure; 
[11144:000001C48AF75000]     1632 ms: Scavenge (during sweeping) 8.9 (11.9) -> 6.9 (11.9) MB, pooled: 0.0 MB, 0.12 / 0.00 ms (average mu = 0.936, current mu = 0.936) allocation failure; 
[11144:000001C1FAC3C000]     1669 ms: Scavenge (during sweeping) 9.0 (11.9) -> 7.0 (11.9) MB, pooled: 0.0 MB, 0.10 / 0.00 ms (average mu = 0.941, current mu = 0.941) allocation failure; 
[11144:000001C1FAB12000]     1691 ms: Scavenge (during sweeping) 8.9 (12.6) -> 6.9 (12.6) MB, pooled: 0.0 MB, 0.09 / 0.00 ms (average mu = 0.941, current mu = 0.941) allocation failure; 
[11144:000001C48AE56000]     1691 ms: Scavenge (during sweeping) 9.0 (12.4) -> 7.0 (12.4) MB, pooled: 0.0 MB, 0.11 / 0.00 ms (average mu = 0.952, current mu = 0.952) allocation failure; 
[11144:000001C1FA9F7000]     1698 ms: Scavenge (during sweeping) 8.6 (12.1) -> 6.6 (12.1) MB, pooled: 0.0 MB, 0.08 / 0.00 ms (average mu = 0.969, current mu = 0.969) allocation failure; 
[11144:000001C1FA96A000]     1706 ms: Scavenge (during sweeping) 8.8 (11.9) -> 6.8 (11.9) MB, pooled: 0.0 MB, 0.07 / 0.00 ms (average mu = 0.940, current mu = 0.940) allocation failure; 
[marking 0x0108f96796c9 <JSFunction absToRelativeFrontier (sfi = 000001F714DC3DB9)> for optimization to TURBOFAN_JS, ConcurrencyMode::kConcurrent, reason: hot and stable]
[compiling method 0x0108f96796c9 <JSFunction absToRelativeFrontier (sfi = 000001F714DC3DB9)> (target TURBOFAN_JS), mode: ConcurrencyMode::kConcurrent]
[completed compiling 0x0108f96796c9 <JSFunction absToRelativeFrontier (sfi = 000001F714DC3DB9)> (target TURBOFAN_JS) - took 0.005, 0.679, 0.017 ms]
[completed optimizing 0x0108f96796c9 <JSFunction absToRelativeFrontier (sfi = 000001F714DC3DB9)> (target TURBOFAN_JS)]
[11144:000001C48AF75000]     1740 ms: Scavenge (during sweeping) 8.9 (11.9) -> 6.9 (11.9) MB, pooled: 0.0 MB, 0.13 / 0.00 ms (average mu = 0.936, current mu = 0.936) allocation failure; 
[11144:000001C1FA8F3000]     1757 ms: Scavenge (during sweeping) 8.6 (12.1) -> 6.6 (12.1) MB, pooled: 0.0 MB, 0.21 / 0.00 ms (average mu = 0.976, current mu = 0.976) allocation failure; 
[11144:000001C1FAC3C000]     1763 ms: Scavenge (during sweeping) 9.0 (11.9) -> 7.0 (11.9) MB, pooled: 0.0 MB, 0.08 / 0.00 ms (average mu = 0.941, current mu = 0.941) allocation failure; 
[11144:000001C1FAB12000]     1766 ms: Scavenge (during sweeping) 8.9 (12.6) -> 6.9 (12.6) MB, pooled: 0.0 MB, 0.08 / 0.00 ms (average mu = 0.941, current mu = 0.941) allocation failure; 
[11144:000001C1FA9F7000]     1781 ms: Scavenge (during sweeping) 8.6 (12.1) -> 6.6 (12.1) MB, pooled: 0.0 MB, 0.09 / 0.00 ms (average mu = 0.969, current mu = 0.969) allocation failure; 
[11144:000001C1FA96A000]     1791 ms: Scavenge (during sweeping) 8.8 (11.9) -> 6.8 (11.9) MB, pooled: 0.0 MB, 0.11 / 0.00 ms (average mu = 0.940, current mu = 0.940) allocation failure; 
[11144:000001C48AE56000]     1794 ms: Scavenge (during sweeping) 9.0 (12.4) -> 7.0 (12.4) MB, pooled: 0.0 MB, 0.11 / 0.00 ms (average mu = 0.952, current mu = 0.952) allocation failure; 
[11144:000001C48AE56000]     1863 ms: Scavenge (during sweeping) 9.0 (12.4) -> 7.0 (12.4) MB, pooled: 0.0 MB, 0.10 / 0.00 ms (average mu = 0.952, current mu = 0.952) allocation failure; 
[11144:000001C1FAB12000]     1870 ms: Scavenge (during sweeping) 8.9 (12.6) -> 6.9 (12.6) MB, pooled: 0.0 MB, 0.09 / 0.00 ms (average mu = 0.941, current mu = 0.941) allocation failure; 
[11144:000001C48AF75000]     1874 ms: Scavenge (during sweeping) 8.9 (11.9) -> 6.9 (11.9) MB, pooled: 0.0 MB, 0.09 / 0.00 ms (average mu = 0.936, current mu = 0.936) allocation failure; 
[11144:000001C1FAC3C000]     1881 ms: Scavenge (during sweeping) 9.0 (11.9) -> 7.0 (11.9) MB, pooled: 0.0 MB, 0.08 / 0.00 ms (average mu = 0.941, current mu = 0.941) allocation failure; 
[11144:000001C1FA9F7000]     1887 ms: Scavenge (during sweeping) 8.6 (12.1) -> 6.6 (12.1) MB, pooled: 0.0 MB, 0.07 / 0.00 ms (average mu = 0.969, current mu = 0.969) allocation failure; 
[11144:000001C1FA96A000]     1920 ms: Scavenge (during sweeping) 8.8 (11.9) -> 6.8 (11.9) MB, pooled: 0.0 MB, 0.10 / 0.00 ms (average mu = 0.940, current mu = 0.940) allocation failure; 
[11144:000001C48AE56000]     1968 ms: Scavenge (during sweeping) 9.0 (12.4) -> 7.0 (12.4) MB, pooled: 0.0 MB, 0.09 / 0.00 ms (average mu = 0.952, current mu = 0.952) allocation failure; 
[11144:000001C48AF75000]     1977 ms: Scavenge (during sweeping) 8.9 (11.9) -> 6.9 (11.9) MB, pooled: 0.0 MB, 0.09 / 0.00 ms (average mu = 0.936, current mu = 0.936) allocation failure; 
[11144:000001C1FAB12000]     1986 ms: Scavenge (during sweeping) 8.9 (12.6) -> 6.9 (12.6) MB, pooled: 0.0 MB, 0.08 / 0.00 ms (average mu = 0.941, current mu = 0.941) allocation failure; 
[11144:000001C1FAC3C000]     2005 ms: Scavenge (during sweeping) 9.0 (11.9) -> 7.0 (11.9) MB, pooled: 0.0 MB, 0.12 / 0.00 ms (average mu = 0.941, current mu = 0.941) allocation failure; 
[11144:000001C1FA9F7000]     2025 ms: Scavenge (during sweeping) 8.6 (12.1) -> 6.6 (12.1) MB, pooled: 0.0 MB, 0.09 / 0.00 ms (average mu = 0.969, current mu = 0.969) allocation failure; 
[11144:000001C1FA96A000]     2042 ms: Scavenge (during sweeping) 8.8 (11.9) -> 6.8 (11.9) MB, pooled: 0.0 MB, 0.10 / 0.00 ms (average mu = 0.940, current mu = 0.940) allocation failure; 
[11144:000001C48AE56000]     2069 ms: Scavenge (during sweeping) 9.0 (12.4) -> 7.0 (12.4) MB, pooled: 0.0 MB, 0.10 / 0.00 ms (average mu = 0.952, current mu = 0.952) allocation failure; 
[11144:000001C48AF75000]     2071 ms: Scavenge (during sweeping) 8.9 (11.9) -> 6.9 (11.9) MB, pooled: 0.0 MB, 0.08 / 0.00 ms (average mu = 0.936, current mu = 0.936) allocation failure; 
[11144:000001C1FAC3C000]     2104 ms: Scavenge (during sweeping) 9.0 (11.9) -> 7.0 (11.9) MB, pooled: 0.0 MB, 0.09 / 0.00 ms (average mu = 0.941, current mu = 0.941) allocation failure; 
[11144:000001C1FAB12000]     2109 ms: Scavenge (during sweeping) 8.9 (12.6) -> 6.9 (12.6) MB, pooled: 0.0 MB, 0.12 / 0.00 ms (average mu = 0.941, current mu = 0.941) allocation failure; 
[bailout (kind: deopt-eager, reason: Insufficient type feedback for generic keyed access): begin. deoptimizing 0x01f714de0319 <JSFunction evaluateConnect4CpcNonterminal32 (sfi = 000001F714DD3011)>, 0x01149b57d0e1 <Code TURBOFAN_JS>, opt id 76, bytecode offset 1177, deopt exit 172, FP to SP delta 240, caller SP 0x0023771fb548, pc 0x01c1c027c308]
[bailout (kind: deopt-eager, reason: Insufficient type feedback for generic named access): begin. deoptimizing 0x003d012d9df9 <JSFunction searchCpcOnlyFrontier (sfi = 000001F714DC3E49)>, 0x036e43f8acd9 <Code TURBOFAN_JS>, opt id 80, bytecode offset 292, deopt exit 248, FP to SP delta 560, caller SP 0x0023771fb7e8, pc 0x01c1c02396ea]
[bailout (kind: deopt-lazy, reason: (unknown)): begin. deoptimizing 0x003d012d9df9 <JSFunction searchCpcOnlyFrontier (sfi = 000001F714DC3E49)>, 0x036e43f8acd9 <Code TURBOFAN_JS>, opt id 80, bytecode offset 2072, deopt exit 262, FP to SP delta 560, caller SP 0x0023771fba88, pc 0x01c1c0239722]
[bailout (kind: deopt-lazy, reason: (unknown)): begin. deoptimizing 0x003d012d9df9 <JSFunction searchCpcOnlyFrontier (sfi = 000001F714DC3E49)>, 0x036e43f8acd9 <Code TURBOFAN_JS>, opt id 80, bytecode offset 2072, deopt exit 262, FP to SP delta 560, caller SP 0x0023771fbd28, pc 0x01c1c0239722]
[bailout (kind: deopt-lazy, reason: (unknown)): begin. deoptimizing 0x003d012d9df9 <JSFunction searchCpcOnlyFrontier (sfi = 000001F714DC3E49)>, 0x036e43f8acd9 <Code TURBOFAN_JS>, opt id 80, bytecode offset 2072, deopt exit 262, FP to SP delta 560, caller SP 0x0023771fbfc8, pc 0x01c1c0239722]
[marking 0x01f714de0319 <JSFunction evaluateConnect4CpcNonterminal32 (sfi = 000001F714DD3011)> for optimization to MAGLEV, ConcurrencyMode::kConcurrent, reason: hot and stable]
[compiling method 0x01f714de0319 <JSFunction evaluateConnect4CpcNonterminal32 (sfi = 000001F714DD3011)> (target MAGLEV), mode: ConcurrencyMode::kConcurrent]
[marking 0x003d012d9df9 <JSFunction searchCpcOnlyFrontier (sfi = 000001F714DC3E49)> for optimization to MAGLEV, ConcurrencyMode::kConcurrent, reason: hot and stable]
[compiling method 0x003d012d9df9 <JSFunction searchCpcOnlyFrontier (sfi = 000001F714DC3E49)> (target MAGLEV), mode: ConcurrencyMode::kConcurrent]
[completed compiling 0x01f714de0319 <JSFunction evaluateConnect4CpcNonterminal32 (sfi = 000001F714DD3011)> (target MAGLEV) - took 0.000, 1.332, 0.016 ms]
[completed compiling 0x003d012d9df9 <JSFunction searchCpcOnlyFrontier (sfi = 000001F714DC3E49)> (target MAGLEV) - took 0.000, 2.329, 0.027 ms]
[bailout (kind: deopt-lazy, reason: (unknown)): begin. deoptimizing 0x003d012d9df9 <JSFunction searchCpcOnlyFrontier (sfi = 000001F714DC3E49)>, 0x036e43f8acd9 <Code TURBOFAN_JS>, opt id 80, bytecode offset 2072, deopt exit 262, FP to SP delta 560, caller SP 0x0023771fc268, pc 0x01c1c0239722]
[11144:000001C1FA9F7000]     2131 ms: Scavenge (during sweeping) 8.6 (12.1) -> 6.6 (12.1) MB, pooled: 0.0 MB, 0.09 / 0.00 ms (average mu = 0.969, current mu = 0.969) allocation failure; 
[marking 0x01f714de1eb9 <JSFunction storeConnect4RbaSharedExactCache32 (sfi = 000001F714DDC149)> for optimization to TURBOFAN_JS, ConcurrencyMode::kConcurrent, reason: hot and stable]
[compiling method 0x01f714de1eb9 <JSFunction storeConnect4RbaSharedExactCache32 (sfi = 000001F714DDC149)> (target TURBOFAN_JS), mode: ConcurrencyMode::kConcurrent]
[bailout (kind: deopt-lazy, reason: (unknown)): begin. deoptimizing 0x003d012d9df9 <JSFunction searchCpcOnlyFrontier (sfi = 000001F714DC3E49)>, 0x036e43f8acd9 <Code TURBOFAN_JS>, opt id 80, bytecode offset 2072, deopt exit 262, FP to SP delta 560, caller SP 0x0023771fc508, pc 0x01c1c0239722]
[11144:000001C1FA96A000]     2142 ms: Scavenge (during sweeping) 8.8 (11.9) -> 6.8 (11.9) MB, pooled: 0.0 MB, 0.08 / 0.00 ms (average mu = 0.940, current mu = 0.940) allocation failure; 
[completed compiling 0x01f714de1eb9 <JSFunction storeConnect4RbaSharedExactCache32 (sfi = 000001F714DDC149)> (target TURBOFAN_JS) - took 0.003, 1.994, 0.030 ms]
[completed optimizing 0x01f714de1eb9 <JSFunction storeConnect4RbaSharedExactCache32 (sfi = 000001F714DDC149)> (target TURBOFAN_JS)]
[11144:000001C48AE56000]     2165 ms: Scavenge (during sweeping) 9.0 (12.4) -> 7.0 (12.4) MB, pooled: 0.0 MB, 0.09 / 0.00 ms (average mu = 0.952, current mu = 0.952) allocation failure; 
[marking 0x01f714de0319 <JSFunction evaluateConnect4CpcNonterminal32 (sfi = 000001F714DD3011)> for optimization to TURBOFAN_JS, ConcurrencyMode::kConcurrent, reason: hot and stable]
[compiling method 0x01f714de0319 <JSFunction evaluateConnect4CpcNonterminal32 (sfi = 000001F714DD3011)> (target TURBOFAN_JS), mode: ConcurrencyMode::kConcurrent]
[completed compiling 0x01f714de0319 <JSFunction evaluateConnect4CpcNonterminal32 (sfi = 000001F714DD3011)> (target TURBOFAN_JS) - took 0.005, 9.207, 0.056 ms]
[completed optimizing 0x01f714de0319 <JSFunction evaluateConnect4CpcNonterminal32 (sfi = 000001F714DD3011)> (target TURBOFAN_JS)]
[marking 0x003d012d9df9 <JSFunction searchCpcOnlyFrontier (sfi = 000001F714DC3E49)> for optimization to TURBOFAN_JS, ConcurrencyMode::kConcurrent, reason: hot and stable]
[compiling method 0x003d012d9df9 <JSFunction searchCpcOnlyFrontier (sfi = 000001F714DC3E49)> (target TURBOFAN_JS), mode: ConcurrencyMode::kConcurrent]
[11144:000001C48AF75000]     2199 ms: Scavenge (during sweeping) 8.9 (11.9) -> 6.9 (11.9) MB, pooled: 0.0 MB, 0.12 / 0.00 ms (average mu = 0.936, current mu = 0.936) allocation failure; 
[completed compiling 0x003d012d9df9 <JSFunction searchCpcOnlyFrontier (sfi = 000001F714DC3E49)> (target TURBOFAN_JS) - took 0.004, 16.738, 0.105 ms]
[completed optimizing 0x003d012d9df9 <JSFunction searchCpcOnlyFrontier (sfi = 000001F714DC3E49)> (target TURBOFAN_JS)]
[11144:000001C1FAC3C000]     2225 ms: Scavenge (during sweeping) 9.0 (11.9) -> 7.0 (11.9) MB, pooled: 0.0 MB, 0.12 / 0.00 ms (average mu = 0.941, current mu = 0.941) allocation failure; 
[11144:000001C1FAB12000]     2225 ms: Scavenge (during sweeping) 8.9 (12.6) -> 6.9 (12.6) MB, pooled: 0.0 MB, 0.10 / 0.00 ms (average mu = 0.941, current mu = 0.941) allocation failure; 
[11144:000001C1FA9F7000]     2232 ms: Scavenge (during sweeping) 8.6 (12.1) -> 6.6 (12.1) MB, pooled: 0.0 MB, 0.10 / 0.00 ms (average mu = 0.969, current mu = 0.969) allocation failure; 
[11144:000001C1FA96A000]     2253 ms: Scavenge (during sweeping) 8.8 (11.9) -> 6.8 (11.9) MB, pooled: 0.0 MB, 0.09 / 0.00 ms (average mu = 0.940, current mu = 0.940) allocation failure; 
[bailout (kind: deopt-eager, reason: minus zero): begin. deoptimizing 0x03b557d7e799 <JSFunction searchCpcOnlyFrontier (sfi = 000001183D3FBC49)>, 0x00c6d03e2ca1 <Code TURBOFAN_JS>, opt id 85, bytecode offset 276, deopt exit 113, FP to SP delta 568, caller SP 0x0023781f9760, pc 0x01c42ae3ae3c]
[bailout (kind: deopt-lazy, reason: (unknown)): begin. deoptimizing 0x03b557d7e799 <JSFunction searchCpcOnlyFrontier (sfi = 000001183D3FBC49)>, 0x00c6d03e2ca1 <Code TURBOFAN_JS>, opt id 85, bytecode offset 2072, deopt exit 286, FP to SP delta 568, caller SP 0x0023781f9a08, pc 0x01c42ae3b0f0]
[bailout (kind: deopt-lazy, reason: (unknown)): begin. deoptimizing 0x03b557d7e799 <JSFunction searchCpcOnlyFrontier (sfi = 000001183D3FBC49)>, 0x00c6d03e2ca1 <Code TURBOFAN_JS>, opt id 85, bytecode offset 2072, deopt exit 286, FP to SP delta 568, caller SP 0x0023781f9cb0, pc 0x01c42ae3b0f0]
[bailout (kind: deopt-lazy, reason: (unknown)): begin. deoptimizing 0x03b557d7e799 <JSFunction searchCpcOnlyFrontier (sfi = 000001183D3FBC49)>, 0x00c6d03e2ca1 <Code TURBOFAN_JS>, opt id 85, bytecode offset 2072, deopt exit 286, FP to SP delta 568, caller SP 0x0023781f9f58, pc 0x01c42ae3b0f0]
[bailout (kind: deopt-lazy, reason: (unknown)): begin. deoptimizing 0x03b557d7e799 <JSFunction searchCpcOnlyFrontier (sfi = 000001183D3FBC49)>, 0x00c6d03e2ca1 <Code TURBOFAN_JS>, opt id 85, bytecode offset 2072, deopt exit 286, FP to SP delta 568, caller SP 0x0023781fa200, pc 0x01c42ae3b0f0]
[bailout (kind: deopt-lazy, reason: (unknown)): begin. deoptimizing 0x03b557d7e799 <JSFunction searchCpcOnlyFrontier (sfi = 000001183D3FBC49)>, 0x00c6d03e2ca1 <Code TURBOFAN_JS>, opt id 85, bytecode offset 2072, deopt exit 286, FP to SP delta 568, caller SP 0x0023781fa4a8, pc 0x01c42ae3b0f0]
[marking 0x03b557d7e799 <JSFunction searchCpcOnlyFrontier (sfi = 000001183D3FBC49)> for optimization to MAGLEV, ConcurrencyMode::kConcurrent, reason: hot and stable]
[compiling method 0x03b557d7e799 <JSFunction searchCpcOnlyFrontier (sfi = 000001183D3FBC49)> (target MAGLEV), mode: ConcurrencyMode::kConcurrent]
[bailout (kind: deopt-lazy, reason: (unknown)): begin. deoptimizing 0x03b557d7e799 <JSFunction searchCpcOnlyFrontier (sfi = 000001183D3FBC49)>, 0x00c6d03e2ca1 <Code TURBOFAN_JS>, opt id 85, bytecode offset 2072, deopt exit 286, FP to SP delta 568, caller SP 0x0023781fa750, pc 0x01c42ae3b0f0]
[bailout (kind: deopt-lazy, reason: (unknown)): begin. deoptimizing 0x03b557d7e799 <JSFunction searchCpcOnlyFrontier (sfi = 000001183D3FBC49)>, 0x00c6d03e2ca1 <Code TURBOFAN_JS>, opt id 85, bytecode offset 2072, deopt exit 286, FP to SP delta 568, caller SP 0x0023781fa9f8, pc 0x01c42ae3b0f0]
[bailout (kind: deopt-lazy, reason: (unknown)): begin. deoptimizing 0x03b557d7e799 <JSFunction searchCpcOnlyFrontier (sfi = 000001183D3FBC49)>, 0x00c6d03e2ca1 <Code TURBOFAN_JS>, opt id 85, bytecode offset 2072, deopt exit 286, FP to SP delta 568, caller SP 0x0023781faca0, pc 0x01c42ae3b0f0]
[bailout (kind: deopt-lazy, reason: (unknown)): begin. deoptimizing 0x03b557d7e799 <JSFunction searchCpcOnlyFrontier (sfi = 000001183D3FBC49)>, 0x00c6d03e2ca1 <Code TURBOFAN_JS>, opt id 85, bytecode offset 2072, deopt exit 286, FP to SP delta 568, caller SP 0x0023781faf48, pc 0x01c42ae3b0f0]
[bailout (kind: deopt-lazy, reason: (unknown)): begin. deoptimizing 0x03b557d7e799 <JSFunction searchCpcOnlyFrontier (sfi = 000001183D3FBC49)>, 0x00c6d03e2ca1 <Code TURBOFAN_JS>, opt id 85, bytecode offset 2072, deopt exit 286, FP to SP delta 568, caller SP 0x0023781fb1f0, pc 0x01c42ae3b0f0]
[completed compiling 0x03b557d7e799 <JSFunction searchCpcOnlyFrontier (sfi = 000001183D3FBC49)> (target MAGLEV) - took 0.001, 3.547, 0.031 ms]
[11144:000001C48AE56000]     2261 ms: Scavenge (during sweeping) 9.0 (12.4) -> 7.0 (12.4) MB, pooled: 0.0 MB, 0.09 / 0.00 ms (average mu = 0.952, current mu = 0.952) allocation failure; 
[marking 0x03b557d7e799 <JSFunction searchCpcOnlyFrontier (sfi = 000001183D3FBC49)> for optimization to TURBOFAN_JS, ConcurrencyMode::kConcurrent, reason: hot and stable]
[compiling method 0x03b557d7e799 <JSFunction searchCpcOnlyFrontier (sfi = 000001183D3FBC49)> (target TURBOFAN_JS), mode: ConcurrencyMode::kConcurrent]
[bailout (kind: deopt-lazy, reason: (unknown)): begin. deoptimizing 0x03b557d7e799 <JSFunction searchCpcOnlyFrontier (sfi = 000001183D3FBC49)>, 0x00c6d03e2ca1 <Code TURBOFAN_JS>, opt id 85, bytecode offset 2072, deopt exit 286, FP to SP delta 568, caller SP 0x0023781fb498, pc 0x01c42ae3b0f0]
[bailout (kind: deopt-lazy, reason: (unknown)): begin. deoptimizing 0x03b557d7e799 <JSFunction searchCpcOnlyFrontier (sfi = 000001183D3FBC49)>, 0x00c6d03e2ca1 <Code TURBOFAN_JS>, opt id 85, bytecode offset 2072, deopt exit 286, FP to SP delta 568, caller SP 0x0023781fb740, pc 0x01c42ae3b0f0]
[bailout (kind: deopt-lazy, reason: (unknown)): begin. deoptimizing 0x03b557d7e799 <JSFunction searchCpcOnlyFrontier (sfi = 000001183D3FBC49)>, 0x00c6d03e2ca1 <Code TURBOFAN_JS>, opt id 85, bytecode offset 2072, deopt exit 286, FP to SP delta 568, caller SP 0x0023781fb9e8, pc 0x01c42ae3b0f0]
[bailout (kind: deopt-lazy, reason: (unknown)): begin. deoptimizing 0x03b557d7e799 <JSFunction searchCpcOnlyFrontier (sfi = 000001183D3FBC49)>, 0x00c6d03e2ca1 <Code TURBOFAN_JS>, opt id 85, bytecode offset 2072, deopt exit 286, FP to SP delta 568, caller SP 0x0023781fbc90, pc 0x01c42ae3b0f0]
[completed compiling 0x03b557d7e799 <JSFunction searchCpcOnlyFrontier (sfi = 000001183D3FBC49)> (target TURBOFAN_JS) - took 0.004, 12.423, 0.088 ms]
[completed optimizing 0x03b557d7e799 <JSFunction searchCpcOnlyFrontier (sfi = 000001183D3FBC49)> (target TURBOFAN_JS)]
[bailout (kind: deopt-lazy, reason: (unknown)): begin. deoptimizing 0x003d012d9df9 <JSFunction searchCpcOnlyFrontier (sfi = 000001F714DC3E49)>, 0x036e43f8acd9 <Code TURBOFAN_JS>, opt id 80, bytecode offset 2072, deopt exit 262, FP to SP delta 560, caller SP 0x0023771fc7a8, pc 0x01c1c0239722]
[11144:000001C48AF75000]     2309 ms: Scavenge (during sweeping) 8.9 (11.9) -> 6.9 (11.9) MB, pooled: 0.0 MB, 0.09 / 0.00 ms (average mu = 0.936, current mu = 0.936) allocation failure; 
[11144:000001C1FA9F7000]     2335 ms: Scavenge (during sweeping) 8.7 (12.4) -> 6.8 (12.4) MB, pooled: 0.0 MB, 0.17 / 0.00 ms (average mu = 0.969, current mu = 0.969) allocation failure; 
[11144:000001C1FAB12000]     2336 ms: Scavenge (during sweeping) 8.9 (12.6) -> 6.9 (12.6) MB, pooled: 0.0 MB, 0.08 / 0.00 ms (average mu = 0.941, current mu = 0.941) allocation failure; 
[11144:000001C1FAC3C000]     2349 ms: Scavenge (during sweeping) 9.0 (11.9) -> 7.0 (11.9) MB, pooled: 0.0 MB, 0.09 / 0.00 ms (average mu = 0.941, current mu = 0.941) allocation failure; 
[11144:000001C1FA96A000]     2358 ms: Scavenge (during sweeping) 8.8 (11.9) -> 6.8 (11.9) MB, pooled: 0.0 MB, 0.08 / 0.00 ms (average mu = 0.940, current mu = 0.940) allocation failure; 
[11144:000001C48AE56000]     2367 ms: Scavenge (during sweeping) 9.0 (12.4) -> 7.0 (12.4) MB, pooled: 0.0 MB, 0.08 / 0.00 ms (average mu = 0.952, current mu = 0.952) allocation failure; 
[bailout (kind: deopt-lazy, reason: (unknown)): begin. deoptimizing 0x03b557d7e799 <JSFunction searchCpcOnlyFrontier (sfi = 000001183D3FBC49)>, 0x00c6d03e2ca1 <Code TURBOFAN_JS>, opt id 85, bytecode offset 2072, deopt exit 286, FP to SP delta 568, caller SP 0x0023781fbf38, pc 0x01c42ae3b0f0]
[bailout (kind: deopt-lazy, reason: (unknown)): begin. deoptimizing 0x03b557d7e799 <JSFunction searchCpcOnlyFrontier (sfi = 000001183D3FBC49)>, 0x00c6d03e2ca1 <Code TURBOFAN_JS>, opt id 85, bytecode offset 2072, deopt exit 286, FP to SP delta 568, caller SP 0x0023781fc1e0, pc 0x01c42ae3b0f0]
[11144:000001C48AF75000]     2407 ms: Scavenge (during sweeping) 8.9 (11.9) -> 6.9 (11.9) MB, pooled: 0.0 MB, 0.10 / 0.00 ms (average mu = 0.936, current mu = 0.936) allocation failure; 
[11144:000001C1FA9F7000]     2419 ms: Scavenge (during sweeping) 8.7 (12.4) -> 6.7 (12.4) MB, pooled: 0.0 MB, 0.11 / 0.00 ms (average mu = 0.969, current mu = 0.969) allocation failure; 
[11144:000001C1FAB12000]     2450 ms: Scavenge (during sweeping) 8.9 (12.6) -> 6.9 (12.6) MB, pooled: 0.0 MB, 0.12 / 0.00 ms (average mu = 0.941, current mu = 0.941) allocation failure; 
[11144:000001C1FA96A000]     2457 ms: Scavenge (during sweeping) 8.8 (11.9) -> 6.8 (11.9) MB, pooled: 0.0 MB, 0.12 / 0.00 ms (average mu = 0.940, current mu = 0.940) allocation failure; 
[11144:000001C48AE56000]     2459 ms: Scavenge (during sweeping) 9.0 (12.4) -> 7.0 (12.4) MB, pooled: 0.0 MB, 0.09 / 0.00 ms (average mu = 0.952, current mu = 0.952) allocation failure; 
[11144:000001C1FAC3C000]     2467 ms: Scavenge (during sweeping) 9.0 (11.9) -> 7.0 (11.9) MB, pooled: 0.0 MB, 0.07 / 0.00 ms (average mu = 0.941, current mu = 0.941) allocation failure; 
[11144:000001C48AF75000]     2471 ms: Scavenge (during sweeping) 8.9 (11.9) -> 6.9 (11.9) MB, pooled: 0.0 MB, 0.08 / 0.00 ms (average mu = 0.936, current mu = 0.936) allocation failure; 
[marking 0x01f714ddfe59 <JSFunction firstSetBitIndex32 (sfi = 000001F714DD4519)> for optimization to TURBOFAN_JS, ConcurrencyMode::kConcurrent, reason: hot and stable]
[compiling method 0x01f714ddfe59 <JSFunction firstSetBitIndex32 (sfi = 000001F714DD4519)> (target TURBOFAN_JS), mode: ConcurrencyMode::kConcurrent]
[completed compiling 0x01f714ddfe59 <JSFunction firstSetBitIndex32 (sfi = 000001F714DD4519)> (target TURBOFAN_JS) - took 0.005, 0.389, 0.017 ms]
[completed optimizing 0x01f714ddfe59 <JSFunction firstSetBitIndex32 (sfi = 000001F714DD4519)> (target TURBOFAN_JS)]
[11144:000001C48AF75000]     2552 ms: Scavenge (during sweeping) 8.9 (11.9) -> 6.9 (11.9) MB, pooled: 0.0 MB, 0.10 / 0.00 ms (average mu = 0.936, current mu = 0.936) allocation failure; 
[11144:000001C1FA9F7000]     2558 ms: Scavenge (during sweeping) 8.7 (12.4) -> 6.7 (12.4) MB, pooled: 0.0 MB, 0.13 / 0.00 ms (average mu = 0.969, current mu = 0.969) allocation failure; 
[11144:000001C1FAB12000]     2566 ms: Scavenge (during sweeping) 8.9 (12.6) -> 6.9 (12.6) MB, pooled: 0.0 MB, 0.11 / 0.00 ms (average mu = 0.941, current mu = 0.941) allocation failure; 
[11144:000001C1FA96A000]     2579 ms: Scavenge (during sweeping) 8.8 (11.9) -> 6.8 (11.9) MB, pooled: 0.0 MB, 0.08 / 0.00 ms (average mu = 0.940, current mu = 0.940) allocation failure; 
[11144:000001C48AE56000]     2578 ms: Scavenge (during sweeping) 9.0 (12.4) -> 7.0 (12.4) MB, pooled: 0.0 MB, 0.08 / 0.00 ms (average mu = 0.952, current mu = 0.952) allocation failure; 
[11144:000001C1FAC3C000]     2584 ms: Scavenge (during sweeping) 9.0 (11.9) -> 7.0 (11.9) MB, pooled: 0.0 MB, 0.08 / 0.00 ms (average mu = 0.941, current mu = 0.941) allocation failure; 
[11144:000001C1FA8F3000]     2586 ms: Scavenge (during sweeping) 8.8 (12.4) -> 6.8 (12.4) MB, pooled: 0.0 MB, 0.14 / 0.00 ms (average mu = 0.976, current mu = 0.976) allocation failure; 
[11144:000001C1FA9F7000]     2649 ms: Scavenge (during sweeping) 8.7 (12.4) -> 6.7 (12.4) MB, pooled: 0.0 MB, 0.10 / 0.00 ms (average mu = 0.969, current mu = 0.969) allocation failure; 
[11144:000001C48AF75000]     2651 ms: Scavenge (during sweeping) 8.9 (11.9) -> 6.9 (11.9) MB, pooled: 0.0 MB, 0.08 / 0.00 ms (average mu = 0.936, current mu = 0.936) allocation failure; 
[11144:000001C1FA96A000]     2675 ms: Scavenge (during sweeping) 8.8 (11.9) -> 6.8 (11.9) MB, pooled: 0.0 MB, 0.10 / 0.00 ms (average mu = 0.940, current mu = 0.940) allocation failure; 
[11144:000001C1FAB12000]     2676 ms: Scavenge (during sweeping) 8.9 (12.6) -> 6.9 (12.6) MB, pooled: 0.0 MB, 0.09 / 0.00 ms (average mu = 0.941, current mu = 0.941) allocation failure; 
[11144:000001C1FAC3C000]     2677 ms: Scavenge (during sweeping) 9.0 (11.9) -> 7.0 (11.9) MB, pooled: 0.0 MB, 0.11 / 0.00 ms (average mu = 0.941, current mu = 0.941) allocation failure; 
[11144:000001C48AE56000]     2694 ms: Scavenge (during sweeping) 9.0 (12.4) -> 7.0 (12.4) MB, pooled: 0.0 MB, 0.10 / 0.00 ms (average mu = 0.952, current mu = 0.952) allocation failure; 
[11144:000001C1FA9F7000]     2741 ms: Scavenge (during sweeping) 8.7 (12.4) -> 6.7 (12.4) MB, pooled: 0.0 MB, 0.10 / 0.00 ms (average mu = 0.969, current mu = 0.969) allocation failure; 
[11144:000001C1FA96A000]     2765 ms: Scavenge (during sweeping) 8.8 (11.9) -> 6.8 (11.9) MB, pooled: 0.0 MB, 0.10 / 0.00 ms (average mu = 0.940, current mu = 0.940) allocation failure; 
[11144:000001C48AF75000]     2764 ms: Scavenge (during sweeping) 8.9 (11.9) -> 6.9 (11.9) MB, pooled: 0.0 MB, 0.08 / 0.00 ms (average mu = 0.936, current mu = 0.936) allocation failure; 
[11144:000001C1FAB12000]     2769 ms: Scavenge (during sweeping) 8.9 (12.6) -> 6.9 (12.6) MB, pooled: 0.0 MB, 0.08 / 0.00 ms (average mu = 0.941, current mu = 0.941) allocation failure; 
[11144:000001C1FAC3C000]     2787 ms: Scavenge (during sweeping) 9.0 (11.9) -> 7.0 (11.9) MB, pooled: 0.0 MB, 0.10 / 0.00 ms (average mu = 0.941, current mu = 0.941) allocation failure; 
[11144:000001C48AE56000]     2797 ms: Scavenge (during sweeping) 9.0 (12.4) -> 7.0 (12.4) MB, pooled: 0.0 MB, 0.09 / 0.00 ms (average mu = 0.952, current mu = 0.952) allocation failure; 
[11144:000001C1FA9F7000]     2806 ms: Scavenge (during sweeping) 8.7 (12.4) -> 6.7 (12.4) MB, pooled: 0.0 MB, 0.08 / 0.00 ms (average mu = 0.969, current mu = 0.969) allocation failure; 
[bailout (kind: deopt-eager, reason: Insufficient type feedback for generic named access): begin. deoptimizing 0x0053881c6cb1 <JSFunction deriveForkPreemption32 (sfi = 000002EDCC9D7D49)>, 0x0010951dad89 <Code TURBOFAN_JS>, opt id 100, bytecode offset 696, deopt exit 48, FP to SP delta 184, caller SP 0x0023779f92a0, pc 0x01c3fae27665]
[marking 0x0053881c6cb1 <JSFunction deriveForkPreemption32 (sfi = 000002EDCC9D7D49)> for optimization to MAGLEV, ConcurrencyMode::kConcurrent, reason: hot and stable]
[compiling method 0x0053881c6cb1 <JSFunction deriveForkPreemption32 (sfi = 000002EDCC9D7D49)> (target MAGLEV), mode: ConcurrencyMode::kConcurrent]
[completed compiling 0x0053881c6cb1 <JSFunction deriveForkPreemption32 (sfi = 000002EDCC9D7D49)> (target MAGLEV) - took 0.000, 0.882, 0.017 ms]
[11144:000001C1FAB12000]     2853 ms: Scavenge (during sweeping) 8.9 (12.6) -> 6.9 (12.6) MB, pooled: 0.0 MB, 0.09 / 0.00 ms (average mu = 0.941, current mu = 0.941) allocation failure; 
[11144:000001C1FA96A000]     2857 ms: Scavenge (during sweeping) 8.8 (11.9) -> 6.8 (11.9) MB, pooled: 0.0 MB, 0.12 / 0.00 ms (average mu = 0.940, current mu = 0.940) allocation failure; 
[11144:000001C1FA9F7000]     2868 ms: Scavenge (during sweeping) 8.7 (12.4) -> 6.7 (12.4) MB, pooled: 0.0 MB, 0.10 / 0.00 ms (average mu = 0.969, current mu = 0.969) allocation failure; 
[11144:000001C48AF75000]     2876 ms: Scavenge (during sweeping) 8.9 (11.9) -> 6.9 (11.9) MB, pooled: 0.0 MB, 0.09 / 0.00 ms (average mu = 0.936, current mu = 0.936) allocation failure; 
[11144:000001C1FAC3C000]     2877 ms: Scavenge (during sweeping) 9.0 (11.9) -> 7.0 (11.9) MB, pooled: 0.0 MB, 0.08 / 0.00 ms (average mu = 0.941, current mu = 0.941) allocation failure; 
[marking 0x0053881c6cb1 <JSFunction deriveForkPreemption32 (sfi = 000002EDCC9D7D49)> for optimization to TURBOFAN_JS, ConcurrencyMode::kConcurrent, reason: hot and stable]
[compiling method 0x0053881c6cb1 <JSFunction deriveForkPreemption32 (sfi = 000002EDCC9D7D49)> (target TURBOFAN_JS), mode: ConcurrencyMode::kConcurrent]
[completed compiling 0x0053881c6cb1 <JSFunction deriveForkPreemption32 (sfi = 000002EDCC9D7D49)> (target TURBOFAN_JS) - took 0.004, 6.897, 0.055 ms]
[completed optimizing 0x0053881c6cb1 <JSFunction deriveForkPreemption32 (sfi = 000002EDCC9D7D49)> (target TURBOFAN_JS)]
[11144:000001C48AE56000]     2911 ms: Scavenge (during sweeping) 9.0 (12.4) -> 7.0 (12.4) MB, pooled: 0.0 MB, 0.10 / 0.00 ms (average mu = 0.952, current mu = 0.952) allocation failure; 
[11144:000001C1FA96A000]     2924 ms: Scavenge (during sweeping) 8.8 (11.9) -> 6.9 (11.9) MB, pooled: 0.0 MB, 0.20 / 0.00 ms (average mu = 0.940, current mu = 0.940) allocation failure; 
[11144:000001C1FAB12000]     2925 ms: Scavenge (during sweeping) 8.9 (12.6) -> 6.9 (12.6) MB, pooled: 0.0 MB, 0.08 / 0.00 ms (average mu = 0.941, current mu = 0.941) allocation failure; 
[11144:000001C1FA9F7000]     2944 ms: Scavenge (during sweeping) 8.7 (12.4) -> 6.7 (12.4) MB, pooled: 0.0 MB, 0.13 / 0.00 ms (average mu = 0.969, current mu = 0.969) allocation failure; 
[11144:000001C1FAC3C000]     2970 ms: Scavenge (during sweeping) 9.0 (11.9) -> 7.0 (11.9) MB, pooled: 0.0 MB, 0.09 / 0.00 ms (average mu = 0.941, current mu = 0.941) allocation failure; 
[bailout (kind: deopt-eager, reason: Insufficient type feedback for binary operation): begin. deoptimizing 0x003d012db849 <JSFunction deriveForkPreemption32 (sfi = 000001F714DD3179)>, 0x01149b570059 <Code TURBOFAN_JS>, opt id 73, bytecode offset 548, deopt exit 12, FP to SP delta 240, caller SP 0x0023771fb3d0, pc 0x01c1c02742c0]
[marking 0x003d012db849 <JSFunction deriveForkPreemption32 (sfi = 000001F714DD3179)> for optimization to MAGLEV, ConcurrencyMode::kConcurrent, reason: hot and stable]
[compiling method 0x003d012db849 <JSFunction deriveForkPreemption32 (sfi = 000001F714DD3179)> (target MAGLEV), mode: ConcurrencyMode::kConcurrent]
[completed compiling 0x003d012db849 <JSFunction deriveForkPreemption32 (sfi = 000001F714DD3179)> (target MAGLEV) - took 0.001, 0.944, 0.016 ms]
[11144:000001C1FA96A000]     2983 ms: Scavenge (during sweeping) 8.8 (11.9) -> 6.8 (11.9) MB, pooled: 0.0 MB, 0.12 / 0.00 ms (average mu = 0.940, current mu = 0.940) allocation failure; 
[11144:000001C1FAB12000]     2987 ms: Scavenge (during sweeping) 8.9 (12.6) -> 6.9 (12.6) MB, pooled: 0.0 MB, 0.07 / 0.00 ms (average mu = 0.941, current mu = 0.941) allocation failure; 
[11144:000001C48AF75000]     3013 ms: Scavenge (during sweeping) 8.9 (11.9) -> 6.9 (11.9) MB, pooled: 0.0 MB, 0.13 / 0.00 ms (average mu = 0.936, current mu = 0.936) allocation failure; 
[11144:000001C48AE56000]     3042 ms: Scavenge (during sweeping) 9.0 (12.4) -> 7.0 (12.4) MB, pooled: 0.0 MB, 0.10 / 0.00 ms (average mu = 0.952, current mu = 0.952) allocation failure; 
[11144:000001C1FAB12000]     3058 ms: Scavenge (during sweeping) 8.9 (12.6) -> 6.9 (12.6) MB, pooled: 0.0 MB, 0.09 / 0.00 ms (average mu = 0.941, current mu = 0.941) allocation failure; 
[11144:000001C1FA96A000]     3062 ms: Scavenge (during sweeping) 8.8 (11.9) -> 6.8 (11.9) MB, pooled: 0.0 MB, 0.08 / 0.00 ms (average mu = 0.940, current mu = 0.940) allocation failure; 
[11144:000001C1FA9F7000]     3065 ms: Scavenge (during sweeping) 8.7 (12.4) -> 6.7 (12.4) MB, pooled: 0.0 MB, 0.09 / 0.00 ms (average mu = 0.969, current mu = 0.969) allocation failure; 
[marking 0x02e458550f81 <JSFunction hasHooks (sfi = 000000E4C63E08A1)> for optimization to MAGLEV, ConcurrencyMode::kConcurrent, reason: hot and stable]
[marking 0x003d012db849 <JSFunction deriveForkPreemption32 (sfi = 000001F714DD3179)> for optimization to TURBOFAN_JS, ConcurrencyMode::kConcurrent, reason: hot and stable]
[compiling method 0x003d012db849 <JSFunction deriveForkPreemption32 (sfi = 000001F714DD3179)> (target TURBOFAN_JS), mode: ConcurrencyMode::kConcurrent]
[compiling method 0x02e458550f81 <JSFunction hasHooks (sfi = 000000E4C63E08A1)> (target MAGLEV), mode: ConcurrencyMode::kConcurrent]
[completed compiling 0x003d012db849 <JSFunction deriveForkPreemption32 (sfi = 000001F714DD3179)> (target TURBOFAN_JS) - took 0.006, 3.574, 0.047 ms]
[completed optimizing 0x003d012db849 <JSFunction deriveForkPreemption32 (sfi = 000001F714DD3179)> (target TURBOFAN_JS)]
[11144:000001C1FAC3C000]     3081 ms: Scavenge (during sweeping) 9.0 (11.9) -> 7.0 (11.9) MB, pooled: 0.0 MB, 0.09 / 0.00 ms (average mu = 0.941, current mu = 0.941) allocation failure; 
[completed compiling 0x02e458550f81 <JSFunction hasHooks (sfi = 000000E4C63E08A1)> (target MAGLEV) - took 0.000, 0.111, 0.003 ms]
[11144:000001C48AF75000]     3097 ms: Scavenge (during sweeping) 8.9 (11.9) -> 6.9 (11.9) MB, pooled: 0.0 MB, 0.10 / 0.00 ms (average mu = 0.936, current mu = 0.936) allocation failure; 
[11144:000001C1FA96A000]     3149 ms: Scavenge (during sweeping) 8.8 (11.9) -> 6.8 (11.9) MB, pooled: 0.0 MB, 0.09 / 0.00 ms (average mu = 0.940, current mu = 0.940) allocation failure; 
[11144:000001C1FAB12000]     3151 ms: Scavenge (during sweeping) 8.9 (12.6) -> 6.9 (12.6) MB, pooled: 0.0 MB, 0.07 / 0.00 ms (average mu = 0.941, current mu = 0.941) allocation failure; 
[11144:000001C1FA9F7000]     3151 ms: Scavenge (during sweeping) 8.7 (12.4) -> 6.7 (12.4) MB, pooled: 0.0 MB, 0.08 / 0.00 ms (average mu = 0.969, current mu = 0.969) allocation failure; 
[11144:000001C48AE56000]     3153 ms: Scavenge (during sweeping) 9.0 (12.4) -> 7.0 (12.4) MB, pooled: 0.0 MB, 0.08 / 0.00 ms (average mu = 0.952, current mu = 0.952) allocation failure; 
[11144:000001C1FAC3C000]     3168 ms: Scavenge (during sweeping) 9.0 (11.9) -> 7.0 (11.9) MB, pooled: 0.0 MB, 0.09 / 0.00 ms (average mu = 0.941, current mu = 0.941) allocation failure; 
[11144:000001C48AF75000]     3213 ms: Scavenge (during sweeping) 8.9 (11.9) -> 6.9 (11.9) MB, pooled: 0.0 MB, 0.09 / 0.00 ms (average mu = 0.936, current mu = 0.936) allocation failure; 
[11144:000001C1FA96A000]     3235 ms: Scavenge (during sweeping) 8.8 (11.9) -> 6.8 (11.9) MB, pooled: 0.0 MB, 0.09 / 0.00 ms (average mu = 0.940, current mu = 0.940) allocation failure; 
[11144:000001C1FA9F7000]     3258 ms: Scavenge (during sweeping) 8.7 (12.4) -> 6.7 (12.4) MB, pooled: 0.0 MB, 0.10 / 0.00 ms (average mu = 0.969, current mu = 0.969) allocation failure; 
[11144:000001C1FAB12000]     3264 ms: Scavenge (during sweeping) 8.9 (12.6) -> 6.9 (12.6) MB, pooled: 0.0 MB, 0.11 / 0.00 ms (average mu = 0.941, current mu = 0.941) allocation failure; 
[11144:000001C1FAC3C000]     3269 ms: Scavenge (during sweeping) 9.0 (11.9) -> 7.0 (11.9) MB, pooled: 0.0 MB, 0.12 / 0.00 ms (average mu = 0.941, current mu = 0.941) allocation failure; 
[11144:000001C48AE56000]     3272 ms: Scavenge (during sweeping) 9.0 (12.4) -> 7.0 (12.4) MB, pooled: 0.0 MB, 0.11 / 0.00 ms (average mu = 0.952, current mu = 0.952) allocation failure; 
[11144:000001C48AF75000]     3336 ms: Scavenge (during sweeping) 8.9 (11.9) -> 6.9 (11.9) MB, pooled: 0.0 MB, 0.13 / 0.00 ms (average mu = 0.936, current mu = 0.936) allocation failure; 
[11144:000001C1FA96A000]     3339 ms: Scavenge (during sweeping) 8.8 (11.9) -> 6.8 (11.9) MB, pooled: 0.0 MB, 0.08 / 0.00 ms (average mu = 0.940, current mu = 0.940) allocation failure; 
[11144:000001C1FAB12000]     3346 ms: Scavenge (during sweeping) 8.9 (12.6) -> 6.9 (12.6) MB, pooled: 0.0 MB, 0.12 / 0.00 ms (average mu = 0.941, current mu = 0.941) allocation failure; 
[11144:000001C1FA9F7000]     3379 ms: Scavenge (during sweeping) 8.7 (12.4) -> 6.7 (12.4) MB, pooled: 0.0 MB, 0.13 / 0.00 ms (average mu = 0.969, current mu = 0.969) allocation failure; 
[11144:000001C1FAC3C000]     3379 ms: Scavenge (during sweeping) 9.0 (11.9) -> 7.0 (11.9) MB, pooled: 0.0 MB, 0.17 / 0.00 ms (average mu = 0.941, current mu = 0.941) allocation failure; 
[11144:000001C48AE56000]     3391 ms: Scavenge (during sweeping) 9.0 (12.4) -> 7.0 (12.4) MB, pooled: 0.0 MB, 0.15 / 0.00 ms (average mu = 0.952, current mu = 0.952) allocation failure; 
[11144:000001C1FA8F3000]     3398 ms: Scavenge (during sweeping) 8.8 (12.4) -> 6.9 (12.4) MB, pooled: 0.0 MB, 0.16 / 0.00 ms (average mu = 0.976, current mu = 0.976) allocation failure; 
[11144:000001C48AF75000]     3432 ms: Scavenge (during sweeping) 8.9 (11.9) -> 6.9 (11.9) MB, pooled: 0.0 MB, 0.09 / 0.00 ms (average mu = 0.936, current mu = 0.936) allocation failure; 
[11144:000001C1FAC3C000]     3462 ms: Scavenge (during sweeping) 9.0 (11.9) -> 7.0 (11.9) MB, pooled: 0.0 MB, 0.10 / 0.00 ms (average mu = 0.941, current mu = 0.941) allocation failure; 
[11144:000001C1FAB12000]     3466 ms: Scavenge (during sweeping) 8.9 (12.6) -> 6.9 (12.6) MB, pooled: 0.0 MB, 0.08 / 0.00 ms (average mu = 0.941, current mu = 0.941) allocation failure; 
[11144:000001C1FA96A000]     3483 ms: Scavenge (during sweeping) 8.8 (11.9) -> 6.8 (11.9) MB, pooled: 0.0 MB, 0.09 / 0.00 ms (average mu = 0.940, current mu = 0.940) allocation failure; 
[11144:000001C48AE56000]     3503 ms: Scavenge (during sweeping) 9.0 (12.4) -> 7.0 (12.4) MB, pooled: 0.0 MB, 0.10 / 0.00 ms (average mu = 0.952, current mu = 0.952) allocation failure; 
[11144:000001C1FA9F7000]     3520 ms: Scavenge (during sweeping) 8.7 (12.4) -> 6.7 (12.4) MB, pooled: 0.0 MB, 0.10 / 0.00 ms (average mu = 0.969, current mu = 0.969) allocation failure; 
[11144:000001C48AF75000]     3557 ms: Scavenge (during sweeping) 8.9 (11.9) -> 6.9 (11.9) MB, pooled: 0.0 MB, 0.10 / 0.00 ms (average mu = 0.936, current mu = 0.936) allocation failure; 
[11144:000001C1FAC3C000]     3561 ms: Scavenge (during sweeping) 9.0 (11.9) -> 7.0 (11.9) MB, pooled: 0.0 MB, 0.09 / 0.00 ms (average mu = 0.941, current mu = 0.941) allocation failure; 
[11144:000001C48AE56000]     3618 ms: Scavenge (during sweeping) 9.0 (12.4) -> 7.0 (12.4) MB, pooled: 0.0 MB, 0.10 / 0.00 ms (average mu = 0.952, current mu = 0.952) allocation failure; 
[11144:000001C1FA96A000]     3623 ms: Scavenge (during sweeping) 8.8 (11.9) -> 6.8 (11.9) MB, pooled: 0.0 MB, 0.08 / 0.00 ms (average mu = 0.940, current mu = 0.940) allocation failure; 
[11144:000001C1FAB12000]     3624 ms: Scavenge (during sweeping) 8.9 (12.6) -> 6.9 (12.6) MB, pooled: 0.0 MB, 0.09 / 0.00 ms (average mu = 0.941, current mu = 0.941) allocation failure; 
[11144:000001C1FAC3C000]     3667 ms: Scavenge (during sweeping) 9.0 (11.9) -> 7.0 (11.9) MB, pooled: 0.0 MB, 0.10 / 0.00 ms (average mu = 0.941, current mu = 0.941) allocation failure; 
[11144:000001C1FA9F7000]     3683 ms: Scavenge (during sweeping) 8.7 (12.4) -> 6.7 (12.4) MB, pooled: 0.0 MB, 0.14 / 0.00 ms (average mu = 0.969, current mu = 0.969) allocation failure; 
[11144:000001C48AF75000]     3709 ms: Scavenge (during sweeping) 8.9 (11.9) -> 6.9 (11.9) MB, pooled: 0.0 MB, 0.13 / 0.00 ms (average mu = 0.936, current mu = 0.936) allocation failure; 
[11144:000001C48AE56000]     3710 ms: Scavenge (during sweeping) 9.0 (12.4) -> 7.0 (12.4) MB, pooled: 0.0 MB, 0.09 / 0.00 ms (average mu = 0.952, current mu = 0.952) allocation failure; 
[11144:000001C1FA96A000]     3729 ms: Scavenge (during sweeping) 8.8 (11.9) -> 6.8 (11.9) MB, pooled: 0.0 MB, 0.09 / 0.00 ms (average mu = 0.940, current mu = 0.940) allocation failure; 
[11144:000001C1FAB12000]     3737 ms: Scavenge (during sweeping) 8.9 (12.6) -> 6.9 (12.6) MB, pooled: 0.0 MB, 0.08 / 0.00 ms (average mu = 0.941, current mu = 0.941) allocation failure; 
[marking 0x02e458565171 <JSFunction peek (sfi = 000000E4C63EB551)> for optimization to MAGLEV, ConcurrencyMode::kConcurrent, reason: hot and stable]
[marking 0x02e458566501 <JSFunction peek (sfi = 000000E4C63EBE89)> for optimization to MAGLEV, ConcurrencyMode::kConcurrent, reason: hot and stable]
[11144:000001C1FAC3C000]     3780 ms: Scavenge (during sweeping) 9.0 (11.9) -> 7.0 (11.9) MB, pooled: 0.0 MB, 0.13 / 0.00 ms (average mu = 0.941, current mu = 0.941) allocation failure; 
[11144:000001C1FA9F7000]     3783 ms: Scavenge (during sweeping) 8.7 (12.4) -> 6.7 (12.4) MB, pooled: 0.0 MB, 0.08 / 0.00 ms (average mu = 0.969, current mu = 0.969) allocation failure; 
[compiling method 0x02e458566501 <JSFunction peek (sfi = 000000E4C63EBE89)> (target MAGLEV), mode: ConcurrencyMode::kConcurrent]
[compiling method 0x02e458565171 <JSFunction peek (sfi = 000000E4C63EB551)> (target MAGLEV), mode: ConcurrencyMode::kConcurrent]
[completed compiling 0x02e458565171 <JSFunction peek (sfi = 000000E4C63EB551)> (target MAGLEV) - took 0.000, 0.121, 0.006 ms]
[completed compiling 0x02e458566501 <JSFunction peek (sfi = 000000E4C63EBE89)> (target MAGLEV) - took 0.001, 0.154, 0.004 ms]
[11144:000001C48AE56000]     3805 ms: Scavenge (during sweeping) 9.0 (12.4) -> 7.0 (12.4) MB, pooled: 0.0 MB, 0.14 / 0.00 ms (average mu = 0.952, current mu = 0.952) allocation failure; 
[11144:000001C1FA96A000]     3810 ms: Scavenge (during sweeping) 8.8 (11.9) -> 6.8 (11.9) MB, pooled: 0.0 MB, 0.10 / 0.00 ms (average mu = 0.940, current mu = 0.940) allocation failure; 
[11144:000001C48AF75000]     3834 ms: Scavenge (during sweeping) 8.9 (11.9) -> 6.9 (11.9) MB, pooled: 0.0 MB, 0.10 / 0.00 ms (average mu = 0.936, current mu = 0.936) allocation failure; 
[11144:000001C1FAB12000]     3857 ms: Scavenge (during sweeping) 8.9 (12.6) -> 6.9 (12.6) MB, pooled: 0.0 MB, 0.10 / 0.00 ms (average mu = 0.941, current mu = 0.941) allocation failure; 
[bailout (kind: deopt-lazy, reason: (unknown)): begin. deoptimizing 0x03b557d7e799 <JSFunction searchCpcOnlyFrontier (sfi = 000001183D3FBC49)>, 0x00c6d03e2ca1 <Code TURBOFAN_JS>, opt id 85, bytecode offset 2072, deopt exit 286, FP to SP delta 568, caller SP 0x0023781fc488, pc 0x01c42ae3b0f0]
[11144:000001C1FAC3C000]     3897 ms: Scavenge (during sweeping) 9.0 (11.9) -> 7.0 (11.9) MB, pooled: 0.0 MB, 0.13 / 0.00 ms (average mu = 0.941, current mu = 0.941) allocation failure; 
[11144:000001C1FA96A000]     3902 ms: Scavenge (during sweeping) 8.8 (11.9) -> 6.8 (11.9) MB, pooled: 0.0 MB, 0.10 / 0.00 ms (average mu = 0.940, current mu = 0.940) allocation failure; 
[11144:000001C1FA9F7000]     3906 ms: Scavenge (during sweeping) 8.7 (12.4) -> 6.7 (12.4) MB, pooled: 0.0 MB, 0.10 / 0.00 ms (average mu = 0.969, current mu = 0.969) allocation failure; 
[11144:000001C48AE56000]     3918 ms: Scavenge (during sweeping) 9.0 (12.4) -> 7.0 (12.4) MB, pooled: 0.0 MB, 0.10 / 0.00 ms (average mu = 0.952, current mu = 0.952) allocation failure; 
[11144:000001C48AF75000]     3936 ms: Scavenge (during sweeping) 8.9 (11.9) -> 6.9 (11.9) MB, pooled: 0.0 MB, 0.14 / 0.00 ms (average mu = 0.936, current mu = 0.936) allocation failure; 
[11144:000001C1FAB12000]     3945 ms: Scavenge (during sweeping) 8.9 (12.6) -> 6.9 (12.6) MB, pooled: 0.0 MB, 0.10 / 0.00 ms (average mu = 0.941, current mu = 0.941) allocation failure; 
[11144:000001C1FA96A000]     3999 ms: Scavenge (during sweeping) 8.8 (11.9) -> 6.8 (11.9) MB, pooled: 0.0 MB, 0.10 / 0.00 ms (average mu = 0.940, current mu = 0.940) allocation failure; 
[11144:000001C48AF75000]     4020 ms: Scavenge (during sweeping) 8.9 (11.9) -> 6.9 (11.9) MB, pooled: 0.0 MB, 0.10 / 0.00 ms (average mu = 0.936, current mu = 0.936) allocation failure; 
[11144:000001C48AE56000]     4023 ms: Scavenge (during sweeping) 9.0 (12.4) -> 7.0 (12.4) MB, pooled: 0.0 MB, 0.09 / 0.00 ms (average mu = 0.952, current mu = 0.952) allocation failure; 
[11144:000001C1FA9F7000]     4037 ms: Scavenge (during sweeping) 8.7 (12.4) -> 6.7 (12.4) MB, pooled: 0.0 MB, 0.09 / 0.00 ms (average mu = 0.969, current mu = 0.969) allocation failure; 
[11144:000001C1FAC3C000]     4040 ms: Scavenge (during sweeping) 9.0 (11.9) -> 7.0 (11.9) MB, pooled: 0.0 MB, 0.09 / 0.00 ms (average mu = 0.941, current mu = 0.941) allocation failure; 
[11144:000001C1FAB12000]     4067 ms: Scavenge (during sweeping) 8.9 (12.6) -> 6.9 (12.6) MB, pooled: 0.0 MB, 0.09 / 0.00 ms (average mu = 0.941, current mu = 0.941) allocation failure; 
[11144:000001C48AE56000]     4096 ms: Scavenge (during sweeping) 9.0 (12.4) -> 7.0 (12.4) MB, pooled: 0.0 MB, 0.10 / 0.00 ms (average mu = 0.952, current mu = 0.952) allocation failure; 
[11144:000001C1FA96A000]     4101 ms: Scavenge (during sweeping) 8.8 (11.9) -> 6.8 (11.9) MB, pooled: 0.0 MB, 0.08 / 0.00 ms (average mu = 0.940, current mu = 0.940) allocation failure; 
[11144:000001C1FA9F7000]     4128 ms: Scavenge (during sweeping) 8.7 (12.4) -> 6.7 (12.4) MB, pooled: 0.0 MB, 0.10 / 0.00 ms (average mu = 0.969, current mu = 0.969) allocation failure; 
[11144:000001C48AF75000]     4150 ms: Scavenge (during sweeping) 8.9 (11.9) -> 6.9 (11.9) MB, pooled: 0.0 MB, 0.09 / 0.00 ms (average mu = 0.936, current mu = 0.936) allocation failure; 
[11144:000001C1FAC3C000]     4160 ms: Scavenge (during sweeping) 9.0 (11.9) -> 7.0 (11.9) MB, pooled: 0.0 MB, 0.10 / 0.00 ms (average mu = 0.941, current mu = 0.941) allocation failure; 
[11144:000001C1FAB12000]     4164 ms: Scavenge (during sweeping) 8.9 (12.6) -> 6.9 (12.6) MB, pooled: 0.0 MB, 0.08 / 0.00 ms (average mu = 0.941, current mu = 0.941) allocation failure; 
[11144:000001C48AE56000]     4187 ms: Scavenge (during sweeping) 9.0 (12.4) -> 7.0 (12.4) MB, pooled: 0.0 MB, 0.10 / 0.00 ms (average mu = 0.952, current mu = 0.952) allocation failure; 
[11144:000001C1FA96A000]     4210 ms: Scavenge (during sweeping) 8.8 (11.9) -> 6.8 (11.9) MB, pooled: 0.0 MB, 0.09 / 0.00 ms (average mu = 0.940, current mu = 0.940) allocation failure; 
[11144:000001C1FA8F3000]     4217 ms: Scavenge (during sweeping) 8.8 (12.4) -> 6.8 (12.4) MB, pooled: 0.0 MB, 0.09 / 0.00 ms (average mu = 0.976, current mu = 0.976) allocation failure; 
[11144:000001C1FA9F7000]     4230 ms: Scavenge (during sweeping) 8.7 (12.4) -> 6.7 (12.4) MB, pooled: 0.0 MB, 0.09 / 0.00 ms (average mu = 0.969, current mu = 0.969) allocation failure; 
[11144:000001C1FAC3C000]     4269 ms: Scavenge (during sweeping) 9.0 (11.9) -> 7.0 (11.9) MB, pooled: 0.0 MB, 0.09 / 0.00 ms (average mu = 0.941, current mu = 0.941) allocation failure; 
[11144:000001C1FAB12000]     4270 ms: Scavenge (during sweeping) 8.9 (12.6) -> 6.9 (12.6) MB, pooled: 0.0 MB, 0.11 / 0.00 ms (average mu = 0.941, current mu = 0.941) allocation failure; 
[11144:000001C48AE56000]     4283 ms: Scavenge (during sweeping) 9.0 (12.4) -> 7.0 (12.4) MB, pooled: 0.0 MB, 0.09 / 0.00 ms (average mu = 0.952, current mu = 0.952) allocation failure; 
[11144:000001C48AF75000]     4285 ms: Scavenge (during sweeping) 8.9 (11.9) -> 6.9 (11.9) MB, pooled: 0.0 MB, 0.08 / 0.00 ms (average mu = 0.936, current mu = 0.936) allocation failure; 
[11144:000001C1FA96A000]     4304 ms: Scavenge (during sweeping) 8.8 (11.9) -> 6.8 (11.9) MB, pooled: 0.0 MB, 0.09 / 0.00 ms (average mu = 0.940, current mu = 0.940) allocation failure; 
[11144:000001C1FA9F7000]     4364 ms: Scavenge (during sweeping) 8.7 (12.4) -> 6.7 (12.4) MB, pooled: 0.0 MB, 0.09 / 0.00 ms (average mu = 0.969, current mu = 0.969) allocation failure; 
[11144:000001C1FAC3C000]     4377 ms: Scavenge (during sweeping) 9.0 (11.9) -> 7.0 (11.9) MB, pooled: 0.0 MB, 0.09 / 0.00 ms (average mu = 0.941, current mu = 0.941) allocation failure; 
[11144:000001C1FAB12000]     4383 ms: Scavenge (during sweeping) 8.9 (12.6) -> 6.9 (12.6) MB, pooled: 0.0 MB, 0.08 / 0.00 ms (average mu = 0.941, current mu = 0.941) allocation failure; 
[11144:000001C48AF75000]     4399 ms: Scavenge (during sweeping) 8.9 (11.9) -> 6.9 (11.9) MB, pooled: 0.0 MB, 0.09 / 0.00 ms (average mu = 0.936, current mu = 0.936) allocation failure; 
[11144:000001C1FA96A000]     4404 ms: Scavenge (during sweeping) 8.8 (11.9) -> 6.8 (11.9) MB, pooled: 0.0 MB, 0.08 / 0.00 ms (average mu = 0.940, current mu = 0.940) allocation failure; 
[11144:000001C48AE56000]     4403 ms: Scavenge (during sweeping) 9.0 (12.4) -> 7.0 (12.4) MB, pooled: 0.0 MB, 0.09 / 0.00 ms (average mu = 0.952, current mu = 0.952) allocation failure; 
[11144:000001C1FA9F7000]     4460 ms: Scavenge (during sweeping) 8.7 (12.4) -> 6.7 (12.4) MB, pooled: 0.0 MB, 0.10 / 0.00 ms (average mu = 0.969, current mu = 0.969) allocation failure; 
[11144:000001C48AE56000]     4494 ms: Scavenge (during sweeping) 9.0 (12.4) -> 7.0 (12.4) MB, pooled: 0.0 MB, 0.10 / 0.00 ms (average mu = 0.952, current mu = 0.952) allocation failure; 
[11144:000001C48AF75000]     4507 ms: Scavenge (during sweeping) 8.9 (11.9) -> 6.9 (11.9) MB, pooled: 0.0 MB, 0.10 / 0.00 ms (average mu = 0.936, current mu = 0.936) allocation failure; 
[11144:000001C1FAC3C000]     4515 ms: Scavenge (during sweeping) 9.0 (11.9) -> 7.0 (11.9) MB, pooled: 0.0 MB, 0.08 / 0.00 ms (average mu = 0.941, current mu = 0.941) allocation failure; 
[11144:000001C1FAB12000]     4527 ms: Scavenge (during sweeping) 8.9 (12.6) -> 6.9 (12.6) MB, pooled: 0.0 MB, 0.09 / 0.00 ms (average mu = 0.941, current mu = 0.941) allocation failure; 
[11144:000001C1FA96A000]     4530 ms: Scavenge (during sweeping) 8.8 (11.9) -> 6.8 (11.9) MB, pooled: 0.0 MB, 0.08 / 0.00 ms (average mu = 0.940, current mu = 0.940) allocation failure; 
[11144:000001C48AE56000]     4572 ms: Scavenge (during sweeping) 9.0 (12.4) -> 7.0 (12.4) MB, pooled: 0.0 MB, 0.10 / 0.00 ms (average mu = 0.952, current mu = 0.952) allocation failure; 
[11144:000001C1FA9F7000]     4574 ms: Scavenge (during sweeping) 8.7 (12.4) -> 6.7 (12.4) MB, pooled: 0.0 MB, 0.09 / 0.00 ms (average mu = 0.969, current mu = 0.969) allocation failure; 
[11144:000001C48AF75000]     4627 ms: Scavenge (during sweeping) 8.9 (11.9) -> 6.9 (11.9) MB, pooled: 0.0 MB, 0.10 / 0.00 ms (average mu = 0.936, current mu = 0.936) allocation failure; 
[11144:000001C1FA96A000]     4638 ms: Scavenge (during sweeping) 8.8 (11.9) -> 6.8 (11.9) MB, pooled: 0.0 MB, 0.08 / 0.00 ms (average mu = 0.940, current mu = 0.940) allocation failure; 
[11144:000001C1FAC3C000]     4638 ms: Scavenge (during sweeping) 9.0 (11.9) -> 7.0 (11.9) MB, pooled: 0.0 MB, 0.11 / 0.00 ms (average mu = 0.941, current mu = 0.941) allocation failure; 
[11144:000001C1FAB12000]     4643 ms: Scavenge (during sweeping) 8.9 (12.6) -> 6.9 (12.6) MB, pooled: 0.0 MB, 0.09 / 0.00 ms (average mu = 0.941, current mu = 0.941) allocation failure; 
[11144:000001C1FA9F7000]     4673 ms: Scavenge (during sweeping) 8.7 (12.4) -> 6.7 (12.4) MB, pooled: 0.0 MB, 0.09 / 0.00 ms (average mu = 0.969, current mu = 0.969) allocation failure; 
[11144:000001C48AE56000]     4683 ms: Scavenge (during sweeping) 9.0 (12.4) -> 7.0 (12.4) MB, pooled: 0.0 MB, 0.10 / 0.00 ms (average mu = 0.952, current mu = 0.952) allocation failure; 
[11144:000001C1FA96A000]     4689 ms: Scavenge (during sweeping) 8.8 (11.9) -> 6.8 (11.9) MB, pooled: 0.0 MB, 0.09 / 0.00 ms (average mu = 0.940, current mu = 0.940) allocation failure; 
[11144:000001C1FAB12000]     4708 ms: Scavenge (during sweeping) 8.9 (12.6) -> 6.9 (12.6) MB, pooled: 0.0 MB, 0.14 / 0.00 ms (average mu = 0.941, current mu = 0.941) allocation failure; 
[11144:000001C48AF75000]     4742 ms: Scavenge (during sweeping) 8.9 (11.9) -> 6.9 (11.9) MB, pooled: 0.0 MB, 0.09 / 0.00 ms (average mu = 0.936, current mu = 0.936) allocation failure; 
[11144:000001C1FA96A000]     4750 ms: Scavenge (during sweeping) 8.8 (11.9) -> 6.8 (11.9) MB, pooled: 0.0 MB, 0.08 / 0.00 ms (average mu = 0.940, current mu = 0.940) allocation failure; 
[11144:000001C1FAC3C000]     4756 ms: Scavenge (during sweeping) 9.0 (11.9) -> 7.0 (11.9) MB, pooled: 0.0 MB, 0.08 / 0.00 ms (average mu = 0.941, current mu = 0.941) allocation failure; 
[11144:000001C1FAB12000]     4767 ms: Scavenge (during sweeping) 8.9 (12.6) -> 6.9 (12.6) MB, pooled: 0.0 MB, 0.09 / 0.00 ms (average mu = 0.941, current mu = 0.941) allocation failure; 
[11144:000001C1FA9F7000]     4779 ms: Scavenge (during sweeping) 8.7 (12.4) -> 6.7 (12.4) MB, pooled: 0.0 MB, 0.12 / 0.00 ms (average mu = 0.969, current mu = 0.969) allocation failure; 
[11144:000001C48AE56000]     4803 ms: Scavenge (during sweeping) 9.0 (12.4) -> 7.0 (12.4) MB, pooled: 0.0 MB, 0.10 / 0.00 ms (average mu = 0.952, current mu = 0.952) allocation failure; 
[11144:000001C1FA96A000]     4816 ms: Scavenge (during sweeping) 8.8 (11.9) -> 6.8 (11.9) MB, pooled: 0.0 MB, 0.10 / 0.00 ms (average mu = 0.940, current mu = 0.940) allocation failure; 
[11144:000001C1FAB12000]     4829 ms: Scavenge (during sweeping) 8.9 (12.6) -> 6.9 (12.6) MB, pooled: 0.0 MB, 0.09 / 0.00 ms (average mu = 0.941, current mu = 0.941) allocation failure; 
[11144:000001C1FAC3C000]     4835 ms: Scavenge (during sweeping) 9.0 (11.9) -> 7.0 (11.9) MB, pooled: 0.0 MB, 0.09 / 0.00 ms (average mu = 0.941, current mu = 0.941) allocation failure; 
[11144:000001C48AF75000]     4861 ms: Scavenge (during sweeping) 8.9 (11.9) -> 6.9 (11.9) MB, pooled: 0.0 MB, 0.10 / 0.00 ms (average mu = 0.936, current mu = 0.936) allocation failure; 
[11144:000001C1FA9F7000]     4876 ms: Scavenge (during sweeping) 8.7 (12.4) -> 6.7 (12.4) MB, pooled: 0.0 MB, 0.10 / 0.00 ms (average mu = 0.969, current mu = 0.969) allocation failure; 
[11144:000001C1FA96A000]     4881 ms: Scavenge (during sweeping) 8.8 (11.9) -> 6.8 (11.9) MB, pooled: 0.0 MB, 0.11 / 0.00 ms (average mu = 0.940, current mu = 0.940) allocation failure; 
[11144:000001C1FAB12000]     4905 ms: Scavenge (during sweeping) 8.9 (12.6) -> 6.9 (12.6) MB, pooled: 0.0 MB, 0.12 / 0.00 ms (average mu = 0.941, current mu = 0.941) allocation failure; 
[11144:000001C1FAC3C000]     4908 ms: Scavenge (during sweeping) 9.0 (11.9) -> 7.0 (11.9) MB, pooled: 0.0 MB, 0.12 / 0.00 ms (average mu = 0.941, current mu = 0.941) allocation failure; 
[11144:000001C48AE56000]     4909 ms: Scavenge (during sweeping) 9.0 (12.4) -> 7.0 (12.4) MB, pooled: 0.0 MB, 0.08 / 0.00 ms (average mu = 0.952, current mu = 0.952) allocation failure; 
[11144:000001C1FA96A000]     4942 ms: Scavenge (during sweeping) 8.8 (11.9) -> 6.8 (11.9) MB, pooled: 0.0 MB, 0.09 / 0.00 ms (average mu = 0.940, current mu = 0.940) allocation failure; 
[11144:000001C48AF75000]     4954 ms: Scavenge (during sweeping) 8.9 (11.9) -> 6.9 (11.9) MB, pooled: 0.0 MB, 0.08 / 0.00 ms (average mu = 0.936, current mu = 0.936) allocation failure; 
[11144:000001C1FAB12000]     4957 ms: Scavenge (during sweeping) 8.9 (12.6) -> 6.9 (12.6) MB, pooled: 0.0 MB, 0.12 / 0.00 ms (average mu = 0.941, current mu = 0.941) allocation failure; 
[11144:000001C1FA9F7000]     4961 ms: Scavenge (during sweeping) 8.7 (12.4) -> 6.7 (12.4) MB, pooled: 0.0 MB, 0.10 / 0.00 ms (average mu = 0.969, current mu = 0.969) allocation failure; 
[11144:000001C1FAC3C000]     4974 ms: Scavenge (during sweeping) 9.0 (11.9) -> 7.0 (11.9) MB, pooled: 0.0 MB, 0.13 / 0.00 ms (average mu = 0.941, current mu = 0.941) allocation failure; 
[11144:000001C48AE56000]     5001 ms: Scavenge (during sweeping) 9.0 (12.4) -> 7.0 (12.4) MB, pooled: 0.0 MB, 0.10 / 0.00 ms (average mu = 0.952, current mu = 0.952) allocation failure; 
[11144:000001C1FA96A000]     5005 ms: Scavenge (during sweeping) 8.8 (11.9) -> 6.8 (11.9) MB, pooled: 0.0 MB, 0.09 / 0.00 ms (average mu = 0.940, current mu = 0.940) allocation failure; 
[marking 0x03a2941fa119 <JSFunction processTimers (sfi = 000000E4C63DE331)> for optimization to MAGLEV, ConcurrencyMode::kConcurrent, reason: hot and stable]
[11144:000001C1FAB12000]     5022 ms: Scavenge (during sweeping) 8.9 (12.6) -> 6.9 (12.6) MB, pooled: 0.0 MB, 0.10 / 0.00 ms (average mu = 0.941, current mu = 0.941) allocation failure; 
[compiling method 0x03a2941fa119 <JSFunction processTimers (sfi = 000000E4C63DE331)> (target MAGLEV), mode: ConcurrencyMode::kConcurrent]
[11144:000001C1FA9F7000]     5030 ms: Scavenge (during sweeping) 8.7 (12.4) -> 6.7 (12.4) MB, pooled: 0.0 MB, 0.13 / 0.00 ms (average mu = 0.969, current mu = 0.969) allocation failure; 
[completed compiling 0x03a2941fa119 <JSFunction processTimers (sfi = 000000E4C63DE331)> (target MAGLEV) - took 0.000, 0.318, 0.014 ms]
[11144:000001C1FAC3C000]     5042 ms: Scavenge (during sweeping) 9.0 (11.9) -> 7.0 (11.9) MB, pooled: 0.0 MB, 0.09 / 0.00 ms (average mu = 0.941, current mu = 0.941) allocation failure; 
[11144:000001C1FA96A000]     5067 ms: Scavenge (during sweeping) 8.8 (11.9) -> 6.8 (11.9) MB, pooled: 0.0 MB, 0.09 / 0.00 ms (average mu = 0.940, current mu = 0.940) allocation failure; 
[11144:000001C48AF75000]     5080 ms: Scavenge (during sweeping) 8.9 (11.9) -> 6.9 (11.9) MB, pooled: 0.0 MB, 0.10 / 0.00 ms (average mu = 0.936, current mu = 0.936) allocation failure; 
[11144:000001C1FAB12000]     5086 ms: Scavenge (during sweeping) 8.9 (12.6) -> 6.9 (12.6) MB, pooled: 0.0 MB, 0.08 / 0.00 ms (average mu = 0.941, current mu = 0.941) allocation failure; 
[11144:000001C1FA8F3000]     5097 ms: Scavenge (during sweeping) 8.8 (12.4) -> 6.8 (12.4) MB, pooled: 0.0 MB, 0.12 / 0.00 ms (average mu = 0.976, current mu = 0.976) allocation failure; 
[11144:000001C1FA96A000]     5122 ms: Scavenge (during sweeping) 8.8 (11.9) -> 6.8 (11.9) MB, pooled: 0.0 MB, 0.10 / 0.00 ms (average mu = 0.940, current mu = 0.940) allocation failure; 
[11144:000001C1FAB12000]     5142 ms: Scavenge (during sweeping) 8.9 (12.6) -> 6.9 (12.6) MB, pooled: 0.0 MB, 0.10 / 0.00 ms (average mu = 0.941, current mu = 0.941) allocation failure; 
[11144:000001C1FAC3C000]     5143 ms: Scavenge (during sweeping) 9.0 (11.9) -> 7.0 (11.9) MB, pooled: 0.0 MB, 0.08 / 0.00 ms (average mu = 0.941, current mu = 0.941) allocation failure; 
[11144:000001C1FA9F7000]     5148 ms: Scavenge (during sweeping) 8.7 (12.4) -> 6.7 (12.4) MB, pooled: 0.0 MB, 0.08 / 0.00 ms (average mu = 0.969, current mu = 0.969) allocation failure; 
[11144:000001C48AE56000]     5150 ms: Scavenge (during sweeping) 9.0 (12.4) -> 7.0 (12.4) MB, pooled: 0.0 MB, 0.08 / 0.00 ms (average mu = 0.952, current mu = 0.952) allocation failure; 
[11144:000001C1FA96A000]     5178 ms: Scavenge (during sweeping) 8.8 (11.9) -> 6.8 (11.9) MB, pooled: 0.0 MB, 0.09 / 0.00 ms (average mu = 0.940, current mu = 0.940) allocation failure; 
[11144:000001C1FA9F7000]     5214 ms: Scavenge (during sweeping) 8.7 (12.4) -> 6.7 (12.4) MB, pooled: 0.0 MB, 0.13 / 0.00 ms (average mu = 0.969, current mu = 0.969) allocation failure; 
[11144:000001C1FAB12000]     5215 ms: Scavenge (during sweeping) 8.9 (12.6) -> 6.9 (12.6) MB, pooled: 0.0 MB, 0.09 / 0.00 ms (average mu = 0.941, current mu = 0.941) allocation failure; 
[11144:000001C1FAC3C000]     5234 ms: Scavenge (during sweeping) 9.0 (11.9) -> 7.0 (11.9) MB, pooled: 0.0 MB, 0.14 / 0.00 ms (average mu = 0.941, current mu = 0.941) allocation failure; 
[11144:000001C48AF75000]     5259 ms: Scavenge (during sweeping) 8.9 (11.9) -> 6.9 (11.9) MB, pooled: 0.0 MB, 0.10 / 0.00 ms (average mu = 0.936, current mu = 0.936) allocation failure; 
[11144:000001C1FA96A000]     5286 ms: Scavenge (during sweeping) 8.8 (11.9) -> 6.8 (11.9) MB, pooled: 0.0 MB, 0.10 / 0.00 ms (average mu = 0.940, current mu = 0.940) allocation failure; 
[11144:000001C1FAB12000]     5291 ms: Scavenge (during sweeping) 8.9 (12.6) -> 6.9 (12.6) MB, pooled: 0.0 MB, 0.21 / 0.00 ms (average mu = 0.941, current mu = 0.941) allocation failure; 
[11144:000001C1FAC3C000]     5314 ms: Scavenge (during sweeping) 9.0 (11.9) -> 7.0 (11.9) MB, pooled: 0.0 MB, 0.09 / 0.00 ms (average mu = 0.941, current mu = 0.941) allocation failure; 
[11144:000001C48AE56000]     5316 ms: Scavenge (during sweeping) 9.0 (12.4) -> 7.0 (12.4) MB, pooled: 0.0 MB, 0.12 / 0.00 ms (average mu = 0.952, current mu = 0.952) allocation failure; 
[marking 0x01f714ddfed9 <JSFunction popcount32 (sfi = 000001F714DD45A9)> for optimization to TURBOFAN_JS, ConcurrencyMode::kConcurrent, reason: hot and stable]
[compiling method 0x01f714ddfed9 <JSFunction popcount32 (sfi = 000001F714DD45A9)> (target TURBOFAN_JS), mode: ConcurrencyMode::kConcurrent]
[completed compiling 0x01f714ddfed9 <JSFunction popcount32 (sfi = 000001F714DD45A9)> (target TURBOFAN_JS) - took 0.005, 0.415, 0.021 ms]
[completed optimizing 0x01f714ddfed9 <JSFunction popcount32 (sfi = 000001F714DD45A9)> (target TURBOFAN_JS)]
[11144:000001C1FA9F7000]     5336 ms: Scavenge (during sweeping) 8.7 (12.4) -> 6.7 (12.4) MB, pooled: 0.0 MB, 0.12 / 0.00 ms (average mu = 0.969, current mu = 0.969) allocation failure; 
[11144:000001C1FAB12000]     5377 ms: Scavenge (during sweeping) 8.9 (12.6) -> 6.9 (12.6) MB, pooled: 0.0 MB, 0.12 / 0.00 ms (average mu = 0.941, current mu = 0.941) allocation failure; 
[11144:000001C1FAC3C000]     5393 ms: Scavenge (during sweeping) 9.0 (11.9) -> 7.0 (11.9) MB, pooled: 0.0 MB, 0.09 / 0.00 ms (average mu = 0.941, current mu = 0.941) allocation failure; 
[11144:000001C1FA96A000]     5403 ms: Scavenge (during sweeping) 8.8 (11.9) -> 6.8 (11.9) MB, pooled: 0.0 MB, 0.09 / 0.00 ms (average mu = 0.940, current mu = 0.940) allocation failure; 
[11144:000001C48AF75000]     5416 ms: Scavenge (during sweeping) 8.9 (11.9) -> 6.9 (11.9) MB, pooled: 0.0 MB, 0.09 / 0.00 ms (average mu = 0.936, current mu = 0.936) allocation failure; 
[11144:000001C1FA9F7000]     5441 ms: Scavenge (during sweeping) 8.7 (12.4) -> 6.7 (12.4) MB, pooled: 0.0 MB, 0.13 / 0.00 ms (average mu = 0.969, current mu = 0.969) allocation failure; 
[11144:000001C1FAB12000]     5448 ms: Scavenge (during sweeping) 8.9 (12.6) -> 6.9 (12.6) MB, pooled: 0.0 MB, 0.08 / 0.00 ms (average mu = 0.941, current mu = 0.941) allocation failure; 
[11144:000001C1FAC3C000]     5468 ms: Scavenge (during sweeping) 9.0 (11.9) -> 7.0 (11.9) MB, pooled: 0.0 MB, 0.09 / 0.00 ms (average mu = 0.941, current mu = 0.941) allocation failure; 
[11144:000001C48AE56000]     5505 ms: Scavenge (during sweeping) 9.0 (12.4) -> 7.0 (12.4) MB, pooled: 0.0 MB, 0.10 / 0.00 ms (average mu = 0.952, current mu = 0.952) allocation failure; 
[11144:000001C1FA96A000]     5508 ms: Scavenge (during sweeping) 8.8 (11.9) -> 6.8 (11.9) MB, pooled: 0.0 MB, 0.12 / 0.00 ms (average mu = 0.940, current mu = 0.940) allocation failure; 
[11144:000001C1FAB12000]     5509 ms: Scavenge (during sweeping) 8.9 (12.6) -> 6.9 (12.6) MB, pooled: 0.0 MB, 0.10 / 0.00 ms (average mu = 0.941, current mu = 0.941) allocation failure; 
[11144:000001C1FA9F7000]     5521 ms: Scavenge (during sweeping) 8.7 (12.4) -> 6.7 (12.4) MB, pooled: 0.0 MB, 0.08 / 0.00 ms (average mu = 0.969, current mu = 0.969) allocation failure; 
[11144:000001C48AF75000]     5525 ms: Scavenge (during sweeping) 8.9 (11.9) -> 6.9 (11.9) MB, pooled: 0.0 MB, 0.08 / 0.00 ms (average mu = 0.936, current mu = 0.936) allocation failure; 
[11144:000001C1FAC3C000]     5558 ms: Scavenge (during sweeping) 9.0 (11.9) -> 7.0 (11.9) MB, pooled: 0.0 MB, 0.11 / 0.00 ms (average mu = 0.941, current mu = 0.941) allocation failure; 
[11144:000001C1FA9F7000]     5582 ms: Scavenge (during sweeping) 8.7 (12.4) -> 6.7 (12.4) MB, pooled: 0.0 MB, 0.12 / 0.00 ms (average mu = 0.969, current mu = 0.969) allocation failure; 
[11144:000001C1FAB12000]     5582 ms: Scavenge (during sweeping) 8.9 (12.6) -> 6.9 (12.6) MB, pooled: 0.0 MB, 0.08 / 0.00 ms (average mu = 0.941, current mu = 0.941) allocation failure; 
[11144:000001C1FA96A000]     5616 ms: Scavenge (during sweeping) 8.8 (11.9) -> 6.8 (11.9) MB, pooled: 0.0 MB, 0.09 / 0.00 ms (average mu = 0.940, current mu = 0.940) allocation failure; 
[11144:000001C1FAC3C000]     5621 ms: Scavenge (during sweeping) 9.0 (11.9) -> 7.0 (11.9) MB, pooled: 0.0 MB, 0.12 / 0.00 ms (average mu = 0.941, current mu = 0.941) allocation failure; 
[11144:000001C1FAB12000]     5640 ms: Scavenge (during sweeping) 8.9 (12.6) -> 6.9 (12.6) MB, pooled: 0.0 MB, 0.09 / 0.00 ms (average mu = 0.941, current mu = 0.941) allocation failure; 
[11144:000001C48AF75000]     5649 ms: Scavenge (during sweeping) 8.9 (11.9) -> 6.9 (11.9) MB, pooled: 0.0 MB, 0.08 / 0.00 ms (average mu = 0.936, current mu = 0.936) allocation failure; 
[11144:000001C48AE56000]     5659 ms: Scavenge (during sweeping) 9.0 (12.4) -> 7.0 (12.4) MB, pooled: 0.0 MB, 0.09 / 0.00 ms (average mu = 0.952, current mu = 0.952) allocation failure; 
[11144:000001C1FA9F7000]     5670 ms: Scavenge (during sweeping) 8.7 (12.4) -> 6.7 (12.4) MB, pooled: 0.0 MB, 0.08 / 0.00 ms (average mu = 0.969, current mu = 0.969) allocation failure; 
[11144:000001C1FAC3C000]     5692 ms: Scavenge (during sweeping) 9.0 (11.9) -> 7.0 (11.9) MB, pooled: 0.0 MB, 0.09 / 0.00 ms (average mu = 0.941, current mu = 0.941) allocation failure; 
[11144:000001C1FA96A000]     5703 ms: Scavenge (during sweeping) 8.8 (11.9) -> 6.8 (11.9) MB, pooled: 0.0 MB, 0.10 / 0.00 ms (average mu = 0.940, current mu = 0.940) allocation failure; 
[marking 0x02e458565869 <JSFunction exchange (sfi = 000000E4C63F7391)> for optimization to MAGLEV, ConcurrencyMode::kConcurrent, reason: hot and stable]
[marking 0x02e458551139 <JSFunction emitBeforeScript (sfi = 000000E4C63E0E19)> for optimization to MAGLEV, ConcurrencyMode::kConcurrent, reason: hot and stable]
[marking 0x02e458551361 <JSFunction emitAfterScript (sfi = 000000E4C63E0EE1)> for optimization to MAGLEV, ConcurrencyMode::kConcurrent, reason: hot and stable]
[marking 0x02e458565819 <JSFunction set (sfi = 000000E4C63F72E1)> for optimization to MAGLEV, ConcurrencyMode::kConcurrent, reason: hot and stable]
[11144:000001C1FAB12000]     5709 ms: Scavenge (during sweeping) 8.9 (12.6) -> 6.9 (12.6) MB, pooled: 0.0 MB, 0.12 / 0.00 ms (average mu = 0.941, current mu = 0.941) allocation failure; 
[compiling method 0x02e458565869 <JSFunction exchange (sfi = 000000E4C63F7391)> (target MAGLEV), mode: ConcurrencyMode::kConcurrent]
[compiling method 0x02e458551139 <JSFunction emitBeforeScript (sfi = 000000E4C63E0E19)> (target MAGLEV), mode: ConcurrencyMode::kConcurrent]
[compiling method 0x02e458551361 <JSFunction emitAfterScript (sfi = 000000E4C63E0EE1)> (target MAGLEV), mode: ConcurrencyMode::kConcurrent]
[compiling method 0x02e458565819 <JSFunction set (sfi = 000000E4C63F72E1)> (target MAGLEV), mode: ConcurrencyMode::kConcurrent]
[completed compiling 0x02e458565869 <JSFunction exchange (sfi = 000000E4C63F7391)> (target MAGLEV) - took 0.001, 0.076, 0.003 ms]
[completed compiling 0x02e458551361 <JSFunction emitAfterScript (sfi = 000000E4C63E0EE1)> (target MAGLEV) - took 0.000, 0.075, 0.006 ms]
[completed compiling 0x02e458565819 <JSFunction set (sfi = 000000E4C63F72E1)> (target MAGLEV) - took 0.000, 0.023, 0.001 ms]
[completed compiling 0x02e458551139 <JSFunction emitBeforeScript (sfi = 000000E4C63E0E19)> (target MAGLEV) - took 0.000, 0.175, 0.001 ms]
[11144:000001C48AF75000]     5745 ms: Scavenge (during sweeping) 8.9 (11.9) -> 6.9 (11.9) MB, pooled: 0.0 MB, 0.10 / 0.00 ms (average mu = 0.936, current mu = 0.936) allocation failure; 
[11144:000001C1FAC3C000]     5748 ms: Scavenge (during sweeping) 9.0 (11.9) -> 7.0 (11.9) MB, pooled: 0.0 MB, 0.08 / 0.00 ms (average mu = 0.941, current mu = 0.941) allocation failure; 
[11144:000001C48AE56000]     5748 ms: Scavenge (during sweeping) 9.0 (12.4) -> 7.0 (12.4) MB, pooled: 0.0 MB, 0.12 / 0.00 ms (average mu = 0.952, current mu = 0.952) allocation failure; 
[11144:000001C1FA9F7000]     5757 ms: Scavenge (during sweeping) 8.7 (12.4) -> 6.7 (12.4) MB, pooled: 0.0 MB, 0.08 / 0.00 ms (average mu = 0.969, current mu = 0.969) allocation failure; 
[11144:000001C1FAB12000]     5783 ms: Scavenge (during sweeping) 8.9 (12.6) -> 6.9 (12.6) MB, pooled: 0.0 MB, 0.09 / 0.00 ms (average mu = 0.941, current mu = 0.941) allocation failure; 
[11144:000001C1FA96A000]     5806 ms: Scavenge (during sweeping) 8.8 (11.9) -> 6.8 (11.9) MB, pooled: 0.0 MB, 0.09 / 0.00 ms (average mu = 0.940, current mu = 0.940) allocation failure; 
[11144:000001C1FAC3C000]     5814 ms: Scavenge (during sweeping) 9.0 (11.9) -> 7.0 (11.9) MB, pooled: 0.0 MB, 0.09 / 0.00 ms (average mu = 0.941, c{"selectedProfile":"isomax-six-deep-one-wide-i5-12600k-20260927","execution":{"api":"runLazySmpConnect4Rba32","launcher":"tools/run-isomax.mjs","wideWorker":0,"deepWorkers":[1,2,3,4,5,6],"frontierStride":2,"releaseAtUnresolvedRootActions":1},"config":{"workers":7,"sharedCacheCapacity":4194304,"localCacheCapacity":1048576,"sharedSampleMask":0,"rootFrontier":true,"moves":"353335714","timeoutMs":30000},"status":"EXACT","rootWdl":-1,"move":4,"winner":2,"winnerMetrics":{"nodes":4641569,"cutoffs":1558253,"cacheHits":1263032,"cpcExact":158731,"cpcBounds":1098485,"cpcRestrictions":809602,"cpcForced":1303880,"cpcPrecursors":16769,"cpcProjectedForks":0,"frontCalls":0,"frontExact":0,"frontFailures":0,"frontSteps":0,"frontActionExact":0,"cofactors":4733342},"nodeCounts":[1695373,5151033,4641569,5227531,5006928,4653775,4461348],"workerTiming":[[120.888,0],[120.5938,0],[122.6463,6028.8319],[123.0977,0],[127.1636,0],[118.9629,0],[120.7474,0]],"frontierMetrics":[[0,0,0,0],[0,0,0,0],[1,0,0,6],[0,0,0,0],[0,0,0,0],[0,0,0,0],[0,0,0,0]],"sharedCacheHits":5426415,"sharedCacheStores":2178833,"sharedCacheStoreContention":14642,"sharedSampleMask":0,"completedWorkers":[0,0,1,0,0,0,0],"reflected":1,"elapsedMs":5987.2458,"errorCode":0,"errors":[],"cleanup":true,"workersExited":7,"requestedWorkers":7,"workersUsed":7,"sharedBytes":270203293,"wallMs":5989.3847,"cpuMs":42625,"bootstrapCycles":"248033147","setupCycles":"39842710","solveCycles":"157059520421","totalCycles":"157347396278","totalNodes":30837557,"nodeCountsExact":true,"cyclesPerNode":5093.124608444177,"nodesPerSecond":5148702.002728261,"firstStartMs":66.3598,"startSkewMs":8.200699999999998,"firstSearchToResultMs":5909.869,"afterResultMs":13.218899999999849,"cachePayloadBytes":716177420,"rss":402382848,"processPeakRssBytes":868986880}
urrent mu = 0.941) allocation failure; 
[11144:000001C48AF75000]     5819 ms: Scavenge (during sweeping) 8.9 (11.9) -> 6.9 (11.9) MB, pooled: 0.0 MB, 0.08 / 0.00 ms (average mu = 0.936, current mu = 0.936) allocation failure; 
[11144:000001C1FAB12000]     5830 ms: Scavenge (during sweeping) 8.9 (12.6) -> 6.9 (12.6) MB, pooled: 0.0 MB, 0.09 / 0.00 ms (average mu = 0.941, current mu = 0.941) allocation failure; 
[11144:000001C48AE56000]     5838 ms: Scavenge (during sweeping) 9.0 (12.4) -> 7.0 (12.4) MB, pooled: 0.0 MB, 0.08 / 0.00 ms (average mu = 0.952, current mu = 0.952) allocation failure; 
[11144:000001C1FA9F7000]     5842 ms: Scavenge (during sweeping) 8.7 (12.4) -> 6.7 (12.4) MB, pooled: 0.0 MB, 0.12 / 0.00 ms (average mu = 0.969, current mu = 0.969) allocation failure; 
[11144:000001C1FAC3C000]     5861 ms: Scavenge (during sweeping) 9.0 (11.9) -> 7.0 (11.9) MB, pooled: 0.0 MB, 0.10 / 0.00 ms (average mu = 0.941, current mu = 0.941) allocation failure; 
[11144:000001C1FAB12000]     5890 ms: Scavenge (during sweeping) 8.9 (12.6) -> 6.9 (12.6) MB, pooled: 0.0 MB, 0.09 / 0.00 ms (average mu = 0.941, current mu = 0.941) allocation failure; 
[11144:000001C48AF75000]     5892 ms: Scavenge (during sweeping) 8.9 (11.9) -> 6.9 (11.9) MB, pooled: 0.0 MB, 0.09 / 0.00 ms (average mu = 0.936, current mu = 0.936) allocation failure; 
[11144:000001C1FA96A000]     5901 ms: Scavenge (during sweeping) 8.8 (11.9) -> 6.8 (11.9) MB, pooled: 0.0 MB, 0.08 / 0.00 ms (average mu = 0.940, current mu = 0.940) allocation failure; 
[11144:000001C1FAC3C000]     5907 ms: Scavenge (during sweeping) 9.0 (11.9) -> 7.0 (11.9) MB, pooled: 0.0 MB, 0.08 / 0.00 ms (average mu = 0.941, current mu = 0.941) allocation failure; 
[11144:000001C48AE56000]     5928 ms: Scavenge (during sweeping) 9.0 (12.4) -> 7.0 (12.4) MB, pooled: 0.0 MB, 0.09 / 0.00 ms (average mu = 0.952, current mu = 0.952) allocation failure; 
[11144:000001C1FA9F7000]     5935 ms: Scavenge (during sweeping) 8.7 (12.4) -> 6.7 (12.4) MB, pooled: 0.0 MB, 0.12 / 0.00 ms (average mu = 0.969, current mu = 0.969) allocation failure; 
[11144:000001C1FA96A000]     5973 ms: Scavenge (during sweeping) 8.4 (11.9) -> 6.8 (11.9) MB, pooled: 0.0 MB, 0.08 / 0.00 ms (average mu = 0.940, current mu = 0.940) allocation failure; 
[11144:000001C1FAB12000]     5973 ms: Scavenge (during sweeping) 8.9 (12.6) -> 6.9 (12.6) MB, pooled: 0.0 MB, 0.07 / 0.00 ms (average mu = 0.941, current mu = 0.941) allocation failure; 
[11144:000001C1FA8F3000]     5974 ms: Scavenge (during sweeping) 8.8 (12.4) -> 6.8 (12.4) MB, pooled: 0.0 MB, 0.10 / 0.00 ms (average mu = 0.976, current mu = 0.976) allocation failure; 
[11144:000001C1FAC3C000]     5972 ms: Scavenge 9.0 (11.9) -> 7.0 (11.9) MB, pooled: 0.0 MB, 0.06 / 0.00 ms (average mu = 0.941, current mu = 0.941) allocation failure; 

(node:11144) ExperimentalWarning: FFI is an experimental feature and might change at any time
(Use `node --trace-warnings ...` to show where the warning was created)
