[marking 0x00275a07ff19 <JSFunction isPathSeparator (sfi = 000002A97B8DC381)> for optimization to MAGLEV, ConcurrencyMode::kConcurrent, reason: hot and stable]
[compiling method 0x00275a07ff19 <JSFunction isPathSeparator (sfi = 000002A97B8DC381)> (target MAGLEV), mode: ConcurrencyMode::kConcurrent]
[completed compiling 0x00275a07ff19 <JSFunction isPathSeparator (sfi = 000002A97B8DC381)> (target MAGLEV) - took 0.000, 0.250, 0.003 ms]
[marking 0x007ce66c00c1 <JSFunction normalizeString (sfi = 000002A97B8DC659)> for optimization to MAGLEV, ConcurrencyMode::kConcurrent, reason: hot and stable]
[compiling method 0x007ce66c00c1 <JSFunction normalizeString (sfi = 000002A97B8DC659)> (target MAGLEV), mode: ConcurrencyMode::kConcurrent]
[completed compiling 0x007ce66c00c1 <JSFunction normalizeString (sfi = 000002A97B8DC659)> (target MAGLEV) - took 0.001, 0.765, 0.006 ms]
[marking 0x007ce66dbd61 <JSFunction nextPart (sfi = 000002A97B8F5451)> for optimization to MAGLEV, ConcurrencyMode::kConcurrent, reason: hot and stable]
[compiling method 0x007ce66dbd61 <JSFunction nextPart (sfi = 000002A97B8F5451)> (target MAGLEV), mode: ConcurrencyMode::kConcurrent]
[completed compiling 0x007ce66dbd61 <JSFunction nextPart (sfi = 000002A97B8F5451)> (target MAGLEV) - took 0.001, 0.137, 0.000 ms]
[marking 0x007ce66cb001 <JSFunction getPathFromURLWin32 (sfi = 000002A97B8E3E19)> for optimization to MAGLEV, ConcurrencyMode::kConcurrent, reason: hot and stable]
[compiling method 0x007ce66cb001 <JSFunction getPathFromURLWin32 (sfi = 000002A97B8E3E19)> (target MAGLEV), mode: ConcurrencyMode::kConcurrent]
[completed compiling 0x007ce66cb001 <JSFunction getPathFromURLWin32 (sfi = 000002A97B8E3E19)> (target MAGLEV) - took 0.001, 0.286, 0.005 ms]
[4600:00000204FCF54000]       33 ms: Scavenge 5.7 (6.6) -> 5.1 (7.1) MB, pooled: 0.0 MB, 0.29 / 0.00 ms (average mu = 1.000, current mu = 1.000) allocation failure; 
[marking 0x011f5743a499 <JSFunction (sfi = 00000155A4BE1F19)> for optimization to MAGLEV, ConcurrencyMode::kConcurrent, reason: hot and stable]
[compiling method 0x011f5743a499 <JSFunction (sfi = 00000155A4BE1F19)> (target MAGLEV), mode: ConcurrencyMode::kConcurrent]
[completed compiling 0x011f5743a499 <JSFunction (sfi = 00000155A4BE1F19)> (target MAGLEV) - took 0.000, 0.047, 0.001 ms]
[marking 0x007ce66c89a1 <JSFunction #ensureSearchParamsUpdated (sfi = 000002A97B8E1CF1)> for optimization to MAGLEV, ConcurrencyMode::kConcurrent, reason: hot and stable]
[compiling method 0x007ce66c89a1 <JSFunction #ensureSearchParamsUpdated (sfi = 000002A97B8E1CF1)> (target MAGLEV), mode: ConcurrencyMode::kConcurrent]
[completed compiling 0x007ce66c89a1 <JSFunction #ensureSearchParamsUpdated (sfi = 000002A97B8E1CF1)> (target MAGLEV) - took 0.000, 0.063, 0.002 ms]
[marking 0x011f57426979 <JSFunction get protocol (sfi = 000002A97B8E2251)> for optimization to MAGLEV, ConcurrencyMode::kConcurrent, reason: hot and stable]
[compiling method 0x011f57426979 <JSFunction get protocol (sfi = 000002A97B8E2251)> (target MAGLEV), mode: ConcurrencyMode::kConcurrent]
[completed compiling 0x011f57426979 <JSFunction get protocol (sfi = 000002A97B8E2251)> (target MAGLEV) - took 0.001, 0.111, 0.005 ms]
[marking 0x00257d5b4979 <JSFunction assert (sfi = 00000155A4BDAA61)> for optimization to MAGLEV, ConcurrencyMode::kConcurrent, reason: hot and stable]
[compiling method 0x00257d5b4979 <JSFunction assert (sfi = 00000155A4BDAA61)> (target MAGLEV), mode: ConcurrencyMode::kConcurrent]
[completed compiling 0x00257d5b4979 <JSFunction assert (sfi = 00000155A4BDAA61)> (target MAGLEV) - took 0.000, 0.040, 0.001 ms]
[4600:00000204FCF54000]       42 ms: Scavenge 5.8 (7.6) -> 5.4 (8.1) MB, pooled: 0.0 MB, 0.36 / 0.00 ms (average mu = 1.000, current mu = 1.000) allocation failure; 
[marking 0x028a673698e1 <JSFunction (sfi = 00000377D46AF8B1)> for optimization to MAGLEV, ConcurrencyMode::kConcurrent, reason: hot and stable]
[compiling method 0x028a67369d71 <JSFunction (sfi = 00000377D46AF8B1)> (target MAGLEV), mode: ConcurrencyMode::kConcurrent]
[completed compiling 0x028a67369d71 <JSFunction (sfi = 00000377D46AF8B1)> (target MAGLEV) - took 0.000, 0.055, 0.001 ms]
[marking 0x0204d34967d1 <JSFunction keyOf (sfi = 00000377D46AF869)> for optimization to MAGLEV, ConcurrencyMode::kConcurrent, reason: hot and stable]
[compiling method 0x0204d34967d1 <JSFunction keyOf (sfi = 00000377D46AF869)> (target MAGLEV), mode: ConcurrencyMode::kConcurrent]
[4600:00000204FCF54000]       45 ms: Scavenge 6.3 (8.1) -> 5.7 (8.6) MB, pooled: 0.0 MB, 0.20 / 0.00 ms (average mu = 1.000, current mu = 1.000) allocation failure; 
[completed compiling 0x0225ab5000d9 <JSFunction keyOf (sfi = 00000377D46AF869)> (target MAGLEV) - took 0.000, 0.274, 0.003 ms]
[marking 0x00cd740c9761 <JSFunction (sfi = 00000377D46AF8F9)> for optimization to MAGLEV, ConcurrencyMode::kConcurrent, reason: hot and stable]
[compiling method 0x00cd740c9761 <JSFunction (sfi = 00000377D46AF8F9)> (target MAGLEV), mode: ConcurrencyMode::kConcurrent]
[completed compiling 0x00cd740c9761 <JSFunction (sfi = 00000377D46AF8F9)> (target MAGLEV) - took 0.001, 0.140, 0.001 ms]
[marking 0x00b840232ff9 <JSFunction (sfi = 00000377D46AF941)> for optimization to MAGLEV, ConcurrencyMode::kConcurrent, reason: hot and stable]
[compiling method 0x00b840233489 <JSFunction (sfi = 00000377D46AF941)> (target MAGLEV), mode: ConcurrencyMode::kConcurrent]
[completed compiling 0x00b840233489 <JSFunction (sfi = 00000377D46AF941)> (target MAGLEV) - took 0.000, 0.042, 0.000 ms]
[marking 0x01d17f2d8c71 <JSFunction (sfi = 00000377D46AF989)> for optimization to MAGLEV, ConcurrencyMode::kConcurrent, reason: hot and stable]
[compiling method 0x01d17f2d9291 <JSFunction (sfi = 00000377D46AF989)> (target MAGLEV), mode: ConcurrencyMode::kConcurrent]
[completed compiling 0x01d17f2d9291 <JSFunction (sfi = 00000377D46AF989)> (target MAGLEV) - took 0.001, 0.071, 0.000 ms]
[4600:00000204FCF54000]       46 ms: Scavenge 7.5 (9.6) -> 5.8 (9.6) MB, pooled: 0.0 MB, 0.14 / 0.00 ms (average mu = 1.000, current mu = 1.000) allocation failure; 
[marking 0x01215227ac11 <JSFunction (sfi = 00000377D46AF9D1)> for optimization to MAGLEV, ConcurrencyMode::kConcurrent, reason: hot and stable]
[compiling method 0x01215227ac11 <JSFunction (sfi = 00000377D46AF9D1)> (target MAGLEV), mode: ConcurrencyMode::kConcurrent]
[completed compiling 0x01215227ac11 <JSFunction (sfi = 00000377D46AF9D1)> (target MAGLEV) - took 0.000, 0.022, 0.000 ms]
[marking 0x0132102b5ba1 <JSFunction prepareConnect4RbaGeometry (sfi = 0000025531951709)> for optimization to MAGLEV, ConcurrencyMode::kConcurrent, reason: hot and stable]
[compiling method 0x0132102b5ba1 <JSFunction prepareConnect4RbaGeometry (sfi = 0000025531951709)> (target MAGLEV) OSR, mode: ConcurrencyMode::kConcurrent]
[completed compiling 0x0132102b5ba1 <JSFunction prepareConnect4RbaGeometry (sfi = 0000025531951709)> (target MAGLEV) OSR - took 0.000, 0.611, 0.002 ms]
[compiling method 0x0132102b5ba1 <JSFunction prepareConnect4RbaGeometry (sfi = 0000025531951709)> (target TURBOFAN_JS) OSR, mode: ConcurrencyMode::kConcurrent]
[bailout (kind: deopt-eager, reason: Insufficient type feedback for binary operation): begin. deoptimizing 0x0132102b5ba1 <JSFunction prepareConnect4RbaGeometry (sfi = 0000025531951709)>, 0x01f90128ae01 <Code MAGLEV>, opt id 14, bytecode offset 3113, deopt exit 30, FP to SP delta 1056, caller SP 0x0015069feb60, pc 0x02048804f07c]
[completed compiling 0x0132102b5ba1 <JSFunction prepareConnect4RbaGeometry (sfi = 0000025531951709)> (target TURBOFAN_JS) OSR - took 0.006, 2.123, 0.011 ms]
[completed optimizing 0x0132102b5ba1 <JSFunction prepareConnect4RbaGeometry (sfi = 0000025531951709)> (target TURBOFAN_JS) OSR]
[marking 0x0304dfc47ca1 <JSFunction subsetDensePrepared (sfi = 0000025531959C99)> for optimization to MAGLEV, ConcurrencyMode::kConcurrent, reason: hot and stable]
[compiling method 0x0304dfc47ca1 <JSFunction subsetDensePrepared (sfi = 0000025531959C99)> (target MAGLEV), mode: ConcurrencyMode::kConcurrent]
[completed compiling 0x0304dfc47ca1 <JSFunction subsetDensePrepared (sfi = 0000025531959C99)> (target MAGLEV) - took 0.000, 0.064, 0.002 ms]
[marking 0x0132102b5ff1 <JSFunction emitSortedSetBits32 (sfi = 0000025531954579)> for optimization to MAGLEV, ConcurrencyMode::kConcurrent, reason: hot and stable]
[marking 0x0304dfc47ba1 <JSFunction removeDensePrepared (sfi = 0000025531959B79)> for optimization to MAGLEV, ConcurrencyMode::kConcurrent, reason: hot and stable]
[compiling method 0x0304dfc47ba1 <JSFunction removeDensePrepared (sfi = 0000025531959B79)> (target MAGLEV), mode: ConcurrencyMode::kConcurrent]
[compiling method 0x0132102b5ff1 <JSFunction emitSortedSetBits32 (sfi = 0000025531954579)> (target MAGLEV), mode: ConcurrencyMode::kConcurrent]
[marking 0x0132102b6729 <JSFunction connect4RbaCofactorKnownHeight (sfi = 0000025531953559)> for optimization to MAGLEV, ConcurrencyMode::kConcurrent, reason: hot and stable]
[marking 0x0304dfc47c21 <JSFunction prepareSubsetDense (sfi = 0000025531959C09)> for optimization to MAGLEV, ConcurrencyMode::kConcurrent, reason: hot and stable]
[compiling method 0x0304dfc47c21 <JSFunction prepareSubsetDense (sfi = 0000025531959C09)> (target MAGLEV), mode: ConcurrencyMode::kConcurrent]
[completed compiling 0x0304dfc47ba1 <JSFunction removeDensePrepared (sfi = 0000025531959B79)> (target MAGLEV) - took 0.000, 0.045, 0.002 ms]
[completed compiling 0x0304dfc47c21 <JSFunction prepareSubsetDense (sfi = 0000025531959C09)> (target MAGLEV) - took 0.000, 0.031, 0.001 ms]
[completed compiling 0x0132102b5ff1 <JSFunction emitSortedSetBits32 (sfi = 0000025531954579)> (target MAGLEV) - took 0.000, 0.190, 0.002 ms]
[marking 0x00257d5b8b51 <JSFunction wrappedFn (sfi = 00000155A4BD5F39)> for optimization to MAGLEV, ConcurrencyMode::kConcurrent, reason: hot and stable]
[compiling method 0x00257d5b8a81 <JSFunction wrappedFn (sfi = 00000155A4BD5F39)> (target MAGLEV), mode: ConcurrencyMode::kConcurrent]
[completed compiling 0x00257d5b8a81 <JSFunction wrappedFn (sfi = 00000155A4BD5F39)> (target MAGLEV) - took 0.000, 0.103, 0.002 ms]
[marking 0x007ce66e3e59 <JSFunction noop (sfi = 00000155A4BF4BF1)> for optimization to MAGLEV, ConcurrencyMode::kConcurrent, reason: hot and stable]
[compiling method 0x007ce66e3e59 <JSFunction noop (sfi = 00000155A4BF4BF1)> (target MAGLEV), mode: ConcurrencyMode::kConcurrent]
[completed compiling 0x007ce66e3e59 <JSFunction noop (sfi = 00000155A4BF4BF1)> (target MAGLEV) - took 0.000, 0.059, 0.002 ms]
[marking 0x0084c86cd541 <JSFunction getNewKey (sfi = 00000293D8D1DC21)> for optimization to MAGLEV, ConcurrencyMode::kConcurrent, reason: hot and stable]
[compiling method 0x0084c86cd541 <JSFunction getNewKey (sfi = 00000293D8D1DC21)> (target MAGLEV), mode: ConcurrencyMode::kConcurrent]
[completed compiling 0x0084c86cd541 <JSFunction getNewKey (sfi = 00000293D8D1DC21)> (target MAGLEV) - took 0.000, 0.165, 0.004 ms]
[marking 0x03b1ec18d541 <JSFunction getNewKey (sfi = 0000014477D1DC21)> for optimization to MAGLEV, ConcurrencyMode::kConcurrent, reason: hot and stable]
[compiling method 0x03b1ec18d541 <JSFunction getNewKey (sfi = 0000014477D1DC21)> (target MAGLEV), mode: ConcurrencyMode::kConcurrent]
[completed compiling 0x03b1ec18d541 <JSFunction getNewKey (sfi = 0000014477D1DC21)> (target MAGLEV) - took 0.001, 0.105, 0.003 ms]
[marking 0x021c183cd541 <JSFunction getNewKey (sfi = 0000012619A9DC21)> for optimization to MAGLEV, ConcurrencyMode::kConcurrent, reason: hot and stable]
[compiling method 0x021c183cd541 <JSFunction getNewKey (sfi = 0000012619A9DC21)> (target MAGLEV), mode: ConcurrencyMode::kConcurrent]
[completed compiling 0x021c183cd541 <JSFunction getNewKey (sfi = 0000012619A9DC21)> (target MAGLEV) - took 0.000, 0.202, 0.004 ms]
[4600:00000204FDA9C000]       10 ms: Scavenge 3.6 (4.1) -> 2.9 (4.6) MB, pooled: 0.0 MB, 0.23 / 0.00 ms (average mu = 1.000, current mu = 1.000) allocation failure; 
[4600:00000204FDB20000]       10 ms: Scavenge 3.6 (4.1) -> 2.9 (4.6) MB, pooled: 0.0 MB, 0.28 / 0.00 ms (average mu = 1.000, current mu = 1.000) allocation failure; 
[4600:00000204FDBA1000]       10 ms: Scavenge 3.6 (4.1) -> 2.8 (4.6) MB, pooled: 0.0 MB, 0.21 / 0.00 ms (average mu = 1.000, current mu = 1.000) allocation failure; 
[marking 0x003bd37cd541 [marking 0x03da4fa0d541 <JSFunction getNewKey (sfi = 0000019EA6BDDC21)> for optimization to MAGLEV, ConcurrencyMode::kConcurrent, reason: hot and stable]
<JSFunction getNewKey (sfi = 0000022CA015DC21)> for optimization to MAGLEV, ConcurrencyMode::kConcurrent, reason: hot and stable]
[compiling method 0x03da4fa0d541 <JSFunction getNewKey (sfi = 0000019EA6BDDC21)> (target MAGLEV), mode: ConcurrencyMode::kConcurrent]
[compiling method 0x003bd37cd541 <JSFunction getNewKey (sfi = 0000022CA015DC21)> (target MAGLEV), mode: ConcurrencyMode::kConcurrent]
[completed compiling 0x03da4fa0d541 <JSFunction getNewKey (sfi = 0000019EA6BDDC21)> (target MAGLEV) - took 0.000, 0.174, 0.003 ms]
[completed compiling 0x003bd37cd541 <JSFunction getNewKey (sfi = 0000022CA015DC21)> (target MAGLEV) - took 0.000, 0.153, 0.004 ms]
[marking 0x01e134c0d541 <JSFunction getNewKey (sfi = 0000025E9F9DDC21)> for optimization to MAGLEV, ConcurrencyMode::kConcurrent, reason: hot and stable]
[compiling method 0x01e134c0d541 <JSFunction getNewKey (sfi = 0000025E9F9DDC21)> (target MAGLEV), mode: ConcurrencyMode::kConcurrent]
[completed compiling 0x01e134c0d541 <JSFunction getNewKey (sfi = 0000025E9F9DDC21)> (target MAGLEV) - took 0.000, 0.167, 0.003 ms]
[marking 0x00bbaf74d541 <JSFunction getNewKey (sfi = 0000011F4D2DDC21)> for optimization to MAGLEV, ConcurrencyMode::kConcurrent, reason: hot and stable]
[compiling method 0x00bbaf74d541 <JSFunction getNewKey (sfi = 0000011F4D2DDC21)> (target MAGLEV), mode: ConcurrencyMode::kConcurrent]
[4600:000002078E0F9000]       10 ms: Scavenge 3.6 (4.1) -> 2.9 (4.6) MB, pooled: 0.0 MB, 0.24 / 0.00 ms (average mu = 1.000, current mu = 1.000) allocation failure; 
[completed compiling 0x00bbaf74d541 <JSFunction getNewKey (sfi = 0000011F4D2DDC21)> (target MAGLEV) - took 0.000, 0.196, 0.003 ms]
[4600:000002078E0C1000]       11 ms: Scavenge 3.6 (4.1) -> 2.9 (4.6) MB, pooled: 0.0 MB, 0.25 / 0.00 ms (average mu = 1.000, current mu = 1.000) allocation failure; 
[4600:00000204FDA9C000]       13 ms: Scavenge 3.8 (5.6) -> 3.5 (6.1) MB, pooled: 0.0 MB, 0.40 / 0.00 ms (average mu = 1.000, current mu = 1.000) allocation failure; 
[4600:00000204FDDF6000]       12 ms: Scavenge 3.6 (4.1) -> 2.8 (4.6) MB, pooled: 0.0 MB, 0.33 / 0.00 ms (average mu = 1.000, current mu = 1.000) allocation failure; 
[4600:00000204FDC81000]       12 ms: Scavenge 3.6 (4.1) -> 2.9 (4.6) MB, pooled: 0.0 MB, 0.27 / 0.00 ms (average mu = 1.000, current mu = 1.000) allocation failure; 
[4600:00000204FDBA1000]       13 ms: Scavenge 3.8 (5.6) -> 3.5 (6.1) MB, pooled: 0.0 MB, 0.32 / 0.00 ms (average mu = 1.000, current mu = 1.000) allocation failure; 
[4600:000002078E0F9000]       12 ms: Scavenge 3.8 (5.6) -> 3.5 (6.1) MB, pooled: 0.0 MB, 0.30 / 0.00 ms (average mu = 1.000, current mu = 1.000) allocation failure; 
[4600:00000204FDB20000]       14 ms: Scavenge 3.8 (5.6) -> 3.5 (6.1) MB, pooled: 0.0 MB, 0.41 / 0.00 ms (average mu = 1.000, current mu = 1.000) allocation failure; 
[4600:000002078E0C1000]       13 ms: Scavenge 3.8 (5.6) -> 3.5 (6.1) MB, pooled: 0.0 MB, 0.41 / 0.00 ms (average mu = 1.000, current mu = 1.000) allocation failure; 
[4600:00000204FDC81000]       14 ms: Scavenge 3.8 (5.6) -> 3.5 (6.1) MB, pooled: 0.0 MB, 0.29 / 0.00 ms (average mu = 1.000, current mu = 1.000) allocation failure; 
[4600:00000204FDDF6000]       14 ms: Scavenge 3.8 (5.6) -> 3.5 (6.1) MB, pooled: 0.0 MB, 0.43 / 0.00 ms (average mu = 1.000, current mu = 1.000) allocation failure; 
[marking 0x02e916d57529 <JSFunction (sfi = 000000B5FAEFFBF1)> for optimization to MAGLEV, ConcurrencyMode::kConcurrent, reason: hot and stable]
[compiling method 0x02e916d57529 <JSFunction (sfi = 000000B5FAEFFBF1)> (target MAGLEV), mode: ConcurrencyMode::kConcurrent]
[completed compiling 0x02e916d57529 <JSFunction (sfi = 000000B5FAEFFBF1)> (target MAGLEV) - took 0.000, 0.086, 0.001 ms]
[marking [marking 0x036c08f97b610x02c0796d6a29  <JSFunction (sfi = 0000016299154219)><JSFunction (sfi = 000001D9C5F42291)> for optimization to MAGLEV, ConcurrencyMode::kConcurrent, reason: hot and stable]
 for optimization to MAGLEV, ConcurrencyMode::kConcurrent, reason: hot and stable]
[compiling method [compiling method 0x036c08f97b61 <JSFunction (sfi = 000001D9C5F42291)> (target MAGLEV), mode: ConcurrencyMode::kConcurrent]
0x02c0796d6a29 [marking <JSFunction (sfi = 0000016299154219)> (target MAGLEV), mode: ConcurrencyMode::kConcurrent]
0x0157d9e1a279 <JSFunction (sfi = 000002B5031812D9)> for optimization to MAGLEV, ConcurrencyMode::kConcurrent, reason: hot and stable]
[compiling method 0x0157d9e1a279 <JSFunction (sfi = 000002B5031812D9)> (target MAGLEV), mode: ConcurrencyMode::kConcurrent]
[completed compiling 0x036c08f97b61 <JSFunction (sfi = 000001D9C5F42291)> (target MAGLEV) - took 0.001, 0.068, 0.001 ms]
[completed compiling [marking 0x02c0796d6a29 0x00925485bc81 [marking <JSFunction (sfi = 0000016299154219)><JSFunction (sfi = 000001CBC92D5451)> (target MAGLEV) for optimization to MAGLEV, ConcurrencyMode::kConcurrent, reason: hot and stable - took 0.001, 0.073, 0.000 ms]
]
[completed compiling 0x02e06275b089 0x0157d9e1a279 <JSFunction (sfi = 000002B5031812D9)> (target MAGLEV) - took 0.000, 0.079, 0.001 ms<JSFunction (sfi = 0000036185EF3BF9)>[compiling method ]
 for optimization to MAGLEV, ConcurrencyMode::kConcurrent, reason: hot and stable0x00925485bc81 ]
<JSFunction (sfi = 000001CBC92D5451)> (target MAGLEV), mode: ConcurrencyMode::kConcurrent]
[compiling method 0x02e06275b089 <JSFunction (sfi = 0000036185EF3BF9)> (target MAGLEV), mode: ConcurrencyMode::kConcurrent]
[completed compiling 0x00925485bc81 <JSFunction (sfi = 000001CBC92D5451)> (target MAGLEV) - took 0.001, 0.078, 0.001 ms]
[completed compiling 0x02e06275b089 <JSFunction (sfi = 0000036185EF3BF9)> (target MAGLEV) - took 0.001, 0.093, 0.002 ms]
[marking 0x000366f176e9 <JSFunction (sfi = 000001FDAD5B3C11)> for optimization to MAGLEV, ConcurrencyMode::kConcurrent, reason: hot and stable]
[compiling method 0x000366f176e9 <JSFunction (sfi = 000001FDAD5B3C11)> (target MAGLEV), mode: ConcurrencyMode::kConcurrent]
[completed compiling 0x000366f176e9 <JSFunction (sfi = 000001FDAD5B3C11)> (target MAGLEV) - took 0.000, 0.058, 0.001 ms]
[4600:00000204FDB20000]       23 ms: Scavenge 4.5 (6.9) -> 4.3 (7.4) MB, pooled: 0.0 MB, 0.53 / 0.00 ms (average mu = 1.000, current mu = 1.000) allocation failure; 
[4600:000002078E0F9000]       21 ms: Scavenge 4.5 (6.9) -> 4.3 (7.4) MB, pooled: 0.0 MB, 0.70 / 0.00 ms (average mu = 1.000, current mu = 1.000) allocation failure; 
[4600:00000204FDC81000]       22 ms: Scavenge 4.6 (6.6) -> 4.3 (7.4) MB, pooled: 0.0 MB, 0.64 / 0.00 ms (average mu = 1.000, current mu = 1.000) allocation failure; 
[4600:00000204FDA9C000]       23 ms: Scavenge 4.5 (6.6) -> 4.3 (7.4) MB, pooled: 0.0 MB, 0.49 / 0.00 ms (average mu = 1.000, current mu = 1.000) allocation failure; 
[4600:000002078E0C1000]       21 ms: Scavenge 4.6 (6.6) -> 4.3 (7.1) MB, pooled: 0.0 MB, 0.47 / 0.00 ms (average mu = 1.000, current mu = 1.000) allocation failure; 
[4600:00000204FDDF6000]       22 ms: Scavenge 4.6 (6.6) -> 4.3 (7.4) MB, pooled: 0.0 MB, 0.56 / 0.00 ms (average mu = 1.000, current mu = 1.000) allocation failure; 
[4600:00000204FDBA1000]       23 ms: Scavenge 4.5 (6.6) -> 4.3 (7.1) MB, pooled: 0.0 MB, 0.69 / 0.00 ms (average mu = 1.000, current mu = 1.000) allocation failure; 
[marking 0x01fc05dead79 <JSFunction next (sfi = 0000025E9F9E0BD1)> for optimization to MAGLEV, ConcurrencyMode::kConcurrent, reason: hot and stable]
[compiling method 0x01fc05dead79 <JSFunction next (sfi = 0000025E9F9E0BD1)> (target MAGLEV), mode: ConcurrencyMode::kConcurrent]
[marking 0x01d9c5f40621 <JSFunction next (sfi = 00000293D8D20BD1)> for optimization to MAGLEV, ConcurrencyMode::kConcurrent, reason: hot and stable]
[marking [compiling method 0x01d9c5f40621 0x037f9c880bb9<JSFunction next (sfi = 00000293D8D20BD1)>  (target MAGLEV), mode: ConcurrencyMode::kConcurrent]
<JSFunction next (sfi = 0000019EA6BE0BD1)> for optimization to MAGLEV, ConcurrencyMode::kConcurrent, reason: hot and stable]
[compiling method 0x037f9c880bb9 <JSFunction next (sfi = 0000019EA6BE0BD1)> (target MAGLEV), mode: ConcurrencyMode::kConcurrent]
[completed compiling [completed compiling [completed compiling 0x01d9c5f40621 0x037f9c880bb90x01fc05dead79  <JSFunction next (sfi = 00000293D8D20BD1)><JSFunction next (sfi = 0000019EA6BE0BD1)> (target MAGLEV) - took 0.000, 0.065, 0.003 ms[marking <JSFunction next (sfi = 0000025E9F9E0BD1)>]
 (target MAGLEV)[marking  (target MAGLEV) - took 0.000, 0.095, 0.003 ms0x00b5faeead79]
 - took 0.001, 0.037, 0.002 ms0x01cbc92c0549]
  <JSFunction next (sfi = 0000022CA0160BD1)> for optimization to MAGLEV, ConcurrencyMode::kConcurrent, reason: hot and stable[marking ]
<JSFunction next (sfi = 0000014477D20BD1)> for optimization to MAGLEV, ConcurrencyMode::kConcurrent, reason: hot and stable]
0x016299140bb9 <JSFunction next (sfi = 0000012619AA0BD1)> for optimization to MAGLEV, ConcurrencyMode::kConcurrent, reason: hot and stable]
[compiling method 0x00b5faeead79 <JSFunction next (sfi = 0000022CA0160BD1)> (target MAGLEV), mode: ConcurrencyMode::kConcurrent]
[compiling method 0x016299140bb9 <JSFunction next (sfi = 0000012619AA0BD1)> (target MAGLEV)[compiling method [marking , mode: ConcurrencyMode::kConcurrent0x01cbc92c0549]
 0x01a1cd9aad79<JSFunction next (sfi = 0000014477D20BD1)>  (target MAGLEV), mode: ConcurrencyMode::kConcurrent]
<JSFunction next (sfi = 0000011F4D2E0BD1)> for optimization to MAGLEV, ConcurrencyMode::kConcurrent, reason: hot and stable]
[compiling method 0x01a1cd9aad79 <JSFunction next (sfi = 0000011F4D2E0BD1)> (target MAGLEV), mode: ConcurrencyMode::kConcurrent]
[completed compiling 0x00b5faeead79 <JSFunction next (sfi = 0000022CA0160BD1)> (target MAGLEV) - took 0.000, 0.068, 0.003 ms]
[completed compiling 0x01a1cd9aad79 <JSFunction next (sfi = 0000011F4D2E0BD1)> (target MAGLEV) - took 0.000, 0.061, 0.002 ms]
[completed compiling 0x016299140bb9 <JSFunction next (sfi = 0000012619AA0BD1)> (target MAGLEV) - took 0.001, 0.021, 0.004 ms]
[completed compiling 0x01cbc92c0549 <JSFunction next (sfi = 0000014477D20BD1)> (target MAGLEV) - took 0.000, 0.061, 0.003 ms]
[marking 0x01fb6525b7b1 <JSFunction isPathSeparator (sfi = 000003CC1FEAF401)> for optimization to MAGLEV, ConcurrencyMode::kConcurrent, reason: hot and stable]
[marking 0x020092cdfc51 [compiling method 0x01fb6525b7b1 <JSFunction isPathSeparator (sfi = 0000028B3712CC09)> for optimization to MAGLEV, ConcurrencyMode::kConcurrent, reason: hot and stable]
<JSFunction isPathSeparator (sfi = 000003CC1FEAF401)> (target MAGLEV), mode: ConcurrencyMode::kConcurrent]
[compiling method 0x020092cdfc51 <JSFunction isPathSeparator (sfi = 0000028B3712CC09)> (target MAGLEV), mode: ConcurrencyMode::kConcurrent]
[marking 0x024d76358221 <JSFunction isPathSeparator (sfi = 0000024579DA4DC9)> for optimization to MAGLEV, ConcurrencyMode::kConcurrent, reason: hot and stable]
[compiling method 0x024d76358221 <JSFunction isPathSeparator (sfi = 0000024579DA4DC9)> (target MAGLEV), mode: ConcurrencyMode::kConcurrent]
[completed compiling [completed compiling 0x01fb6525b7b1 0x020092cdfc51 <JSFunction isPathSeparator (sfi = 000003CC1FEAF401)> (target MAGLEV) - took 0.000, 0.097, 0.001 ms<JSFunction isPathSeparator (sfi = 0000028B3712CC09)>]
 (target MAGLEV) - took 0.000, 0.083, 0.001 ms]
[completed compiling 0x024d76358221 <JSFunction isPathSeparator (sfi = 0000024579DA4DC9)> (target MAGLEV) - took 0.000, 0.080, 0.000 ms]
[marking 0x0149ca85d191 <JSFunction isPathSeparator (sfi = 0000016178DEA989)> for optimization to MAGLEV, ConcurrencyMode::kConcurrent, reason: hot and stable]
[compiling method 0x0149ca85d191 <JSFunction isPathSeparator (sfi = 0000016178DEA989)> (target MAGLEV), mode: ConcurrencyMode::kConcurrent]
[completed compiling 0x0149ca85d191 <JSFunction isPathSeparator (sfi = 0000016178DEA989)> (target MAGLEV) - took 0.000, 0.085, 0.001 ms]
[marking 0x030882edca79 <JSFunction isPathSeparator (sfi = 00000261777ADC41)> for optimization to MAGLEV, ConcurrencyMode::kConcurrent, reason: hot and stable]
[compiling method 0x030882edca79 <JSFunction isPathSeparator (sfi = 00000261777ADC41)> (target MAGLEV), mode: ConcurrencyMode::kConcurrent]
[completed compiling 0x030882edca79 <JSFunction isPathSeparator (sfi = 00000261777ADC41)> (target MAGLEV) - took 0.000, 0.059, 0.001 ms[marking ]
[marking 0x03edd4622db9 0x020f0e020721 <JSFunction isPathSeparator (sfi = 00000039632D6981)> for optimization to MAGLEV, ConcurrencyMode::kConcurrent, reason: hot and stable<JSFunction isPathSeparator (sfi = 000002F3C2DEB211)>]
 for optimization to MAGLEV, ConcurrencyMode::kConcurrent, reason: hot and stable]
[compiling method 0x03edd4622db9 [compiling method 0x020f0e020721 <JSFunction isPathSeparator (sfi = 00000039632D6981)> (target MAGLEV), mode: ConcurrencyMode::kConcurrent]
<JSFunction isPathSeparator (sfi = 000002F3C2DEB211)> (target MAGLEV), mode: ConcurrencyMode::kConcurrent]
[completed compiling 0x03edd4622db9 <JSFunction isPathSeparator (sfi = 00000039632D6981)> (target MAGLEV) - took 0.000, 0.053, 0.000 ms]
[completed compiling 0x020f0e020721 <JSFunction isPathSeparator (sfi = 000002F3C2DEB211)> (target MAGLEV) - took 0.000, 0.052, 0.001 ms]
[marking 0x0149ca85d291 <JSFunction normalizeString (sfi = 0000016178DEAAA9)> for optimization to MAGLEV, ConcurrencyMode::kConcurrent, reason: hot and stable]
[marking 0x020092cdfd51 <JSFunction normalizeString (sfi = 0000028B3712CD29)> for optimization to MAGLEV, ConcurrencyMode::kConcurrent, reason: hot and stable]
[marking 0x024d76358321 <JSFunction normalizeString (sfi = 0000024579DA4EE9)> for optimization to MAGLEV, ConcurrencyMode::kConcurrent, reason: hot and stable]
[marking 0x030882edcb79 <JSFunction normalizeString (sfi = 00000261777ADD61)> for optimization to MAGLEV, ConcurrencyMode::kConcurrent, reason: hot and stable]
[marking 0x01fb6525b8b1 <JSFunction normalizeString (sfi = 000003CC1FEAF521)> for optimization to MAGLEV, ConcurrencyMode::kConcurrent, reason: hot and stable]
[marking 0x03edd4622eb9 <JSFunction normalizeString (sfi = 00000039632D6AA1)> for optimization to MAGLEV, ConcurrencyMode::kConcurrent, reason: hot and stable]
[compiling method 0x0149ca85d291 <JSFunction normalizeString (sfi = 0000016178DEAAA9)> (target MAGLEV), mode: ConcurrencyMode::kConcurrent]
[compiling method 0x020092cdfd51 <JSFunction normalizeString (sfi = 0000028B3712CD29)> (target MAGLEV), mode: ConcurrencyMode::kConcurrent]
[compiling method 0x024d76358321 <JSFunction normalizeString (sfi = 0000024579DA4EE9)> (target MAGLEV), mode: ConcurrencyMode::kConcurrent]
[compiling method 0x030882edcb79 <JSFunction normalizeString (sfi = 00000261777ADD61)> (target MAGLEV), mode: ConcurrencyMode::kConcurrent]
[compiling method 0x01fb6525b8b1 <JSFunction normalizeString (sfi = 000003CC1FEAF521)> (target MAGLEV), mode: ConcurrencyMode::kConcurrent]
[compiling method 0x03edd4622eb9 <JSFunction normalizeString (sfi = 00000039632D6AA1)> (target MAGLEV), mode: ConcurrencyMode::kConcurrent]
[completed compiling 0x020092cdfd51 <JSFunction normalizeString (sfi = 0000028B3712CD29)> (target MAGLEV) - took 0.000, 0.414, 0.002 ms]
[completed compiling 0x0149ca85d291 <JSFunction normalizeString (sfi = 0000016178DEAAA9)> (target MAGLEV) - took 0.000, 0.466, 0.002 ms]
[completed compiling 0x024d76358321 <JSFunction normalizeString (sfi = 0000024579DA4EE9)> (target MAGLEV) - took 0.000, 0.457, 0.001 ms]
[marking 0x020f0e020821 <JSFunction normalizeString (sfi = 000002F3C2DEB331)> for optimization to MAGLEV, ConcurrencyMode::kConcurrent, reason: hot and stable]
[completed compiling 0x030882edcb79 <JSFunction normalizeString (sfi = 00000261777ADD61)> (target MAGLEV) - took 0.000, 0.428, 0.002 ms]
[completed compiling 0x01fb6525b8b1 <JSFunction normalizeString (sfi = 000003CC1FEAF521)> (target MAGLEV) - took 0.000, 0.254, 0.002 ms]
[completed compiling 0x03edd4622eb9 <JSFunction normalizeString (sfi = 00000039632D6AA1)> (target MAGLEV) - took 0.001, 0.262, 0.001 ms]
[compiling method 0x020f0e020821 <JSFunction normalizeString (sfi = 000002F3C2DEB331)> (target MAGLEV), mode: ConcurrencyMode::kConcurrent]
[completed compiling 0x020f0e020821 <JSFunction normalizeString (sfi = 000002F3C2DEB331)> (target MAGLEV) - took 0.000, 0.238, 0.002 ms]
[marking 0x023c82a79fe1 <JSFunction nextPart (sfi = 000003612023FA91)> for optimization to MAGLEV, ConcurrencyMode::kConcurrent, reason: hot and stable]
[compiling method 0x023c82a79fe1 <JSFunction nextPart (sfi = 000003612023FA91)> (target MAGLEV), mode: ConcurrencyMode::kConcurrent]
[completed compiling 0x023c82a79fe1 <JSFunction nextPart (sfi = 000003612023FA91)> (target MAGLEV) - took 0.000, 0.324, 0.002 ms]
[marking 0x0149ca85f009 <JSFunction getPathFromURLWin32 (sfi = 0000016178DF1C11)> for optimization to MAGLEV, ConcurrencyMode::kConcurrent, reason: hot and stable]
[marking 0x0259044bc4f1 <JSFunction nextPart (sfi = 00000347E1AA03E9)> for optimization to MAGLEV, ConcurrencyMode::kConcurrent, reason: hot and stable]
[compiling method 0x0259044bc4f1 <JSFunction nextPart (sfi = 00000347E1AA03E9)> (target MAGLEV), mode: ConcurrencyMode::kConcurrent]
[compiling method 0x0149ca85f009 <JSFunction getPathFromURLWin32 (sfi = 0000016178DF1C11)> (target MAGLEV), mode: ConcurrencyMode::kConcurrent]
[completed compiling 0x0259044bc4f1 <JSFunction nextPart (sfi = 00000347E1AA03E9)> (target MAGLEV) - took 0.001, 0.224, 0.001 ms]
[marking 0x01db3e5ffc59 <JSFunction nextPart (sfi = 0000018133043891)> for optimization to MAGLEV, ConcurrencyMode::kConcurrent, reason: hot and stable]
[compiling method 0x01db3e5ffc59 <JSFunction nextPart (sfi = 0000018133043891)> (target MAGLEV), mode: ConcurrencyMode::kConcurrent]
[completed compiling 0x01db3e5ffc59 <JSFunction nextPart (sfi = 0000018133043891)> (target MAGLEV) - took 0.000, 0.165, 0.001 ms]
[marking 0x00a5e4ab8059 <JSFunction nextPart (sfi = 000003DF83583F19)> for optimization to MAGLEV, ConcurrencyMode::kConcurrent, reason: hot and stable]
[completed compiling 0x0149ca85f009 <JSFunction getPathFromURLWin32 (sfi = 0000016178DF1C11)> (target MAGLEV) - took 0.000, 0.386, 0.005 ms[compiling method ]
0x00a5e4ab8059 <JSFunction nextPart (sfi = 000003DF83583F19)> (target MAGLEV), mode: ConcurrencyMode::kConcurrent]
[marking 0x020092ce1ac9 <JSFunction getPathFromURLWin32 (sfi = 0000028B37133E91)> for optimization to MAGLEV, ConcurrencyMode::kConcurrent, reason: hot and stable]
[marking 0x0190bc17d411 <JSFunction nextPart (sfi = 0000019F17FBF5A9)> for optimization to MAGLEV, ConcurrencyMode::kConcurrent, reason: hot and stable]
[compiling method 0x0190bc17d411 <JSFunction nextPart (sfi = 0000019F17FBF5A9)> (target MAGLEV), mode: ConcurrencyMode::kConcurrent]
[marking 0x02ae05079311 <JSFunction nextPart (sfi = 00000041E3C44019)> for optimization to MAGLEV, ConcurrencyMode::kConcurrent, reason: hot and stable]
[compiling method 0x02ae05079311 <JSFunction nextPart (sfi = 00000041E3C44019)> (target MAGLEV), mode: ConcurrencyMode::kConcurrent]
[compiling method 0x020092ce1ac9 <JSFunction getPathFromURLWin32 (sfi = 0000028B37133E91)> (target MAGLEV), mode: ConcurrencyMode::kConcurrent]
[marking 0x03edd4624c31 <JSFunction getPathFromURLWin32 (sfi = 00000039632DDC09)> for optimization to MAGLEV, ConcurrencyMode::kConcurrent, reason: hot and stable]
[completed compiling 0x0190bc17d411 <JSFunction nextPart (sfi = 0000019F17FBF5A9)> (target MAGLEV) - took 0.000, 0.160, 0.000 ms]
[completed compiling 0x00a5e4ab8059 <JSFunction nextPart (sfi = 000003DF83583F19)> (target MAGLEV) - took 0.000, 0.181, 0.001 ms]
[completed compiling 0x02ae05079311 <JSFunction nextPart (sfi = 00000041E3C44019)> (target MAGLEV) - took 0.000, 0.133, 0.001 ms]
[compiling method 0x03edd4624c31 <JSFunction getPathFromURLWin32 (sfi = 00000039632DDC09)> (target MAGLEV), mode: ConcurrencyMode::kConcurrent]
[completed compiling 0x020092ce1ac9 <JSFunction getPathFromURLWin32 (sfi = 0000028B37133E91)> (target MAGLEV) - took 0.001, 0.327, 0.004 ms]
[marking 0x03b99feb4ac9 <JSFunction nextPart (sfi = 000000015FF64661)> for optimization to MAGLEV, ConcurrencyMode::kConcurrent, reason: hot and stable]
[compiling method 0x03b99feb4ac9 <JSFunction nextPart (sfi = 000000015FF64661)> (target MAGLEV), mode: ConcurrencyMode::kConcurrent]
[completed compiling 0x03edd4624c31 <JSFunction getPathFromURLWin32 (sfi = 00000039632DDC09)> (target MAGLEV) - took 0.000, 0.270, 0.004 ms]
[marking 0x030882ede8f1 <JSFunction getPathFromURLWin32 (sfi = 00000261777B4EC9)> for optimization to MAGLEV, ConcurrencyMode::kConcurrent, reason: hot and stable]
[completed compiling 0x03b99feb4ac9 <JSFunction nextPart (sfi = 000000015FF64661)> (target MAGLEV) - took 0.001, 0.080, 0.001 ms]
[marking 0x01fb6525d629 <JSFunction getPathFromURLWin32 (sfi = 000003CC1FEB6689)> for optimization to MAGLEV, ConcurrencyMode::kConcurrent, reason: hot and stable]
[marking 0x020f0e022599 <JSFunction getPathFromURLWin32 (sfi = 000002F3C2DF2499)> for optimization to MAGLEV, ConcurrencyMode::kConcurrent, reason: hot and stable]
[compiling method 0x030882ede8f1 <JSFunction getPathFromURLWin32 (sfi = 00000261777B4EC9)> (target MAGLEV), mode: ConcurrencyMode::kConcurrent]
[compiling method 0x01fb6525d629 <JSFunction getPathFromURLWin32 (sfi = 000003CC1FEB6689)> (target MAGLEV), mode: ConcurrencyMode::kConcurrent]
[marking 0x024d7635a099 <JSFunction getPathFromURLWin32 (sfi = 0000024579DAC069)> for optimization to MAGLEV, ConcurrencyMode::kConcurrent, reason: hot and stable]
[compiling method 0x020f0e022599 <JSFunction getPathFromURLWin32 (sfi = 000002F3C2DF2499)> (target MAGLEV), mode: ConcurrencyMode::kConcurrent]
[completed compiling 0x030882ede8f1 <JSFunction getPathFromURLWin32 (sfi = 00000261777B4EC9)> (target MAGLEV) - took 0.000, 0.305, 0.005 ms]
[completed compiling 0x01fb6525d629 <JSFunction getPathFromURLWin32 (sfi = 000003CC1FEB6689)> (target MAGLEV) - took 0.000, 0.334, 0.003 ms[compiling method ]
0x024d7635a099 <JSFunction getPathFromURLWin32 (sfi = 0000024579DAC069)> (target MAGLEV), mode: ConcurrencyMode::kConcurrent]
[completed compiling 0x020f0e022599 <JSFunction getPathFromURLWin32 (sfi = 000002F3C2DF2499)> (target MAGLEV) - took 0.000, 0.321, 0.004 ms]
[completed compiling 0x024d7635a099 <JSFunction getPathFromURLWin32 (sfi = 0000024579DAC069)> (target MAGLEV) - took 0.000, 0.264, 0.005 ms]
[marking 0x00b94a4e9579 <JSFunction prepareWorkerBehaviorLoad32 (sfi = 000000B94A4C9A01)> for optimization to MAGLEV, ConcurrencyMode::kConcurrent, reason: hot and stable]
[compiling method 0x00b94a4e9579 <JSFunction prepareWorkerBehaviorLoad32 (sfi = 000000B94A4C9A01)> (target MAGLEV) OSR, mode: ConcurrencyMode::kConcurrent]
[completed compiling 0x00b94a4e9579 <JSFunction prepareWorkerBehaviorLoad32 (sfi = 000000B94A4C9A01)> (target MAGLEV) OSR - took 0.000, 0.185, 0.002 ms]
[compiling method 0x00b94a4e9579 <JSFunction prepareWorkerBehaviorLoad32 (sfi = 000000B94A4C9A01)> (target TURBOFAN_JS) OSR, mode: ConcurrencyMode::kConcurrent]
[marking 0x031411092ca1 <JSFunction prepareWorkerBehaviorLoad32 (sfi = 0000034CC2B72BE9)> for optimization to MAGLEV, ConcurrencyMode::kConcurrent, reason: hot and stable]
[compiling method 0x031411092ca1 <JSFunction prepareWorkerBehaviorLoad32 (sfi = 0000034CC2B72BE9)> (target MAGLEV) OSR, mode: ConcurrencyMode::kConcurrent]
[completed compiling 0x031411092ca1 <JSFunction prepareWorkerBehaviorLoad32 (sfi = 0000034CC2B72BE9)> (target MAGLEV) OSR - took 0.000, 0.150, 0.001 ms]
[compiling method 0x031411092ca1 <JSFunction prepareWorkerBehaviorLoad32 (sfi = 0000034CC2B72BE9)> (target TURBOFAN_JS) OSR, mode: ConcurrencyMode::kConcurrent]
[completed compiling 0x00b94a4e9579 <JSFunction prepareWorkerBehaviorLoad32 (sfi = 000000B94A4C9A01)> (target TURBOFAN_JS) OSR - took 0.001, 0.778, 0.006 ms]
[completed optimizing 0x00b94a4e9579 <JSFunction prepareWorkerBehaviorLoad32 (sfi = 000000B94A4C9A01)> (target TURBOFAN_JS) OSR]
[marking 0x00e216ee7089 <JSFunction prepareWorkerBehaviorLoad32 (sfi = 000000E216EC7501)> for optimization to MAGLEV, ConcurrencyMode::kConcurrent, reason: hot and stable]
[compiling method 0x00e216ee7089 <JSFunction prepareWorkerBehaviorLoad32 (sfi = 000000E216EC7501)> (target MAGLEV) OSR, mode: ConcurrencyMode::kConcurrent]
[completed compiling 0x031411092ca1 <JSFunction prepareWorkerBehaviorLoad32 (sfi = 0000034CC2B72BE9)> (target TURBOFAN_JS) OSR - took 0.001, 0.720, 0.006 ms]
[completed optimizing 0x031411092ca1 <JSFunction prepareWorkerBehaviorLoad32 (sfi = 0000034CC2B72BE9)> (target TURBOFAN_JS) OSR]
[completed compiling 0x00e216ee7089 <JSFunction prepareWorkerBehaviorLoad32 (sfi = 000000E216EC7501)> (target MAGLEV) OSR - took 0.000, 0.170, 0.004 ms]
[compiling method 0x00e216ee7089 <JSFunction prepareWorkerBehaviorLoad32 (sfi = 000000E216EC7501)> (target TURBOFAN_JS) OSR, mode: ConcurrencyMode::kConcurrent]
[marking 0x00b43cde2449 <JSFunction prepareWorkerBehaviorLoad32 (sfi = 000000B43CDC2949)> for optimization to MAGLEV, ConcurrencyMode::kConcurrent, reason: hot and stable]
[compiling method 0x00b43cde2449 <JSFunction prepareWorkerBehaviorLoad32 (sfi = 000000B43CDC2949)> (target MAGLEV) OSR, mode: ConcurrencyMode::kConcurrent]
[completed compiling 0x00b43cde2449 <JSFunction prepareWorkerBehaviorLoad32 (sfi = 000000B43CDC2949)> (target MAGLEV) OSR - took 0.000, 0.178, 0.002 ms]
[compiling method 0x00b43cde2449 <JSFunction prepareWorkerBehaviorLoad32 (sfi = 000000B43CDC2949)> (target TURBOFAN_JS) OSR, mode: ConcurrencyMode::kConcurrent]
[completed compiling 0x00e216ee7089 <JSFunction prepareWorkerBehaviorLoad32 (sfi = 000000E216EC7501)> (target TURBOFAN_JS) OSR - took 0.002, 0.604, 0.008 ms]
[completed optimizing 0x00e216ee7089 <JSFunction prepareWorkerBehaviorLoad32 (sfi = 000000E216EC7501)> (target TURBOFAN_JS) OSR]
[marking 0x02bb47c24dc9 <JSFunction prepareWorkerBehaviorLoad32 (sfi = 000002BB47C05141)> for optimization to MAGLEV, ConcurrencyMode::kConcurrent, reason: hot and stable]
[compiling method 0x02bb47c24dc9 <JSFunction prepareWorkerBehaviorLoad32 (sfi = 000002BB47C05141)> (target MAGLEV) OSR, mode: ConcurrencyMode::kConcurrent]
[completed compiling [completed compiling 0x00b43cde24490x02bb47c24dc9  <JSFunction prepareWorkerBehaviorLoad32 (sfi = 000002BB47C05141)> (target MAGLEV) OSR - took 0.000, 0.169, 0.002 ms]
<JSFunction prepareWorkerBehaviorLoad32 (sfi = 000000B43CDC2949)> (target TURBOFAN_JS) OSR - took 0.002, 0.621, 0.007 ms]
[completed optimizing 0x00b43cde2449 <JSFunction prepareWorkerBehaviorLoad32 (sfi = 000000B43CDC2949)> (target TURBOFAN_JS) OSR]
[compiling method 0x02bb47c24dc9 <JSFunction prepareWorkerBehaviorLoad32 (sfi = 000002BB47C05141)> (target TURBOFAN_JS) OSR, mode: ConcurrencyMode::kConcurrent]
[marking 0x00678cd5f251 <JSFunction subsetDensePrepared (sfi = 000000B94A4D6F29)> for optimization to MAGLEV, ConcurrencyMode::kConcurrent, reason: hot and stable]
[compiling method 0x00678cd5f251 <JSFunction subsetDensePrepared (sfi = 000000B94A4D6F29)> (target MAGLEV), mode: ConcurrencyMode::kConcurrent]
[completed compiling 0x00678cd5f251 <JSFunction subsetDensePrepared (sfi = 000000B94A4D6F29)> (target MAGLEV) - took 0.001, 0.085, 0.003 ms]
[marking 0x01e3644e0479 <JSFunction subsetDensePrepared (sfi = 00000314110806D9)> for optimization to MAGLEV, ConcurrencyMode::kConcurrent, reason: hot and stable]
[compiling method 0x01e3644e0479 <JSFunction subsetDensePrepared (sfi = 00000314110806D9)> (target MAGLEV), mode: ConcurrencyMode::kConcurrent]
[marking 0x03d6dff6e069 <JSFunction prepareWorkerBehaviorLoad32 (sfi = 000003D6DFF4E541)> for optimization to MAGLEV, ConcurrencyMode::kConcurrent, reason: hot and stable]
[marking 0x028bddca59f1 <JSFunction prepareWorkerBehaviorLoad32 (sfi = 0000028BDDC85E99)> for optimization to MAGLEV, ConcurrencyMode::kConcurrent, reason: hot and stable]
[compiling method 0x03d6dff6e069 <JSFunction prepareWorkerBehaviorLoad32 (sfi = 000003D6DFF4E541)> (target MAGLEV) OSR, mode: ConcurrencyMode::kConcurrent]
[compiling method 0x028bddca59f1 <JSFunction prepareWorkerBehaviorLoad32 (sfi = 0000028BDDC85E99)> (target MAGLEV) OSR, mode: ConcurrencyMode::kConcurrent]
[completed compiling 0x02bb47c24dc9 <JSFunction prepareWorkerBehaviorLoad32 (sfi = 000002BB47C05141)> (target TURBOFAN_JS) OSR - took 0.001, 0.580, 0.005 ms]
[completed optimizing 0x02bb47c24dc9 <JSFunction prepareWorkerBehaviorLoad32 (sfi = 000002BB47C05141)> (target TURBOFAN_JS) OSR]
[completed compiling 0x03d6dff6e069 <JSFunction prepareWorkerBehaviorLoad32 (sfi = 000003D6DFF4E541)> (target MAGLEV) OSR - took 0.000, 0.150, 0.001 ms]
[completed compiling 0x028bddca59f1 [compiling method 0x03d6dff6e069 <JSFunction prepareWorkerBehaviorLoad32 (sfi = 0000028BDDC85E99)>[completed compiling 0x01e3644e0479  (target MAGLEV) OSR - took 0.000, 0.143, 0.002 ms]
<JSFunction subsetDensePrepared (sfi = 00000314110806D9)><JSFunction prepareWorkerBehaviorLoad32 (sfi = 000003D6DFF4E541)> (target MAGLEV) - took 0.001, 0.112, 0.003 ms]
 (target TURBOFAN_JS) OSR, mode: ConcurrencyMode::kConcurrent]
[marking 0x00b94a4eae49 [compiling method 0x028bddca59f1 <JSFunction connect4RbaCofactorKnownHeight (sfi = 000000B94A4DB4B9)><JSFunction prepareWorkerBehaviorLoad32 (sfi = 0000028BDDC85E99)> for optimization to MAGLEV, ConcurrencyMode::kConcurrent, reason: hot and stable (target TURBOFAN_JS)]
 OSR, mode: ConcurrencyMode::kConcurrent]
[compiling method 0x00b94a4eae49 <JSFunction connect4RbaCofactorKnownHeight (sfi = 000000B94A4DB4B9)> (target MAGLEV), mode: ConcurrencyMode::kConcurrent]
[marking 0x00b94a4eaa89 <JSFunction emitSortedSetBits32 (sfi = 000000B94A4DC3E9)> for optimization to MAGLEV, ConcurrencyMode::kConcurrent, reason: hot and stable]
[compiling method 0x00b94a4eaa89 <JSFunction emitSortedSetBits32 (sfi = 000000B94A4DC3E9)> (target MAGLEV), mode: ConcurrencyMode::kConcurrent]
[marking 0x00678cd5f151 <JSFunction removeDensePrepared (sfi = 000000B94A4D6E09)> for optimization to MAGLEV, ConcurrencyMode::kConcurrent, reason: hot and stable]
[compiling method 0x00678cd5f151 <JSFunction removeDensePrepared (sfi = 000000B94A4D6E09)> (target MAGLEV), mode: ConcurrencyMode::kConcurrent]
[completed compiling 0x00b94a4eaa89 <JSFunction emitSortedSetBits32 (sfi = 000000B94A4DC3E9)> (target MAGLEV) - took 0.000, 0.230, 0.005 ms]
[completed compiling 0x00678cd5f151 <JSFunction removeDensePrepared (sfi = 000000B94A4D6E09)> (target MAGLEV) - took 0.000, 0.053, 0.004 ms]
[completed compiling 0x03d6dff6e069 <JSFunction prepareWorkerBehaviorLoad32 (sfi = 000003D6DFF4E541)> (target TURBOFAN_JS) OSR - took 0.002, 0.464, 0.007 ms]
[completed optimizing 0x03d6dff6e069 <JSFunction prepareWorkerBehaviorLoad32 (sfi = 000003D6DFF4E541)> (target TURBOFAN_JS) OSR]
[marking 0x031411094571 <JSFunction connect4RbaCofactorKnownHeight (sfi = 0000031411084C51)> for optimization to MAGLEV, ConcurrencyMode::kConcurrent, reason: hot and stable]
[compiling method 0x031411094571 <JSFunction connect4RbaCofactorKnownHeight (sfi = 0000031411084C51)> (target MAGLEV), mode: ConcurrencyMode::kConcurrent]
[marking 0x0314110941b1 <JSFunction emitSortedSetBits32 (sfi = 0000031411085B81)> for optimization to MAGLEV, ConcurrencyMode::kConcurrent, reason: hot and stable]
[compiling method 0x0314110941b1 <JSFunction emitSortedSetBits32 (sfi = 0000031411085B81)> (target MAGLEV), mode: ConcurrencyMode::kConcurrent]
[marking 0x01e3644e0379 <JSFunction removeDensePrepared (sfi = 0000034CC2B7FFB9)> for optimization to MAGLEV, ConcurrencyMode::kConcurrent, reason: hot and stable]
[compiling method 0x01e3644e0379 <JSFunction removeDensePrepared (sfi = 0000034CC2B7FFB9)> (target MAGLEV), mode: ConcurrencyMode::kConcurrent]
[completed compiling 0x028bddca59f1 <JSFunction prepareWorkerBehaviorLoad32 (sfi = 0000028BDDC85E99)> (target TURBOFAN_JS) OSR - took 0.001, 0.643, 0.007 ms]
[completed optimizing 0x028bddca59f1 <JSFunction prepareWorkerBehaviorLoad32 (sfi = 0000028BDDC85E99)> (target TURBOFAN_JS) OSR]
[marking 0x01e3644e03f9 <JSFunction prepareSubsetDense (sfi = 0000031411080649)> for optimization to MAGLEV, ConcurrencyMode::kConcurrent, reason: hot and stable]
[compiling method 0x01e3644e03f9 <JSFunction prepareSubsetDense (sfi = 0000031411080649)> (target MAGLEV), mode: ConcurrencyMode::kConcurrent]
[marking 0x033ab4e5f251 <JSFunction subsetDensePrepared (sfi = 000000B43CDCFE59)> for optimization to MAGLEV, ConcurrencyMode::kConcurrent, reason: hot and stable]
[compiling method 0x033ab4e5f251 <JSFunction subsetDensePrepared (sfi = 000000B43CDCFE59)> (target MAGLEV), mode: ConcurrencyMode::kConcurrent]
[marking 0x03afd6667919 <JSFunction subsetDensePrepared (sfi = 000000E216ED4A11)> for optimization to MAGLEV, ConcurrencyMode::kConcurrent, reason: hot and stable]
[compiling method 0x03afd6667919 <JSFunction subsetDensePrepared (sfi = 000000E216ED4A11)> (target MAGLEV), mode: ConcurrencyMode::kConcurrent]
[4600:00000204FDA9C000]       67 ms: Scavenge 8.0 (10.1) -> 7.1 (10.6) MB, pooled: 0.0 MB, 0.61 / 0.00 ms (average mu = 1.000, current mu = 1.000) allocation failure; 
[completed compiling 0x0314110941b1 <JSFunction emitSortedSetBits32 (sfi = 0000031411085B81)> (target MAGLEV) - took 0.000, 0.972, 0.004 ms]
[completed compiling 0x0084c86c3981 <JSFunction removeDensePrepared (sfi = 0000034CC2B7FFB9)> (target MAGLEV) - took 0.000, 0.073, 0.002 ms]
[completed compiling 0x0084c86c3941 <JSFunction prepareSubsetDense (sfi = 0000031411080649)> (target MAGLEV) - took 0.000, 0.041, 0.001 ms]
[marking 0x0314110944b1 <JSFunction connect4RbaCofactorBasis (sfi = 0000031411084B79)> for optimization to MAGLEV, ConcurrencyMode::kConcurrent, reason: hot and stable]
[marking 0x00f7b0fa1d79 <JSFunction subsetDensePrepared (sfi = 000002BB47C12671)> for optimization to MAGLEV, ConcurrencyMode::kConcurrent, reason: hot and stable]
[compiling method 0x00f7b0fa1d79 <JSFunction subsetDensePrepared (sfi = 000002BB47C12671)> (target MAGLEV), mode: ConcurrencyMode::kConcurrent]
[compiling method 0x0314110944b1 <JSFunction connect4RbaCofactorBasis (sfi = 0000031411084B79)> (target MAGLEV), mode: ConcurrencyMode::kConcurrent]
[marking 0x031411093569 <JSFunction mixSpan32Locator32 (sfi = 0000034CC2B7D3D9)> for optimization to MAGLEV, ConcurrencyMode::kConcurrent, reason: hot and stable]
[compiling method 0x031411093569 <JSFunction mixSpan32Locator32 (sfi = 0000034CC2B7D3D9)> (target MAGLEV), mode: ConcurrencyMode::kConcurrent]
[4600:00000204FDBA1000]       66 ms: Scavenge 8.1 (10.6) -> 7.2 (10.9) MB, pooled: 0.0 MB, 0.90 / 0.00 ms (average mu = 1.000, current mu = 1.000) allocation failure; 
[marking 0x031411093529 <JSFunction publishSpan32 (sfi = 0000034CC2B7D391)> for optimization to MAGLEV, ConcurrencyMode::kConcurrent, reason: hot and stable]
[compiling method 0x031411093529 <JSFunction publishSpan32 (sfi = 0000034CC2B7D391)> (target MAGLEV), mode: ConcurrencyMode::kConcurrent]
[marking 0x00b43cde3959 <JSFunction emitSortedSetBits32 (sfi = 000000B43CDD5301)> for optimization to MAGLEV, ConcurrencyMode::kConcurrent, reason: hot and stable]
[marking 0x0185284cc6f9 <JSFunction subsetDensePrepared (sfi = 00000314110806D9)> for optimization to TURBOFAN_JS, ConcurrencyMode::kConcurrent, reason: hot and stable]
[compiling method 0x0185284cc6f9 <JSFunction subsetDensePrepared (sfi = 00000314110806D9)> (target TURBOFAN_JS), mode: ConcurrencyMode::kConcurrent]
[marking 0x00b43cde3d19 <JSFunction connect4RbaCofactorKnownHeight (sfi = 000000B43CDD43D1)> for optimization to MAGLEV, ConcurrencyMode::kConcurrent, reason: hot and stable]
[marking 0x021c183c4161 <JSFunction prepareSubsetDense (sfi = 000000B94A4D6E99)> for optimization to MAGLEV, ConcurrencyMode::kConcurrent, reason: hot and stable]
[compiling method 0x021c183c4161 <JSFunction prepareSubsetDense (sfi = 000000B94A4D6E99)> (target MAGLEV), mode: ConcurrencyMode::kConcurrent]
[compiling method 0x00b43cde3959 <JSFunction emitSortedSetBits32 (sfi = 000000B43CDD5301)> (target MAGLEV), mode: ConcurrencyMode::kConcurrent]
[compiling method 0x00b43cde3d19 <JSFunction connect4RbaCofactorKnownHeight (sfi = 000000B43CDD43D1)> (target MAGLEV), mode: ConcurrencyMode::kConcurrent]
[marking 0x00b94a4e9e41 <JSFunction mixSpan32Locator32 (sfi = 000000B94A4D4229)> for optimization to MAGLEV, ConcurrencyMode::kConcurrent, reason: hot and stable]
[compiling method 0x00b94a4e9e41 <JSFunction mixSpan32Locator32 (sfi = 000000B94A4D4229)> (target MAGLEV), mode: ConcurrencyMode::kConcurrent]
[marking [marking 0x033ab4e5f151 0x00b94a4ead89 <JSFunction removeDensePrepared (sfi = 000000B43CDCFD39)> for optimization to MAGLEV, ConcurrencyMode::kConcurrent, reason: hot and stable]
<JSFunction connect4RbaCofactorBasis (sfi = 000000B94A4DB3E1)> for optimization to MAGLEV, ConcurrencyMode::kConcurrent, reason: hot and stable]
[compiling method 0x033ab4e5f151 <JSFunction removeDensePrepared (sfi = 000000B43CDCFD39)> (target MAGLEV), mode: ConcurrencyMode::kConcurrent]
[compiling method 0x00b94a4ead89 <JSFunction connect4RbaCofactorBasis (sfi = 000000B94A4DB3E1)> (target MAGLEV), mode: ConcurrencyMode::kConcurrent]
[marking 0x02bb47c262d9 <JSFunction emitSortedSetBits32 (sfi = 000002BB47C17B19)> for optimization to MAGLEV, ConcurrencyMode::kConcurrent, reason: hot and stable]
[marking 0x00645141f251 <JSFunction subsetDensePrepared (sfi = 0000028BDDC933A9)> for optimization to MAGLEV, ConcurrencyMode::kConcurrent, reason: hot and stable]
[compiling method 0x00645141f251 <JSFunction subsetDensePrepared (sfi = 0000028BDDC933A9)> (target MAGLEV), mode: ConcurrencyMode::kConcurrent]
[marking 0x02bb47c26699 <JSFunction connect4RbaCofactorKnownHeight (sfi = 000002BB47C16BE9)> for optimization to MAGLEV, ConcurrencyMode::kConcurrent, reason: hot and stable]
[compiling method 0x02bb47c262d9 <JSFunction emitSortedSetBits32 (sfi = 000002BB47C17B19)> (target MAGLEV), mode: ConcurrencyMode::kConcurrent]
[marking 0x00b94a4e9e01 <JSFunction publishSpan32 (sfi = 000000B94A4D41E1)> for optimization to MAGLEV, ConcurrencyMode::kConcurrent, reason: hot and stable]
[compiling method 0x02bb47c26699 <JSFunction connect4RbaCofactorKnownHeight (sfi = 000002BB47C16BE9)> (target MAGLEV), mode: ConcurrencyMode::kConcurrent]
[compiling method 0x00b94a4e9e01 <JSFunction publishSpan32 (sfi = 000000B94A4D41E1)> (target MAGLEV), mode: ConcurrencyMode::kConcurrent]
[4600:00000204FDC81000]       67 ms: Scavenge 8.1 (10.1) -> 7.1 (10.6) MB, pooled: 0.0 MB, 0.92 / 0.00 ms (average mu = 1.000, current mu = 1.000) allocation failure; 
[marking 0x00f7b0fa1c79 <JSFunction removeDensePrepared (sfi = 000002BB47C12551)> for optimization to MAGLEV, ConcurrencyMode::kConcurrent, reason: hot and stable]
[compiling method 0x00f7b0fa1c79 <JSFunction removeDensePrepared (sfi = 000002BB47C12551)> (target MAGLEV), mode: ConcurrencyMode::kConcurrent]
[marking 0x00e216ee8599 <JSFunction emitSortedSetBits32 (sfi = 000000E216ED9ED1)> for optimization to MAGLEV, ConcurrencyMode::kConcurrent, reason: hot and stable]
[marking 0x00b43cde2cd1 <JSFunction publishSpan32 (sfi = 000000B43CDCD111)> for optimization to MAGLEV, ConcurrencyMode::kConcurrent, reason: hot and stable]
[marking 0x00e216ee8959 <JSFunction connect4RbaCofactorKnownHeight (sfi = 000000E216ED8FA1)> for optimization to MAGLEV, ConcurrencyMode::kConcurrent, reason: hot and stable]
[marking 0x0185284cc779 <JSFunction permutePair3 (sfi = 0000031411080769)> for optimization to MAGLEV, ConcurrencyMode::kConcurrent, reason: hot and stable]
[compiling method 0x00e216ee8599 <JSFunction emitSortedSetBits32 (sfi = 000000E216ED9ED1)> (target MAGLEV), mode: ConcurrencyMode::kConcurrent]
[compiling method 0x00b43cde2cd1 <JSFunction publishSpan32 (sfi = 000000B43CDCD111)> (target MAGLEV), mode: ConcurrencyMode::kConcurrent]
[compiling method 0x00e216ee8959 <JSFunction connect4RbaCofactorKnownHeight (sfi = 000000E216ED8FA1)> (target MAGLEV), mode: ConcurrencyMode::kConcurrent]
[compiling method 0x0185284cc779 <JSFunction permutePair3 (sfi = 0000031411080769)> (target MAGLEV), mode: ConcurrencyMode::kConcurrent]
[completed compiling 0x00b94a4eae49 <JSFunction connect4RbaCofactorKnownHeight (sfi = 000000B94A4DB4B9)> (target MAGLEV) - took 0.000, 3.085, 0.012 ms[marking ]
0x033ab4e5f1d1 <JSFunction prepareSubsetDense (sfi = 000000B43CDCFDC9)> for optimization to MAGLEV, ConcurrencyMode::kConcurrent, reason: hot and stable]
[compiling method 0x033ab4e5f1d1 <JSFunction prepareSubsetDense (sfi = 000000B43CDCFDC9)> (target MAGLEV), mode: ConcurrencyMode::kConcurrent]
[marking 0x00b43cde2d11 [completed compiling <JSFunction mixSpan32Locator32 (sfi = 000000B43CDCD159)> for optimization to MAGLEV, ConcurrencyMode::kConcurrent, reason: hot and stable]
0x021c183c4161 <JSFunction prepareSubsetDense (sfi = 000000B94A4D6E99)> (target MAGLEV) - took 0.000, 0.056, 0.002 ms]
[marking 0x02ca64698149 <JSFunction removeDensePrepared (sfi = 000000E216ED48F1)> for optimization to MAGLEV, ConcurrencyMode::kConcurrent, reason: hot and stable]
[compiling method 0x02ca64698149 <JSFunction removeDensePrepared (sfi = 000000E216ED48F1)> (target MAGLEV), mode: ConcurrencyMode::kConcurrent]
[marking dependent code 0x0175c4040ba1 <Code MAGLEV> (0x025e9f9e0bd1 <SharedFunctionInfo next>) (opt id 2) for deoptimization, reason: embedded weak objects cleared]
[compiling method 0x00b43cde2d11 <JSFunction mixSpan32Locator32 (sfi = 000000B43CDCD159)> (target MAGLEV), mode: ConcurrencyMode::kConcurrent]
[completed compiling 0x00b94a4e9e41 <JSFunction mixSpan32Locator32 (sfi = 000000B94A4D4229)> (target MAGLEV) - took 0.000, 0.160, 0.005 ms]
[marking 0x028bddca6f01 <JSFunction emitSortedSetBits32 (sfi = 0000028BDDC98851)> for optimization to MAGLEV, ConcurrencyMode::kConcurrent, reason: hot and stable]
[marking 0x028bddca72c1 <JSFunction connect4RbaCofactorKnownHeight (sfi = 0000028BDDC97921)> for optimization to MAGLEV, ConcurrencyMode::kConcurrent, reason: hot and stable]
[compiling method 0x028bddca6f01 <JSFunction emitSortedSetBits32 (sfi = 0000028BDDC98851)> (target MAGLEV), mode: ConcurrencyMode::kConcurrent]
[4600:00000204FDB20000]       69 ms: Scavenge 8.1 (9.9) -> 7.1 (10.6) MB, pooled: 0.0 MB, 0.69 / 0.00 ms (average mu = 1.000, current mu = 1.000) allocation failure; 
[completed compiling 0x031411094571 <JSFunction connect4RbaCofactorKnownHeight (sfi = 0000031411084C51)> (target MAGLEV)[compiling method  - took 0.001, 3.066, 0.012 ms0x028bddca72c1]
 <JSFunction connect4RbaCofactorKnownHeight (sfi = 0000028BDDC97921)> (target MAGLEV), mode: ConcurrencyMode::kConcurrent]
[marking 0x00b43cde3c59 <JSFunction connect4RbaCofactorBasis (sfi = 000000B43CDD42F9)> for optimization to MAGLEV, ConcurrencyMode::kConcurrent, reason: hot and stable]
[marking 0x02ca646981c9 <JSFunction prepareSubsetDense (sfi = 000000E216ED4981)> for optimization to MAGLEV, ConcurrencyMode::kConcurrent, reason: hot and stable]
[compiling method [compiling method 0x02ca646981c90x00b43cde3c59  <JSFunction prepareSubsetDense (sfi = 000000E216ED4981)> (target MAGLEV), mode: ConcurrencyMode::kConcurrent]
<JSFunction connect4RbaCofactorBasis (sfi = 000000B43CDD42F9)> (target MAGLEV), mode: ConcurrencyMode::kConcurrent]
[completed compiling 0x031411093569 <JSFunction mixSpan32Locator32 (sfi = 0000034CC2B7D3D9)> (target MAGLEV) - took 0.000, 0.141, 0.004 ms]
[marking 0x00645141f151 <JSFunction removeDensePrepared (sfi = 0000028BDDC93289)> for optimization to MAGLEV, ConcurrencyMode::kConcurrent, reason: hot and stable]
[compiling method 0x00645141f151 <JSFunction removeDensePrepared (sfi = 0000028BDDC93289)> (target MAGLEV), mode: ConcurrencyMode::kConcurrent]
[marking 0x00e216ee7951 <JSFunction mixSpan32Locator32 (sfi = 000000E216ED1D11)> for optimization to MAGLEV, ConcurrencyMode::kConcurrent, reason: hot and stable]
[completed compiling 0x031411093529 <JSFunction publishSpan32 (sfi = 0000034CC2B7D391)> (target MAGLEV) - took 0.000, 0.079, 0.002 ms]
[compiling method 0x00e216ee7951 <JSFunction mixSpan32Locator32 (sfi = 000000E216ED1D11)> (target MAGLEV), mode: ConcurrencyMode::kConcurrent]
[completed compiling 0x0314110944b1 <JSFunction connect4RbaCofactorBasis (sfi = 0000031411084B79)> (target MAGLEV) - took 0.000, 0.421, 0.006 ms]
[completed compiling 0x00b94a4ead89 <JSFunction connect4RbaCofactorBasis (sfi = 000000B94A4DB3E1)> (target MAGLEV) - took 0.000, 0.557, 0.006 ms]
[marking 0x00e216ee7911 <JSFunction publishSpan32 (sfi = 000000E216ED1CC9)> for optimization to MAGLEV, ConcurrencyMode::kConcurrent, reason: hot and stable]
[marking 0x00e216ee8899 <JSFunction connect4RbaCofactorBasis (sfi = 000000E216ED8EC9)> for optimization to MAGLEV, ConcurrencyMode::kConcurrent, reason: hot and stable]
[completed compiling 0x03b1ec184301 <JSFunction subsetDensePrepared (sfi = 000002BB47C12671)> (target MAGLEV) - took 0.000, 0.046, 0.005 ms]
[completed compiling 0x00b94a4e9e01 <JSFunction publishSpan32 (sfi = 000000B94A4D41E1)> (target MAGLEV) - took 0.000, 0.109, 0.002 ms[compiling method ]
0x00e216ee7911 <JSFunction publishSpan32 (sfi = 000000E216ED1CC9)> (target MAGLEV), mode: ConcurrencyMode::kConcurrent]
[completed compiling 0x0185284cc779 <JSFunction permutePair3 (sfi = 0000031411080769)> (target MAGLEV) - took 0.000, 0.216, 0.002 ms]
[marking [marking 0x03b1ec199019 0x00645141f1d1 <JSFunction prepareSubsetDense (sfi = 000002BB47C125E1)> for optimization to MAGLEV, ConcurrencyMode::kConcurrent, reason: hot and stable]
<JSFunction prepareSubsetDense (sfi = 0000028BDDC93319)> for optimization to MAGLEV, ConcurrencyMode::kConcurrent, reason: hot and stable]
[marking [compiling method 0x03b1ec199019 <JSFunction prepareSubsetDense (sfi = 000002BB47C125E1)> (target MAGLEV), mode: ConcurrencyMode::kConcurrent0x02478d99e079]
 [compiling method 0x00645141f1d1<JSFunction collectSingletonProfiles (sfi = 000000B94A4DE651)>  for optimization to MAGLEV, ConcurrencyMode::kConcurrent, reason: hot and stable]
<JSFunction prepareSubsetDense (sfi = 0000028BDDC93319)> (target MAGLEV), mode: ConcurrencyMode::kConcurrent]
[marking 0x0185284ccb39 <JSFunction coordHas (sfi = 0000031411087CF9)> for optimization to MAGLEV, ConcurrencyMode::kConcurrent, reason: hot and stable]
[compiling method 0x02478d99e079 <JSFunction collectSingletonProfiles (sfi = 000000B94A4DE651)> (target MAGLEV), mode: ConcurrencyMode::kConcurrent]
[compiling method 0x0185284ccb39 <JSFunction coordHas (sfi = 0000031411087CF9)> (target MAGLEV), mode: ConcurrencyMode::kConcurrent]
[completed compiling [completed compiling 0x00645141f251 <JSFunction subsetDensePrepared (sfi = 0000028BDDC933A9)> (target MAGLEV) - took 0.000, 0.065, 0.004 ms0x033ab4e5f251]
 <JSFunction subsetDensePrepared (sfi = 000000B43CDCFE59)> (target MAGLEV) - took 0.000, 0.402, 0.003 ms]
[marking 0x0314110945b1 <JSFunction connect4RbaCanonicalize (sfi = 0000031411084C99)> for optimization to MAGLEV, ConcurrencyMode::kConcurrent, reason: hot and stable]
[marking 0x028bddca62b9 <JSFunction mixSpan32Locator32 (sfi = 0000028BDDC906A9)> for optimization to MAGLEV, ConcurrencyMode::kConcurrent, reason: hot and stable]
[compiling method 0x0314110945b1 <JSFunction connect4RbaCanonicalize (sfi = 0000031411084C99)> (target MAGLEV), mode: ConcurrencyMode::kConcurrent]
[marking 0x02bb47c25691 <JSFunction mixSpan32Locator32 (sfi = 000002BB47C0F971)> for optimization to MAGLEV, ConcurrencyMode::kConcurrent, reason: hot and stable]
[completed compiling 0x00bbaf744281 <JSFunction subsetDensePrepared (sfi = 000000E216ED4A11)> (target MAGLEV) - took 0.000, 0.034, 0.023 ms]
[compiling method 0x028bddca62b9 <JSFunction mixSpan32Locator32 (sfi = 0000028BDDC906A9)> (target MAGLEV), mode: ConcurrencyMode::kConcurrent]
[completed compiling 0x02bb47c262d9 <JSFunction emitSortedSetBits32 (sfi = 000002BB47C17B19)> (target MAGLEV) - took 0.000, 0.542, 0.004 ms]
[compiling method 0x02bb47c25691[compiling method  0x00e216ee8899 <JSFunction mixSpan32Locator32 (sfi = 000002BB47C0F971)> (target MAGLEV), mode: ConcurrencyMode::kConcurrent<JSFunction connect4RbaCofactorBasis (sfi = 000000E216ED8EC9)>]
 (target MAGLEV), mode: ConcurrencyMode::kConcurrent]
[marking 0x02478d99dbf9 <JSFunction permutePair3 (sfi = 000000B94A4D6FB9)> for optimization to MAGLEV, ConcurrencyMode::kConcurrent, reason: hot and stable]
[completed compiling 0x00b43cde3959 <JSFunction emitSortedSetBits32 (sfi = 000000B43CDD5301)> (target MAGLEV) - took 0.000, 0.183, 0.003 ms]
[completed compiling 0x028bddca6f01 <JSFunction emitSortedSetBits32 (sfi = 0000028BDDC98851)> (target MAGLEV) - took 0.000, 0.165, 0.003 ms[marking ]
0x02bb47c265d9 <JSFunction connect4RbaCofactorBasis (sfi = 000002BB47C16B11)> for optimization to MAGLEV, ConcurrencyMode::kConcurrent, reason: hot and stable]
[compiling method 0x02bb47c265d9 <JSFunction connect4RbaCofactorBasis (sfi = 000002BB47C16B11)> (target MAGLEV), mode: ConcurrencyMode::kConcurrent]
[completed compiling 0x00e216ee8599 <JSFunction emitSortedSetBits32 (sfi = 000000E216ED9ED1)> (target MAGLEV) - took 0.000, 0.633, 0.004 ms]
[marking 0x02bb47c25651 <JSFunction publishSpan32 (sfi = 000002BB47C0F929)> for optimization to MAGLEV, ConcurrencyMode::kConcurrent, reason: hot and stable]
[compiling method 0x02bb47c25651 <JSFunction publishSpan32 (sfi = 000002BB47C0F929)> (target MAGLEV), mode: ConcurrencyMode::kConcurrent]
[marking 0x028bddca7201 <JSFunction connect4RbaCofactorBasis (sfi = 0000028BDDC97849)> for optimization to MAGLEV, ConcurrencyMode::kConcurrent, reason: hot and stable]
[compiling method 0x028bddca7201 <JSFunction connect4RbaCofactorBasis (sfi = 0000028BDDC97849)> (target MAGLEV), mode: ConcurrencyMode::kConcurrent]
[4600:00000204FDDF6000]       69 ms: Mark-Compact 7.9 (9.6) -> 6.0 (10.4) MB, pooled: 0.0 MB, 4.25 / 0.00 ms (average mu = 0.938, current mu = 0.938) allocation failure; GC in old space requested
[marking 0x028bddca6279 <JSFunction publishSpan32 (sfi = 0000028BDDC90661)> for optimization to MAGLEV, ConcurrencyMode::kConcurrent, reason: hot and stable]
[compiling method 0x028bddca6279 <JSFunction publishSpan32 (sfi = 0000028BDDC90661)> (target MAGLEV), mode: ConcurrencyMode::kConcurrent]
[compiling method 0x02478d99dbf9 <JSFunction permutePair3 (sfi = 000000B94A4D6FB9)> (target MAGLEV), mode: ConcurrencyMode::kConcurrent]
[marking 0x0185284ccbf9 <JSFunction collectSingletonProfiles (sfi = 0000031411087DD1)> for optimization to MAGLEV, ConcurrencyMode::kConcurrent, reason: hot and stable]
[compiling method 0x0185284ccbf9 <JSFunction collectSingletonProfiles (sfi = 0000031411087DD1)> (target MAGLEV), mode: ConcurrencyMode::kConcurrent]
[marking 0x00b94a4ec651 <JSFunction advanceConnect4LiveLineState32 (sfi = 000000B94A4E0AB1)> for optimization to MAGLEV, ConcurrencyMode::kConcurrent, reason: hot and stable]
[compiling method 0x00b94a4ec651 <JSFunction advanceConnect4LiveLineState32 (sfi = 000000B94A4E0AB1)> (target MAGLEV), mode: ConcurrencyMode::kConcurrent]
[marking 0x0185284ccb79 <JSFunction cellMarked (sfi = 0000031411087D41)> for optimization to MAGLEV, ConcurrencyMode::kConcurrent, reason: hot and stable]
[compiling method 0x0185284ccb79 <JSFunction cellMarked (sfi = 0000031411087D41)> (target MAGLEV), mode: ConcurrencyMode::kConcurrent]
[marking 0x031411095d79 <JSFunction advanceConnect4LiveLineState32 (sfi = 000003141108A231)> for optimization to MAGLEV, ConcurrencyMode::kConcurrent, reason: hot and stable]
[compiling method 0x031411095d79 <JSFunction advanceConnect4LiveLineState32 (sfi = 000003141108A231)> (target MAGLEV), mode: ConcurrencyMode::kConcurrent]
[marking 0x00b94a4ed449 <JSFunction storeConnect4RbaSharedExactCache32 (sfi = 000000B94A4E7681)> for optimization to MAGLEV, ConcurrencyMode::kConcurrent, reason: hot and stable]
[compiling method 0x00b94a4ed449 <JSFunction storeConnect4RbaSharedExactCache32 (sfi = 000000B94A4E7681)> (target MAGLEV), mode: ConcurrencyMode::kConcurrent]
[4600:000002078E0C1000]       69 ms: Scavenge 8.1 (9.9) -> 7.1 (10.1) MB, pooled: 0.0 MB, 1.11 / 0.00 ms (average mu = 1.000, current mu = 1.000) allocation failure; 
[marking 0x017a83657451 <JSFunction collectSingletonProfiles (sfi = 000000B43CDD7551)> for optimization to MAGLEV, ConcurrencyMode::kConcurrent, reason: hot and stable]
[4600:000002078E0F9000]       70 ms: Scavenge 8.1 (9.9) -> 7.1 (10.1) MB, pooled: 0.0 MB, 1.48 / 0.00 ms (average mu = 1.000, current mu = 1.000) allocation failure; 
[compiling method 0x017a83657451 <JSFunction collectSingletonProfiles (sfi = 000000B43CDD7551)> (target MAGLEV), mode: ConcurrencyMode::kConcurrent]
[completed compiling 0x00e216ee8959 <JSFunction connect4RbaCofactorKnownHeight (sfi = 000000E216ED8FA1)> (target MAGLEV) - took 0.000, 2.261, 0.012 ms]
[completed compiling 0x02ca64698149 <JSFunction removeDensePrepared (sfi = 000000E216ED48F1)> (target MAGLEV) - took 0.000, 0.063, 0.001 ms]
[completed compiling 0x02ca646981c9 <JSFunction prepareSubsetDense (sfi = 000000E216ED4981)> (target MAGLEV) - took 0.000, 0.030, 0.000 ms]
[completed compiling 0x02bb47c26699 <JSFunction connect4RbaCofactorKnownHeight (sfi = 000002BB47C16BE9)> (target MAGLEV) - took 0.000, 2.527, 0.011 ms]
[completed compiling 0x03b1ec1842c1 <JSFunction removeDensePrepared (sfi = 000002BB47C12551)> (target MAGLEV) - took 0.000, 0.064, 0.002 ms]
[completed compiling 0x03b1ec199019 <JSFunction prepareSubsetDense (sfi = 000002BB47C125E1)> (target MAGLEV) - took 0.000, 0.035, 0.001 ms]
[completed compiling 0x00e216ee7951 <JSFunction mixSpan32Locator32 (sfi = 000000E216ED1D11)> (target MAGLEV) - took 0.000, 0.176, 0.003 ms]
[completed compiling 0x02bb47c25691 <JSFunction mixSpan32Locator32 (sfi = 000002BB47C0F971)> (target MAGLEV) - took 0.000, 0.178, 0.003 ms]
[completed compiling 0x00e216ee7911 <JSFunction publishSpan32 (sfi = 000000E216ED1CC9)> (target MAGLEV) - took 0.000, 0.199, 0.001 ms]
[marking 0x031f019861d1 <JSFunction subsetDensePrepared (sfi = 000003D6DFF5BA31)> for optimization to MAGLEV, ConcurrencyMode::kConcurrent, reason: hot and stable]
[compiling method 0x031f019861d1 <JSFunction subsetDensePrepared (sfi = 000003D6DFF5BA31)> (target MAGLEV), mode: ConcurrencyMode::kConcurrent]
[marking 0x031411094571 <JSFunction connect4RbaCofactorKnownHeight (sfi = 0000031411084C51)> for optimization to TURBOFAN_JS, ConcurrencyMode::kConcurrent, reason: hot and stable]
[compiling method 0x031411094571 <JSFunction connect4RbaCofactorKnownHeight (sfi = 0000031411084C51)> (target TURBOFAN_JS), mode: ConcurrencyMode::kConcurrent]
[marking 0x02ca64698709 <JSFunction collectSingletonProfiles (sfi = 000000E216EDC139)> for optimization to MAGLEV, ConcurrencyMode::kConcurrent, reason: hot and stable]
[compiling method 0x02ca64698709 <JSFunction collectSingletonProfiles (sfi = 000000E216EDC139)> (target MAGLEV), mode: ConcurrencyMode::kConcurrent]
[marking 0x0314110941b1 <JSFunction emitSortedSetBits32 (sfi = 0000031411085B81)> for optimization to TURBOFAN_JS, ConcurrencyMode::kConcurrent, reason: hot and stable]
[compiling method 0x0314110941b1 <JSFunction emitSortedSetBits32 (sfi = 0000031411085B81)> (target TURBOFAN_JS), mode: ConcurrencyMode::kConcurrent]
[marking 0x02ca64698289 <JSFunction permutePair3 (sfi = 000000E216ED4AA1)> for optimization to MAGLEV, ConcurrencyMode::kConcurrent, reason: hot and stable]
[marking 0x00e216eea161 <JSFunction advanceConnect4LiveLineState32 (sfi = 000000E216EDE599)> for optimization to MAGLEV, ConcurrencyMode::kConcurrent, reason: hot and stable]
[completed compiling 0x02bb47c265d9 <JSFunction connect4RbaCofactorBasis (sfi = 000002BB47C16B11)> (target MAGLEV) - took 0.000, 0.576, 0.006 ms]
[compiling method 0x00e216eea161 <JSFunction advanceConnect4LiveLineState32 (sfi = 000000E216EDE599)> (target MAGLEV), mode: ConcurrencyMode::kConcurrent]
[completed compiling 0x00b43cde3d19 <JSFunction connect4RbaCofactorKnownHeight (sfi = 000000B43CDD43D1)> (target MAGLEV) - took 0.000, 3.301, 0.008 ms]
[completed compiling 0x00e216ee8899 <JSFunction connect4RbaCofactorBasis (sfi = 000000E216ED8EC9)> (target MAGLEV) - took 0.000, 0.570, 0.004 ms]
[completed compiling 0x003bd37c3901 [marking <JSFunction removeDensePrepared (sfi = 000000B43CDCFD39)> (target MAGLEV) - took 0.000, 0.074, 0.002 ms]
0x00b94a4ec3d9 <JSFunction popcount3x32 (sfi = 000000B94A4E3279)> for optimization to MAGLEV, ConcurrencyMode::kConcurrent, reason: hot and stable]
[marking 0x00b94a4ec6d1 <JSFunction evaluateConnect4LiveLine3x32 (sfi = 000000B94A4E0B41)>[compiling method  for optimization to MAGLEV, ConcurrencyMode::kConcurrent, reason: hot and stable0x02ca64698289]
 <JSFunction permutePair3 (sfi = 000000E216ED4AA1)> (target MAGLEV), mode: ConcurrencyMode::kConcurrent]
[compiling method 0x00b94a4ec6d1 <JSFunction evaluateConnect4LiveLine3x32 (sfi = 000000B94A4E0B41)> (target MAGLEV), mode: ConcurrencyMode::kConcurrent]
[compiling method [completed compiling 0x00b94a4ec3d9 0x02bb47c25651 <JSFunction popcount3x32 (sfi = 000000B94A4E3279)> (target MAGLEV), mode: ConcurrencyMode::kConcurrent]
<JSFunction publishSpan32 (sfi = 000002BB47C0F929)> (target MAGLEV) - took 0.000, 0.122, 0.001 ms]
[completed compiling 0x00b43cde2cd1 <JSFunction publishSpan32 (sfi = 000000B43CDCD111)> (target MAGLEV) - took 0.000, 0.118, 0.001 ms]
[marking 0x00b94a4eae89 <JSFunction connect4RbaCanonicalize (sfi = 000000B94A4DB501)> for optimization to MAGLEV, ConcurrencyMode::kConcurrent, reason: hot and stable]
[completed compiling 0x03da4fa04331 <JSFunction removeDensePrepared (sfi = 0000028BDDC93289)> (target MAGLEV) - took 0.000, 0.053, 0.005 ms[marking 0x03b1ec199099 <JSFunction permutePair3 (sfi = 000002BB47C12701)> for optimization to MAGLEV, ConcurrencyMode::kConcurrent, reason: hot and stable]
]
[completed compiling 0x03da4fa042f1[compiling method  <JSFunction prepareSubsetDense (sfi = 0000028BDDC93319)> (target MAGLEV) - took 0.001, 0.029, 0.002 ms]
0x00b94a4eae89 <JSFunction connect4RbaCanonicalize (sfi = 000000B94A4DB501)> (target MAGLEV), mode: ConcurrencyMode::kConcurrent]
[compiling method 0x03b1ec199099 <JSFunction permutePair3 (sfi = 000002BB47C12701)> (target MAGLEV), mode: ConcurrencyMode::kConcurrent]
[marking 0x03b1ec199159 <JSFunction collectSingletonProfiles (sfi = 000002BB47C19D69)> for optimization to MAGLEV, ConcurrencyMode::kConcurrent, reason: hot and stable]
[completed compiling 0x028bddca62b9 <JSFunction mixSpan32Locator32 (sfi = 0000028BDDC906A9)> (target MAGLEV) - took 0.000, 0.128, 0.003 ms]
[compiling method 0x03b1ec199159 <JSFunction collectSingletonProfiles (sfi = 000002BB47C19D69)> (target MAGLEV), mode: ConcurrencyMode::kConcurrent]
[completed compiling 0x02ca64698709 <JSFunction collectSingletonProfiles (sfi = 000000E216EDC139)> (target MAGLEV) - took 0.000, 0.450, 0.005 ms]
[completed compiling 0x003bd37c38c1 <JSFunction prepareSubsetDense (sfi = 000000B43CDCFDC9)> (target MAGLEV) - took 0.000, 0.041, 0.297 ms]
[completed compiling 0x00b43cde2d11 <JSFunction mixSpan32Locator32 (sfi = 000000B43CDCD159)> (target MAGLEV) - took 0.000, 0.153, 0.002 ms]
[marking 0x02bb47c27ea1 <JSFunction advanceConnect4LiveLineState32 (sfi = 000002BB47C1C1C9)> for optimization to MAGLEV, ConcurrencyMode::kConcurrent, reason: hot and stable]
[compiling method 0x02bb47c27ea1 <JSFunction advanceConnect4LiveLineState32 (sfi = 000002BB47C1C1C9)> (target MAGLEV), mode: ConcurrencyMode::kConcurrent]
[completed compiling 0x00e216eea161 <JSFunction advanceConnect4LiveLineState32 (sfi = 000000E216EDE599)> (target MAGLEV) - took 0.000, 0.123, 0.002 ms]
[completed compiling 0x028bddca72c1 <JSFunction connect4RbaCofactorKnownHeight (sfi = 0000028BDDC97921)> (target MAGLEV) - took 0.000, 3.958, 0.011 ms]
[marking 0x02bb47c28c59 <JSFunction probeConnect4RbaSharedExactCache32 (sfi = 000002BB47C22D39)> for optimization to MAGLEV, ConcurrencyMode::kConcurrent, reason: hot and stable]
[completed compiling 0x028bddca6279 <JSFunction publishSpan32 (sfi = 0000028BDDC90661)> (target MAGLEV) - took 0.000, 0.107, 0.002 ms]
[compiling method 0x02bb47c28c59 <JSFunction probeConnect4RbaSharedExactCache32 (sfi = 000002BB47C22D39)> (target MAGLEV), mode: ConcurrencyMode::kConcurrent]
[marking 0x00e216eeaf19 <JSFunction probeConnect4RbaSharedExactCache32 (sfi = 000000E216EE5109)> for optimization to MAGLEV, ConcurrencyMode::kConcurrent, reason: hot and stable]
[compiling method 0x00e216eeaf19 <JSFunction probeConnect4RbaSharedExactCache32 (sfi = 000000E216EE5109)> (target MAGLEV), mode: ConcurrencyMode::kConcurrent]
[completed compiling 0x02ca64698289 <JSFunction permutePair3 (sfi = 000000E216ED4AA1)> (target MAGLEV) - took 0.000, 0.179, 0.003 ms]
[completed compiling 0x028bddca7201 <JSFunction connect4RbaCofactorBasis (sfi = 0000028BDDC97849)> (target MAGLEV) - took 0.000, 0.404, 0.006 ms]
[marking 0x0185284cc9c1 <JSFunction compareReflectedSupport (sfi = 0000031411084CE1)> for optimization to MAGLEV, ConcurrencyMode::kConcurrent, reason: hot and stable]
[compiling method 0x0185284cc9c1 <JSFunction compareReflectedSupport (sfi = 0000031411084CE1)> (target MAGLEV), mode: ConcurrencyMode::kConcurrent]
[marking 0x03d6dff6f579 <JSFunction emitSortedSetBits32 (sfi = 000003D6DFF60EF1)> for optimization to MAGLEV, ConcurrencyMode::kConcurrent, reason: hot and stable]
[marking 0x03d6dff6f939 <JSFunction connect4RbaCofactorKnownHeight (sfi = 000003D6DFF5FFC1)> for optimization to MAGLEV, ConcurrencyMode::kConcurrent, reason: hot and stable]
[compiling method 0x03d6dff6f579 <JSFunction emitSortedSetBits32 (sfi = 000003D6DFF60EF1)> (target MAGLEV), mode: ConcurrencyMode::kConcurrent]
[compiling method 0x03d6dff6f939 <JSFunction connect4RbaCofactorKnownHeight (sfi = 000003D6DFF5FFC1)>[completed compiling  (target MAGLEV), mode: ConcurrencyMode::kConcurrent]
0x00b43cde3c59 <JSFunction connect4RbaCofactorBasis (sfi = 000000B43CDD42F9)> (target MAGLEV) - took 0.000, 0.875, 0.005 ms]
[marking 0x0185284ccc39 <JSFunction deriveForkPreemption32 (sfi = 0000031411087E19)> for optimization to MAGLEV, ConcurrencyMode::kConcurrent, reason: hot and stable]
[compiling method 0x0185284ccc39 <JSFunction deriveForkPreemption32 (sfi = 0000031411087E19)> (target MAGLEV), mode: ConcurrencyMode::kConcurrent]
[completed compiling 0x0185284ccb39 <JSFunction coordHas (sfi = 0000031411087CF9)> (target MAGLEV) - took 0.000, 0.101, 0.003 ms]
[marking 0x00b43cde5521 <JSFunction advanceConnect4LiveLineState32 (sfi = 000000B43CDD99B1)> for optimization to MAGLEV, ConcurrencyMode::kConcurrent, reason: hot and stable]
[marking [compiling method 0x01354eb586890x00b43cde5521  <JSFunction advanceConnect4LiveLineState32 (sfi = 000000B43CDD99B1)> (target MAGLEV), mode: ConcurrencyMode::kConcurrent]
<JSFunction collectSingletonProfiles (sfi = 0000028BDDC9AAA1)> for optimization to MAGLEV, ConcurrencyMode::kConcurrent, reason: hot and stable]
[marking 0x017a83656fd1 <JSFunction permutePair3 (sfi = 000000B43CDCFEE9)> for optimization to MAGLEV, ConcurrencyMode::kConcurrent, reason: hot and stable]
[compiling method 0x01354eb58689 <JSFunction collectSingletonProfiles (sfi = 0000028BDDC9AAA1)> (target MAGLEV), mode: ConcurrencyMode::kConcurrent]
[compiling method 0x017a83656fd1 <JSFunction permutePair3 (sfi = 000000B43CDCFEE9)> (target MAGLEV), mode: ConcurrencyMode::kConcurrent]
[marking 0x0185284ccbb9 <JSFunction playableCell (sfi = 0000031411087D89)> for optimization to MAGLEV, ConcurrencyMode::kConcurrent, reason: hot and stable]
[marking 0x031f019860d1 <JSFunction removeDensePrepared (sfi = 000003D6DFF5B911)> for optimization to MAGLEV, ConcurrencyMode::kConcurrent, reason: hot and stable]
[compiling method 0x031f019860d1 <JSFunction removeDensePrepared (sfi = 000003D6DFF5B911)> (target MAGLEV), mode: ConcurrencyMode::kConcurrent]
[compiling method 0x0185284ccbb9 <JSFunction playableCell (sfi = 0000031411087D89)> (target MAGLEV), mode: ConcurrencyMode::kConcurrent]
[marking 0x00e216ee8999 <JSFunction connect4RbaCanonicalize (sfi = 000000E216ED8FE9)> for optimization to MAGLEV, ConcurrencyMode::kConcurrent, reason: hot and stable]
[compiling method 0x00e216ee8999 <JSFunction connect4RbaCanonicalize (sfi = 000000E216ED8FE9)> (target MAGLEV), mode: ConcurrencyMode::kConcurrent]
[marking 0x00b94a4eaa89 <JSFunction emitSortedSetBits32 (sfi = 000000B94A4DC3E9)> for optimization to TURBOFAN_JS, ConcurrencyMode::kConcurrent, reason: hot and stable]
[compiling method 0x00b94a4eaa89 <JSFunction emitSortedSetBits32 (sfi = 000000B94A4DC3E9)> (target TURBOFAN_JS), mode: ConcurrencyMode::kConcurrent]
[completed compiling 0x00e216eeaf19 <JSFunction probeConnect4RbaSharedExactCache32 (sfi = 000000E216EE5109)> (target MAGLEV) - took 0.000, 0.524, 0.007 ms]
[marking 0x02478d99de41 <JSFunction compareReflectedSupport (sfi = 000000B94A4DB549)> for optimization to MAGLEV, ConcurrencyMode::kConcurrent, reason: hot and stable]
[marking 0x01354eb58209 <JSFunction permutePair3 (sfi = 0000028BDDC93439)> for optimization to MAGLEV, ConcurrencyMode::kConcurrent, reason: hot and stable]
[compiling method 0x02478d99de41 <JSFunction compareReflectedSupport (sfi = 000000B94A4DB549)> (target MAGLEV), mode: ConcurrencyMode::kConcurrent]
[marking 0x02bb47c266d9 <JSFunction connect4RbaCanonicalize (sfi = 000002BB47C16C31)> for optimization to MAGLEV, ConcurrencyMode::kConcurrent, reason: hot and stable]
[compiling method 0x02bb47c266d9 <JSFunction connect4RbaCanonicalize (sfi = 000002BB47C16C31)> (target MAGLEV), mode: ConcurrencyMode::kConcurrent]
[compiling method 0x01354eb58209 <JSFunction permutePair3 (sfi = 0000028BDDC93439)> (target MAGLEV), mode: ConcurrencyMode::kConcurrent]
[marking 0x00e216ee9ee9 <JSFunction popcount3x32 (sfi = 000000E216EE0D49)> for optimization to MAGLEV, ConcurrencyMode::kConcurrent, reason: hot and stable]
[marking 0x00e216eea1e1 <JSFunction evaluateConnect4LiveLine3x32 (sfi = 000000E216EDE629)> for optimization to MAGLEV, ConcurrencyMode::kConcurrent, reason: hot and stable]
[compiling method 0x00e216eea1e1 <JSFunction evaluateConnect4LiveLine3x32 (sfi = 000000E216EDE629)> (target MAGLEV), mode: ConcurrencyMode::kConcurrent]
[compiling method 0x00e216ee9ee9 <JSFunction popcount3x32 (sfi = 000000E216EE0D49)> (target MAGLEV), mode: ConcurrencyMode::kConcurrent]
[marking 0x031f01986151 <JSFunction prepareSubsetDense (sfi = 000003D6DFF5B9A1)> for optimization to MAGLEV, ConcurrencyMode::kConcurrent, reason: hot and stable]
[compiling method 0x031f01986151 <JSFunction prepareSubsetDense (sfi = 000003D6DFF5B9A1)> (target MAGLEV), mode: ConcurrencyMode::kConcurrent]
[marking 0x03d6dff6e931 <JSFunction mixSpan32Locator32 (sfi = 000003D6DFF58D31)> for optimization to MAGLEV, ConcurrencyMode::kConcurrent, reason: hot and stable]
[marking 0x00e216eeaf59 <JSFunction storeConnect4RbaSharedExactCache32 (sfi = 000000E216EE5151)> for optimization to MAGLEV, ConcurrencyMode::kConcurrent, reason: hot and stable]
[marking 0x03d6dff6e8f1 <JSFunction publishSpan32 (sfi = 000003D6DFF58CE9)> for optimization to MAGLEV, ConcurrencyMode::kConcurrent, reason: hot and stable]
[compiling method 0x03d6dff6e931 <JSFunction mixSpan32Locator32 (sfi = 000003D6DFF58D31)> (target MAGLEV), mode: ConcurrencyMode::kConcurrent]
[marking 0x02478d99e511 <JSFunction probeConnect4RbaExactCacheSlot32Frontier (sfi = 000000B94A4CF1E9)> for optimization to MAGLEV, ConcurrencyMode::kConcurrent, reason: hot and stable]
[compiling method 0x00e216eeaf59 <JSFunction storeConnect4RbaSharedExactCache32 (sfi = 000000E216EE5151)> (target MAGLEV), mode: ConcurrencyMode::kConcurrent]
[compiling method 0x02478d99e511 <JSFunction probeConnect4RbaExactCacheSlot32Frontier (sfi = 000000B94A4CF1E9)> (target MAGLEV), mode: ConcurrencyMode::kConcurrent]
[completed compiling 0x0314110945b1 <JSFunction connect4RbaCanonicalize (sfi = 0000031411084C99)> (target MAGLEV) - took 0.000, 1.094, 0.010 ms]
[marking 0x03d6dff6f879 <JSFunction connect4RbaCofactorBasis (sfi = 000003D6DFF5FEE9)> for optimization to MAGLEV, ConcurrencyMode::kConcurrent, reason: hot and stable]
[compiling method 0x03d6dff6f879 <JSFunction connect4RbaCofactorBasis (sfi = 000003D6DFF5FEE9)> (target MAGLEV), mode: ConcurrencyMode::kConcurrent]
[completed compiling 0x00e216ee8999 <JSFunction connect4RbaCanonicalize (sfi = 000000E216ED8FE9)> (target MAGLEV) - took 0.000, 0.859, 0.008 ms]
[completed compiling 0x00e216eea1e1 <JSFunction evaluateConnect4LiveLine3x32 (sfi = 000000E216EDE629)> (target MAGLEV) - took 0.000, 0.074, 0.001 ms]
[compiling method 0x03d6dff6e8f1 <JSFunction publishSpan32 (sfi = 000003D6DFF58CE9)> (target MAGLEV), mode: ConcurrencyMode::kConcurrent]
[completed compiling 0x00e216ee9ee9 <JSFunction popcount3x32 (sfi = 000000E216EE0D49)> (target MAGLEV) - took 0.000, 0.081, 0.001 ms]
[marking 0x028bddca8ac9 <JSFunction advanceConnect4LiveLineState32 (sfi = 0000028BDDC9CF01)> for optimization to MAGLEV, ConcurrencyMode::kConcurrent, reason: hot and stable]
[compiling method 0x028bddca8ac9 <JSFunction advanceConnect4LiveLineState32 (sfi = 0000028BDDC9CF01)> (target MAGLEV), mode: ConcurrencyMode::kConcurrent]
[marking 0x02bb47c27c29 <JSFunction popcount3x32 (sfi = 000002BB47C1E979)> for optimization to MAGLEV, ConcurrencyMode::kConcurrent, reason: hot and stable]
[marking 0x02bb47c27f21 <JSFunction evaluateConnect4LiveLine3x32 (sfi = 000002BB47C1C259)> for optimization to MAGLEV, ConcurrencyMode::kConcurrent, reason: hot and stable]
[compiling method 0x02bb47c27f21 <JSFunction evaluateConnect4LiveLine3x32 (sfi = 000002BB47C1C259)> (target MAGLEV), mode: ConcurrencyMode::kConcurrent]
[compiling method 0x02bb47c27c29 <JSFunction popcount3x32 (sfi = 000002BB47C1E979)> (target MAGLEV), mode: ConcurrencyMode::kConcurrent]
[completed compiling 0x00e216eeaf59 <JSFunction storeConnect4RbaSharedExactCache32 (sfi = 000000E216EE5151)> (target MAGLEV) - took 0.000, 0.354, 0.005 ms[completed compiling ]
0x0185284ccbf9 <JSFunction collectSingletonProfiles (sfi = 0000031411087DD1)> (target MAGLEV) - took 0.000, 0.662, 0.007 ms]
[completed compiling 0x0185284ccb79 <JSFunction cellMarked (sfi = 0000031411087D41)> (target MAGLEV) - took 0.000, 0.054, 0.001 ms]
[marking 0x00b94a4e9e41 <JSFunction mixSpan32Locator32 (sfi = 000000B94A4D4229)> for optimization to TURBOFAN_JS, ConcurrencyMode::kConcurrent, reason: hot and stable]
[marking [compiling method 0x00b94a4e9e41 0x031411095b01 <JSFunction mixSpan32Locator32 (sfi = 000000B94A4D4229)> (target TURBOFAN_JS), mode: ConcurrencyMode::kConcurrent]
<JSFunction popcount3x32 (sfi = 000003141108C9E1)> for optimization to MAGLEV, ConcurrencyMode::kConcurrent, reason: hot and stable]
[marking 0x031411095df9 <JSFunction evaluateConnect4LiveLine3x32 (sfi = 000003141108A2C1)> for optimization to MAGLEV, ConcurrencyMode::kConcurrent, reason: hot and stable]
[compiling method 0x031411095df9 <JSFunction evaluateConnect4LiveLine3x32 (sfi = 000003141108A2C1)> (target MAGLEV), mode: ConcurrencyMode::kConcurrent]
[compiling method 0x031411095b01 <JSFunction popcount3x32 (sfi = 000003141108C9E1)> (target MAGLEV), mode: ConcurrencyMode::kConcurrent]
[marking 0x00e216ee8599 <JSFunction emitSortedSetBits32 (sfi = 000000E216ED9ED1)> for optimization to TURBOFAN_JS, ConcurrencyMode::kConcurrent, reason: hot and stable]
[compiling method 0x00e216ee8599 <JSFunction emitSortedSetBits32 (sfi = 000000E216ED9ED1)> (target TURBOFAN_JS), mode: ConcurrencyMode::kConcurrent]
[marking 0x0185284cd091 <JSFunction probeConnect4RbaExactCacheSlot32Frontier (sfi = 0000034CC2B78399)> for optimization to MAGLEV, ConcurrencyMode::kConcurrent, reason: hot and stable]
[compiling method 0x0185284cd091 <JSFunction probeConnect4RbaExactCacheSlot32Frontier (sfi = 0000034CC2B78399)> (target MAGLEV), mode: ConcurrencyMode::kConcurrent]
[completed compiling 0x0314110941b1 <JSFunction emitSortedSetBits32 (sfi = 0000031411085B81)> (target TURBOFAN_JS) - took 0.001, 1.922, 0.021 ms]
[completed optimizing 0x0314110941b1 <JSFunction emitSortedSetBits32 (sfi = 0000031411085B81)> (target TURBOFAN_JS)]
[marking 0x021c183c2771 <JSFunction searchCpcOnlyFrontier (sfi = 000000B94A4CF351)> for optimization to MAGLEV, ConcurrencyMode::kConcurrent, reason: hot and stable]
[compiling method 0x021c183c2771 <JSFunction searchCpcOnlyFrontier (sfi = 000000B94A4CF351)> (target MAGLEV), mode: ConcurrencyMode::kConcurrent]
[completed compiling 0x031411095d79 <JSFunction advanceConnect4LiveLineState32 (sfi = 000003141108A231)> (target MAGLEV) - took 0.000, 0.634, 0.002 ms]
[marking 0x02bb47c28c99 <JSFunction storeConnect4RbaSharedExactCache32 (sfi = 000002BB47C22D81)> for optimization to MAGLEV, ConcurrencyMode::kConcurrent, reason: hot and stable]
[marking 0x02478d99e5d1 <JSFunction absToRelativeFrontier (sfi = 000000B94A4CF2C1)> for optimization to MAGLEV, ConcurrencyMode::kConcurrent, reason: hot and stable]
[compiling method 0x02bb47c28c99 <JSFunction storeConnect4RbaSharedExactCache32 (sfi = 000002BB47C22D81)> (target MAGLEV), mode: ConcurrencyMode::kConcurrent]
[compiling method 0x02478d99e5d1 <JSFunction absToRelativeFrontier (sfi = 000000B94A4CF2C1)> (target MAGLEV), mode: ConcurrencyMode::kConcurrent]
[completed compiling 0x0185284cc9c1 <JSFunction compareReflectedSupport (sfi = 0000031411084CE1)> (target MAGLEV) - took 0.000, 0.174, 0.003 ms[marking ]
0x02478d99e551 <JSFunction storeConnect4RbaExactCacheSlot32Frontier (sfi = 000000B94A4CF231)> for optimization to MAGLEV, ConcurrencyMode::kConcurrent, reason: hot and stable]
[marking 0x00b94a4ed409 <JSFunction probeConnect4RbaSharedExactCache32 (sfi = 000000B94A4E7639)> for optimization to MAGLEV, ConcurrencyMode::kConcurrent, reason: hot and stable]
[compiling method 0x00b94a4ed409 <JSFunction probeConnect4RbaSharedExactCache32 (sfi = 000000B94A4E7639)> (target MAGLEV), mode: ConcurrencyMode::kConcurrent]
[compiling method 0x02478d99e551 <JSFunction storeConnect4RbaExactCacheSlot32Frontier (sfi = 000000B94A4CF231)> (target MAGLEV), mode: ConcurrencyMode::kConcurrent]
[marking 0x02ca64698ba1 <JSFunction probeConnect4RbaExactCacheSlot32Frontier (sfi = 000000E216ECCCD1)> for optimization to MAGLEV, ConcurrencyMode::kConcurrent, reason: hot and stable]
[compiling method 0x02ca64698ba1 <JSFunction probeConnect4RbaExactCacheSlot32Frontier (sfi = 000000E216ECCCD1)> (target MAGLEV), mode: ConcurrencyMode::kConcurrent]
[marking 0x02bb47c262d9 <JSFunction emitSortedSetBits32 (sfi = 000002BB47C17B19)> for optimization to TURBOFAN_JS, ConcurrencyMode::kConcurrent, reason: hot and stable]
[compiling method 0x02bb47c262d9 <JSFunction emitSortedSetBits32 (sfi = 000002BB47C17B19)> (target TURBOFAN_JS), mode: ConcurrencyMode::kConcurrent]
[marking 0x028bddca98c1 <JSFunction storeConnect4RbaSharedExactCache32 (sfi = 0000028BDDCA3AB9)> for optimization to MAGLEV, ConcurrencyMode::kConcurrent, reason: hot and stable]
[compiling method 0x028bddca98c1 <JSFunction storeConnect4RbaSharedExactCache32 (sfi = 0000028BDDCA3AB9)> (target MAGLEV), mode: ConcurrencyMode::kConcurrent]
[completed compiling 0x0185284cc6f9 <JSFunction subsetDensePrepared (sfi = 00000314110806D9)> (target TURBOFAN_JS) - took 0.002, 0.498, 0.006 ms]
[completed optimizing 0x0185284cc6f9 <JSFunction subsetDensePrepared (sfi = 00000314110806D9)> (target TURBOFAN_JS)]
[marking 0x00b94a4eae49 <JSFunction connect4RbaCofactorKnownHeight (sfi = 000000B94A4DB4B9)> for optimization to TURBOFAN_JS, ConcurrencyMode::kConcurrent, reason: hot and stable]
[compiling method 0x00b94a4eae49 <JSFunction connect4RbaCofactorKnownHeight (sfi = 000000B94A4DB4B9)> (target TURBOFAN_JS), mode: ConcurrencyMode::kConcurrent]
[marking 0x03b1ec199059 <JSFunction compareReflectedSupport (sfi = 000002BB47C16C79)> for optimization to MAGLEV, ConcurrencyMode::kConcurrent, reason: hot and stable]
[compiling method 0x03b1ec199059 <JSFunction compareReflectedSupport (sfi = 000002BB47C16C79)> (target MAGLEV), mode: ConcurrencyMode::kConcurrent]
[marking 0x00bbaf742781 <JSFunction searchCpcOnlyFrontier (sfi = 000000E216ECCE39)> for optimization to MAGLEV, ConcurrencyMode::kConcurrent, reason: hot and stable]
[compiling method 0x00bbaf742781 <JSFunction searchCpcOnlyFrontier (sfi = 000000E216ECCE39)> (target MAGLEV), mode: ConcurrencyMode::kConcurrent]
[marking [marking dependent code 0x028bddca8851 <JSFunction popcount3x32 (sfi = 0000028BDDC9F6B1)> for optimization to MAGLEV, ConcurrencyMode::kConcurrent, reason: hot and stable]
[marking 0x0104304c0ba10x028bddca8b49  <Code MAGLEV> (<JSFunction evaluateConnect4LiveLine3x32 (sfi = 0000028BDDC9CF91)> for optimization to MAGLEV, ConcurrencyMode::kConcurrent, reason: hot and stable]
0x022ca0160bd1 <SharedFunctionInfo next>) (opt id 2) for deoptimization, reason: embedded weak objects cleared]
[compiling method 0x028bddca8b49 <JSFunction evaluateConnect4LiveLine3x32 (sfi = 0000028BDDC9CF91)> (target MAGLEV), mode: ConcurrencyMode::kConcurrent]
[compiling method 0x028bddca8851 <JSFunction popcount3x32 (sfi = 0000028BDDC9F6B1)> (target MAGLEV), mode: ConcurrencyMode::kConcurrent]
[marking 0x02ca64698c61 <JSFunction absToRelativeFrontier (sfi = 000000E216ECCDA9)> for optimization to MAGLEV, ConcurrencyMode::kConcurrent, reason: hot and stable]
[compiling method 0x02ca64698c61 <JSFunction absToRelativeFrontier (sfi = 000000E216ECCDA9)> (target MAGLEV), mode: ConcurrencyMode::kConcurrent]
[completed compiling 0x0185284ccc39 <JSFunction deriveForkPreemption32 (sfi = 0000031411087E19)> (target MAGLEV) - took 0.000, 1.176, 0.007 ms]
[completed compiling 0x0185284ccbb9 <JSFunction playableCell (sfi = 0000031411087D89)> (target MAGLEV) - took 0.000, 0.077, 0.001 ms]
[marking 0x034038526b19 <JSFunction probeConnect4RbaExactCacheSlot32Frontier (sfi = 000002BB47C0A931)> for optimization to MAGLEV, ConcurrencyMode::kConcurrent, reason: hot and stable]
[compiling method 0x034038526b19 <JSFunction probeConnect4RbaExactCacheSlot32Frontier (sfi = 000002BB47C0A931)> (target MAGLEV), mode: ConcurrencyMode::kConcurrent]
[completed compiling 0x031411095df9 <JSFunction evaluateConnect4LiveLine3x32 (sfi = 000003141108A2C1)> (target MAGLEV) - took 0.001, 0.152, 0.002 ms]
[completed compiling 0x031411095b01 <JSFunction popcount3x32 (sfi = 000003141108C9E1)>[marking  (target MAGLEV) - took 0.000, 0.118, 0.002 ms0x03b1ec182781 ]
<JSFunction searchCpcOnlyFrontier (sfi = 000002BB47C0AA99)> for optimization to MAGLEV, ConcurrencyMode::kConcurrent, reason: hot and stable]
[compiling method 0x03b1ec182781 <JSFunction searchCpcOnlyFrontier (sfi = 000002BB47C0AA99)> (target MAGLEV), mode: ConcurrencyMode::kConcurrent]
[completed compiling 0x03b1ec199099 <JSFunction permutePair3 (sfi = 000002BB47C12701)> (target MAGLEV) - took 0.000, 0.232, 0.003 ms]
[marking 0x028bddca7301 <JSFunction connect4RbaCanonicalize (sfi = 0000028BDDC97969)> for optimization to MAGLEV, ConcurrencyMode::kConcurrent, reason: hot and stable]
[compiling method 0x028bddca7301 <JSFunction connect4RbaCanonicalize (sfi = 0000028BDDC97969)> (target MAGLEV), mode: ConcurrencyMode::kConcurrent]
[marking 0x00b94a4eb8a9 <JSFunction evaluateConnect4CpcNonterminal32 (sfi = 000000B94A4DE531)> for optimization to MAGLEV, ConcurrencyMode::kConcurrent, reason: hot and stable]
[completed compiling 0x0185284cd091 <JSFunction probeConnect4RbaExactCacheSlot32Frontier (sfi = 0000034CC2B78399)> (target MAGLEV) - took 0.000, 0.153, 0.005 ms]
[compiling method 0x00b94a4eb8a9 <JSFunction evaluateConnect4CpcNonterminal32 (sfi = 000000B94A4DE531)> (target MAGLEV), mode: ConcurrencyMode::kConcurrent]
[marking 0x00e216ee8959 <JSFunction connect4RbaCofactorKnownHeight (sfi = 000000E216ED8FA1)> for optimization to TURBOFAN_JS, ConcurrencyMode::kConcurrent, reason: hot and stable]
[compiling method 0x00e216ee8959 <JSFunction connect4RbaCofactorKnownHeight (sfi = 000000E216ED8FA1)> (target TURBOFAN_JS), mode: ConcurrencyMode::kConcurrent]
[marking 0x031f01986251 <JSFunction permutePair3 (sfi = 000003D6DFF5BAC1)> for optimization to MAGLEV, ConcurrencyMode::kConcurrent, reason: hot and stable]
[marking 0x02ca64698be1 <JSFunction storeConnect4RbaExactCacheSlot32Frontier (sfi = 000000E216ECCD19)> for optimization to MAGLEV, ConcurrencyMode::kConcurrent, reason: hot and stable]
[marking 0x034038526bd9 <JSFunction absToRelativeFrontier (sfi = 000002BB47C0AA09)> for optimization to MAGLEV, ConcurrencyMode::kConcurrent, reason: hot and stable]
[compiling method 0x02ca64698be1 <JSFunction storeConnect4RbaExactCacheSlot32Frontier (sfi = 000000E216ECCD19)> (target MAGLEV), mode: ConcurrencyMode::kConcurrent]
[compiling method 0x031f01986251 [compiling method <JSFunction permutePair3 (sfi = 000003D6DFF5BAC1)> (target MAGLEV), mode: ConcurrencyMode::kConcurrent0x034038526bd9 ]
<JSFunction absToRelativeFrontier (sfi = 000002BB47C0AA09)> (target MAGLEV), mode: ConcurrencyMode::kConcurrent]
[marking 0x02bb47c25691 <JSFunction mixSpan32Locator32 (sfi = 000002BB47C0F971)> for optimization to TURBOFAN_JS, ConcurrencyMode::kConcurrent, reason: hot and stable]
[compiling method 0x02bb47c25691 <JSFunction mixSpan32Locator32 (sfi = 000002BB47C0F971)> (target TURBOFAN_JS), mode: ConcurrencyMode::kConcurrent]
[marking 0x02478d99dff9 <JSFunction cellMarked (sfi = 000000B94A4DE5C1)> for optimization to MAGLEV, ConcurrencyMode::kConcurrent, reason: hot and stable]
[compiling method 0x02478d99dff9 <JSFunction cellMarked (sfi = 000000B94A4DE5C1)> (target MAGLEV), mode: ConcurrencyMode::kConcurrent]
[marking 0x02bb47c26699 <JSFunction connect4RbaCofactorKnownHeight (sfi = 000002BB47C16BE9)> for optimization to TURBOFAN_JS, ConcurrencyMode::kConcurrent, reason: hot and stable]
[compiling method 0x02bb47c26699 <JSFunction connect4RbaCofactorKnownHeight (sfi = 000002BB47C16BE9)> (target TURBOFAN_JS), mode: ConcurrencyMode::kConcurrent]
[completed compiling 0x03b1ec199159 <JSFunction collectSingletonProfiles (sfi = 000002BB47C19D69)> (target MAGLEV) - took 0.000, 1.149, 0.006 ms]
[marking 0x02478d99e611 <JSFunction relativeToAbsFrontier (sfi = 000000B94A4CF309)> for optimization to MAGLEV, ConcurrencyMode::kConcurrent, reason: hot and stable]
[compiling method 0x02478d99e611 <JSFunction relativeToAbsFrontier (sfi = 000000B94A4CF309)> (target MAGLEV), mode: ConcurrencyMode::kConcurrent]
[4600:000002078E0C1000]       78 ms: Mark-Compact 7.1 (10.1) -> 6.1 (10.1) MB, pooled: 0.0 MB, 5.13 / 0.00 ms (average mu = 0.933, current mu = 0.933) background allocation failure; GC in old space requested
[completed compiling 0x017a83657451 <JSFunction collectSingletonProfiles (sfi = 000000B43CDD7551)> (target MAGLEV) - took 0.001, 5.681, 0.012 ms]
[completed compiling 0x02bb47c27ea1 <JSFunction advanceConnect4LiveLineState32 (sfi = 000002BB47C1C1C9)> (target MAGLEV) - took 0.000, 0.262, 0.003 ms]
[marking 0x01354eb58451 <JSFunction compareReflectedSupport (sfi = 0000028BDDC979B1)> for optimization to MAGLEV, ConcurrencyMode::kConcurrent, reason: hot and stable]
[compiling method 0x01354eb58451 <JSFunction compareReflectedSupport (sfi = 0000028BDDC979B1)> (target MAGLEV), mode: ConcurrencyMode::kConcurrent]
[marking 0x028bddca6f01 <JSFunction emitSortedSetBits32 (sfi = 0000028BDDC98851)> for optimization to TURBOFAN_JS, ConcurrencyMode::kConcurrent, reason: hot and stable]
[compiling method 0x028bddca6f01 <JSFunction emitSortedSetBits32 (sfi = 0000028BDDC98851)> (target TURBOFAN_JS), mode: ConcurrencyMode::kConcurrent]
[completed compiling 0x00b43cde5521 <JSFunction advanceConnect4LiveLineState32 (sfi = 000000B43CDD99B1)> (target MAGLEV) - took 0.000, 0.266, 0.003 ms]
[marking 0x03da4fa02781 <JSFunction searchCpcOnlyFrontier (sfi = 0000028BDDC8B7D1)> for optimization to MAGLEV, ConcurrencyMode::kConcurrent, reason: hot and stable]
[compiling method 0x03da4fa02781 <JSFunction searchCpcOnlyFrontier (sfi = 0000028BDDC8B7D1)> (target MAGLEV), mode: ConcurrencyMode::kConcurrent]
[bailout (kind: deopt-eager, reason: Insufficient type feedback for generic named access): begin. deoptimizing 0x0185284cd091 <JSFunction probeConnect4RbaExactCacheSlot32Frontier (sfi = 0000034CC2B78399)>, 0x02c370d3ec21 <Code MAGLEV>, opt id 31, bytecode offset 0, deopt exit 5, FP to SP delta 32, caller SP 0x00150c9fb648, pc 0x0204d35190ce]
[marking 0x00b94a4e9b49 <JSFunction completeRootFrontierNode32 (sfi = 000000B94A4D0899)> for optimization to MAGLEV, ConcurrencyMode::kConcurrent, reason: hot and stable]
[compiling method 0x00b94a4e9b49 <JSFunction completeRootFrontierNode32 (sfi = 000000B94A4D0899)> (target MAGLEV), mode: ConcurrencyMode::kConcurrent]
[completed compiling 0x02bb47c28c59 <JSFunction probeConnect4RbaSharedExactCache32 (sfi = 000002BB47C22D39)> (target MAGLEV) - took 0.000, 0.447, 0.008 ms]
[marking 0x0314110944b1 <JSFunction connect4RbaCofactorBasis (sfi = 0000031411084B79)> for optimization to TURBOFAN_JS, ConcurrencyMode::kConcurrent, reason: hot and stable]
[completed compiling 0x017a83656fd1 <JSFunction permutePair3 (sfi = 000000B43CDCFEE9)> (target MAGLEV) - took 0.001, 0.346, 0.002 ms]
[marking 0x00e216ee93b9 <JSFunction evaluateConnect4CpcNonterminal32 (sfi = 000000E216EDC019)> for optimization to MAGLEV, ConcurrencyMode::kConcurrent, reason: hot and stable]
[marking 0x031f01986c71 <JSFunction collectSingletonProfiles (sfi = 000003D6DFF63141)> for optimization to MAGLEV, ConcurrencyMode::kConcurrent, reason: hot and stable]
[compiling method 0x00e216ee93b9 <JSFunction evaluateConnect4CpcNonterminal32 (sfi = 000000E216EDC019)> (target MAGLEV), mode: ConcurrencyMode::kConcurrent]
[compiling method 0x031f01986c71 <JSFunction collectSingletonProfiles (sfi = 000003D6DFF63141)> (target MAGLEV), mode: ConcurrencyMode::kConcurrent]
[marking 0x02ca64698689 <JSFunction cellMarked (sfi = 000000E216EDC0A9)> for optimization to MAGLEV, ConcurrencyMode::kConcurrent, reason: hot and stable]
[marking 0x01354eb58b21 <JSFunction probeConnect4RbaExactCacheSlot32Frontier (sfi = 0000028BDDC8B669)> for optimization to MAGLEV, ConcurrencyMode::kConcurrent, reason: hot and stable]
[compiling method 0x01354eb58b21 <JSFunction probeConnect4RbaExactCacheSlot32Frontier (sfi = 0000028BDDC8B669)> (target MAGLEV), mode: ConcurrencyMode::kConcurrent]
[compiling method 0x02ca64698689 <JSFunction cellMarked (sfi = 000000E216EDC0A9)> (target MAGLEV), mode: ConcurrencyMode::kConcurrent]
[marking 0x02ca64698ca1 <JSFunction relativeToAbsFrontier (sfi = 000000E216ECCDF1)> for optimization to MAGLEV, ConcurrencyMode::kConcurrent, reason: hot and stable]
[compiling method 0x02ca64698ca1 <JSFunction relativeToAbsFrontier (sfi = 000000E216ECCDF1)> (target MAGLEV), mode: ConcurrencyMode::kConcurrent]
[marking 0x0314110944b1 <JSFunction connect4RbaCofactorBasis (sfi = 0000031411084B79)> for optimization to TURBOFAN_JS, ConcurrencyMode::kConcurrent, reason: hot and stable]
[marking 0x00b43cde6319 <JSFunction storeConnect4RbaSharedExactCache32 (sfi = 000000B43CDE0569)> for optimization to MAGLEV, ConcurrencyMode::kConcurrent, reason: hot and stable]
[compiling method 0x00b43cde6319 <JSFunction storeConnect4RbaSharedExactCache32 (sfi = 000000B43CDE0569)> (target MAGLEV), mode: ConcurrencyMode::kConcurrent]
[marking 0x031411093569 <JSFunction mixSpan32Locator32 (sfi = 0000034CC2B7D3D9)> for optimization to TURBOFAN_JS, ConcurrencyMode::kConcurrent, reason: hot and stable]
[marking 0x00b43cde3d59 <JSFunction connect4RbaCanonicalize (sfi = 000000B43CDD4419)> for optimization to MAGLEV, ConcurrencyMode::kConcurrent, reason: hot and stable]
[compiling method 0x00b43cde3d59 <JSFunction connect4RbaCanonicalize (sfi = 000000B43CDD4419)> (target MAGLEV), mode: ConcurrencyMode::kConcurrent]
[marking 0x0314110944b1 <JSFunction connect4RbaCofactorBasis (sfi = 0000031411084B79)> for optimization to TURBOFAN_JS, ConcurrencyMode::kConcurrent, reason: hot and stable]
[marking 0x034038526b59 <JSFunction storeConnect4RbaExactCacheSlot32Frontier (sfi = 000002BB47C0A979)> for optimization to MAGLEV, ConcurrencyMode::kConcurrent, reason: hot and stable]
[compiling method 0x034038526b59 <JSFunction storeConnect4RbaExactCacheSlot32Frontier (sfi = 000002BB47C0A979)> (target MAGLEV), mode: ConcurrencyMode::kConcurrent]
[marking 0x00e216ee7659 <JSFunction completeRootFrontierNode32 (sfi = 000000E216ECE381)> for optimization to MAGLEV, ConcurrencyMode::kConcurrent, reason: hot and stable]
[compiling method 0x00e216ee7659 <JSFunction completeRootFrontierNode32 (sfi = 000000E216ECE381)> (target MAGLEV), mode: ConcurrencyMode::kConcurrent]
[marking 0x031411093569 <JSFunction mixSpan32Locator32 (sfi = 0000034CC2B7D3D9)> for optimization to TURBOFAN_JS, ConcurrencyMode::kConcurrent, reason: hot and stable]
[marking 0x028bddca62b9 <JSFunction mixSpan32Locator32 (sfi = 0000028BDDC906A9)> for optimization to TURBOFAN_JS, ConcurrencyMode::kConcurrent, reason: hot and stable]
[marking 0x02478d99e0f9 <JSFunction pairedResponseNoWin (sfi = 000000B94A4DE6E1)> for optimization to MAGLEV, ConcurrencyMode::kConcurrent, reason: hot and stable]
[compiling method 0x02478d99e0f9 <JSFunction pairedResponseNoWin (sfi = 000000B94A4DE6E1)> (target MAGLEV), mode: ConcurrencyMode::kConcurrent]
[marking 0x031411094fd1 <JSFunction evaluateConnect4CpcNonterminal32 (sfi = 0000031411087CB1)> for optimization to MAGLEV, ConcurrencyMode::kConcurrent, reason: hot and stable]
[completed compiling [compiling method 0x02bb47c266d90x031411094fd1  <JSFunction evaluateConnect4CpcNonterminal32 (sfi = 0000031411087CB1)><JSFunction connect4RbaCanonicalize (sfi = 000002BB47C16C31)> (target MAGLEV), mode: ConcurrencyMode::kConcurrent (target MAGLEV) - took 0.000, 1.307, 0.008 ms]
]
[marking 0x0314110944b1 <JSFunction connect4RbaCofactorBasis (sfi = 0000031411084B79)> for optimization to TURBOFAN_JS, ConcurrencyMode::kConcurrent, reason: hot and stable]
[marking 0x028bddca62b9 <JSFunction mixSpan32Locator32 (sfi = 0000028BDDC906A9)> for optimization to TURBOFAN_JS, ConcurrencyMode::kConcurrent, reason: hot and stable]
[marking 0x00b43cde52a9 <JSFunction popcount3x32 (sfi = 000000B43CDDC161)> for optimization to MAGLEV, ConcurrencyMode::kConcurrent, reason: hot and stable]
[marking 0x00b43cde55a1 <JSFunction evaluateConnect4LiveLine3x32 (sfi = 000000B43CDD9A41)> for optimization to MAGLEV, ConcurrencyMode::kConcurrent, reason: hot and stable]
[compiling method 0x00b43cde55a1 <JSFunction evaluateConnect4LiveLine3x32 (sfi = 000000B43CDD9A41)> (target MAGLEV), mode: ConcurrencyMode::kConcurrent]
[compiling method 0x00b43cde52a9 <JSFunction popcount3x32 (sfi = 000000B43CDDC161)> (target MAGLEV), mode: ConcurrencyMode::kConcurrent]
[completed compiling 0x00b43cde6319 <JSFunction storeConnect4RbaSharedExactCache32 (sfi = 000000B43CDE0569)> (target MAGLEV) - took 0.000, 0.479, 0.006 ms]
[marking 0x031411093569 <JSFunction mixSpan32Locator32 (sfi = 0000034CC2B7D3D9)> for optimization to TURBOFAN_JS, ConcurrencyMode::kConcurrent, reason: hot and stable]
[marking 0x028bddca62b9 <JSFunction mixSpan32Locator32 (sfi = 0000028BDDC906A9)> for optimization to TURBOFAN_JS, ConcurrencyMode::kConcurrent, reason: hot and stable]
[marking 0x01354eb58709 <JSFunction pairedResponseNoWin (sfi = 0000028BDDC9AB31)> for optimization to MAGLEV, ConcurrencyMode::kConcurrent, reason: hot and stable]
[marking 0x0314110944b1 <JSFunction connect4RbaCofactorBasis (sfi = 0000031411084B79)> for optimization to TURBOFAN_JS, ConcurrencyMode::kConcurrent, reason: hot and stable]
[compiling method 0x01354eb58709 <JSFunction pairedResponseNoWin (sfi = 0000028BDDC9AB31)> (target MAGLEV), mode: ConcurrencyMode::kConcurrent]
[marking 0x00e216ee7951 [marking 0x028bddca62b9 <JSFunction mixSpan32Locator32 (sfi = 000000E216ED1D11)> for optimization to TURBOFAN_JS, ConcurrencyMode::kConcurrent, reason: hot and stable]
<JSFunction mixSpan32Locator32 (sfi = 0000028BDDC906A9)> for optimization to TURBOFAN_JS, ConcurrencyMode::kConcurrent, reason: hot and stable]
[marking 0x028bddca9881 <JSFunction probeConnect4RbaSharedExactCache32 (sfi = 0000028BDDCA3A71)> for optimization to MAGLEV, ConcurrencyMode::kConcurrent, reason: hot and stable]
[compiling method 0x028bddca9881 <JSFunction probeConnect4RbaSharedExactCache32 (sfi = 0000028BDDCA3A71)> (target MAGLEV), mode: ConcurrencyMode::kConcurrent]
[marking 0x03d6dff71141 <JSFunction advanceConnect4LiveLineState32 (sfi = 000003D6DFF655A1)> for optimization to MAGLEV, ConcurrencyMode::kConcurrent, reason: hot and stable]
[compiling method 0x03d6dff71141 <JSFunction advanceConnect4LiveLineState32 (sfi = 000003D6DFF655A1)> (target MAGLEV), mode: ConcurrencyMode::kConcurrent]
[marking 0x028bddca62b9 <JSFunction mixSpan32Locator32 (sfi = 0000028BDDC906A9)> for optimization to TURBOFAN_JS, ConcurrencyMode::kConcurrent, reason: hot and stable]
[marking 0x031411093569 <JSFunction mixSpan32Locator32 (sfi = 0000034CC2B7D3D9)> for optimization to TURBOFAN_JS, ConcurrencyMode::kConcurrent, reason: hot and stable]
[marking 0x0314110944b1 <JSFunction connect4RbaCofactorBasis (sfi = 0000031411084B79)> for optimization to TURBOFAN_JS, ConcurrencyMode::kConcurrent, reason: hot and stable]
[marking 0x028bddca62b9 <JSFunction mixSpan32Locator32 (sfi = 0000028BDDC906A9)> for optimization to TURBOFAN_JS, ConcurrencyMode::kConcurrent, reason: hot and stable]
[marking 0x00e216ee7951 <JSFunction mixSpan32Locator32 (sfi = 000000E216ED1D11)> for optimization to TURBOFAN_JS, ConcurrencyMode::kConcurrent, reason: hot and stable]
[marking 0x01354eb58609 <JSFunction cellMarked (sfi = 0000028BDDC9AA11)> for optimization to MAGLEV, ConcurrencyMode::kConcurrent, reason: hot and stable]
[compiling method 0x01354eb58609 <JSFunction cellMarked (sfi = 0000028BDDC9AA11)> (target MAGLEV), mode: ConcurrencyMode::kConcurrent]
[marking 0x031411093569 <JSFunction mixSpan32Locator32 (sfi = 0000034CC2B7D3D9)> for optimization to TURBOFAN_JS, ConcurrencyMode::kConcurrent, reason: hot and stable]
[marking 0x028bddca62b9 <JSFunction mixSpan32Locator32 (sfi = 0000028BDDC906A9)> for optimization to TURBOFAN_JS, ConcurrencyMode::kConcurrent, reason: hot and stable]
[marking 0x0314110944b1 <JSFunction connect4RbaCofactorBasis (sfi = 0000031411084B79)> for optimization to TURBOFAN_JS, ConcurrencyMode::kConcurrent, reason: hot and stable]
[completed compiling 0x00b43cde3d59 <JSFunction connect4RbaCanonicalize (sfi = 000000B43CDD4419)> (target MAGLEV) - took 0.000, 0.974, 0.007 ms]
[completed compiling 0x00b43cde55a1 <JSFunction evaluateConnect4LiveLine3x32 (sfi = 000000B43CDD9A41)> (target MAGLEV) - took 0.000, 0.100, 0.001 ms]
[completed compiling 0x00b43cde52a9 <JSFunction popcount3x32 (sfi = 000000B43CDDC161)> (target MAGLEV) - took 0.000, 0.101, 0.001 ms]
[marking 0x028bddca62b9 <JSFunction mixSpan32Locator32 (sfi = 0000028BDDC906A9)> for optimization to TURBOFAN_JS, ConcurrencyMode::kConcurrent, reason: hot and stable]
[marking 0x031411093569 <JSFunction mixSpan32Locator32 (sfi = 0000034CC2B7D3D9)> for optimization to TURBOFAN_JS, ConcurrencyMode::kConcurrent, reason: hot and stable]
[marking 0x00e216ee7951 <JSFunction mixSpan32Locator32 (sfi = 000000E216ED1D11)> for optimization to TURBOFAN_JS, ConcurrencyMode::kConcurrent, reason: hot and stable]
[marking 0x0314110944b1 <JSFunction connect4RbaCofactorBasis (sfi = 0000031411084B79)> for optimization to TURBOFAN_JS, ConcurrencyMode::kConcurrent, reason: hot and stable]
[marking 0x01354eb58b61 <JSFunction storeConnect4RbaExactCacheSlot32Frontier (sfi = 0000028BDDC8B6B1)> for optimization to MAGLEV, ConcurrencyMode::kConcurrent, reason: hot and stable]
[compiling method 0x01354eb58b61 <JSFunction storeConnect4RbaExactCacheSlot32Frontier (sfi = 0000028BDDC8B6B1)> (target MAGLEV), mode: ConcurrencyMode::kConcurrent]
[marking 0x00b94a4ead89 <JSFunction connect4RbaCofactorBasis (sfi = 000000B94A4DB3E1)> for optimization to TURBOFAN_JS, ConcurrencyMode::kConcurrent, reason: hot and stable]
[marking 0x028bddca72c1 <JSFunction connect4RbaCofactorKnownHeight (sfi = 0000028BDDC97921)> for optimization to TURBOFAN_JS, ConcurrencyMode::kConcurrent, reason: hot and stable]
[marking 0x028bddca62b9 <JSFunction mixSpan32Locator32 (sfi = 0000028BDDC906A9)> for optimization to TURBOFAN_JS, ConcurrencyMode::kConcurrent, reason: hot and stable]
[marking 0x02ca64698789 <JSFunction pairedResponseNoWin (sfi = 000000E216EDC1C9)> for optimization to MAGLEV, ConcurrencyMode::kConcurrent, reason: hot and stable]
[marking 0x00b43cde3959 <JSFunction emitSortedSetBits32 (sfi = 000000B43CDD5301)> for optimization to TURBOFAN_JS, ConcurrencyMode::kConcurrent, reason: hot and stable]
[marking 0x028bddca72c1 <JSFunction connect4RbaCofactorKnownHeight (sfi = 0000028BDDC97921)> for optimization to TURBOFAN_JS, ConcurrencyMode::kConcurrent, reason: hot and stable]
[compiling method 0x02ca64698789 <JSFunction pairedResponseNoWin (sfi = 000000E216EDC1C9)> (target MAGLEV), mode: ConcurrencyMode::kConcurrent]
[marking 0x0314110944b1 <JSFunction connect4RbaCofactorBasis (sfi = 0000031411084B79)> for optimization to TURBOFAN_JS, ConcurrencyMode::kConcurrent, reason: hot and stable]
[marking 0x028bddca62b9 <JSFunction mixSpan32Locator32 (sfi = 0000028BDDC906A9)> for optimization to TURBOFAN_JS, ConcurrencyMode::kConcurrent, reason: hot and stable]
[marking 0x031411093569 <JSFunction mixSpan32Locator32 (sfi = 0000034CC2B7D3D9)> for optimization to TURBOFAN_JS, ConcurrencyMode::kConcurrent, reason: hot and stable]
[marking 0x00e216ee7951 <JSFunction mixSpan32Locator32 (sfi = 000000E216ED1D11)> for optimization to TURBOFAN_JS, ConcurrencyMode::kConcurrent, reason: hot and stable]
[marking 0x001e5390e639 <JSFunction searchCpcOnlyFrontier (sfi = 000000B43CDC8281)> for optimization to MAGLEV, ConcurrencyMode::kConcurrent, reason: hot and stable]
[compiling method 0x001e5390e639 <JSFunction searchCpcOnlyFrontier (sfi = 000000B43CDC8281)> (target MAGLEV), mode: ConcurrencyMode::kConcurrent]
[marking 0x00b43cde3959 <JSFunction emitSortedSetBits32 (sfi = 000000B43CDD5301)> for optimization to TURBOFAN_JS, ConcurrencyMode::kConcurrent, reason: hot and stable]
[marking 0x028bddca72c1 <JSFunction connect4RbaCofactorKnownHeight (sfi = 0000028BDDC97921)> for optimization to TURBOFAN_JS, ConcurrencyMode::kConcurrent, reason: hot and stable]
[marking 0x028bddca62b9 <JSFunction mixSpan32Locator32 (sfi = 0000028BDDC906A9)> for optimization to TURBOFAN_JS, ConcurrencyMode::kConcurrent, reason: hot and stable]
[marking 0x00b43cde3959 <JSFunction emitSortedSetBits32 (sfi = 000000B43CDD5301)> for optimization to TURBOFAN_JS, ConcurrencyMode::kConcurrent, reason: hot and stable]
[marking 0x0314110944b1 <JSFunction connect4RbaCofactorBasis (sfi = 0000031411084B79)> for optimization to TURBOFAN_JS, ConcurrencyMode::kConcurrent, reason: hot and stable]
[marking 0x00b94a4ead89 <JSFunction connect4RbaCofactorBasis (sfi = 000000B94A4DB3E1)>[marking 0x01354eb58be1  for optimization to TURBOFAN_JS, ConcurrencyMode::kConcurrent, reason: hot and stable<JSFunction absToRelativeFrontier (sfi = 0000028BDDC8B741)>]
 for optimization to MAGLEV, ConcurrencyMode::kConcurrent, reason: hot and stable]
[marking 0x031411093569 <JSFunction mixSpan32Locator32 (sfi = 0000034CC2B7D3D9)> for optimization to TURBOFAN_JS, ConcurrencyMode::kConcurrent, reason: hot and stable]
[compiling method 0x01354eb58be1 <JSFunction absToRelativeFrontier (sfi = 0000028BDDC8B741)> (target MAGLEV), mode: ConcurrencyMode::kConcurrent]
[marking 0x028bddca62b9 <JSFunction mixSpan32Locator32 (sfi = 0000028BDDC906A9)> for optimization to TURBOFAN_JS, ConcurrencyMode::kConcurrent, reason: hot and stable]
[marking 0x028bddca72c1 [marking 0x00e216ee7951<JSFunction connect4RbaCofactorKnownHeight (sfi = 0000028BDDC97921)>  for optimization to TURBOFAN_JS, ConcurrencyMode::kConcurrent, reason: hot and stable]
<JSFunction mixSpan32Locator32 (sfi = 000000E216ED1D11)> for optimization to TURBOFAN_JS, ConcurrencyMode::kConcurrent, reason: hot and stable]
[marking 0x00b43cde3959 <JSFunction emitSortedSetBits32 (sfi = 000000B43CDD5301)> for optimization to TURBOFAN_JS, ConcurrencyMode::kConcurrent, reason: hot and stable]
[marking 0x031411093271 <JSFunction completeRootFrontierNode32 (sfi = 0000034CC2B79A49)> for optimization to MAGLEV, ConcurrencyMode::kConcurrent, reason: hot and stable]
[compiling method 0x031411093271 <JSFunction completeRootFrontierNode32 (sfi = 0000034CC2B79A49)> (target MAGLEV), mode: ConcurrencyMode::kConcurrent]
[marking 0x017a836578e9 <JSFunction probeConnect4RbaExactCacheSlot32Frontier (sfi = 000000B43CDC8119)> for optimization to MAGLEV, ConcurrencyMode::kConcurrent, reason: hot and stable]
[compiling method 0x017a836578e9 <JSFunction probeConnect4RbaExactCacheSlot32Frontier (sfi = 000000B43CDC8119)> (target MAGLEV), mode: ConcurrencyMode::kConcurrent]
[marking 0x028bddca62b9 <JSFunction mixSpan32Locator32 (sfi = 0000028BDDC906A9)> for optimization to TURBOFAN_JS, ConcurrencyMode::kConcurrent, reason: hot and stable]
[marking 0x0314110944b1 <JSFunction connect4RbaCofactorBasis (sfi = 0000031411084B79)> for optimization to TURBOFAN_JS, ConcurrencyMode::kConcurrent, reason: hot and stable]
[marking 0x00b43cde3959 <JSFunction emitSortedSetBits32 (sfi = 000000B43CDD5301)> for optimization to TURBOFAN_JS, ConcurrencyMode::kConcurrent, reason: hot and stable]
[marking 0x028bddca72c1 <JSFunction connect4RbaCofactorKnownHeight (sfi = 0000028BDDC97921)> for optimization to TURBOFAN_JS, ConcurrencyMode::kConcurrent, reason: hot and stable]
[marking 0x031411093569 <JSFunction mixSpan32Locator32 (sfi = 0000034CC2B7D3D9)> for optimization to TURBOFAN_JS, ConcurrencyMode::kConcurrent, reason: hot and stable]
[marking 0x00b43cde3959 <JSFunction emitSortedSetBits32 (sfi = 000000B43CDD5301)> for optimization to TURBOFAN_JS, ConcurrencyMode::kConcurrent, reason: hot and stable]
[marking 0x028bddca62b9 <JSFunction mixSpan32Locator32 (sfi = 0000028BDDC906A9)> for optimization to TURBOFAN_JS, ConcurrencyMode::kConcurrent, reason: hot and stable]
[marking 0x00e216ee7951 <JSFunction mixSpan32Locator32 (sfi = 000000E216ED1D11)> for optimization to TURBOFAN_JS, ConcurrencyMode::kConcurrent, reason: hot and stable]
[marking 0x00e216ee8899 <JSFunction connect4RbaCofactorBasis (sfi = 000000E216ED8EC9)> for optimization to TURBOFAN_JS, ConcurrencyMode::kConcurrent, reason: hot and stable]
[marking 0x00b43cde3959 <JSFunction emitSortedSetBits32 (sfi = 000000B43CDD5301)> for optimization to TURBOFAN_JS, ConcurrencyMode::kConcurrent, reason: hot and stable]
[marking 0x0314110944b1 <JSFunction connect4RbaCofactorBasis (sfi = 0000031411084B79)> for optimization to TURBOFAN_JS, ConcurrencyMode::kConcurrent, reason: hot and stable]
[marking 0x00b94a4ead89 <JSFunction connect4RbaCofactorBasis (sfi = 000000B94A4DB3E1)> for optimization to TURBOFAN_JS, ConcurrencyMode::kConcurrent, reason: hot and stable]
[marking 0x028bddca72c1 <JSFunction connect4RbaCofactorKnownHeight (sfi = 0000028BDDC97921)> for optimization to TURBOFAN_JS, ConcurrencyMode::kConcurrent, reason: hot and stable]
[marking 0x031411093569 <JSFunction mixSpan32Locator32 (sfi = 0000034CC2B7D3D9)> for optimization to TURBOFAN_JS, ConcurrencyMode::kConcurrent, reason: hot and stable]
[marking 0x028bddca5fc1 <JSFunction completeRootFrontierNode32 (sfi = 0000028BDDC8CD19)> for optimization to MAGLEV, ConcurrencyMode::kConcurrent, reason: hot and stable]
[compiling method 0x028bddca5fc1 <JSFunction completeRootFrontierNode32 (sfi = 0000028BDDC8CD19)> (target MAGLEV), mode: ConcurrencyMode::kConcurrent]
[marking dependent code 0x02a7d1340ba1 <Code MAGLEV> (0x014477d20bd1 <SharedFunctionInfo next>) (opt id 2) for deoptimization, reason: embedded weak objects cleared]
[marking 0x028bddca62b9 <JSFunction mixSpan32Locator32 (sfi = 0000028BDDC906A9)> for optimization to TURBOFAN_JS, ConcurrencyMode::kConcurrent, reason: hot and stable]
[marking 0x00b43cde3959 <JSFunction emitSortedSetBits32 (sfi = 000000B43CDD5301)> for optimization to TURBOFAN_JS, ConcurrencyMode::kConcurrent, reason: hot and stable]
[marking 0x00b43cde3959 <JSFunction emitSortedSetBits32 (sfi = 000000B43CDD5301)> for optimization to TURBOFAN_JS, ConcurrencyMode::kConcurrent, reason: hot and stable]
[marking 0x0314110944b1 <JSFunction connect4RbaCofactorBasis (sfi = 0000031411084B79)> for optimization to TURBOFAN_JS, ConcurrencyMode::kConcurrent, reason: hot and stable]
[marking 0x00e216ee7951 <JSFunction mixSpan32Locator32 (sfi = 000000E216ED1D11)> for optimization to TURBOFAN_JS, ConcurrencyMode::kConcurrent, reason: hot and stable]
[marking 0x031411093569 <JSFunction mixSpan32Locator32 (sfi = 0000034CC2B7D3D9)> for optimization to TURBOFAN_JS, ConcurrencyMode::kConcurrent, reason: hot and stable]
[marking 0x00e216ee8899 <JSFunction connect4RbaCofactorBasis (sfi = 000000E216ED8EC9)> for optimization to TURBOFAN_JS, ConcurrencyMode::kConcurrent, reason: hot and stable]
[marking 0x00b43cde3959 <JSFunction emitSortedSetBits32 (sfi = 000000B43CDD5301)> for optimization to TURBOFAN_JS, ConcurrencyMode::kConcurrent, reason: hot and stable]
[marking 0x028bddca72c1 <JSFunction connect4RbaCofactorKnownHeight (sfi = 0000028BDDC97921)> for optimization to TURBOFAN_JS, ConcurrencyMode::kConcurrent, reason: hot and stable]
[marking [marking 0x00b43cde62d90x028bddca62b9  <JSFunction mixSpan32Locator32 (sfi = 0000028BDDC906A9)> for optimization to TURBOFAN_JS, ConcurrencyMode::kConcurrent, reason: hot and stable]
<JSFunction probeConnect4RbaSharedExactCache32 (sfi = 000000B43CDE0521)> for optimization to MAGLEV, ConcurrencyMode::kConcurrent, reason: hot and stable]
[compiling method 0x00b43cde62d9 <JSFunction probeConnect4RbaSharedExactCache32 (sfi = 000000B43CDE0521)> (target MAGLEV), mode: ConcurrencyMode::kConcurrent]
[marking 0x00b94a4ead89 <JSFunction connect4RbaCofactorBasis (sfi = 000000B94A4DB3E1)> for optimization to TURBOFAN_JS, ConcurrencyMode::kConcurrent, reason: hot and stable]
[marking 0x028bddca7861 <JSFunction firstSetBitIndex32 (sfi = 0000028BDDC9BE89)> for optimization to MAGLEV, ConcurrencyMode::kConcurrent, reason: hot and stable]
[marking 0x0314110944b1 <JSFunction connect4RbaCofactorBasis (sfi = 0000031411084B79)> for optimization to TURBOFAN_JS, ConcurrencyMode::kConcurrent, reason: hot and stable]
[compiling method 0x028bddca7861 <JSFunction firstSetBitIndex32 (sfi = 0000028BDDC9BE89)> (target MAGLEV), mode: ConcurrencyMode::kConcurrent]
[marking 0x00b43cde3959 <JSFunction emitSortedSetBits32 (sfi = 000000B43CDD5301)> for optimization to TURBOFAN_JS, ConcurrencyMode::kConcurrent, reason: hot and stable]
[marking 0x028bddca62b9 <JSFunction mixSpan32Locator32 (sfi = 0000028BDDC906A9)> for optimization to TURBOFAN_JS, ConcurrencyMode::kConcurrent, reason: hot and stable]
[marking 0x028bddca72c1 <JSFunction connect4RbaCofactorKnownHeight (sfi = 0000028BDDC97921)> for optimization to TURBOFAN_JS, ConcurrencyMode::kConcurrent, reason: hot and stable]
[completed compiling 0x01354eb58689 <JSFunction collectSingletonProfiles (sfi = 0000028BDDC9AAA1)> (target MAGLEV) - took 0.000, 0.663, 0.009 ms[marking ]
0x03d6dff71f39 <JSFunction storeConnect4RbaSharedExactCache32 (sfi = 000003D6DFF6C159)> for optimization to MAGLEV, ConcurrencyMode::kConcurrent, reason: hot and stable]
[marking 0x031411093569 <JSFunction mixSpan32Locator32 (sfi = 0000034CC2B7D3D9)> for optimization to TURBOFAN_JS, ConcurrencyMode::kConcurrent, reason: hot and stable]
[marking 0x00e216ee7951 <JSFunction mixSpan32Locator32 (sfi = 000000E216ED1D11)> for optimization to TURBOFAN_JS, ConcurrencyMode::kConcurrent, reason: hot and stable]
[marking 0x00b43cde3959 <JSFunction emitSortedSetBits32 (sfi = 000000B43CDD5301)> for optimization to TURBOFAN_JS, ConcurrencyMode::kConcurrent, reason: hot and stable]
[compiling method 0x03d6dff71f39 <JSFunction storeConnect4RbaSharedExactCache32 (sfi = 000003D6DFF6C159)> (target MAGLEV), mode: ConcurrencyMode::kConcurrent]
[marking 0x00b43cde4779 <JSFunction evaluateConnect4CpcNonterminal32 (sfi = 000000B43CDD7431)> for optimization to MAGLEV, ConcurrencyMode::kConcurrent, reason: hot and stable]
[compiling method 0x00b43cde4779 <JSFunction evaluateConnect4CpcNonterminal32 (sfi = 000000B43CDD7431)> (target MAGLEV), mode: ConcurrencyMode::kConcurrent]
[marking 0x00e216ee8899 <JSFunction connect4RbaCofactorBasis (sfi = 000000E216ED8EC9)> for optimization to TURBOFAN_JS, ConcurrencyMode::kConcurrent, reason: hot and stable]
[marking 0x028bddca62b9 <JSFunction mixSpan32Locator32 (sfi = 0000028BDDC906A9)> for optimization to TURBOFAN_JS, ConcurrencyMode::kConcurrent, reason: hot and stable]
[marking 0x0314110944b1 <JSFunction connect4RbaCofactorBasis (sfi = 0000031411084B79)> for optimization to TURBOFAN_JS, ConcurrencyMode::kConcurrent, reason: hot and stable]
[marking 0x017a83657929 [completed compiling 0x01354eb58209 <JSFunction storeConnect4RbaExactCacheSlot32Frontier (sfi = 000000B43CDC8161)> for optimization to MAGLEV, ConcurrencyMode::kConcurrent, reason: hot and stable<JSFunction permutePair3 (sfi = 0000028BDDC93439)>]
 (target MAGLEV) - took 0.000, 0.323, 0.002 ms]
[compiling method 0x017a83657929 <JSFunction storeConnect4RbaExactCacheSlot32Frontier (sfi = 000000B43CDC8161)> (target MAGLEV), mode: ConcurrencyMode::kConcurrent]
[marking 0x028bddca72c1 <JSFunction connect4RbaCofactorKnownHeight (sfi = 0000028BDDC97921)> for optimization to TURBOFAN_JS, ConcurrencyMode::kConcurrent, reason: hot and stable]
[marking 0x00b43cde3959 <JSFunction emitSortedSetBits32 (sfi = 000000B43CDD5301)> for optimization to TURBOFAN_JS, ConcurrencyMode::kConcurrent, reason: hot and stable]
[marking 0x00e216ee7911 <JSFunction publishSpan32 (sfi = 000000E216ED1CC9)> for optimization to TURBOFAN_JS, ConcurrencyMode::kConcurrent, reason: hot and stable]
[marking 0x031411093569 <JSFunction mixSpan32Locator32 (sfi = 0000034CC2B7D3D9)> for optimization to TURBOFAN_JS, ConcurrencyMode::kConcurrent, reason: hot and stable]
[completed compiling 0x028bddca8ac9 <JSFunction advanceConnect4LiveLineState32 (sfi = 0000028BDDC9CF01)> (target MAGLEV) - took 0.000, 0.189, 0.002 ms]
[marking 0x028bddca72c1 <JSFunction connect4RbaCofactorKnownHeight (sfi = 0000028BDDC97921)> for optimization to TURBOFAN_JS, ConcurrencyMode::kConcurrent, reason: hot and stable]
[marking 0x00e216ee7951 <JSFunction mixSpan32Locator32 (sfi = 000000E216ED1D11)> for optimization to TURBOFAN_JS, ConcurrencyMode::kConcurrent, reason: hot and stable]
[marking 0x00b94a4ead89 <JSFunction connect4RbaCofactorBasis (sfi = 000000B94A4DB3E1)> for optimization to TURBOFAN_JS, ConcurrencyMode::kConcurrent, reason: hot and stable]
[marking 0x028bddca62b9 <JSFunction mixSpan32Locator32 (sfi = 0000028BDDC906A9)> for optimization to TURBOFAN_JS, ConcurrencyMode::kConcurrent, reason: hot and stable]
[marking 0x00b43cde3959 <JSFunction emitSortedSetBits32 (sfi = 000000B43CDD5301)> for optimization to TURBOFAN_JS, ConcurrencyMode::kConcurrent, reason: hot and stable]
[marking 0x0314110944b1 <JSFunction connect4RbaCofactorBasis (sfi = 0000031411084B79)> for optimization to TURBOFAN_JS, ConcurrencyMode::kConcurrent, reason: hot and stable]
[4600:00000204FDB20000]       86 ms: Mark-Compact 7.6 (10.9) -> 6.2 (10.4) MB, pooled: 0.5 MB, 4.50 / 0.00 ms (average mu = 0.947, current mu = 0.947) background allocation failure; GC in old space requested
[marking 0x00e216ee8899 <JSFunction connect4RbaCofactorBasis (sfi = 000000E216ED8EC9)> for optimization to TURBOFAN_JS, ConcurrencyMode::kConcurrent, reason: hot and stable]
[completed compiling 0x02bb47c27f21 <JSFunction evaluateConnect4LiveLine3x32 (sfi = 000002BB47C1C259)> (target MAGLEV) - took 0.000, 4.629, 0.005 ms]
[marking 0x028bddca72c1 <JSFunction connect4RbaCofactorKnownHeight (sfi = 0000028BDDC97921)> for optimization to TURBOFAN_JS, ConcurrencyMode::kConcurrent, reason: hot and stable]
[marking 0x028bddca62b9 <JSFunction mixSpan32Locator32 (sfi = 0000028BDDC906A9)> for optimization to TURBOFAN_JS, ConcurrencyMode::kConcurrent, reason: hot and stable]
[marking 0x034038526c19 <JSFunction relativeToAbsFrontier (sfi = 000002BB47C0AA51)> for optimization to MAGLEV, ConcurrencyMode::kConcurrent, reason: hot and stable]
[marking 0x00b43cde3959 <JSFunction emitSortedSetBits32 (sfi = 000000B43CDD5301)> for optimization to TURBOFAN_JS, ConcurrencyMode::kConcurrent, reason: hot and stable]
[marking 0x028bddca7d21 [marking <JSFunction evaluateConnect4CpcNonterminal32 (sfi = 0000028BDDC9A981)> for optimization to MAGLEV, ConcurrencyMode::kConcurrent, reason: hot and stable0x031411093569 ]
<JSFunction mixSpan32Locator32 (sfi = 0000034CC2B7D3D9)> for optimization to TURBOFAN_JS, ConcurrencyMode::kConcurrent, reason: hot and stable]
[compiling method 0x028bddca7d21 <JSFunction evaluateConnect4CpcNonterminal32 (sfi = 0000028BDDC9A981)> (target MAGLEV), mode: ConcurrencyMode::kConcurrent]
[completed compiling 0x02bb47c27c29 <JSFunction popcount3x32 (sfi = 000002BB47C1E979)> (target MAGLEV) - took 0.000, 0.162, 0.002 ms]
[completed compiling 0x028bddca98c1 <JSFunction storeConnect4RbaSharedExactCache32 (sfi = 0000028BDDCA3AB9)> (target MAGLEV) - took 0.000, 0.471, 0.007 ms]
[marking 0x0314110944b1 <JSFunction connect4RbaCofactorBasis (sfi = 0000031411084B79)> for optimization to TURBOFAN_JS, ConcurrencyMode::kConcurrent, reason: hot and stable]
[marking 0x00b43cde3d19 <JSFunction connect4RbaCofactorKnownHeight (sfi = 000000B43CDD43D1)> for optimization to TURBOFAN_JS, ConcurrencyMode::kConcurrent, reason: hot and stable]
[marking 0x028bddca72c1 <JSFunction connect4RbaCofactorKnownHeight (sfi = 0000028BDDC97921)> for optimization to TURBOFAN_JS, ConcurrencyMode::kConcurrent, reason: hot and stable]
[compiling method 0x034038526c19 <JSFunction relativeToAbsFrontier (sfi = 000002BB47C0AA51)> (target MAGLEV), mode: ConcurrencyMode::kConcurrent]
[marking 0x00e216ee7911 <JSFunction publishSpan32 (sfi = 000000E216ED1CC9)> for optimization to TURBOFAN_JS, ConcurrencyMode::kConcurrent, reason: hot and stable]
[marking 0x00e216ee7951 <JSFunction mixSpan32Locator32 (sfi = 000000E216ED1D11)> for optimization to TURBOFAN_JS, ConcurrencyMode::kConcurrent, reason: hot and stable]
[completed compiling 0x028bddca8b49 <JSFunction evaluateConnect4LiveLine3x32 (sfi = 0000028BDDC9CF91)> (target MAGLEV) - took 0.000, 0.100, 0.001 ms]
[marking 0x028bddca62b9 <JSFunction mixSpan32Locator32 (sfi = 0000028BDDC906A9)> for optimization to TURBOFAN_JS, ConcurrencyMode::kConcurrent, reason: hot and stable]
[marking 0x03d6dff70ec9 <JSFunction popcount3x32 (sfi = 000003D6DFF67D51)> for optimization to MAGLEV, ConcurrencyMode::kConcurrent, reason: hot and stable]
[marking 0x03d6dff711c1 <JSFunction evaluateConnect4LiveLine3x32 (sfi = 000003D6DFF65631)> for optimization to MAGLEV, ConcurrencyMode::kConcurrent, reason: hot and stable]
[compiling method 0x03d6dff711c1 <JSFunction evaluateConnect4LiveLine3x32 (sfi = 000003D6DFF65631)> (target MAGLEV), mode: ConcurrencyMode::kConcurrent]
[compiling method 0x03d6dff70ec9 <JSFunction popcount3x32 (sfi = 000003D6DFF67D51)> (target MAGLEV), mode: ConcurrencyMode::kConcurrent]
[marking 0x00b94a4ead89 <JSFunction connect4RbaCofactorBasis (sfi = 000000B94A4DB3E1)> for optimization to TURBOFAN_JS, ConcurrencyMode::kConcurrent, reason: hot and stable]
[marking 0x00e216ee8899[marking  [completed compiling 0x00b43cde3959 0x028bddca8851 <JSFunction connect4RbaCofactorBasis (sfi = 000000E216ED8EC9)> for optimization to TURBOFAN_JS, ConcurrencyMode::kConcurrent, reason: hot and stable]
<JSFunction popcount3x32 (sfi = 0000028BDDC9F6B1)><JSFunction emitSortedSetBits32 (sfi = 000000B43CDD5301)> (target MAGLEV) for optimization to TURBOFAN_JS, ConcurrencyMode::kConcurrent, reason: hot and stable]
 - took 0.000, 0.095, 0.000 ms]
[marking 0x017a836579a9 <JSFunction absToRelativeFrontier (sfi = 000000B43CDC81F1)> for optimization to MAGLEV, ConcurrencyMode::kConcurrent, reason: hot and stable]
[compiling method 0x017a836579a9 <JSFunction absToRelativeFrontier (sfi = 000000B43CDC81F1)> (target MAGLEV), mode: ConcurrencyMode::kConcurrent]
[bailout (kind: deopt-eager, reason: Insufficient type feedback for generic named access): begin. deoptimizing 0x0185284ccc39 <JSFunction deriveForkPreemption32 (sfi = 0000031411087E19)>, 0x02c370d3d8d9 <Code MAGLEV>, opt id 27, bytecode offset 501, deopt exit 79, FP to SP delta 208, caller SP 0x00150c9fb790, pc 0x0204d3518076]
[marking 0x028bddca72c1 <JSFunction connect4RbaCofactorKnownHeight (sfi = 0000028BDDC97921)> for optimization to TURBOFAN_JS, ConcurrencyMode::kConcurrent, reason: hot and stable]
[marking 0x028bddca62b9 <JSFunction mixSpan32Locator32 (sfi = 0000028BDDC906A9)> for optimization to TURBOFAN_JS, ConcurrencyMode::kConcurrent, reason: hot and stable]
[completed compiling 0x02bb47c28c99 <JSFunction storeConnect4RbaSharedExactCache32 (sfi = 000002BB47C22D81)> (target MAGLEV) - took 0.000, 0.417, 0.009 ms]
[marking [marking 0x028bddca72c1 <JSFunction connect4RbaCofactorKnownHeight (sfi = 0000028BDDC97921)> for optimization to TURBOFAN_JS, ConcurrencyMode::kConcurrent, reason: hot and stable]
0x031411093569 <JSFunction mixSpan32Locator32 (sfi = 0000034CC2B7D3D9)> for optimization to TURBOFAN_JS, ConcurrencyMode::kConcurrent, reason: hot and stable]
[marking 0x00b43cde3959 <JSFunction emitSortedSetBits32 (sfi = 000000B43CDD5301)> for optimization to TURBOFAN_JS, ConcurrencyMode::kConcurrent, reason: hot and stable]
[marking 0x028bddca62b9 <JSFunction mixSpan32Locator32 (sfi = 0000028BDDC906A9)> for optimization to TURBOFAN_JS, ConcurrencyMode::kConcurrent, reason: hot and stable]
[marking 0x0314110944b1 <JSFunction connect4RbaCofactorBasis (sfi = 0000031411084B79)> for optimization to TURBOFAN_JS, ConcurrencyMode::kConcurrent, reason: hot and stable]
[completed compiling 0x01b422c63111 [marking 0x00b43cde3d19 <JSFunction compareReflectedSupport (sfi = 000002BB47C16C79)> (target MAGLEV) - took 0.000, 0.226, 0.003 ms]
<JSFunction connect4RbaCofactorKnownHeight (sfi = 000000B43CDD43D1)> for optimization to TURBOFAN_JS, ConcurrencyMode::kConcurrent, reason: hot and stable]
[marking 0x02bb47c25399 <JSFunction completeRootFrontierNode32 (sfi = 000002BB47C0BFE1)> for optimization to MAGLEV, ConcurrencyMode::kConcurrent, reason: hot and stable]
[marking 0x028bddca72c1 <JSFunction connect4RbaCofactorKnownHeight (sfi = 0000028BDDC97921)> for optimization to TURBOFAN_JS, ConcurrencyMode::kConcurrent, reason: hot and stable[compiling method ]
0x02bb47c25399 <JSFunction completeRootFrontierNode32 (sfi = 000002BB47C0BFE1)> (target MAGLEV), mode: ConcurrencyMode::kConcurrent]
[marking 0x00e216ee7951 <JSFunction mixSpan32Locator32 (sfi = 000000E216ED1D11)> for optimization to TURBOFAN_JS, ConcurrencyMode::kConcurrent, reason: hot and stable]
[marking 0x00e216ee8899 <JSFunction connect4RbaCofactorBasis (sfi = 000000E216ED8EC9)> for optimization to TURBOFAN_JS, ConcurrencyMode::kConcurrent, reason: hot and stable]
[marking 0x00e216ee7911 <JSFunction publishSpan32 (sfi = 000000E216ED1CC9)> for optimization to TURBOFAN_JS, ConcurrencyMode::kConcurrent, reason: hot and stable]
[marking 0x00b43cde2d11 <JSFunction mixSpan32Locator32 (sfi = 000000B43CDCD159)> for optimization to TURBOFAN_JS, ConcurrencyMode::kConcurrent, reason: hot and stable]
[marking 0x01b422c631d1 <JSFunction cellMarked (sfi = 000002BB47C19CD9)> for optimization to MAGLEV, ConcurrencyMode::kConcurrent, reason: hot and stable]
[marking 0x00b43cde3959 <JSFunction emitSortedSetBits32 (sfi = 000000B43CDD5301)> for optimization to TURBOFAN_JS, ConcurrencyMode::kConcurrent, reason: hot and stable]
[marking 0x0084c86c1e11 <JSFunction searchCpcOnlyFrontier (sfi = 0000034CC2B78501)> for optimization to MAGLEV, ConcurrencyMode::kConcurrent, reason: hot and stable]
[compiling method 0x0084c86c1e11 <JSFunction searchCpcOnlyFrontier (sfi = 0000034CC2B78501)> (target MAGLEV), mode: ConcurrencyMode::kConcurrent]
[compiling method 0x01b422c631d1 <JSFunction cellMarked (sfi = 000002BB47C19CD9)> (target MAGLEV), mode: ConcurrencyMode::kConcurrent]
[marking 0x028bddca62b9 <JSFunction mixSpan32Locator32 (sfi = 0000028BDDC906A9)> for optimization to TURBOFAN_JS, ConcurrencyMode::kConcurrent, reason: hot and stable]
[completed compiling 0x034038526b19 <JSFunction probeConnect4RbaExactCacheSlot32Frontier (sfi = 000002BB47C0A931)> (target MAGLEV) - took 0.000, 0.276, 0.005 ms]
[marking [marking 0x031411093569 0x00b94a4ead89 <JSFunction mixSpan32Locator32 (sfi = 0000034CC2B7D3D9)> for optimization to TURBOFAN_JS, ConcurrencyMode::kConcurrent, reason: hot and stable]
<JSFunction connect4RbaCofactorBasis (sfi = 000000B94A4DB3E1)> for optimization to TURBOFAN_JS, ConcurrencyMode::kConcurrent, reason: hot and stable]
[marking 0x028bddca72c1 <JSFunction connect4RbaCofactorKnownHeight (sfi = 0000028BDDC97921)> for optimization to TURBOFAN_JS, ConcurrencyMode::kConcurrent, reason: hot and stable]
[marking 0x00b43cde3959 <JSFunction emitSortedSetBits32 (sfi = 000000B43CDD5301)> for optimization to TURBOFAN_JS, ConcurrencyMode::kConcurrent, reason: hot and stable]
[marking 0x0314110944b1 <JSFunction connect4RbaCofactorBasis (sfi = 0000031411084B79)> for optimization to TURBOFAN_JS, ConcurrencyMode::kConcurrent, reason: hot and stable]
[marking 0x00b43cde3d19 <JSFunction connect4RbaCofactorKnownHeight (sfi = 000000B43CDD43D1)> for optimization to TURBOFAN_JS, ConcurrencyMode::kConcurrent, reason: hot and stable]
[marking 0x028bddca62b9 <JSFunction mixSpan32Locator32 (sfi = 0000028BDDC906A9)> for optimization to TURBOFAN_JS, ConcurrencyMode::kConcurrent, reason: hot and stable]
[marking 0x00b43cde2d11 <JSFunction mixSpan32Locator32 (sfi = 000000B43CDCD159)> for optimization to TURBOFAN_JS, ConcurrencyMode::kConcurrent, reason: hot and stable]
[marking 0x00b43cde3959 <JSFunction emitSortedSetBits32 (sfi = 000000B43CDD5301)> for optimization to TURBOFAN_JS, ConcurrencyMode::kConcurrent, reason: hot and stable]
[marking 0x00e216ee7951 <JSFunction mixSpan32Locator32 (sfi = 000000E216ED1D11)> for optimization to TURBOFAN_JS, ConcurrencyMode::kConcurrent, reason: hot and stable]
[marking 0x031411093569 <JSFunction mixSpan32Locator32 (sfi = 0000034CC2B7D3D9)> for optimization to TURBOFAN_JS, ConcurrencyMode::kConcurrent, reason: hot and stable]
[marking 0x028bddca72c1 <JSFunction connect4RbaCofactorKnownHeight (sfi = 0000028BDDC97921)> for optimization to TURBOFAN_JS, ConcurrencyMode::kConcurrent, reason: hot and stable]
[marking 0x0314110944b1 <JSFunction connect4RbaCofactorBasis (sfi = 0000031411084B79)> for optimization to TURBOFAN_JS, ConcurrencyMode::kConcurrent, reason: hot and stable]
[marking 0x00e216ee8899 <JSFunction connect4RbaCofactorBasis (sfi = 000000E216ED8EC9)> for optimization to TURBOFAN_JS, ConcurrencyMode::kConcurrent, reason: hot and stable]
[completed compiling 0x028bddca7301 <JSFunction connect4RbaCanonicalize (sfi = 0000028BDDC97969)> (target MAGLEV) - took 0.000, 1.150, 0.013 ms]
[marking 0x00b43cde3959 <JSFunction emitSortedSetBits32 (sfi = 000000B43CDD5301)> for optimization to TURBOFAN_JS, ConcurrencyMode::kConcurrent, reason: hot and stable]
[marking 0x00b43cde3d19 <JSFunction connect4RbaCofactorKnownHeight (sfi = 000000B43CDD43D1)> for optimization to TURBOFAN_JS, ConcurrencyMode::kConcurrent, reason: hot and stable]
[marking 0x00e216ee7911 <JSFunction publishSpan32 (sfi = 000000E216ED1CC9)> for optimization to TURBOFAN_JS, ConcurrencyMode::kConcurrent, reason: hot and stable]
[marking 0x03d6dff71ef9 <JSFunction probeConnect4RbaSharedExactCache32 (sfi = 000003D6DFF6C111)> for optimization to MAGLEV, ConcurrencyMode::kConcurrent, reason: hot and stable]
[marking 0x00b43cde2d11 <JSFunction mixSpan32Locator32 (sfi = 000000B43CDCD159)> for optimization to TURBOFAN_JS, ConcurrencyMode::kConcurrent, reason: hot and stable[completed compiling ]
0x01354eb58451 <JSFunction compareReflectedSupport (sfi = 0000028BDDC979B1)> (target MAGLEV) - took 0.000, 0.160, 0.025 ms]
[compiling method 0x03d6dff71ef9 <JSFunction probeConnect4RbaSharedExactCache32 (sfi = 000003D6DFF6C111)> (target MAGLEV), mode: ConcurrencyMode::kConcurrent]
[marking 0x028bddca62b9 <JSFunction mixSpan32Locator32 (sfi = 0000028BDDC906A9)> for optimization to TURBOFAN_JS, ConcurrencyMode::kConcurrent, reason: hot and stable]
[marking 0x00b94a4ead89 <JSFunction connect4RbaCofactorBasis (sfi = 000000B94A4DB3E1)> for optimization to TURBOFAN_JS, ConcurrencyMode::kConcurrent, reason: hot and stable]
[marking 0x00b43cde3959 <JSFunction emitSortedSetBits32 (sfi = 000000B43CDD5301)> for optimization to TURBOFAN_JS, ConcurrencyMode::kConcurrent, reason: hot and stable]
[marking 0x028bddca7201 <JSFunction connect4RbaCofactorBasis (sfi = 0000028BDDC97849)> for optimization to TURBOFAN_JS, ConcurrencyMode::kConcurrent, reason: hot and stable]
[marking 0x031411093569 <JSFunction mixSpan32Locator32 (sfi = 0000034CC2B7D3D9)> for optimization to TURBOFAN_JS, ConcurrencyMode::kConcurrent, reason: hot and stable]
[marking 0x0314110944b1 <JSFunction connect4RbaCofactorBasis (sfi = 0000031411084B79)> for optimization to TURBOFAN_JS, ConcurrencyMode::kConcurrent, reason: hot and stable]
[marking 0x00b43cde3d19 <JSFunction connect4RbaCofactorKnownHeight (sfi = 000000B43CDD43D1)> for optimization to TURBOFAN_JS, ConcurrencyMode::kConcurrent, reason: hot and stable]
[marking 0x028bddca62b9 <JSFunction mixSpan32Locator32 (sfi = 0000028BDDC906A9)> for optimization to TURBOFAN_JS, ConcurrencyMode::kConcurrent, reason: hot and stable]
[marking 0x00b43cde3959 <JSFunction emitSortedSetBits32 (sfi = 000000B43CDD5301)> for optimization to TURBOFAN_JS, ConcurrencyMode::kConcurrent, reason: hot and stable]
[marking 0x028bddca72c1 <JSFunction connect4RbaCofactorKnownHeight (sfi = 0000028BDDC97921)> for optimization to TURBOFAN_JS, ConcurrencyMode::kConcurrent, reason: hot and stable]
[marking 0x00e216ee7951 <JSFunction mixSpan32Locator32 (sfi = 000000E216ED1D11)> for optimization to TURBOFAN_JS, ConcurrencyMode::kConcurrent, reason: hot and stable]
[marking 0x0314110944b1 <JSFunction connect4RbaCofactorBasis (sfi = 0000031411084B79)> for optimization to TURBOFAN_JS, ConcurrencyMode::kConcurrent, reason: hot and stable]
[marking 0x031411093569 <JSFunction mixSpan32Locator32 (sfi = 0000034CC2B7D3D9)> for optimization to TURBOFAN_JS, ConcurrencyMode::kConcurrent, reason: hot and stable]
[marking 0x00b94a4e9e01 <JSFunction publishSpan32 (sfi = 000000B94A4D41E1)> for optimization to TURBOFAN_JS, ConcurrencyMode::kConcurrent, reason: hot and stable]
[marking 0x00e216ee8899 <JSFunction connect4RbaCofactorBasis (sfi = 000000E216ED8EC9)> for optimization to TURBOFAN_JS, ConcurrencyMode::kConcurrent, reason: hot and stable]
[marking 0x00b43cde2d11 <JSFunction mixSpan32Locator32 (sfi = 000000B43CDCD159)> for optimization to TURBOFAN_JS, ConcurrencyMode::kConcurrent, reason: hot and stable]
[marking 0x00b43cde3959 <JSFunction emitSortedSetBits32 (sfi = 000000B43CDD5301)> for optimization to TURBOFAN_JS, ConcurrencyMode::kConcurrent, reason: hot and stable]
[marking 0x00b94a4ead89 <JSFunction connect4RbaCofactorBasis (sfi = 000000B94A4DB3E1)> for optimization to TURBOFAN_JS, ConcurrencyMode::kConcurrent, reason: hot and stable]
[marking 0x01354eb58c21 <JSFunction relativeToAbsFrontier (sfi = 0000028BDDC8B789)> for optimization to MAGLEV, ConcurrencyMode::kConcurrent, reason: hot and stable]
[marking 0x00b43cde3d19 <JSFunction connect4RbaCofactorKnownHeight (sfi = 000000B43CDD43D1)> for optimization to TURBOFAN_JS, ConcurrencyMode::kConcurrent, reason: hot and stable]
[marking 0x0314110944b1 <JSFunction connect4RbaCofactorBasis (sfi = 0000031411084B79)> for optimization to TURBOFAN_JS, ConcurrencyMode::kConcurrent, reason: hot and stable]
[marking 0x017a836573d1 <JSFunction cellMarked (sfi = 000000B43CDD74C1)> for optimization to MAGLEV, ConcurrencyMode::kConcurrent, reason: hot and stable]
[compiling method 0x017a836573d1 <JSFunction cellMarked (sfi = 000000B43CDD74C1)> (target MAGLEV), mode: ConcurrencyMode::kConcurrent]
[marking 0x028bddca62b9 <JSFunction mixSpan32Locator32 (sfi = 0000028BDDC906A9)> for optimization to TURBOFAN_JS, ConcurrencyMode::kConcurrent, reason: hot and stable]
[marking 0x031411093569 <JSFunction mixSpan32Locator32 (sfi = 0000034CC2B7D3D9)> for optimization to TURBOFAN_JS, ConcurrencyMode::kConcurrent, reason: hot and stable]
[compiling method 0x01354eb58c21 <JSFunction relativeToAbsFrontier (sfi = 0000028BDDC8B789)> (target MAGLEV), mode: ConcurrencyMode::kConcurrent]
[marking 0x028bddca72c1 <JSFunction connect4RbaCofactorKnownHeight (sfi = 0000028BDDC97921)> for optimization to TURBOFAN_JS, ConcurrencyMode::kConcurrent, reason: hot and stable]
[marking 0x017a836579e9 <JSFunction relativeToAbsFrontier (sfi = 000000B43CDC8239)> for optimization to MAGLEV, ConcurrencyMode::kConcurrent, reason: hot and stable]
[compiling method 0x017a836579e9 <JSFunction relativeToAbsFrontier (sfi = 000000B43CDC8239)> (target MAGLEV), mode: ConcurrencyMode::kConcurrent]
[marking 0x028bddca7201 <JSFunction connect4RbaCofactorBasis (sfi = 0000028BDDC97849)> for optimization to TURBOFAN_JS, ConcurrencyMode::kConcurrent, reason: hot and stable]
[marking 0x00b43cde3959 <JSFunction emitSortedSetBits32 (sfi = 000000B43CDD5301)> for optimization to TURBOFAN_JS, ConcurrencyMode::kConcurrent, reason: hot and stable]
[marking 0x02bb47c270f9 <JSFunction evaluateConnect4CpcNonterminal32 (sfi = 000002BB47C19C49)> for optimization to MAGLEV, ConcurrencyMode::kConcurrent, reason: hot and stable]
[marking 0x00b94a4ead89 <JSFunction connect4RbaCofactorBasis (sfi = 000000B94A4DB3E1)> for optimization to TURBOFAN_JS, ConcurrencyMode::kConcurrent, reason: hot and stable]
[marking 0x0314110944b1 <JSFunction connect4RbaCofactorBasis (sfi = 0000031411084B79)> for optimization to TURBOFAN_JS, ConcurrencyMode::kConcurrent, reason: hot and stable]
[compiling method 0x02bb47c270f9 <JSFunction evaluateConnect4CpcNonterminal32 (sfi = 000002BB47C19C49)> (target MAGLEV), mode: ConcurrencyMode::kConcurrent]
[marking 0x00e216ee8899 <JSFunction connect4RbaCofactorBasis (sfi = 000000E216ED8EC9)> for optimization to TURBOFAN_JS, ConcurrencyMode::kConcurrent, reason: hot and stable]
[marking 0x00b43cde2d11 <JSFunction mixSpan32Locator32 (sfi = 000000B43CDCD159)> for optimization to TURBOFAN_JS, ConcurrencyMode::kConcurrent, reason: hot and stable]
[marking 0x031411093569[marking  0x00e216ee7951 <JSFunction mixSpan32Locator32 (sfi = 0000034CC2B7D3D9)> for optimization to TURBOFAN_JS, ConcurrencyMode::kConcurrent, reason: hot and stable]
<JSFunction mixSpan32Locator32 (sfi = 000000E216ED1D11)> for optimization to TURBOFAN_JS, ConcurrencyMode::kConcurrent, reason: hot and stable]
[marking 0x00b94a4e9e01 <JSFunction publishSpan32 (sfi = 000000B94A4D41E1)> for optimization to TURBOFAN_JS, ConcurrencyMode::kConcurrent, reason: hot and stable]
[marking 0x0185284ccc79 <JSFunction pairedResponseNoWin (sfi = 0000031411087E61)> for optimization to MAGLEV, ConcurrencyMode::kConcurrent, reason: hot and stable]
[marking [compiling method 0x028bddca62b9 0x0185284ccc79 <JSFunction pairedResponseNoWin (sfi = 0000031411087E61)><JSFunction mixSpan32Locator32 (sfi = 0000028BDDC906A9)> (target MAGLEV) for optimization to TURBOFAN_JS, ConcurrencyMode::kConcurrent, reason: hot and stable]
, mode: ConcurrencyMode::kConcurrent]
[marking 0x00e216ee7911 <JSFunction publishSpan32 (sfi = 000000E216ED1CC9)> for optimization to TURBOFAN_JS, ConcurrencyMode::kConcurrent, reason: hot and stable]
[marking 0x00b43cde3959 [marking <JSFunction emitSortedSetBits32 (sfi = 000000B43CDD5301)> for optimization to TURBOFAN_JS, ConcurrencyMode::kConcurrent, reason: hot and stable0x028bddca72c1]
 <JSFunction connect4RbaCofactorKnownHeight (sfi = 0000028BDDC97921)> for optimization to TURBOFAN_JS, ConcurrencyMode::kConcurrent, reason: hot and stable]
[marking 0x03d6dff6f979 <JSFunction connect4RbaCanonicalize (sfi = 000003D6DFF60009)> for optimization to MAGLEV, ConcurrencyMode::kConcurrent, reason: hot and stable[marking ]
0x00b43cde3d19 <JSFunction connect4RbaCofactorKnownHeight (sfi = 000000B43CDD43D1)> for optimization to TURBOFAN_JS, ConcurrencyMode::kConcurrent, reason: hot and stable]
[compiling method 0x03d6dff6f979 <JSFunction connect4RbaCanonicalize (sfi = 000003D6DFF60009)>[marking  (target MAGLEV), mode: ConcurrencyMode::kConcurrent0x0314110944b1 ]
<JSFunction connect4RbaCofactorBasis (sfi = 0000031411084B79)> for optimization to TURBOFAN_JS, ConcurrencyMode::kConcurrent, reason: hot and stable]
[marking 0x00b94a4ead89 <JSFunction connect4RbaCofactorBasis (sfi = 000000B94A4DB3E1)> for optimization to TURBOFAN_JS, ConcurrencyMode::kConcurrent, reason: hot and stable]
[marking 0x00b43cde3959 <JSFunction emitSortedSetBits32 (sfi = 000000B43CDD5301)> for optimization to TURBOFAN_JS, ConcurrencyMode::kConcurrent, reason: hot and stable]
[marking 0x031411093569 <JSFunction mixSpan32Locator32 (sfi = 0000034CC2B7D3D9)> for optimization to TURBOFAN_JS, ConcurrencyMode::kConcurrent, reason: hot and stable]
[marking 0x028bddca72c1 <JSFunction connect4RbaCofactorKnownHeight (sfi = 0000028BDDC97921)> for optimization to TURBOFAN_JS, ConcurrencyMode::kConcurrent, reason: hot and stable]
[marking 0x028bddca62b9 <JSFunction mixSpan32Locator32 (sfi = 0000028BDDC906A9)> for optimization to TURBOFAN_JS, ConcurrencyMode::kConcurrent, reason: hot and stable]
[marking 0x00b43cde2d11 <JSFunction mixSpan32Locator32 (sfi = 000000B43CDCD159)> for optimization to TURBOFAN_JS, ConcurrencyMode::kConcurrent, reason: hot and stable]
[marking 0x02bb47c265d9 <JSFunction connect4RbaCofactorBasis (sfi = 000002BB47C16B11)> for optimization to TURBOFAN_JS, ConcurrencyMode::kConcurrent, reason: hot and stable]
[marking 0x00e216ee8899 <JSFunction connect4RbaCofactorBasis (sfi = 000000E216ED8EC9)> for optimization to TURBOFAN_JS, ConcurrencyMode::kConcurrent, reason: hot and stable]
[marking 0x028bddca7201 <JSFunction connect4RbaCofactorBasis (sfi = 0000028BDDC97849)> for optimization to TURBOFAN_JS, ConcurrencyMode::kConcurrent, reason: hot and stable]
[marking 0x00b43cde3d19 <JSFunction connect4RbaCofactorKnownHeight (sfi = 000000B43CDD43D1)> for optimization to TURBOFAN_JS, ConcurrencyMode::kConcurrent, reason: hot and stable]
[marking 0x00b94a4e9e01 <JSFunction publishSpan32 (sfi = 000000B94A4D41E1)> for optimization to TURBOFAN_JS, ConcurrencyMode::kConcurrent, reason: hot and stable]
[marking [marking 0x0314110944b1 0x00b43cde3959 <JSFunction connect4RbaCofactorBasis (sfi = 0000031411084B79)> for optimization to TURBOFAN_JS, ConcurrencyMode::kConcurrent, reason: hot and stable]
<JSFunction emitSortedSetBits32 (sfi = 000000B43CDD5301)> for optimization to TURBOFAN_JS, ConcurrencyMode::kConcurrent, reason: hot and stable]
[marking 0x00e216ee7951 <JSFunction mixSpan32Locator32 (sfi = 000000E216ED1D11)> for optimization to TURBOFAN_JS, ConcurrencyMode::kConcurrent, reason: hot and stable]
[completed compiling 0x01b422c44821 <JSFunction searchCpcOnlyFrontier (sfi = 000002BB47C0AA99)> (target MAGLEV) - took 0.000, 2.616, 0.015 ms]
[marking 0x00b94a4ead89 <JSFunction connect4RbaCofactorBasis (sfi = 000000B94A4DB3E1)> for optimization to TURBOFAN_JS, ConcurrencyMode::kConcurrent, reason: hot and stable]
[completed compiling 0x034038526bd9 <JSFunction absToRelativeFrontier (sfi = 000002BB47C0AA09)> (target MAGLEV) - took 0.000, 0.044, 0.000 ms]
[marking 0x028bddca62b9 <JSFunction mixSpan32Locator32 (sfi = 0000028BDDC906A9)> for optimization to TURBOFAN_JS, ConcurrencyMode::kConcurrent, reason: hot and stable]
[marking 0x01b422c63291 <JSFunction pairedResponseNoWin (sfi = 000002BB47C19DF9)> for optimization to MAGLEV, ConcurrencyMode::kConcurrent, reason: hot and stable]
[compiling method 0x01b422c63291 <JSFunction pairedResponseNoWin (sfi = 000002BB47C19DF9)> (target MAGLEV), mode: ConcurrencyMode::kConcurrent]
[marking 0x031411093569 <JSFunction mixSpan32Locator32 (sfi = 0000034CC2B7D3D9)> for optimization to TURBOFAN_JS, ConcurrencyMode::kConcurrent, reason: hot and stable]
[marking 0x028bddca72c1 <JSFunction connect4RbaCofactorKnownHeight (sfi = 0000028BDDC97921)> for optimization to TURBOFAN_JS, ConcurrencyMode::kConcurrent, reason: hot and stable]
[completed compiling 0x034038526b59 <JSFunction storeConnect4RbaExactCacheSlot32Frontier (sfi = 000002BB47C0A979)> (target MAGLEV) - took 0.000, 0.177, 0.004 ms]
[marking 0x00b43cde3959 <JSFunction emitSortedSetBits32 (sfi = 000000B43CDD5301)> for optimization to TURBOFAN_JS, ConcurrencyMode::kConcurrent, reason: hot and stable]
[marking 0x00e216ee7911 <JSFunction publishSpan32 (sfi = 000000E216ED1CC9)> for optimization to TURBOFAN_JS, ConcurrencyMode::kConcurrent, reason: hot and stable]
[marking 0x00b43cde2d11 <JSFunction mixSpan32Locator32 (sfi = 000000B43CDCD159)> for optimization to TURBOFAN_JS, ConcurrencyMode::kConcurrent, reason: hot and stable]
[marking 0x02bb47c265d9 <JSFunction connect4RbaCofactorBasis (sfi = 000002BB47C16B11)> for optimization to TURBOFAN_JS, ConcurrencyMode::kConcurrent, reason: hot and stable]
[completed compiling 0x034038526c19 <JSFunction relativeToAbsFrontier (sfi = 000002BB47C0AA51)> (target MAGLEV) - took 0.000, 0.042, 0.001 ms]
[marking 0x00b43cde3d19 <JSFunction connect4RbaCofactorKnownHeight (sfi = 000000B43CDD43D1)> for optimization to TURBOFAN_JS, ConcurrencyMode::kConcurrent, reason: hot and stable]
[marking 0x0314110944b1 <JSFunction connect4RbaCofactorBasis (sfi = 0000031411084B79)> for optimization to TURBOFAN_JS, ConcurrencyMode::kConcurrent, reason: hot and stable]
[marking 0x031f01986769 <JSFunction compareReflectedSupport (sfi = 000003D6DFF60051)> for optimization to MAGLEV, ConcurrencyMode::kConcurrent, reason: hot and stable]
[compiling method [marking 0x031f01986769 <JSFunction compareReflectedSupport (sfi = 000003D6DFF60051)> (target MAGLEV), mode: ConcurrencyMode::kConcurrent]
0x00e216ee8899 <JSFunction connect4RbaCofactorBasis (sfi = 000000E216ED8EC9)> for optimization to TURBOFAN_JS, ConcurrencyMode::kConcurrent, reason: hot and stable]
[marking 0x028bddca72c1 <JSFunction connect4RbaCofactorKnownHeight (sfi = 0000028BDDC97921)> for optimization to TURBOFAN_JS, ConcurrencyMode::kConcurrent, reason: hot and stable]
[marking 0x028bddca7201 <JSFunction connect4RbaCofactorBasis (sfi = 0000028BDDC97849)> for optimization to TURBOFAN_JS, ConcurrencyMode::kConcurrent, reason: hot and stable]
[marking 0x028bddca62b9 <JSFunction mixSpan32Locator32 (sfi = 0000028BDDC906A9)> for optimization to TURBOFAN_JS, ConcurrencyMode::kConcurrent, reason: hot and stable[marking ]
0x00b94a4ead89 <JSFunction connect4RbaCofactorBasis (sfi = 000000B94A4DB3E1)> for optimization to TURBOFAN_JS, ConcurrencyMode::kConcurrent, reason: hot and stable]
[marking 0x00b94a4e9e01 <JSFunction publishSpan32 (sfi = 000000B94A4D41E1)> for optimization to TURBOFAN_JS, ConcurrencyMode::kConcurrent, reason: hot and stable]
[marking 0x031411093569 <JSFunction mixSpan32Locator32 (sfi = 0000034CC2B7D3D9)> for optimization to TURBOFAN_JS, ConcurrencyMode::kConcurrent, reason: hot and stable]
[marking 0x00b43cde3959 <JSFunction emitSortedSetBits32 (sfi = 000000B43CDD5301)> for optimization to TURBOFAN_JS, ConcurrencyMode::kConcurrent, reason: hot and stable]
[marking 0x02bb47c265d9 <JSFunction connect4RbaCofactorBasis (sfi = 000002BB47C16B11)> for optimization to TURBOFAN_JS, ConcurrencyMode::kConcurrent, reason: hot and stable]
[marking 0x00e216ee7951 <JSFunction mixSpan32Locator32 (sfi = 000000E216ED1D11)> for optimization to TURBOFAN_JS, ConcurrencyMode::kConcurrent, reason: hot and stable]
[completed compiling 0x00b94a4eae49 <JSFunction connect4RbaCofactorKnownHeight (sfi = 000000B94A4DB4B9)> (target TURBOFAN_JS) - took 0.001, 11.456, 0.045 ms]
[completed optimizing 0x00b94a4eae49 <JSFunction connect4RbaCofactorKnownHeight (sfi = 000000B94A4DB4B9)> (target TURBOFAN_JS)]
[marking 0x00b43cde3d19 <JSFunction connect4RbaCofactorKnownHeight (sfi = 000000B43CDD43D1)>[marking  for optimization to TURBOFAN_JS, ConcurrencyMode::kConcurrent, reason: hot and stable]
0x028bddca62b9 <JSFunction mixSpan32Locator32 (sfi = 0000028BDDC906A9)> for optimization to TURBOFAN_JS, ConcurrencyMode::kConcurrent, reason: hot and stable]
[compiling method 0x028bddca62b9 <JSFunction mixSpan32Locator32 (sfi = 0000028BDDC906A9)> (target TURBOFAN_JS), mode: ConcurrencyMode::kConcurrent]
[compiling method 0x00b43cde3d19 <JSFunction connect4RbaCofactorKnownHeight (sfi = 000000B43CDD43D1)> (target TURBOFAN_JS), mode: ConcurrencyMode::kConcurrent]
[marking 0x028bddca72c1 <JSFunction connect4RbaCofactorKnownHeight (sfi = 0000028BDDC97921)> for optimization to TURBOFAN_JS, ConcurrencyMode::kConcurrent, reason: hot and stable]
[marking 0x0314110944b1 <JSFunction connect4RbaCofactorBasis (sfi = 0000031411084B79)> for optimization to TURBOFAN_JS, ConcurrencyMode::kConcurrent, reason: hot and stable]
[marking 0x00e216ee8899 <JSFunction connect4RbaCofactorBasis (sfi = 000000E216ED8EC9)> for optimization to TURBOFAN_JS, ConcurrencyMode::kConcurrent, reason: hot and stable]
[completed compiling 0x02bb47c25399 <JSFunction completeRootFrontierNode32 (sfi = 000002BB47C0BFE1)> (target MAGLEV) - took 0.000, 0.630, 0.002 ms]
[marking 0x00b43cde2a19 <JSFunction completeRootFrontierNode32 (sfi = 000000B43CDC97C9)> for optimization to MAGLEV, ConcurrencyMode::kConcurrent, reason: hot and stable]
[compiling method 0x00b43cde2a19 <JSFunction completeRootFrontierNode32 (sfi = 000000B43CDC97C9)> (target MAGLEV), mode: ConcurrencyMode::kConcurrent]
[completed compiling 0x01b422c631d1 <JSFunction cellMarked (sfi = 000002BB47C19CD9)> (target MAGLEV) - took 0.000, 0.058, 0.001 ms]
[marking 0x00b43cde2d11 <JSFunction mixSpan32Locator32 (sfi = 000000B43CDCD159)> for optimization to TURBOFAN_JS, ConcurrencyMode::kConcurrent, reason: hot and stable]
[marking 0x031411096b31 <JSFunction probeConnect4RbaSharedExactCache32 (sfi = 0000031411090DA1)> for optimization to MAGLEV, ConcurrencyMode::kConcurrent, reason: hot and stable]
[compiling method 0x031411096b31 <JSFunction probeConnect4RbaSharedExactCache32 (sfi = 0000031411090DA1)> (target MAGLEV), mode: ConcurrencyMode::kConcurrent]
[marking 0x00b43cde3959 <JSFunction emitSortedSetBits32 (sfi = 000000B43CDD5301)> for optimization to TURBOFAN_JS, ConcurrencyMode::kConcurrent, reason: hot and stable]
[marking 0x02bb47c265d9 <JSFunction connect4RbaCofactorBasis (sfi = 000002BB47C16B11)> for optimization to TURBOFAN_JS, ConcurrencyMode::kConcurrent, reason: hot and stable]
[marking 0x031f01986051 <JSFunction prepareRemoveDense (sfi = 000003D6DFF5B881)> for optimization to MAGLEV, ConcurrencyMode::kConcurrent, reason: hot and stable]
[compiling method 0x031f01986051 <JSFunction prepareRemoveDense (sfi = 000003D6DFF5B881)> (target MAGLEV), mode: ConcurrencyMode::kConcurrent]
[marking 0x028bddca7201 <JSFunction connect4RbaCofactorBasis (sfi = 0000028BDDC97849)> for optimization to TURBOFAN_JS, ConcurrencyMode::kConcurrent, reason: hot and stable]
[marking 0x00e216ee7951 <JSFunction mixSpan32Locator32 (sfi = 000000E216ED1D11)> for optimization to TURBOFAN_JS, ConcurrencyMode::kConcurrent, reason: hot and stable]
[marking 0x00e216ee7911 <JSFunction publishSpan32 (sfi = 000000E216ED1CC9)> for optimization to TURBOFAN_JS, ConcurrencyMode::kConcurrent, reason: hot and stable]
[marking 0x031411093569 <JSFunction mixSpan32Locator32 (sfi = 0000034CC2B7D3D9)> for optimization to TURBOFAN_JS, ConcurrencyMode::kConcurrent, reason: hot and stable]
[marking 0x0185284ccc39 <JSFunction deriveForkPreemption32 (sfi = 0000031411087E19)> for optimization to MAGLEV, ConcurrencyMode::kConcurrent, reason: hot and stable]
[compiling method 0x0185284ccc39 <JSFunction deriveForkPreemption32 (sfi = 0000031411087E19)> (target MAGLEV), mode: ConcurrencyMode::kConcurrent]
[marking 0x028bddca72c1 <JSFunction connect4RbaCofactorKnownHeight (sfi = 0000028BDDC97921)> for optimization to TURBOFAN_JS, ConcurrencyMode::kConcurrent, reason: hot and stable]
[marking 0x00e216ee8899 <JSFunction connect4RbaCofactorBasis (sfi = 000000E216ED8EC9)> for optimization to TURBOFAN_JS, ConcurrencyMode::kConcurrent, reason: hot and stable]
[marking 0x0314110944b1 <JSFunction connect4RbaCofactorBasis (sfi = 0000031411084B79)> for optimization to TURBOFAN_JS, ConcurrencyMode::kConcurrent, reason: hot and stable]
[marking 0x00b43cde3959 <JSFunction emitSortedSetBits32 (sfi = 000000B43CDD5301)> for optimization to TURBOFAN_JS, ConcurrencyMode::kConcurrent, reason: hot and stable]
[marking 0x00b43cde3d19 <JSFunction connect4RbaCofactorKnownHeight (sfi = 000000B43CDD43D1)> for optimization to TURBOFAN_JS, ConcurrencyMode::kConcurrent, reason: hot and stable]
[marking 0x031f01987951 <JSFunction searchCpcOnlyFrontier (sfi = 000003D6DFF53E59)> for optimization to MAGLEV, ConcurrencyMode::kConcurrent, reason: hot and stable]
[compiling method 0x031f01987951 <JSFunction searchCpcOnlyFrontier (sfi = 000003D6DFF53E59)> (target MAGLEV), mode: ConcurrencyMode::kConcurrent]
[marking 0x02bb47c265d9 <JSFunction connect4RbaCofactorBasis (sfi = 000002BB47C16B11)> for optimization to TURBOFAN_JS, ConcurrencyMode::kConcurrent, reason: hot and stable]
[marking 0x00b94a4e9e01 <JSFunction publishSpan32 (sfi = 000000B94A4D41E1)> for optimization to TURBOFAN_JS, ConcurrencyMode::kConcurrent, reason: hot and stable]
[marking 0x00b43cde2d11 <JSFunction mixSpan32Locator32 (sfi = 000000B43CDCD159)> for optimization to TURBOFAN_JS, ConcurrencyMode::kConcurrent, reason: hot and stable]
[completed compiling 0x031411094571 <JSFunction connect4RbaCofactorKnownHeight (sfi = 0000031411084C51)> (target TURBOFAN_JS) - took 0.004, 14.331, 0.061 ms[marking ]
0x00e216ee7951 [completed optimizing <JSFunction mixSpan32Locator32 (sfi = 000000E216ED1D11)> for optimization to TURBOFAN_JS, ConcurrencyMode::kConcurrent, reason: hot and stable0x031411094571]
 <JSFunction connect4RbaCofactorKnownHeight (sfi = 0000031411084C51)> (target TURBOFAN_JS)]
[compiling method 0x00e216ee7951 <JSFunction mixSpan32Locator32 (sfi = 000000E216ED1D11)> (target TURBOFAN_JS), mode: ConcurrencyMode::kConcurrent]
[marking 0x00b43cde3959 <JSFunction emitSortedSetBits32 (sfi = 000000B43CDD5301)> for optimization to TURBOFAN_JS, ConcurrencyMode::kConcurrent, reason: hot and stable]
[marking [completed compiling 0x00e216ee8899 0x00b94a4eaa89 <JSFunction connect4RbaCofactorBasis (sfi = 000000E216ED8EC9)> for optimization to TURBOFAN_JS, ConcurrencyMode::kConcurrent, reason: hot and stable]
<JSFunction emitSortedSetBits32 (sfi = 000000B94A4DC3E9)> (target TURBOFAN_JS) - took 0.003, 0.900, 0.009 ms]
[completed optimizing 0x00b94a4eaa89 <JSFunction emitSortedSetBits32 (sfi = 000000B94A4DC3E9)> (target TURBOFAN_JS)]
[compiling method 0x00e216ee8899 <JSFunction connect4RbaCofactorBasis (sfi = 000000E216ED8EC9)> (target TURBOFAN_JS), mode: ConcurrencyMode::kConcurrent]
[marking 0x031411093569 <JSFunction mixSpan32Locator32 (sfi = 0000034CC2B7D3D9)> for optimization to TURBOFAN_JS, ConcurrencyMode::kConcurrent, reason: hot and stable]
[marking [marking 0x00e216ee7911 <JSFunction publishSpan32 (sfi = 000000E216ED1CC9)> for optimization to TURBOFAN_JS, ConcurrencyMode::kConcurrent, reason: hot and stable0x028bddca72c1]
 <JSFunction connect4RbaCofactorKnownHeight (sfi = 0000028BDDC97921)> for optimization to TURBOFAN_JS, ConcurrencyMode::kConcurrent, reason: hot and stable]
[marking 0x02bb47c265d9 [marking <JSFunction connect4RbaCofactorBasis (sfi = 000002BB47C16B11)> for optimization to TURBOFAN_JS, ConcurrencyMode::kConcurrent, reason: hot and stable]
0x028bddca7201 <JSFunction connect4RbaCofactorBasis (sfi = 0000028BDDC97849)> for optimization to TURBOFAN_JS, ConcurrencyMode::kConcurrent, reason: hot and stable]
[marking 0x00b43cde2d11 <JSFunction mixSpan32Locator32 (sfi = 000000B43CDCD159)> for optimization to TURBOFAN_JS, ConcurrencyMode::kConcurrent, reason: hot and stable]
[marking 0x00b43cde3959 <JSFunction emitSortedSetBits32 (sfi = 000000B43CDD5301)> for optimization to TURBOFAN_JS, ConcurrencyMode::kConcurrent, reason: hot and stable]
[marking 0x00b43cde3d19 <JSFunction connect4RbaCofactorKnownHeight (sfi = 000000B43CDD43D1)> for optimization to TURBOFAN_JS, ConcurrencyMode::kConcurrent, reason: hot and stable]
[marking 0x0185284cd091 <JSFunction probeConnect4RbaExactCacheSlot32Frontier (sfi = 0000034CC2B78399)> for optimization to MAGLEV, ConcurrencyMode::kConcurrent, reason: hot and stable]
[compiling method 0x0185284cd091 <JSFunction probeConnect4RbaExactCacheSlot32Frontier (sfi = 0000034CC2B78399)> (target MAGLEV), mode: ConcurrencyMode::kConcurrent]
[marking 0x028bddca72c1 [marking 0x031411093569 <JSFunction connect4RbaCofactorKnownHeight (sfi = 0000028BDDC97921)> for optimization to TURBOFAN_JS, ConcurrencyMode::kConcurrent, reason: hot and stable<JSFunction mixSpan32Locator32 (sfi = 0000034CC2B7D3D9)>]
 for optimization to TURBOFAN_JS, ConcurrencyMode::kConcurrent, reason: hot and stable]
[bailout (kind: deopt-eager, reason: Insufficient type feedback for generic named access): begin. deoptimizing 0x01b422c44821 <JSFunction searchCpcOnlyFrontier (sfi = 000002BB47C0AA99)>, 0x039e88ed3a49 <Code MAGLEV>, opt id 31, bytecode offset 298, deopt exit 168, FP to SP delta 592, caller SP 0x00150d1f8cc8, pc 0x0206fe065131]
[marking 0x00b94a4e9e01 <JSFunction publishSpan32 (sfi = 000000B94A4D41E1)> for optimization to TURBOFAN_JS, ConcurrencyMode::kConcurrent, reason: hot and stable]
[marking 0x031f01987811 <JSFunction probeConnect4RbaExactCacheSlot32Frontier (sfi = 000003D6DFF53CF1)> for optimization to MAGLEV, ConcurrencyMode::kConcurrent, reason: hot and stable]
[compiling method 0x031f01987811 <JSFunction probeConnect4RbaExactCacheSlot32Frontier (sfi = 000003D6DFF53CF1)> (target MAGLEV), mode: ConcurrencyMode::kConcurrent]
[bailout (kind: deopt-lazy, reason: (unknown)): begin. deoptimizing 0x01b422c44821 <JSFunction searchCpcOnlyFrontier (sfi = 000002BB47C0AA99)>, 0x039e88ed3a49 <Code MAGLEV>, opt id 31, bytecode offset 2128, deopt exit 199, FP to SP delta 592, caller SP 0x00150d1f8f88, pc 0x0206fe0651ad]
[bailout (kind: deopt-lazy, reason: (unknown)): begin. deoptimizing 0x01b422c44821 <JSFunction searchCpcOnlyFrontier (sfi = 000002BB47C0AA99)>, 0x039e88ed3a49 <Code MAGLEV>, opt id 31, bytecode offset 2128, deopt exit 199, FP to SP delta 592, caller SP 0x00150d1f9248, pc 0x0206fe0651ad]
[bailout (kind: deopt-lazy, reason: (unknown)): begin. deoptimizing 0x01b422c44821 <JSFunction searchCpcOnlyFrontier (sfi = 000002BB47C0AA99)>, 0x039e88ed3a49 <Code MAGLEV>, opt id 31, bytecode offset 2128, deopt exit 199, FP to SP delta 592, caller SP 0x00150d1f9508, pc 0x0206fe0651ad]
[marking 0x00e216ee7911 <JSFunction publishSpan32 (sfi = 000000E216ED1CC9)> for optimization to TURBOFAN_JS, ConcurrencyMode::kConcurrent, reason: hot and stable]
[marking 0x00b43cde3959 <JSFunction emitSortedSetBits32 (sfi = 000000B43CDD5301)> for optimization to TURBOFAN_JS, ConcurrencyMode::kConcurrent, reason: hot and stable[completed compiling ]
0x02bb47c270f9 <JSFunction evaluateConnect4CpcNonterminal32 (sfi = 000002BB47C19C49)> (target MAGLEV) - took 0.000, 1.232, 0.006 ms]
[completed compiling 0x03da4fa02781 <JSFunction searchCpcOnlyFrontier (sfi = 0000028BDDC8B7D1)> (target MAGLEV)[bailout (kind: deopt-lazy, reason: (unknown)): begin. deoptimizing  - took 0.000, 4.143, 0.023 ms0x01b422c44821]
 <JSFunction searchCpcOnlyFrontier (sfi = 000002BB47C0AA99)>, 0x039e88ed3a49 <Code MAGLEV>, opt id 31, bytecode offset 2128, deopt exit 199, FP to SP delta 592, caller SP 0x00150d1f97c8, pc 0x0206fe0651ad]
[bailout (kind: deopt-lazy, reason: (unknown)): begin. deoptimizing 0x01b422c44821 <JSFunction searchCpcOnlyFrontier (sfi = 000002BB47C0AA99)>, 0x039e88ed3a49 <Code MAGLEV>, opt id 31, bytecode offset 2128, deopt exit 199, FP to SP delta 592, caller SP 0x00150d1f9a88, pc 0x0206fe0651ad]
[bailout (kind: deopt-lazy, reason: (unknown)): begin. deoptimizing 0x01b422c44821 <JSFunction searchCpcOnlyFrontier (sfi = 000002BB47C0AA99)>, 0x039e88ed3a49 <Code MAGLEV>, opt id 31, bytecode offset 2128, deopt exit 199, FP to SP delta 592, caller SP 0x00150d1f9d48, pc 0x0206fe0651ad]
[marking 0x02bb47c265d9 <JSFunction connect4RbaCofactorBasis (sfi = 000002BB47C16B11)> for optimization to TURBOFAN_JS, ConcurrencyMode::kConcurrent, reason: hot and stable]
[marking 0x00b43cde2d11 <JSFunction mixSpan32Locator32 (sfi = 000000B43CDCD159)> for optimization to TURBOFAN_JS, ConcurrencyMode::kConcurrent, reason: hot and stable]
[marking 0x00b43cde3d19 <JSFunction connect4RbaCofactorKnownHeight (sfi = 000000B43CDD43D1)> for optimization to TURBOFAN_JS, ConcurrencyMode::kConcurrent, reason: hot and stable]
[marking 0x028bddca72c1 <JSFunction connect4RbaCofactorKnownHeight (sfi = 0000028BDDC97921)> for optimization to TURBOFAN_JS, ConcurrencyMode::kConcurrent, reason: hot and stable]
[marking 0x031411093569 <JSFunction mixSpan32Locator32 (sfi = 0000034CC2B7D3D9)> for optimization to TURBOFAN_JS, ConcurrencyMode::kConcurrent, reason: hot and stable]
[marking 0x00b43cde3959 <JSFunction emitSortedSetBits32 (sfi = 000000B43CDD5301)> for optimization to TURBOFAN_JS, ConcurrencyMode::kConcurrent, reason: hot and stable]
[marking 0x028bddca7201 <JSFunction connect4RbaCofactorBasis (sfi = 0000028BDDC97849)> for optimization to TURBOFAN_JS, ConcurrencyMode::kConcurrent, reason: hot and stable]
[completed compiling [marking 0x01354eb58b21 0x00e216ee7911 <JSFunction publishSpan32 (sfi = 000000E216ED1CC9)> for optimization to TURBOFAN_JS, ConcurrencyMode::kConcurrent, reason: hot and stable<JSFunction probeConnect4RbaExactCacheSlot32Frontier (sfi = 0000028BDDC8B669)>]
 (target MAGLEV) - took 0.000, 0.410, 0.005 ms]
[completed compiling 0x01b422c63291 <JSFunction pairedResponseNoWin (sfi = 000002BB47C19DF9)> (target MAGLEV) - took 0.000, 0.455, 0.007 ms]
[marking 0x00b94a4e9e01 <JSFunction publishSpan32 (sfi = 000000B94A4D41E1)> for optimization to TURBOFAN_JS, ConcurrencyMode::kConcurrent, reason: hot and stable]
[marking 0x00b43cde3d19 <JSFunction connect4RbaCofactorKnownHeight (sfi = 000000B43CDD43D1)> for optimization to TURBOFAN_JS, ConcurrencyMode::kConcurrent, reason: hot and stable]
[marking 0x02bb47c265d9 <JSFunction connect4RbaCofactorBasis (sfi = 000002BB47C16B11)> for optimization to TURBOFAN_JS, ConcurrencyMode::kConcurrent, reason: hot and stable]
[marking 0x00b43cde3959 <JSFunction emitSortedSetBits32 (sfi = 000000B43CDD5301)> for optimization to TURBOFAN_JS, ConcurrencyMode::kConcurrent, reason: hot and stable]
[marking 0x031411093569 <JSFunction mixSpan32Locator32 (sfi = 0000034CC2B7D3D9)> for optimization to TURBOFAN_JS, ConcurrencyMode::kConcurrent, reason: hot and stable]
[bailout (kind: deopt-eager, reason: overflow): begin. deoptimizing 0x03da4fa02781 <JSFunction searchCpcOnlyFrontier (sfi = 0000028BDDC8B7D1)>, 0x02125c69f959 <Code MAGLEV>, opt id 92, bytecode offset 279, deopt exit 25, FP to SP delta 600, caller SP 0x00150f9f83c0, pc 0x0207ee82a283]
[marking 0x00b43cde2d11 <JSFunction mixSpan32Locator32 (sfi = 000000B43CDCD159)> for optimization to TURBOFAN_JS, ConcurrencyMode::kConcurrent, reason: hot and stable]
[bailout (kind: deopt-lazy, reason: (unknown)): begin. deoptimizing 0x03da4fa02781 <JSFunction searchCpcOnlyFrontier (sfi = 0000028BDDC8B7D1)>, 0x02125c69f959 <Code MAGLEV>, opt id 92, bytecode offset 2128, deopt exit 198, FP to SP delta 600, caller SP 0x00150f9f8688, pc 0x0207ee82a537]
[marking 0x00b43cde3959 <JSFunction emitSortedSetBits32 (sfi = 000000B43CDD5301)> for optimization to TURBOFAN_JS, ConcurrencyMode::kConcurrent, reason: hot and stable]
[bailout (kind: deopt-lazy, reason: (unknown)): begin. deoptimizing 0x03da4fa02781 <JSFunction searchCpcOnlyFrontier (sfi = 0000028BDDC8B7D1)>, 0x02125c69f959 <Code MAGLEV>, opt id 92, bytecode offset 2128, deopt exit 198, FP to SP delta 600, caller SP 0x00150f9f8950, pc 0x0207ee82a537]
[bailout (kind: deopt-lazy, reason: (unknown)): begin. deoptimizing 0x03da4fa02781 <JSFunction searchCpcOnlyFrontier (sfi = 0000028BDDC8B7D1)>, 0x02125c69f959 <Code MAGLEV>, opt id 92, bytecode offset 2128, deopt exit 198, FP to SP delta 600, caller SP 0x00150f9f8c18, pc 0x0207ee82a537]
[marking [marking 0x02bb47c265d9 0x00e216ee7911 [marking <JSFunction connect4RbaCofactorBasis (sfi = 000002BB47C16B11)><JSFunction publishSpan32 (sfi = 000000E216ED1CC9)> for optimization to TURBOFAN_JS, ConcurrencyMode::kConcurrent, reason: hot and stable]
 for optimization to TURBOFAN_JS, ConcurrencyMode::kConcurrent, reason: hot and stable]
0x028bddca72c1 <JSFunction connect4RbaCofactorKnownHeight (sfi = 0000028BDDC97921)> for optimization to TURBOFAN_JS, ConcurrencyMode::kConcurrent, reason: hot and stable]
[marking 0x00b94a4e9e01 <JSFunction publishSpan32 (sfi = 000000B94A4D41E1)> for optimization to TURBOFAN_JS, ConcurrencyMode::kConcurrent, reason: hot and stable]
[marking 0x00b43cde3d19 <JSFunction connect4RbaCofactorKnownHeight (sfi = 000000B43CDD43D1)> for optimization to TURBOFAN_JS, ConcurrencyMode::kConcurrent, reason: hot and stable]
[marking 0x031411093569 <JSFunction mixSpan32Locator32 (sfi = 0000034CC2B7D3D9)> for optimization to TURBOFAN_JS, ConcurrencyMode::kConcurrent, reason: hot and stable]
[bailout (kind: deopt-lazy, reason: (unknown)): begin. deoptimizing 0x03da4fa02781 <JSFunction searchCpcOnlyFrontier (sfi = 0000028BDDC8B7D1)>, 0x02125c69f959 <Code MAGLEV>, opt id 92, bytecode offset 2128, deopt exit 198, FP to SP delta 600, caller SP 0x00150f9f8ee0, pc 0x0207ee82a537]
[bailout (kind: deopt-lazy, reason: (unknown)): begin. deoptimizing 0x03da4fa02781 <JSFunction searchCpcOnlyFrontier (sfi = 0000028BDDC8B7D1)>, 0x02125c69f959 <Code MAGLEV>, opt id 92, bytecode offset 2128, deopt exit 198, FP to SP delta 600, caller SP 0x00150f9f91a8, pc 0x0207ee82a537]
[marking 0x00b43cde3959 <JSFunction emitSortedSetBits32 (sfi = 000000B43CDD5301)> for optimization to TURBOFAN_JS, ConcurrencyMode::kConcurrent, reason: hot and stable]
[bailout (kind: deopt-lazy, reason: (unknown)): begin. deoptimizing 0x01b422c44821 <JSFunction searchCpcOnlyFrontier (sfi = 000002BB47C0AA99)>, 0x039e88ed3a49 <Code MAGLEV>, opt id 31, bytecode offset 2128, deopt exit 199, FP to SP delta 592, caller SP 0x00150d1fa008, pc 0x0206fe0651ad]
[bailout (kind: deopt-lazy, reason: (unknown)): begin. deoptimizing 0x01b422c44821 <JSFunction searchCpcOnlyFrontier (sfi = 000002BB47C0AA99)>, 0x039e88ed3a49 <Code MAGLEV>, opt id 31, bytecode offset 2128, deopt exit 199, FP to SP delta 592, caller SP 0x00150d1fa2c8, pc 0x0206fe0651ad]
[bailout (kind: deopt-lazy, reason: (unknown)): begin. deoptimizing 0x01b422c44821 <JSFunction searchCpcOnlyFrontier (sfi = 000002BB47C0AA99)>, 0x039e88ed3a49 <Code MAGLEV>, opt id 31, bytecode offset 2128, deopt exit 199, FP to SP delta 592, caller SP 0x00150d1fa588, pc 0x0206fe0651ad]
[marking 0x00b43cde2d11 <JSFunction mixSpan32Locator32 (sfi = 000000B43CDCD159)> for optimization to TURBOFAN_JS, ConcurrencyMode::kConcurrent, reason: hot and stable]
[marking 0x028bddca7201 <JSFunction connect4RbaCofactorBasis (sfi = 0000028BDDC97849)> for optimization to TURBOFAN_JS, ConcurrencyMode::kConcurrent, reason: hot and stable]
[marking 0x02bb47c265d9 <JSFunction connect4RbaCofactorBasis (sfi = 000002BB47C16B11)> for optimization to TURBOFAN_JS, ConcurrencyMode::kConcurrent, reason: hot and stable]
[marking 0x00b43cde3959 <JSFunction emitSortedSetBits32 (sfi = 000000B43CDD5301)> for optimization to TURBOFAN_JS, ConcurrencyMode::kConcurrent, reason: hot and stable]
[marking 0x031411093569 <JSFunction mixSpan32Locator32 (sfi = 0000034CC2B7D3D9)> for optimization to TURBOFAN_JS, ConcurrencyMode::kConcurrent, reason: hot and stable]
[marking 0x00b43cde3d19 <JSFunction connect4RbaCofactorKnownHeight (sfi = 000000B43CDD43D1)> for optimization to TURBOFAN_JS, ConcurrencyMode::kConcurrent, reason: hot and stable]
[marking 0x00e216ee7911 [marking <JSFunction publishSpan32 (sfi = 000000E216ED1CC9)> for optimization to TURBOFAN_JS, ConcurrencyMode::kConcurrent, reason: hot and stable0x017a836574d1]
 <JSFunction pairedResponseNoWin (sfi = 000000B43CDD75E1)> for optimization to MAGLEV, ConcurrencyMode::kConcurrent, reason: hot and stable]
[compiling method 0x017a836574d1 <JSFunction pairedResponseNoWin (sfi = 000000B43CDD75E1)> (target MAGLEV), mode: ConcurrencyMode::kConcurrent]
[completed compiling 0x01354eb58709 <JSFunction pairedResponseNoWin (sfi = 0000028BDDC9AB31)> (target MAGLEV) - took 0.000, 1.349, 0.008 ms]
[marking 0x00b43cde3959 <JSFunction emitSortedSetBits32 (sfi = 000000B43CDD5301)> for optimization to TURBOFAN_JS, ConcurrencyMode::kConcurrent, reason: hot and stable]
[marking [marking 0x028bddca72c1 0x00b94a4e9e01 <JSFunction publishSpan32 (sfi = 000000B94A4D41E1)> for optimization to TURBOFAN_JS, ConcurrencyMode::kConcurrent, reason: hot and stable<JSFunction connect4RbaCofactorKnownHeight (sfi = 0000028BDDC97921)>]
 for optimization to TURBOFAN_JS, ConcurrencyMode::kConcurrent, reason: hot and stable]
[bailout (kind: deopt-lazy, reason: (unknown)): begin. deoptimizing 0x01b422c44821 <JSFunction searchCpcOnlyFrontier (sfi = 000002BB47C0AA99)>, 0x039e88ed3a49 <Code MAGLEV>, opt id 31, bytecode offset 2128, deopt exit 199, FP to SP delta 592, caller SP 0x00150d1fa848, pc 0x0206fe0651ad]
[marking 0x00b43cde3d19 <JSFunction connect4RbaCofactorKnownHeight (sfi = 000000B43CDD43D1)> for optimization to TURBOFAN_JS, ConcurrencyMode::kConcurrent, reason: hot and stable]
[marking 0x02bb47c265d9 <JSFunction connect4RbaCofactorBasis (sfi = 000002BB47C16B11)> for optimization to TURBOFAN_JS, ConcurrencyMode::kConcurrent, reason: hot and stable]
[marking 0x00b43cde2d11 <JSFunction mixSpan32Locator32 (sfi = 000000B43CDCD159)> for optimization to TURBOFAN_JS, ConcurrencyMode::kConcurrent, reason: hot and stable]
[bailout (kind: deopt-lazy, reason: (unknown)): begin. deoptimizing 0x03da4fa02781 <JSFunction searchCpcOnlyFrontier (sfi = 0000028BDDC8B7D1)>, 0x02125c69f959 <Code MAGLEV>, opt id 92, bytecode offset 2128, deopt exit 198, FP to SP delta 600, caller SP 0x00150f9f9470, pc 0x0207ee82a537]
[marking 0x031411093569 <JSFunction mixSpan32Locator32 (sfi = 0000034CC2B7D3D9)> for optimization to TURBOFAN_JS, ConcurrencyMode::kConcurrent, reason: hot and stable]
[bailout (kind: deopt-lazy, reason: (unknown)): begin. deoptimizing 0x03da4fa02781 <JSFunction searchCpcOnlyFrontier (sfi = 0000028BDDC8B7D1)>, 0x02125c69f959 <Code MAGLEV>, opt id 92, bytecode offset 2128, deopt exit 198, FP to SP delta 600, caller SP 0x00150f9f9738, pc 0x0207ee82a537]
[marking 0x00b43cde3959 <JSFunction emitSortedSetBits32 (sfi = 000000B43CDD5301)> for optimization to TURBOFAN_JS, ConcurrencyMode::kConcurrent, reason: hot and stable]
[marking 0x00b43cde3d19 <JSFunction connect4RbaCofactorKnownHeight (sfi = 000000B43CDD43D1)> for optimization to TURBOFAN_JS, ConcurrencyMode::kConcurrent, reason: hot and stable]
[marking 0x02bb47c265d9 <JSFunction connect4RbaCofactorBasis (sfi = 000002BB47C16B11)> for optimization to TURBOFAN_JS, ConcurrencyMode::kConcurrent, reason: hot and stable]
[completed compiling 0x028bddca9881 <JSFunction probeConnect4RbaSharedExactCache32 (sfi = 0000028BDDCA3A71)> (target MAGLEV) - took 0.001, 0.496, 0.008 ms]
[marking 0x00b43cde3959 <JSFunction emitSortedSetBits32 (sfi = 000000B43CDD5301)> for optimization to TURBOFAN_JS, ConcurrencyMode::kConcurrent, reason: hot and stable]
[marking 0x028bddca7201 <JSFunction connect4RbaCofactorBasis (sfi = 0000028BDDC97849)> for optimization to TURBOFAN_JS, ConcurrencyMode::kConcurrent, reason: hot and stable]
[completed compiling 0x01354eb58609 <JSFunction cellMarked (sfi = 0000028BDDC9AA11)> (target MAGLEV) - took 0.000, 0.066, 0.001 ms]
[marking 0x00e216ee7911 <JSFunction publishSpan32 (sfi = 000000E216ED1CC9)> for optimization to TURBOFAN_JS, ConcurrencyMode::kConcurrent, reason: hot and stable]
[marking 0x00b43cde2d11 <JSFunction mixSpan32Locator32 (sfi = 000000B43CDCD159)> for optimization to TURBOFAN_JS, ConcurrencyMode::kConcurrent, reason: hot and stable]
[marking 0x00b43cde3d19 <JSFunction connect4RbaCofactorKnownHeight (sfi = 000000B43CDD43D1)> for optimization to TURBOFAN_JS, ConcurrencyMode::kConcurrent, reason: hot and stable]
[marking 0x031411093569 <JSFunction mixSpan32Locator32 (sfi = 0000034CC2B7D3D9)> for optimization to TURBOFAN_JS, ConcurrencyMode::kConcurrent, reason: hot and stable]
[marking 0x028bddca72c1 <JSFunction connect4RbaCofactorKnownHeight (sfi = 0000028BDDC97921)> for optimization to TURBOFAN_JS, ConcurrencyMode::kConcurrent, reason: hot and stable]
[marking 0x00b43cde3959 <JSFunction emitSortedSetBits32 (sfi = 000000B43CDD5301)> for optimization to TURBOFAN_JS, ConcurrencyMode::kConcurrent, reason: hot and stable]
[marking 0x02bb47c265d9 <JSFunction connect4RbaCofactorBasis (sfi = 000002BB47C16B11)> for optimization to TURBOFAN_JS, ConcurrencyMode::kConcurrent, reason: hot and stable]
[completed compiling 0x01354eb58b61 <JSFunction storeConnect4RbaExactCacheSlot32Frontier (sfi = 0000028BDDC8B6B1)> (target MAGLEV) - took 0.000, 0.277, 0.009 ms]
[completed compiling 0x01354eb58be1 <JSFunction absToRelativeFrontier (sfi = 0000028BDDC8B741)> (target MAGLEV) - took 0.000, 0.069, 0.000 ms]
[marking 0x00b94a4e9e01 <JSFunction publishSpan32 (sfi = 000000B94A4D41E1)> for optimization to TURBOFAN_JS, ConcurrencyMode::kConcurrent, reason: hot and stable]
[completed compiling 0x028bddca5fc1 <JSFunction completeRootFrontierNode32 (sfi = 0000028BDDC8CD19)> (target MAGLEV) - took 0.001, 0.107, 0.003 ms]
[marking 0x00b43cde2d11 <JSFunction mixSpan32Locator32 (sfi = 000000B43CDCD159)> for optimization to TURBOFAN_JS, ConcurrencyMode::kConcurrent, reason: hot and stable]
[marking 0x00b43cde3d19 <JSFunction connect4RbaCofactorKnownHeight (sfi = 000000B43CDD43D1)> for optimization to TURBOFAN_JS, ConcurrencyMode::kConcurrent, reason: hot and stable]
[marking 0x031411093569 <JSFunction mixSpan32Locator32 (sfi = 0000034CC2B7D3D9)> for optimization to TURBOFAN_JS, ConcurrencyMode::kConcurrent, reason: hot and stable]
[marking 0x00b43cde3959 <JSFunction emitSortedSetBits32 (sfi = 000000B43CDD5301)> for optimization to TURBOFAN_JS, ConcurrencyMode::kConcurrent, reason: hot and stable]
[completed compiling 0x028bddca7861 <JSFunction firstSetBitIndex32 (sfi = 0000028BDDC9BE89)> (target MAGLEV) - took 0.000, 0.064, 0.002 ms]
[marking 0x028bddca7201 <JSFunction connect4RbaCofactorBasis (sfi = 0000028BDDC97849)> for optimization to TURBOFAN_JS, ConcurrencyMode::kConcurrent, reason: hot and stable]
[marking 0x028bddca72c1 <JSFunction connect4RbaCofactorKnownHeight (sfi = 0000028BDDC97921)> for optimization to TURBOFAN_JS, ConcurrencyMode::kConcurrent, reason: hot and stable]
[marking 0x02bb47c265d9 <JSFunction connect4RbaCofactorBasis (sfi = 000002BB47C16B11)> for optimization to TURBOFAN_JS, ConcurrencyMode::kConcurrent, reason: hot and stable]
[marking 0x00e216ee7911 <JSFunction publishSpan32 (sfi = 000000E216ED1CC9)> for optimization to TURBOFAN_JS, ConcurrencyMode::kConcurrent, reason: hot and stable]
[marking 0x00b43cde3c59 <JSFunction connect4RbaCofactorBasis (sfi = 000000B43CDD42F9)> for optimization to TURBOFAN_JS, ConcurrencyMode::kConcurrent, reason: hot and stable]
[marking 0x00b43cde3959 <JSFunction emitSortedSetBits32 (sfi = 000000B43CDD5301)> for optimization to TURBOFAN_JS, ConcurrencyMode::kConcurrent, reason: hot and stable]
[marking 0x00b43cde3d19 <JSFunction connect4RbaCofactorKnownHeight (sfi = 000000B43CDD43D1)> for optimization to TURBOFAN_JS, ConcurrencyMode::kConcurrent, reason: hot and stable]
[marking 0x028bddca72c1 <JSFunction connect4RbaCofactorKnownHeight (sfi = 0000028BDDC97921)> for optimization to TURBOFAN_JS, ConcurrencyMode::kConcurrent, reason: hot and stable]
[marking 0x028bddca7201 <JSFunction connect4RbaCofactorBasis (sfi = 0000028BDDC97849)> for optimization to TURBOFAN_JS, ConcurrencyMode::kConcurrent, reason: hot and stable]
[marking 0x00b43cde2d11 <JSFunction mixSpan32Locator32 (sfi = 000000B43CDCD159)> for optimization to TURBOFAN_JS, ConcurrencyMode::kConcurrent, reason: hot and stable]
[marking 0x031411093569 <JSFunction mixSpan32Locator32 (sfi = 0000034CC2B7D3D9)> for optimization to TURBOFAN_JS, ConcurrencyMode::kConcurrent, reason: hot and stable]
[marking 0x02bb47c265d9 <JSFunction connect4RbaCofactorBasis (sfi = 000002BB47C16B11)> for optimization to TURBOFAN_JS, ConcurrencyMode::kConcurrent, reason: hot and stable]
[marking 0x00b94a4e9e01 <JSFunction publishSpan32 (sfi = 000000B94A4D41E1)> for optimization to TURBOFAN_JS, ConcurrencyMode::kConcurrent, reason: hot and stable]
[marking 0x00e216ee7911 <JSFunction publishSpan32 (sfi = 000000E216ED1CC9)> for optimization to TURBOFAN_JS, ConcurrencyMode::kConcurrent, reason: hot and stable[marking ]
0x00b43cde3959 [bailout (kind: deopt-lazy, reason: (unknown)): begin. deoptimizing <JSFunction emitSortedSetBits32 (sfi = 000000B43CDD5301)> for optimization to TURBOFAN_JS, ConcurrencyMode::kConcurrent, reason: hot and stable0x03da4fa02781]
 <JSFunction searchCpcOnlyFrontier (sfi = 0000028BDDC8B7D1)>, 0x02125c69f959 <Code MAGLEV>, opt id 92, bytecode offset 2128, deopt exit 198, FP to SP delta 600, caller SP 0x00150f9f9a00, pc 0x0207ee82a537]
[bailout (kind: deopt-lazy, reason: (unknown)): begin. deoptimizing 0x03da4fa02781 <JSFunction searchCpcOnlyFrontier (sfi = 0000028BDDC8B7D1)>, 0x02125c69f959 <Code MAGLEV>, opt id 92, bytecode offset 2128, deopt exit 198, FP to SP delta 600, caller SP 0x00150f9f9cc8, pc 0x0207ee82a537]
[marking 0x00b43cde3d19 <JSFunction connect4RbaCofactorKnownHeight (sfi = 000000B43CDD43D1)> for optimization to TURBOFAN_JS, ConcurrencyMode::kConcurrent, reason: hot and stable]
[marking 0x028bddca72c1 <JSFunction connect4RbaCofactorKnownHeight (sfi = 0000028BDDC97921)> for optimization to TURBOFAN_JS, ConcurrencyMode::kConcurrent, reason: hot and stable]
[completed compiling 0x001e5390e639 <JSFunction searchCpcOnlyFrontier (sfi = 000000B43CDC8281)> (target MAGLEV) - took 0.000, 2.048, 0.019 ms]
[marking 0x031411093529 <JSFunction publishSpan32 (sfi = 0000034CC2B7D391)> for optimization to TURBOFAN_JS, ConcurrencyMode::kConcurrent, reason: hot and stable]
[marking [marking 0x00b43cde3959 0x028bddca7201<JSFunction emitSortedSetBits32 (sfi = 000000B43CDD5301)>  for optimization to TURBOFAN_JS, ConcurrencyMode::kConcurrent, reason: hot and stable]
<JSFunction connect4RbaCofactorBasis (sfi = 0000028BDDC97849)> for optimization to TURBOFAN_JS, ConcurrencyMode::kConcurrent, reason: hot and stable]
[marking 0x02bb47c265d9 <JSFunction connect4RbaCofactorBasis (sfi = 000002BB47C16B11)> for optimization to TURBOFAN_JS, ConcurrencyMode::kConcurrent, reason: hot and stable]
[marking 0x031411093569 <JSFunction mixSpan32Locator32 (sfi = 0000034CC2B7D3D9)> for optimization to TURBOFAN_JS, ConcurrencyMode::kConcurrent, reason: hot and stable]
[marking 0x00b43cde2d11 <JSFunction mixSpan32Locator32 (sfi = 000000B43CDCD159)> for optimization to TURBOFAN_JS, ConcurrencyMode::kConcurrent, reason: hot and stable]
[marking 0x00b43cde3c59 <JSFunction connect4RbaCofactorBasis (sfi = 000000B43CDD42F9)> for optimization to TURBOFAN_JS, ConcurrencyMode::kConcurrent, reason: hot and stable]
[marking 0x028bddca72c1 <JSFunction connect4RbaCofactorKnownHeight (sfi = 0000028BDDC97921)> for optimization to TURBOFAN_JS, ConcurrencyMode::kConcurrent, reason: hot and stable]
[completed compiling 0x017a836578e9 <JSFunction probeConnect4RbaExactCacheSlot32Frontier (sfi = 000000B43CDC8119)> (target MAGLEV) - took 0.000, 0.238, 0.004 ms]
[marking 0x00e216ee7911 <JSFunction publishSpan32 (sfi = 000000E216ED1CC9)> for optimization to TURBOFAN_JS, ConcurrencyMode::kConcurrent, reason: hot and stable]
[marking 0x00b43cde3959 <JSFunction emitSortedSetBits32 (sfi = 000000B43CDD5301)> for optimization to TURBOFAN_JS, ConcurrencyMode::kConcurrent, reason: hot and stable]
[marking 0x00b43cde3d19 <JSFunction connect4RbaCofactorKnownHeight (sfi = 000000B43CDD43D1)> for optimization to TURBOFAN_JS, ConcurrencyMode::kConcurrent, reason: hot and stable]
[marking 0x00b94a4e9e01 <JSFunction publishSpan32 (sfi = 000000B94A4D41E1)> for optimization to TURBOFAN_JS, ConcurrencyMode::kConcurrent, reason: hot and stable]
[completed compiling 0x028bddca7d21 <JSFunction evaluateConnect4CpcNonterminal32 (sfi = 0000028BDDC9A981)> (target MAGLEV) - took 0.000, 1.211, 0.012 ms]
[marking 0x02bb47c265d9 <JSFunction connect4RbaCofactorBasis (sfi = 000002BB47C16B11)> for optimization to TURBOFAN_JS, ConcurrencyMode::kConcurrent, reason: hot and stable]
[marking 0x028bddca72c1 <JSFunction connect4RbaCofactorKnownHeight (sfi = 0000028BDDC97921)> for optimization to TURBOFAN_JS, ConcurrencyMode::kConcurrent, reason: hot and stable]
[marking 0x031411093569 [completed compiling 0x00b43cde62d9 <JSFunction probeConnect4RbaSharedExactCache32 (sfi = 000000B43CDE0521)> (target MAGLEV) - took 0.000, 0.311, 0.005 ms]
[marking 0x00b43cde3959 <JSFunction emitSortedSetBits32 (sfi = 000000B43CDD5301)> for optimization to TURBOFAN_JS, ConcurrencyMode::kConcurrent, reason: hot and stable]
[completed compiling 0x01354eb58c21 <JSFunction relativeToAbsFrontier (sfi = 0000028BDDC8B789)> (target MAGLEV) - took 0.001, 0.083, 0.001 ms<JSFunction mixSpan32Locator32 (sfi = 0000034CC2B7D3D9)>]
 for optimization to TURBOFAN_JS, ConcurrencyMode::kConcurrent, reason: hot and stable]
[marking 0x00e216ee7911 <JSFunction publishSpan32 (sfi = 000000E216ED1CC9)> for optimization to TURBOFAN_JS, ConcurrencyMode::kConcurrent, reason: hot and stable]
[marking 0x00b43cde3d19 <JSFunction connect4RbaCofactorKnownHeight (sfi = 000000B43CDD43D1)> for optimization to TURBOFAN_JS, ConcurrencyMode::kConcurrent, reason: hot and stable]
[marking 0x028bddca7201 <JSFunction connect4RbaCofactorBasis (sfi = 0000028BDDC97849)> for optimization to TURBOFAN_JS, ConcurrencyMode::kConcurrent, reason: hot and stable]
[marking 0x00b43cde3959 <JSFunction emitSortedSetBits32 (sfi = 000000B43CDD5301)> for optimization to TURBOFAN_JS, ConcurrencyMode::kConcurrent, reason: hot and stable]
[marking 0x00b43cde3c59 <JSFunction connect4RbaCofactorBasis (sfi = 000000B43CDD42F9)> for optimization to TURBOFAN_JS, ConcurrencyMode::kConcurrent, reason: hot and stable]
[marking 0x00b43cde3d19 <JSFunction connect4RbaCofactorKnownHeight (sfi = 000000B43CDD43D1)> for optimization to TURBOFAN_JS, ConcurrencyMode::kConcurrent, reason: hot and stable]
[marking 0x028bddca72c1 <JSFunction connect4RbaCofactorKnownHeight (sfi = 0000028BDDC97921)> for optimization to TURBOFAN_JS, ConcurrencyMode::kConcurrent, reason: hot and stable]
[marking 0x00b43cde3959 <JSFunction emitSortedSetBits32 (sfi = 000000B43CDD5301)> for optimization to TURBOFAN_JS, ConcurrencyMode::kConcurrent, reason: hot and stable]
[marking 0x00b94a4e9e01 <JSFunction publishSpan32 (sfi = 000000B94A4D41E1)> for optimization to TURBOFAN_JS, ConcurrencyMode::kConcurrent, reason: hot and stable]
[marking 0x02bb47c265d9 <JSFunction connect4RbaCofactorBasis (sfi = 000002BB47C16B11)> for optimization to TURBOFAN_JS, ConcurrencyMode::kConcurrent, reason: hot and stable]
[marking 0x00b43cde3d19 <JSFunction connect4RbaCofactorKnownHeight (sfi = 000000B43CDD43D1)> for optimization to TURBOFAN_JS, ConcurrencyMode::kConcurrent, reason: hot and stable]
[marking 0x00b43cde3959 <JSFunction emitSortedSetBits32 (sfi = 000000B43CDD5301)> for optimization to TURBOFAN_JS, ConcurrencyMode::kConcurrent, reason: hot and stable]
[marking 0x031411093569 <JSFunction mixSpan32Locator32 (sfi = 0000034CC2B7D3D9)> for optimization to TURBOFAN_JS, ConcurrencyMode::kConcurrent, reason: hot and stable]
[marking 0x028bddca7201 <JSFunction connect4RbaCofactorBasis (sfi = 0000028BDDC97849)> for optimization to TURBOFAN_JS, ConcurrencyMode::kConcurrent, reason: hot and stable]
[marking 0x028bddca72c1 <JSFunction connect4RbaCofactorKnownHeight (sfi = 0000028BDDC97921)> for optimization to TURBOFAN_JS, ConcurrencyMode::kConcurrent, reason: hot and stable]
[marking 0x00b43cde3c59 <JSFunction connect4RbaCofactorBasis (sfi = 000000B43CDD42F9)> for optimization to TURBOFAN_JS, ConcurrencyMode::kConcurrent, reason: hot and stable]
[marking 0x00b43cde3d19 <JSFunction connect4RbaCofactorKnownHeight (sfi = 000000B43CDD43D1)> for optimization to TURBOFAN_JS, ConcurrencyMode::kConcurrent, reason: hot and stable]
[marking 0x00b43cde3959 <JSFunction emitSortedSetBits32 (sfi = 000000B43CDD5301)> for optimization to TURBOFAN_JS, ConcurrencyMode::kConcurrent, reason: hot and stable]
[marking 0x028bddca72c1 [marking <JSFunction connect4RbaCofactorKnownHeight (sfi = 0000028BDDC97921)> for optimization to TURBOFAN_JS, ConcurrencyMode::kConcurrent, reason: hot and stable]
0x031f019878d1 <JSFunction absToRelativeFrontier (sfi = 000003D6DFF53DC9)> for optimization to MAGLEV, ConcurrencyMode::kConcurrent, reason: hot and stable]
[marking 0x00b43cde3959 <JSFunction emitSortedSetBits32 (sfi = 000000B43CDD5301)>[compiling method  for optimization to TURBOFAN_JS, ConcurrencyMode::kConcurrent, reason: hot and stable[marking ]
0x031f019878d1 0x02bb47c265d9 <JSFunction absToRelativeFrontier (sfi = 000003D6DFF53DC9)> (target MAGLEV), mode: ConcurrencyMode::kConcurrent]
<JSFunction connect4RbaCofactorBasis (sfi = 000002BB47C16B11)> for optimization to TURBOFAN_JS, ConcurrencyMode::kConcurrent, reason: hot and stable]
[marking 0x00b43cde3d19 <JSFunction connect4RbaCofactorKnownHeight (sfi = 000000B43CDD43D1)> for optimization to TURBOFAN_JS, ConcurrencyMode::kConcurrent, reason: hot and stable]
[marking 0x031411093529 [marking 0x028bddca7201 <JSFunction publishSpan32 (sfi = 0000034CC2B7D391)> for optimization to TURBOFAN_JS, ConcurrencyMode::kConcurrent, reason: hot and stable]
<JSFunction connect4RbaCofactorBasis (sfi = 0000028BDDC97849)> for optimization to TURBOFAN_JS, ConcurrencyMode::kConcurrent, reason: hot and stable]
[marking [marking 0x00e216ee7911 [marking 0x00b43cde3d19 0x031411093569 <JSFunction publishSpan32 (sfi = 000000E216ED1CC9)><JSFunction connect4RbaCofactorKnownHeight (sfi = 000000B43CDD43D1)> for optimization to TURBOFAN_JS, ConcurrencyMode::kConcurrent, reason: hot and stable for optimization to TURBOFAN_JS, ConcurrencyMode::kConcurrent, reason: hot and stable]
<JSFunction mixSpan32Locator32 (sfi = 0000034CC2B7D3D9)>]
 for optimization to TURBOFAN_JS, ConcurrencyMode::kConcurrent, reason: hot and stable]
[marking 0x00b43cde3959 <JSFunction emitSortedSetBits32 (sfi = 000000B43CDD5301)> for optimization to TURBOFAN_JS, ConcurrencyMode::kConcurrent, reason: hot and stable]
[marking 0x028bddca72c1 <JSFunction connect4RbaCofactorKnownHeight (sfi = 0000028BDDC97921)> for optimization to TURBOFAN_JS, ConcurrencyMode::kConcurrent, reason: hot and stable]
[marking 0x00b43cde3c59 <JSFunction connect4RbaCofactorBasis (sfi = 000000B43CDD42F9)> for optimization to TURBOFAN_JS, ConcurrencyMode::kConcurrent, reason: hot and stable]
[marking 0x00b94a4e9e01 <JSFunction publishSpan32 (sfi = 000000B94A4D41E1)> for optimization to TURBOFAN_JS, ConcurrencyMode::kConcurrent, reason: hot and stable]
[marking 0x00b43cde3959 <JSFunction emitSortedSetBits32 (sfi = 000000B43CDD5301)> for optimization to TURBOFAN_JS, ConcurrencyMode::kConcurrent, reason: hot and stable]
[marking 0x02bb47c265d9 <JSFunction connect4RbaCofactorBasis (sfi = 000002BB47C16B11)> for optimization to TURBOFAN_JS, ConcurrencyMode::kConcurrent, reason: hot and stable]
[marking 0x00b43cde3d19 <JSFunction connect4RbaCofactorKnownHeight (sfi = 000000B43CDD43D1)> for optimization to TURBOFAN_JS, ConcurrencyMode::kConcurrent, reason: hot and stable]
[marking 0x028bddca72c1 <JSFunction connect4RbaCofactorKnownHeight (sfi = 0000028BDDC97921)> for optimization to TURBOFAN_JS, ConcurrencyMode::kConcurrent, reason: hot and stable]
[marking 0x028bddca7201 <JSFunction connect4RbaCofactorBasis (sfi = 0000028BDDC97849)> for optimization to TURBOFAN_JS, ConcurrencyMode::kConcurrent, reason: hot and stable]
[marking 0x00b43cde3959 <JSFunction emitSortedSetBits32 (sfi = 000000B43CDD5301)> for optimization to TURBOFAN_JS, ConcurrencyMode::kConcurrent, reason: hot and stable]
[marking 0x00b43cde3d19 <JSFunction connect4RbaCofactorKnownHeight (sfi = 000000B43CDD43D1)> for optimization to TURBOFAN_JS, ConcurrencyMode::kConcurrent, reason: hot and stable]
[marking 0x028bddca72c1 <JSFunction connect4RbaCofactorKnownHeight (sfi = 0000028BDDC97921)> for optimization to TURBOFAN_JS, ConcurrencyMode::kConcurrent, reason: hot and stable]
[marking 0x00b43cde3c59 <JSFunction connect4RbaCofactorBasis (sfi = 000000B43CDD42F9)> for optimization to TURBOFAN_JS, ConcurrencyMode::kConcurrent, reason: hot and stable]
[marking [marking 0x00b43cde3959 0x031411093569 <JSFunction emitSortedSetBits32 (sfi = 000000B43CDD5301)> for optimization to TURBOFAN_JS, ConcurrencyMode::kConcurrent, reason: hot and stable]
<JSFunction mixSpan32Locator32 (sfi = 0000034CC2B7D3D9)> for optimization to TURBOFAN_JS, ConcurrencyMode::kConcurrent, reason: hot and stable]
[marking [marking 0x01b422c44821 0x00b43cde2cd1 <JSFunction searchCpcOnlyFrontier (sfi = 000002BB47C0AA99)><JSFunction publishSpan32 (sfi = 000000B43CDCD111)> for optimization to MAGLEV, ConcurrencyMode::kConcurrent, reason: hot and stable]
 for optimization to TURBOFAN_JS, ConcurrencyMode::kConcurrent, reason: hot and stable]
[compiling method 0x01b422c44821 <JSFunction searchCpcOnlyFrontier (sfi = 000002BB47C0AA99)> (target MAGLEV), mode: ConcurrencyMode::kConcurrent]
[marking 0x00b43cde3959 <JSFunction emitSortedSetBits32 (sfi = 000000B43CDD5301)> for optimization to TURBOFAN_JS, ConcurrencyMode::kConcurrent, reason: hot and stable]
[marking 0x00b43cde3d19 <JSFunction connect4RbaCofactorKnownHeight (sfi = 000000B43CDD43D1)> for optimization to TURBOFAN_JS, ConcurrencyMode::kConcurrent, reason: hot and stable]
[marking 0x028bddca72c1 <JSFunction connect4RbaCofactorKnownHeight (sfi = 0000028BDDC97921)> for optimization to TURBOFAN_JS, ConcurrencyMode::kConcurrent, reason: hot and stable]
[marking 0x02bb47c265d9 <JSFunction connect4RbaCofactorBasis (sfi = 000002BB47C16B11)> for optimization to TURBOFAN_JS, ConcurrencyMode::kConcurrent, reason: hot and stable]
[marking 0x028bddca7201 <JSFunction connect4RbaCofactorBasis (sfi = 0000028BDDC97849)> for optimization to TURBOFAN_JS, ConcurrencyMode::kConcurrent, reason: hot and stable]
[marking 0x00b94a4e9e01 <JSFunction publishSpan32 (sfi = 000000B94A4D41E1)> for optimization to TURBOFAN_JS, ConcurrencyMode::kConcurrent, reason: hot and stable]
[marking 0x00b43cde3959 <JSFunction emitSortedSetBits32 (sfi = 000000B43CDD5301)> for optimization to TURBOFAN_JS, ConcurrencyMode::kConcurrent, reason: hot and stable]
[marking 0x028bddca72c1 <JSFunction connect4RbaCofactorKnownHeight (sfi = 0000028BDDC97921)> for optimization to TURBOFAN_JS, ConcurrencyMode::kConcurrent, reason: hot and stable]
[marking 0x00b43cde3d19 <JSFunction connect4RbaCofactorKnownHeight (sfi = 000000B43CDD43D1)> for optimization to TURBOFAN_JS, ConcurrencyMode::kConcurrent, reason: hot and stable]
[marking 0x031411093529 <JSFunction publishSpan32 (sfi = 0000034CC2B7D391)> for optimization to TURBOFAN_JS, ConcurrencyMode::kConcurrent, reason: hot and stable]
[marking 0x00b43cde3c59 <JSFunction connect4RbaCofactorBasis (sfi = 000000B43CDD42F9)> for optimization to TURBOFAN_JS, ConcurrencyMode::kConcurrent, reason: hot and stable]
[marking 0x031411093569 <JSFunction mixSpan32Locator32 (sfi = 0000034CC2B7D3D9)> for optimization to TURBOFAN_JS, ConcurrencyMode::kConcurrent, reason: hot and stable]
[marking 0x00b43cde3959 <JSFunction emitSortedSetBits32 (sfi = 000000B43CDD5301)> for optimization to TURBOFAN_JS, ConcurrencyMode::kConcurrent, reason: hot and stable]
[marking 0x028bddca72c1 <JSFunction connect4RbaCofactorKnownHeight (sfi = 0000028BDDC97921)> for optimization to TURBOFAN_JS, ConcurrencyMode::kConcurrent, reason: hot and stable]
[marking 0x00b43cde3d19 <JSFunction connect4RbaCofactorKnownHeight (sfi = 000000B43CDD43D1)> for optimization to TURBOFAN_JS, ConcurrencyMode::kConcurrent, reason: hot and stable]
[marking 0x00e216ee7911 <JSFunction publishSpan32 (sfi = 000000E216ED1CC9)> for optimization to TURBOFAN_JS, ConcurrencyMode::kConcurrent, reason: hot and stable]
[marking 0x028bddca7201 <JSFunction connect4RbaCofactorBasis (sfi = 0000028BDDC97849)> for optimization to TURBOFAN_JS, ConcurrencyMode::kConcurrent, reason: hot and stable]
[marking 0x02bb47c265d9 <JSFunction connect4RbaCofactorBasis (sfi = 000002BB47C16B11)> for optimization to TURBOFAN_JS, ConcurrencyMode::kConcurrent, reason: hot and stable]
[marking 0x00b43cde2cd1 <JSFunction publishSpan32 (sfi = 000000B43CDCD111)> for optimization to TURBOFAN_JS, ConcurrencyMode::kConcurrent, reason: hot and stable]
[marking 0x00b43cde3959 <JSFunction emitSortedSetBits32 (sfi = 000000B43CDD5301)> for optimization to TURBOFAN_JS, ConcurrencyMode::kConcurrent, reason: hot and stable]
[marking 0x031f01987851 <JSFunction storeConnect4RbaExactCacheSlot32Frontier (sfi = 000003D6DFF53D39)> for optimization to MAGLEV, ConcurrencyMode::kConcurrent, reason: hot and stable]
[marking 0x00b43cde3d19 <JSFunction connect4RbaCofactorKnownHeight (sfi = 000000B43CDD43D1)> for optimization to TURBOFAN_JS, ConcurrencyMode::kConcurrent, reason: hot and stable]
[marking 0x028bddca72c1 <JSFunction connect4RbaCofactorKnownHeight (sfi = 0000028BDDC97921)> for optimization to TURBOFAN_JS, ConcurrencyMode::kConcurrent, reason: hot and stable]
[compiling method 0x031f01987851 <JSFunction storeConnect4RbaExactCacheSlot32Frontier (sfi = 000003D6DFF53D39)> (target MAGLEV), mode: ConcurrencyMode::kConcurrent]
[completed compiling 0x02478d99e079 <JSFunction collectSingletonProfiles (sfi = 000000B94A4DE651)> (target MAGLEV) - took 0.000, 0.726, 0.007 ms]
[marking 0x03da4fa02781 <JSFunction searchCpcOnlyFrontier (sfi = 0000028BDDC8B7D1)> for optimization to MAGLEV, ConcurrencyMode::kConcurrent, reason: hot and stable]
[compiling method 0x03da4fa02781 <JSFunction searchCpcOnlyFrontier (sfi = 0000028BDDC8B7D1)> (target MAGLEV), mode: ConcurrencyMode::kConcurrent]
[marking 0x00b43cde3959 <JSFunction emitSortedSetBits32 (sfi = 000000B43CDD5301)> for optimization to TURBOFAN_JS, ConcurrencyMode::kConcurrent, reason: hot and stable]
[marking 0x00b43cde3c59 <JSFunction connect4RbaCofactorBasis (sfi = 000000B43CDD42F9)> for optimization to TURBOFAN_JS, ConcurrencyMode::kConcurrent, reason: hot and stable]
[completed compiling 0x00b43cde4779 <JSFunction evaluateConnect4CpcNonterminal32 (sfi = 000000B43CDD7431)> (target MAGLEV) - took 0.000, 2.344, 0.008 ms]
[marking 0x00b94a4e9e01 <JSFunction publishSpan32 (sfi = 000000B94A4D41E1)> for optimization to TURBOFAN_JS, ConcurrencyMode::kConcurrent, reason: hot and stable]
[marking 0x031411093569 <JSFunction mixSpan32Locator32 (sfi = 0000034CC2B7D3D9)> for optimization to TURBOFAN_JS, ConcurrencyMode::kConcurrent, reason: hot and stable]
[marking 0x00b43cde3d19 <JSFunction connect4RbaCofactorKnownHeight (sfi = 000000B43CDD43D1)> for optimization to TURBOFAN_JS, ConcurrencyMode::kConcurrent, reason: hot and stable]
[marking 0x02bb47c25651 <JSFunction publishSpan32 (sfi = 000002BB47C0F929)> for optimization to TURBOFAN_JS, ConcurrencyMode::kConcurrent, reason: hot and stable]
[marking 0x028bddca72c1 <JSFunction connect4RbaCofactorKnownHeight (sfi = 0000028BDDC97921)> for optimization to TURBOFAN_JS, ConcurrencyMode::kConcurrent, reason: hot and stable]
[marking 0x00b43cde3959 <JSFunction emitSortedSetBits32 (sfi = 000000B43CDD5301)> for optimization to TURBOFAN_JS, ConcurrencyMode::kConcurrent, reason: hot and stable]
[marking 0x02bb47c265d9 <JSFunction connect4RbaCofactorBasis (sfi = 000002BB47C16B11)> for optimization to TURBOFAN_JS, ConcurrencyMode::kConcurrent, reason: hot and stable]
[marking 0x028bddca7201 <JSFunction connect4RbaCofactorBasis (sfi = 0000028BDDC97849)> for optimization to TURBOFAN_JS, ConcurrencyMode::kConcurrent, reason: hot and stable]
[marking 0x00b43cde3959 <JSFunction emitSortedSetBits32 (sfi = 000000B43CDD5301)> for optimization to TURBOFAN_JS, ConcurrencyMode::kConcurrent, reason: hot and stable]
[completed compiling 0x02478d99dbf9 <JSFunction permutePair3 (sfi = 000000B94A4D6FB9)> (target MAGLEV) - took 0.000, 0.361, 0.001 ms]
[marking 0x00b43cde3d19 <JSFunction connect4RbaCofactorKnownHeight (sfi = 000000B43CDD43D1)> for optimization to TURBOFAN_JS, ConcurrencyMode::kConcurrent, reason: hot and stable]
[completed compiling 0x017a83657929 <JSFunction storeConnect4RbaExactCacheSlot32Frontier (sfi = 000000B43CDC8161)> (target MAGLEV) - took 0.000, 0.281, 0.003 ms]
[marking 0x028bddca72c1 <JSFunction connect4RbaCofactorKnownHeight (sfi = 0000028BDDC97921)> for optimization to TURBOFAN_JS, ConcurrencyMode::kConcurrent, reason: hot and stable]
[marking 0x00b43cde3959 <JSFunction emitSortedSetBits32 (sfi = 000000B43CDD5301)> for optimization to TURBOFAN_JS, ConcurrencyMode::kConcurrent, reason: hot and stable]
[completed compiling 0x017a836579a9 <JSFunction absToRelativeFrontier (sfi = 000000B43CDC81F1)> (target MAGLEV) - took 0.000, 0.070, 0.000 ms]
[marking 0x031411093529 <JSFunction publishSpan32 (sfi = 0000034CC2B7D391)> for optimization to TURBOFAN_JS, ConcurrencyMode::kConcurrent, reason: hot and stable]
[marking 0x00b43cde3c59 <JSFunction connect4RbaCofactorBasis (sfi = 000000B43CDD42F9)> for optimization to TURBOFAN_JS, ConcurrencyMode::kConcurrent, reason: hot and stable]
[completed compiling 0x017a836573d1 <JSFunction cellMarked (sfi = 000000B43CDD74C1)> (target MAGLEV) - took 0.000, 0.061, 0.001 ms]
[marking 0x031411093569 <JSFunction mixSpan32Locator32 (sfi = 0000034CC2B7D3D9)> for optimization to TURBOFAN_JS, ConcurrencyMode::kConcurrent, reason: hot and stable]
[marking 0x02bb47c265d9 <JSFunction connect4RbaCofactorBasis (sfi = 000002BB47C16B11)> for optimization to TURBOFAN_JS, ConcurrencyMode::kConcurrent, reason: hot and stable]
[completed compiling 0x00b94a4ec651 <JSFunction advanceConnect4LiveLineState32 (sfi = 000000B94A4E0AB1)> (target MAGLEV) - took 0.000, 0.237, 0.002 ms]
[marking 0x028bddca7201 <JSFunction connect4RbaCofactorBasis (sfi = 0000028BDDC97849)> for optimization to TURBOFAN_JS, ConcurrencyMode::kConcurrent, reason: hot and stable]
[marking 0x028bddca72c1 <JSFunction connect4RbaCofactorKnownHeight (sfi = 0000028BDDC97921)> for optimization to TURBOFAN_JS, ConcurrencyMode::kConcurrent, reason: hot and stable]
[completed compiling 0x017a836579e9 <JSFunction relativeToAbsFrontier (sfi = 000000B43CDC8239)> (target MAGLEV) - took 0.000, 0.089, 0.000 ms]
[marking 0x00b43cde3959 <JSFunction emitSortedSetBits32 (sfi = 000000B43CDD5301)> for optimization to TURBOFAN_JS, ConcurrencyMode::kConcurrent, reason: hot and stable]
[marking 0x00b43cde3d19 <JSFunction connect4RbaCofactorKnownHeight (sfi = 000000B43CDD43D1)> for optimization to TURBOFAN_JS, ConcurrencyMode::kConcurrent, reason: hot and stable]
[completed compiling 0x00b43cde2a19 <JSFunction completeRootFrontierNode32 (sfi = 000000B43CDC97C9)> (target MAGLEV) - took 0.000, 0.096, 0.002 ms]
[marking 0x00b43cde3959 <JSFunction emitSortedSetBits32 (sfi = 000000B43CDD5301)> for optimization to TURBOFAN_JS, ConcurrencyMode::kConcurrent, reason: hot and stable]
[marking 0x00b43cde2cd1 <JSFunction publishSpan32 (sfi = 000000B43CDCD111)> for optimization to TURBOFAN_JS, ConcurrencyMode::kConcurrent, reason: hot and stable]
[marking 0x00b94a4e9e01 <JSFunction publishSpan32 (sfi = 000000B94A4D41E1)> for optimization to TURBOFAN_JS, ConcurrencyMode::kConcurrent, reason: hot and stable]
[marking 0x00b43cde3d19 <JSFunction connect4RbaCofactorKnownHeight (sfi = 000000B43CDD43D1)> for optimization to TURBOFAN_JS, ConcurrencyMode::kConcurrent, reason: hot and stable]
[marking 0x00e216ee7911 <JSFunction publishSpan32 (sfi = 000000E216ED1CC9)> for optimization to TURBOFAN_JS, ConcurrencyMode::kConcurrent, reason: hot and stable]
[marking 0x028bddca72c1 <JSFunction connect4RbaCofactorKnownHeight (sfi = 0000028BDDC97921)> for optimization to TURBOFAN_JS, ConcurrencyMode::kConcurrent, reason: hot and stable]
[marking 0x00b43cde3959 <JSFunction emitSortedSetBits32 (sfi = 000000B43CDD5301)> for optimization to TURBOFAN_JS, ConcurrencyMode::kConcurrent, reason: hot and stable]
[marking 0x00b43cde3c59 <JSFunction connect4RbaCofactorBasis (sfi = 000000B43CDD42F9)> for optimization to TURBOFAN_JS, ConcurrencyMode::kConcurrent, reason: hot and stable]
[marking 0x028bddca7201 <JSFunction connect4RbaCofactorBasis (sfi = 0000028BDDC97849)> for optimization to TURBOFAN_JS, ConcurrencyMode::kConcurrent, reason: hot and stable]
[marking 0x02bb47c265d9 <JSFunction connect4RbaCofactorBasis (sfi = 000002BB47C16B11)> for optimization to TURBOFAN_JS, ConcurrencyMode::kConcurrent, reason: hot and stable]
[marking 0x031411093569 <JSFunction mixSpan32Locator32 (sfi = 0000034CC2B7D3D9)> for optimization to TURBOFAN_JS, ConcurrencyMode::kConcurrent, reason: hot and stable]
[marking 0x00b43cde3959 <JSFunction emitSortedSetBits32 (sfi = 000000B43CDD5301)> for optimization to TURBOFAN_JS, ConcurrencyMode::kConcurrent, reason: hot and stable]
[marking 0x028bddca72c1 <JSFunction connect4RbaCofactorKnownHeight (sfi = 0000028BDDC97921)> for optimization to TURBOFAN_JS, ConcurrencyMode::kConcurrent, reason: hot and stable]
[marking 0x00b43cde3d19 <JSFunction connect4RbaCofactorKnownHeight (sfi = 000000B43CDD43D1)> for optimization to TURBOFAN_JS, ConcurrencyMode::kConcurrent, reason: hot and stable]
[completed compiling 0x00b94a4ed449 <JSFunction storeConnect4RbaSharedExactCache32 (sfi = 000000B94A4E7681)> (target MAGLEV) - took 0.000, 0.510, 0.005 ms]
[marking 0x00b43cde3959 <JSFunction emitSortedSetBits32 (sfi = 000000B43CDD5301)> for optimization to TURBOFAN_JS, ConcurrencyMode::kConcurrent, reason: hot and stable]
[completed compiling 0x017a836574d1 <JSFunction pairedResponseNoWin (sfi = 000000B43CDD75E1)> (target MAGLEV) - took 0.001, 0.470, 0.003 ms]
[marking 0x00b43cde3959 <JSFunction emitSortedSetBits32 (sfi = 000000B43CDD5301)> for optimization to TURBOFAN_JS, ConcurrencyMode::kConcurrent, reason: hot and stable]
[marking 0x031411093529 <JSFunction publishSpan32 (sfi = 0000034CC2B7D391)> for optimization to TURBOFAN_JS, ConcurrencyMode::kConcurrent, reason: hot and stable]
[completed compiling 0x00b94a4ec6d1 <JSFunction evaluateConnect4LiveLine3x32 (sfi = 000000B94A4E0B41)> (target MAGLEV) - took 0.000, 0.129, 0.001 ms]
[marking 0x028bddca72c1 <JSFunction connect4RbaCofactorKnownHeight (sfi = 0000028BDDC97921)> for optimization to TURBOFAN_JS, ConcurrencyMode::kConcurrent, reason: hot and stable]
[marking 0x00b43cde3d19 <JSFunction connect4RbaCofactorKnownHeight (sfi = 000000B43CDD43D1)> for optimization to TURBOFAN_JS, ConcurrencyMode::kConcurrent, reason: hot and stable]
[marking 0x02bb47c265d9 <JSFunction connect4RbaCofactorBasis (sfi = 000002BB47C16B11)> for optimization to TURBOFAN_JS, ConcurrencyMode::kConcurrent, reason: hot and stable]
[marking 0x00b43cde3c59 <JSFunction connect4RbaCofactorBasis (sfi = 000000B43CDD42F9)> for optimization to TURBOFAN_JS, ConcurrencyMode::kConcurrent, reason: hot and stable]
[marking 0x00b94a4e9e01 <JSFunction publishSpan32 (sfi = 000000B94A4D41E1)> for optimization to TURBOFAN_JS, ConcurrencyMode::kConcurrent, reason: hot and stable]
[marking 0x028bddca7201 <JSFunction connect4RbaCofactorBasis (sfi = 0000028BDDC97849)> for optimization to TURBOFAN_JS, ConcurrencyMode::kConcurrent, reason: hot and stable]
[completed compiling 0x00b94a4ec3d9 <JSFunction popcount3x32 (sfi = 000000B94A4E3279)> (target MAGLEV) - took 0.000, 0.144, 0.001 ms]
[marking 0x00b43cde3959 <JSFunction emitSortedSetBits32 (sfi = 000000B43CDD5301)> for optimization to TURBOFAN_JS, ConcurrencyMode::kConcurrent, reason: hot and stable]
[marking 0x031411093569 <JSFunction mixSpan32Locator32 (sfi = 0000034CC2B7D3D9)> for optimization to TURBOFAN_JS, ConcurrencyMode::kConcurrent, reason: hot and stable]
[marking 0x028bddca72c1 <JSFunction connect4RbaCofactorKnownHeight (sfi = 0000028BDDC97921)> for optimization to TURBOFAN_JS, ConcurrencyMode::kConcurrent, reason: hot and stable]
[marking 0x031f01986bf1 <JSFunction cellMarked (sfi = 000003D6DFF630B1)> for optimization to MAGLEV, ConcurrencyMode::kConcurrent, reason: hot and stable]
[marking 0x00b43cde3959 <JSFunction emitSortedSetBits32 (sfi = 000000B43CDD5301)> for optimization to TURBOFAN_JS, ConcurrencyMode::kConcurrent, reason: hot and stable]
[marking 0x00b43cde3d19 <JSFunction connect4RbaCofactorKnownHeight (sfi = 000000B43CDD43D1)> for optimization to TURBOFAN_JS, ConcurrencyMode::kConcurrent, reason: hot and stable]
[marking 0x02bb47c265d9 <JSFunction connect4RbaCofactorBasis (sfi = 000002BB47C16B11)> for optimization to TURBOFAN_JS, ConcurrencyMode::kConcurrent, reason: hot and stable]
[marking 0x028bddca72c1 <JSFunction connect4RbaCofactorKnownHeight (sfi = 0000028BDDC97921)> for optimization to TURBOFAN_JS, ConcurrencyMode::kConcurrent, reason: hot and stable]
[marking 0x00b43cde3959 <JSFunction emitSortedSetBits32 (sfi = 000000B43CDD5301)> for optimization to TURBOFAN_JS, ConcurrencyMode::kConcurrent, reason: hot and stable]
[marking 0x00b43cde3c59 <JSFunction connect4RbaCofactorBasis (sfi = 000000B43CDD42F9)> for optimization to TURBOFAN_JS, ConcurrencyMode::kConcurrent, reason: hot and stable]
[marking 0x00b43cde3d19 <JSFunction connect4RbaCofactorKnownHeight (sfi = 000000B43CDD43D1)> for optimization to TURBOFAN_JS, ConcurrencyMode::kConcurrent, reason: hot and stable]
[marking 0x028bddca7201 <JSFunction connect4RbaCofactorBasis (sfi = 0000028BDDC97849)> for optimization to TURBOFAN_JS, ConcurrencyMode::kConcurrent, reason: hot and stable]
[marking 0x00b43cde3959 <JSFunction emitSortedSetBits32 (sfi = 000000B43CDD5301)> for optimization to TURBOFAN_JS, ConcurrencyMode::kConcurrent, reason: hot and stable]
[marking 0x028bddca72c1 <JSFunction connect4RbaCofactorKnownHeight (sfi = 0000028BDDC97921)> for optimization to TURBOFAN_JS, ConcurrencyMode::kConcurrent, reason: hot and stable]
[marking 0x00e216ee7911 <JSFunction publishSpan32 (sfi = 000000E216ED1CC9)> for optimization to TURBOFAN_JS, ConcurrencyMode::kConcurrent, reason: hot and stable]
[marking 0x031411093569 <JSFunction mixSpan32Locator32 (sfi = 0000034CC2B7D3D9)> for optimization to TURBOFAN_JS, ConcurrencyMode::kConcurrent, reason: hot and stable]
[compiling method 0x031f01986bf1 <JSFunction cellMarked (sfi = 000003D6DFF630B1)> (target MAGLEV), mode: ConcurrencyMode::kConcurrent]
[marking 0x00b94a4e9e01 <JSFunction publishSpan32 (sfi = 000000B94A4D41E1)> for optimization to TURBOFAN_JS, ConcurrencyMode::kConcurrent, reason: hot and stable]
[marking 0x00b43cde3d19 <JSFunction connect4RbaCofactorKnownHeight (sfi = 000000B43CDD43D1)> for optimization to TURBOFAN_JS, ConcurrencyMode::kConcurrent, reason: hot and stable]
[marking 0x00b43cde3959 <JSFunction emitSortedSetBits32 (sfi = 000000B43CDD5301)> for optimization to TURBOFAN_JS, ConcurrencyMode::kConcurrent, reason: hot and stable]
[marking 0x02bb47c265d9 <JSFunction connect4RbaCofactorBasis (sfi = 000002BB47C16B11)> for optimization to TURBOFAN_JS, ConcurrencyMode::kConcurrent, reason: hot and stable]
[marking 0x028bddca72c1 <JSFunction connect4RbaCofactorKnownHeight (sfi = 0000028BDDC97921)> for optimization to TURBOFAN_JS, ConcurrencyMode::kConcurrent, reason: hot and stable]
[marking 0x00b43cde3959 <JSFunction emitSortedSetBits32 (sfi = 000000B43CDD5301)> for optimization to TURBOFAN_JS, ConcurrencyMode::kConcurrent, reason: hot and stable]
[marking 0x00b43cde3c59 <JSFunction connect4RbaCofactorBasis (sfi = 000000B43CDD42F9)> for optimization to TURBOFAN_JS, ConcurrencyMode::kConcurrent, reason: hot and stable]
[marking 0x00b43cde3d19 <JSFunction connect4RbaCofactorKnownHeight (sfi = 000000B43CDD43D1)> for optimization to TURBOFAN_JS, ConcurrencyMode::kConcurrent, reason: hot and stable]
[marking 0x028bddca7201 <JSFunction connect4RbaCofactorBasis (sfi = 0000028BDDC97849)> for optimization to TURBOFAN_JS, ConcurrencyMode::kConcurrent, reason: hot and stable]
[marking 0x028bddca72c1 <JSFunction connect4RbaCofactorKnownHeight (sfi = 0000028BDDC97921)> for optimization to TURBOFAN_JS, ConcurrencyMode::kConcurrent, reason: hot and stable]
[marking 0x00b43cde3959 <JSFunction emitSortedSetBits32 (sfi = 000000B43CDD5301)> for optimization to TURBOFAN_JS, ConcurrencyMode::kConcurrent, reason: hot and stable]
[marking [marking 0x00b43cde3959 0x031411093569<JSFunction emitSortedSetBits32 (sfi = 000000B43CDD5301)>  for optimization to TURBOFAN_JS, ConcurrencyMode::kConcurrent, reason: hot and stable]
<JSFunction mixSpan32Locator32 (sfi = 0000034CC2B7D3D9)> for optimization to TURBOFAN_JS, ConcurrencyMode::kConcurrent, reason: hot and stable]
[marking 0x00b43cde3d19 <JSFunction connect4RbaCofactorKnownHeight (sfi = 000000B43CDD43D1)> for optimization to TURBOFAN_JS, ConcurrencyMode::kConcurrent, reason: hot and stable]
[marking 0x02bb47c265d9 <JSFunction connect4RbaCofactorBasis (sfi = 000002BB47C16B11)> for optimization to TURBOFAN_JS, ConcurrencyMode::kConcurrent, reason: hot and stable]
[marking 0x00e216ee7911 <JSFunction publishSpan32 (sfi = 000000E216ED1CC9)> for optimization to TURBOFAN_JS, ConcurrencyMode::kConcurrent, reason: hot and stable]
[marking 0x028bddca72c1 <JSFunction connect4RbaCofactorKnownHeight (sfi = 0000028BDDC97921)> for optimization to TURBOFAN_JS, ConcurrencyMode::kConcurrent, reason: hot and stable]
[marking 0x00b94a4e9e01 <JSFunction publishSpan32 (sfi = 000000B94A4D41E1)> for optimization to TURBOFAN_JS, ConcurrencyMode::kConcurrent, reason: hot and stable]
[marking 0x00b43cde3959 <JSFunction emitSortedSetBits32 (sfi = 000000B43CDD5301)> for optimization to TURBOFAN_JS, ConcurrencyMode::kConcurrent, reason: hot and stable]
[marking 0x00b43cde3c59 <JSFunction connect4RbaCofactorBasis (sfi = 000000B43CDD42F9)> for optimization to TURBOFAN_JS, ConcurrencyMode::kConcurrent, reason: hot and stable]
[marking 0x00b43cde3d19 <JSFunction connect4RbaCofactorKnownHeight (sfi = 000000B43CDD43D1)> for optimization to TURBOFAN_JS, ConcurrencyMode::kConcurrent, reason: hot and stable]
[marking 0x00b43cde3959 <JSFunction emitSortedSetBits32 (sfi = 000000B43CDD5301)> for optimization to TURBOFAN_JS, ConcurrencyMode::kConcurrent, reason: hot and stable]
[marking 0x028bddca7201 <JSFunction connect4RbaCofactorBasis (sfi = 0000028BDDC97849)> for optimization to TURBOFAN_JS, ConcurrencyMode::kConcurrent, reason: hot and stable]
[marking 0x028bddca72c1 <JSFunction connect4RbaCofactorKnownHeight (sfi = 0000028BDDC97921)> for optimization to TURBOFAN_JS, ConcurrencyMode::kConcurrent, reason: hot and stable]
[marking 0x031411093529 <JSFunction publishSpan32 (sfi = 0000034CC2B7D391)> for optimization to TURBOFAN_JS, ConcurrencyMode::kConcurrent, reason: hot and stable]
[marking 0x02bb47c265d9 <JSFunction connect4RbaCofactorBasis (sfi = 000002BB47C16B11)> for optimization to TURBOFAN_JS, ConcurrencyMode::kConcurrent, reason: hot and stable]
[marking 0x00b43cde3959 <JSFunction emitSortedSetBits32 (sfi = 000000B43CDD5301)> for optimization to TURBOFAN_JS, ConcurrencyMode::kConcurrent, reason: hot and stable]
[marking 0x031411093569 <JSFunction mixSpan32Locator32 (sfi = 0000034CC2B7D3D9)> for optimization to TURBOFAN_JS, ConcurrencyMode::kConcurrent, reason: hot and stable]
[marking 0x00b43cde3d19 <JSFunction connect4RbaCofactorKnownHeight (sfi = 000000B43CDD43D1)> for optimization to TURBOFAN_JS, ConcurrencyMode::kConcurrent, reason: hot and stable]
[marking 0x028bddca72c1 <JSFunction connect4RbaCofactorKnownHeight (sfi = 0000028BDDC97921)> for optimization to TURBOFAN_JS, ConcurrencyMode::kConcurrent, reason: hot and stable]
[marking 0x00b43cde3c59 <JSFunction connect4RbaCofactorBasis (sfi = 000000B43CDD42F9)> for optimization to TURBOFAN_JS, ConcurrencyMode::kConcurrent, reason: hot and stable]
[marking 0x00b43cde3959 <JSFunction emitSortedSetBits32 (sfi = 000000B43CDD5301)> for optimization to TURBOFAN_JS, ConcurrencyMode::kConcurrent, reason: hot and stable]
[marking 0x028bddca7201 <JSFunction connect4RbaCofactorBasis (sfi = 0000028BDDC97849)> for optimization to TURBOFAN_JS, ConcurrencyMode::kConcurrent, reason: hot and stable]
[marking 0x00e216ee7911 <JSFunction publishSpan32 (sfi = 000000E216ED1CC9)> for optimization to TURBOFAN_JS, ConcurrencyMode::kConcurrent, reason: hot and stable]
[marking 0x00b94a4e9e01 <JSFunction publishSpan32 (sfi = 000000B94A4D41E1)> for optimization to TURBOFAN_JS, ConcurrencyMode::kConcurrent, reason: hot and stable]
[marking 0x00b43cde3d19 <JSFunction connect4RbaCofactorKnownHeight (sfi = 000000B43CDD43D1)> for optimization to TURBOFAN_JS, ConcurrencyMode::kConcurrent, reason: hot and stable]
[marking 0x028bddca72c1 <JSFunction connect4RbaCofactorKnownHeight (sfi = 0000028BDDC97921)> for optimization to TURBOFAN_JS, ConcurrencyMode::kConcurrent, reason: hot and stable]
[marking 0x00b43cde3959 <JSFunction emitSortedSetBits32 (sfi = 000000B43CDD5301)> for optimization to TURBOFAN_JS, ConcurrencyMode::kConcurrent, reason: hot and stable]
[completed compiling 0x00b94a4eae89 <JSFunction connect4RbaCanonicalize (sfi = 000000B94A4DB501)> (target MAGLEV) - took 0.001, 1.823, 0.009 ms]
[marking 0x02bb47c265d9 <JSFunction connect4RbaCofactorBasis (sfi = 000002BB47C16B11)> for optimization to TURBOFAN_JS, ConcurrencyMode::kConcurrent, reason: hot and stable]
[marking 0x031411093569 <JSFunction mixSpan32Locator32 (sfi = 0000034CC2B7D3D9)> for optimization to TURBOFAN_JS, ConcurrencyMode::kConcurrent, reason: hot and stable]
[marking 0x00b43cde3959 <JSFunction emitSortedSetBits32 (sfi = 000000B43CDD5301)> for optimization to TURBOFAN_JS, ConcurrencyMode::kConcurrent, reason: hot and stable]
[marking 0x00b43cde3d19 <JSFunction connect4RbaCofactorKnownHeight (sfi = 000000B43CDD43D1)> for optimization to TURBOFAN_JS, ConcurrencyMode::kConcurrent, reason: hot and stable]
[marking 0x028bddca72c1 <JSFunction connect4RbaCofactorKnownHeight (sfi = 0000028BDDC97921)> for optimization to TURBOFAN_JS, ConcurrencyMode::kConcurrent, reason: hot and stable]
[completed compiling 0x02478d99de41 <JSFunction compareReflectedSupport (sfi = 000000B94A4DB549)> (target MAGLEV) - took 0.000, 0.177, 0.002 ms]
[marking 0x00b43cde3c59 <JSFunction connect4RbaCofactorBasis (sfi = 000000B43CDD42F9)> for optimization to TURBOFAN_JS, ConcurrencyMode::kConcurrent, reason: hot and stable]
[marking 0x028bddca7201 <JSFunction connect4RbaCofactorBasis (sfi = 0000028BDDC97849)> for optimization to TURBOFAN_JS, ConcurrencyMode::kConcurrent, reason: hot and stable]
[marking 0x00b43cde3959 <JSFunction emitSortedSetBits32 (sfi = 000000B43CDD5301)> for optimization to TURBOFAN_JS, ConcurrencyMode::kConcurrent, reason: hot and stable]
[marking 0x031411093529 [marking <JSFunction publishSpan32 (sfi = 0000034CC2B7D391)>0x00b43cde3d19  for optimization to TURBOFAN_JS, ConcurrencyMode::kConcurrent, reason: hot and stable]
<JSFunction connect4RbaCofactorKnownHeight (sfi = 000000B43CDD43D1)> for optimization to TURBOFAN_JS, ConcurrencyMode::kConcurrent, reason: hot and stable]
[marking 0x028bddca72c1 <JSFunction connect4RbaCofactorKnownHeight (sfi = 0000028BDDC97921)> for optimization to TURBOFAN_JS, ConcurrencyMode::kConcurrent, reason: hot and stable]
[marking 0x02bb47c265d9 <JSFunction connect4RbaCofactorBasis (sfi = 000002BB47C16B11)> for optimization to TURBOFAN_JS, ConcurrencyMode::kConcurrent, reason: hot and stable]
[marking 0x00b43cde3959 <JSFunction emitSortedSetBits32 (sfi = 000000B43CDD5301)> for optimization to TURBOFAN_JS, ConcurrencyMode::kConcurrent, reason: hot and stable]
[marking 0x00b94a4e9e01 <JSFunction publishSpan32 (sfi = 000000B94A4D41E1)> for optimization to TURBOFAN_JS, ConcurrencyMode::kConcurrent, reason: hot and stable]
[marking 0x00b43cde3d19 <JSFunction connect4RbaCofactorKnownHeight (sfi = 000000B43CDD43D1)> for optimization to TURBOFAN_JS, ConcurrencyMode::kConcurrent, reason: hot and stable]
[marking [marking 0x00e216ee7911 0x02bb47c25651 <JSFunction publishSpan32 (sfi = 000000E216ED1CC9)> for optimization to TURBOFAN_JS, ConcurrencyMode::kConcurrent, reason: hot and stable]
<JSFunction publishSpan32 (sfi = 000002BB47C0F929)> for optimization to TURBOFAN_JS, ConcurrencyMode::kConcurrent, reason: hot and stable]
[completed compiling 0x02478d99e511 <JSFunction probeConnect4RbaExactCacheSlot32Frontier (sfi = 000000B94A4CF1E9)> (target MAGLEV) - took 0.000, 0.336, 0.004 ms]
[marking 0x031411093569 [marking <JSFunction mixSpan32Locator32 (sfi = 0000034CC2B7D3D9)>0x00b43cde2cd1 for optimization to TURBOFAN_JS, ConcurrencyMode::kConcurrent, reason: hot and stable ]
<JSFunction publishSpan32 (sfi = 000000B43CDCD111)> for optimization to TURBOFAN_JS, ConcurrencyMode::kConcurrent, reason: hot and stable]
[marking 0x028bddca72c1 <JSFunction connect4RbaCofactorKnownHeight (sfi = 0000028BDDC97921)> for optimization to TURBOFAN_JS, ConcurrencyMode::kConcurrent, reason: hot and stable]
[marking 0x00b43cde3c59 <JSFunction connect4RbaCofactorBasis (sfi = 000000B43CDD42F9)> for optimization to TURBOFAN_JS, ConcurrencyMode::kConcurrent, reason: hot and stable]
[marking 0x028bddca7201 <JSFunction connect4RbaCofactorBasis (sfi = 0000028BDDC97849)> for optimization to TURBOFAN_JS, ConcurrencyMode::kConcurrent, reason: hot and stable]
[marking 0x00b43cde3959 <JSFunction emitSortedSetBits32 (sfi = 000000B43CDD5301)> for optimization to TURBOFAN_JS, ConcurrencyMode::kConcurrent, reason: hot and stable]
[marking 0x028bddca72c1 <JSFunction connect4RbaCofactorKnownHeight (sfi = 0000028BDDC97921)> for optimization to TURBOFAN_JS, ConcurrencyMode::kConcurrent, reason: hot and stable]
[marking 0x00b43cde3d19 <JSFunction connect4RbaCofactorKnownHeight (sfi = 000000B43CDD43D1)> for optimization to TURBOFAN_JS, ConcurrencyMode::kConcurrent, reason: hot and stable]
[marking 0x02bb47c265d9 <JSFunction connect4RbaCofactorBasis (sfi = 000002BB47C16B11)> for optimization to TURBOFAN_JS, ConcurrencyMode::kConcurrent, reason: hot and stable]
[marking 0x00b43cde3959 <JSFunction emitSortedSetBits32 (sfi = 000000B43CDD5301)> for optimization to TURBOFAN_JS, ConcurrencyMode::kConcurrent, reason: hot and stable]
[marking 0x03d6dff6e639 <JSFunction completeRootFrontierNode32 (sfi = 000003D6DFF553A1)> for optimization to MAGLEV, ConcurrencyMode::kConcurrent, reason: hot and stable]
[marking 0x028bddca72c1 <JSFunction connect4RbaCofactorKnownHeight (sfi = 0000028BDDC97921)> for optimization to TURBOFAN_JS, ConcurrencyMode::kConcurrent, reason: hot and stable]
[marking 0x00b94a4e9e01 <JSFunction publishSpan32 (sfi = 000000B94A4D41E1)> for optimization to TURBOFAN_JS, ConcurrencyMode::kConcurrent, reason: hot and stable]
[marking 0x031411093569 <JSFunction mixSpan32Locator32 (sfi = 0000034CC2B7D3D9)> for optimization to TURBOFAN_JS, ConcurrencyMode::kConcurrent, reason: hot and stable]
[compiling method 0x03d6dff6e639 <JSFunction completeRootFrontierNode32 (sfi = 000003D6DFF553A1)> (target MAGLEV), mode: ConcurrencyMode::kConcurrent]
[marking 0x00b43cde3959 <JSFunction emitSortedSetBits32 (sfi = 000000B43CDD5301)> for optimization to TURBOFAN_JS, ConcurrencyMode::kConcurrent, reason: hot and stable]
[marking 0x028bddca7201 <JSFunction connect4RbaCofactorBasis (sfi = 0000028BDDC97849)> for optimization to TURBOFAN_JS, ConcurrencyMode::kConcurrent, reason: hot and stable]
[bailout (kind: deopt-eager, reason: Insufficient type feedback for generic keyed access): begin. deoptimizing 0x02bb47c270f9 <JSFunction evaluateConnect4CpcNonterminal32 (sfi = 000002BB47C19C49)>, 0x039e88ed6ee9 <Code MAGLEV>, opt id 42, bytecode offset 325, deopt exit 61, FP to SP delta 192, caller SP 0x00150d1f95e8, pc 0x0206fe068779]
[marking 0x00b43cde3d19 <JSFunction connect4RbaCofactorKnownHeight (sfi = 000000B43CDD43D1)> for optimization to TURBOFAN_JS, ConcurrencyMode::kConcurrent, reason: hot and stable]
[marking 0x028bddca72c1 <JSFunction connect4RbaCofactorKnownHeight (sfi = 0000028BDDC97921)> for optimization to TURBOFAN_JS, ConcurrencyMode::kConcurrent, reason: hot and stable]
[marking 0x00e216ee7911 <JSFunction publishSpan32 (sfi = 000000E216ED1CC9)> for optimization to TURBOFAN_JS, ConcurrencyMode::kConcurrent, reason: hot and stable]
[marking 0x00b43cde3c59 <JSFunction connect4RbaCofactorBasis (sfi = 000000B43CDD42F9)> for optimization to TURBOFAN_JS, ConcurrencyMode::kConcurrent, reason: hot and stable]
[marking 0x00b43cde3959 <JSFunction emitSortedSetBits32 (sfi = 000000B43CDD5301)> for optimization to TURBOFAN_JS, ConcurrencyMode::kConcurrent, reason: hot and stable]
[marking 0x031411093529 <JSFunction publishSpan32 (sfi = 0000034CC2B7D391)> for optimization to TURBOFAN_JS, ConcurrencyMode::kConcurrent, reason: hot and stable]
[bailout (kind: deopt-eager, reason: Insufficient type feedback for binary operation): begin. deoptimizing 0x01b422c63291 <JSFunction pairedResponseNoWin (sfi = 000002BB47C19DF9)>, 0x039e88ed7ce1 <Code MAGLEV>, opt id 44, bytecode offset 171, deopt exit 32, FP to SP delta 160, caller SP 0x00150d1f8e00, pc 0x0206fe069822]
[marking 0x0185284cc779 <JSFunction permutePair3 (sfi = 0000031411080769)> for optimization to TURBOFAN_JS, ConcurrencyMode::kConcurrent, reason: hot and stable]
[marking 0x028bddca72c1 <JSFunction connect4RbaCofactorKnownHeight (sfi = 0000028BDDC97921)> for optimization to TURBOFAN_JS, ConcurrencyMode::kConcurrent, reason: hot and stable]
[marking 0x00b43cde3d19 <JSFunction connect4RbaCofactorKnownHeight (sfi = 000000B43CDD43D1)> for optimization to TURBOFAN_JS, ConcurrencyMode::kConcurrent, reason: hot and stable]
[marking 0x00b43cde3959 <JSFunction emitSortedSetBits32 (sfi = 000000B43CDD5301)> for optimization to TURBOFAN_JS, ConcurrencyMode::kConcurrent, reason: hot and stable]
[marking 0x028bddca7201 <JSFunction connect4RbaCofactorBasis (sfi = 0000028BDDC97849)> for optimization to TURBOFAN_JS, ConcurrencyMode::kConcurrent, reason: hot and stable]
[marking 0x02bb47c265d9 <JSFunction connect4RbaCofactorBasis (sfi = 000002BB47C16B11)> for optimization to TURBOFAN_JS, ConcurrencyMode::kConcurrent, reason: hot and stable]
[marking 0x031411093569 <JSFunction mixSpan32Locator32 (sfi = 0000034CC2B7D3D9)> for optimization to TURBOFAN_JS, ConcurrencyMode::kConcurrent, reason: hot and stable]
[marking 0x00b43cde3959 <JSFunction emitSortedSetBits32 (sfi = 000000B43CDD5301)> for optimization to TURBOFAN_JS, ConcurrencyMode::kConcurrent, reason: hot and stable]
[marking 0x028bddca72c1 <JSFunction connect4RbaCofactorKnownHeight (sfi = 0000028BDDC97921)> for optimization to TURBOFAN_JS, ConcurrencyMode::kConcurrent, reason: hot and stable]
[marking 0x00b43cde3d19 <JSFunction connect4RbaCofactorKnownHeight (sfi = 000000B43CDD43D1)> for optimization to TURBOFAN_JS, ConcurrencyMode::kConcurrent, reason: hot and stable]
[marking 0x00b43cde3c59 <JSFunction connect4RbaCofactorBasis (sfi = 000000B43CDD42F9)> for optimization to TURBOFAN_JS, ConcurrencyMode::kConcurrent, reason: hot and stable]
[marking 0x028bddca6279 <JSFunction publishSpan32 (sfi = 0000028BDDC90661)> for optimization to TURBOFAN_JS, ConcurrencyMode::kConcurrent, reason: hot and stable]
[marking 0x00b43cde3959 <JSFunction emitSortedSetBits32 (sfi = 000000B43CDD5301)> for optimization to TURBOFAN_JS, ConcurrencyMode::kConcurrent, reason: hot and stable]
[marking 0x028bddca72c1 <JSFunction connect4RbaCofactorKnownHeight (sfi = 0000028BDDC97921)> for optimization to TURBOFAN_JS, ConcurrencyMode::kConcurrent, reason: hot and stable]
[marking 0x02bb47c265d9 <JSFunction connect4RbaCofactorBasis (sfi = 000002BB47C16B11)> for optimization to TURBOFAN_JS, ConcurrencyMode::kConcurrent, reason: hot and stable]
[marking 0x028bddca7201 <JSFunction connect4RbaCofactorBasis (sfi = 0000028BDDC97849)> for optimization to TURBOFAN_JS, ConcurrencyMode::kConcurrent, reason: hot and stable]
[marking 0x00b43cde3959 <JSFunction emitSortedSetBits32 (sfi = 000000B43CDD5301)> for optimization to TURBOFAN_JS, ConcurrencyMode::kConcurrent, reason: hot and stable]
[marking 0x00b43cde3d19 <JSFunction connect4RbaCofactorKnownHeight (sfi = 000000B43CDD43D1)> for optimization to TURBOFAN_JS, ConcurrencyMode::kConcurrent, reason: hot and stable]
[marking 0x031411093529 <JSFunction publishSpan32 (sfi = 0000034CC2B7D391)> for optimization to TURBOFAN_JS, ConcurrencyMode::kConcurrent, reason: hot and stable]
[marking 0x031411093569 <JSFunction mixSpan32Locator32 (sfi = 0000034CC2B7D3D9)> for optimization to TURBOFAN_JS, ConcurrencyMode::kConcurrent, reason: hot and stable]
[marking 0x00b43cde3959 <JSFunction emitSortedSetBits32 (sfi = 000000B43CDD5301)> for optimization to TURBOFAN_JS, ConcurrencyMode::kConcurrent, reason: hot and stable]
[marking 0x028bddca72c1 <JSFunction connect4RbaCofactorKnownHeight (sfi = 0000028BDDC97921)> for optimization to TURBOFAN_JS, ConcurrencyMode::kConcurrent, reason: hot and stable]
[marking 0x00b43cde3c59 <JSFunction connect4RbaCofactorBasis (sfi = 000000B43CDD42F9)> for optimization to TURBOFAN_JS, ConcurrencyMode::kConcurrent, reason: hot and stable]
[marking 0x00b43cde3d19 <JSFunction connect4RbaCofactorKnownHeight (sfi = 000000B43CDD43D1)> for optimization to TURBOFAN_JS, ConcurrencyMode::kConcurrent, reason: hot and stable]
[marking 0x00b94a4e9e01 <JSFunction publishSpan32 (sfi = 000000B94A4D41E1)> for optimization to TURBOFAN_JS, ConcurrencyMode::kConcurrent, reason: hot and stable]
[marking 0x0185284cc779 <JSFunction permutePair3 (sfi = 0000031411080769)> for optimization to TURBOFAN_JS, ConcurrencyMode::kConcurrent, reason: hot and stable]
[marking 0x00b43cde3959 <JSFunction emitSortedSetBits32 (sfi = 000000B43CDD5301)> for optimization to TURBOFAN_JS, ConcurrencyMode::kConcurrent, reason: hot and stable]
[marking 0x02bb47c265d9 <JSFunction connect4RbaCofactorBasis (sfi = 000002BB47C16B11)> for optimization to TURBOFAN_JS, ConcurrencyMode::kConcurrent, reason: hot and stable]
[marking 0x00e216ee7911 <JSFunction publishSpan32 (sfi = 000000E216ED1CC9)>[marking  for optimization to TURBOFAN_JS, ConcurrencyMode::kConcurrent, reason: hot and stable]
0x028bddca72c1 <JSFunction connect4RbaCofactorKnownHeight (sfi = 0000028BDDC97921)> for optimization to TURBOFAN_JS, ConcurrencyMode::kConcurrent, reason: hot and stable]
[marking 0x00b43cde3d19 <JSFunction connect4RbaCofactorKnownHeight (sfi = 000000B43CDD43D1)> for optimization to TURBOFAN_JS, ConcurrencyMode::kConcurrent, reason: hot and stable]
[marking 0x031411093569 <JSFunction mixSpan32Locator32 (sfi = 0000034CC2B7D3D9)> for optimization to TURBOFAN_JS, ConcurrencyMode::kConcurrent, reason: hot and stable]
[marking 0x00b43cde3959 <JSFunction emitSortedSetBits32 (sfi = 000000B43CDD5301)> for optimization to TURBOFAN_JS, ConcurrencyMode::kConcurrent, reason: hot and stable]
[marking 0x028bddca7201 <JSFunction connect4RbaCofactorBasis (sfi = 0000028BDDC97849)> for optimization to TURBOFAN_JS, ConcurrencyMode::kConcurrent, reason: hot and stable]
[marking 0x00b43cde3c59 <JSFunction connect4RbaCofactorBasis (sfi = 000000B43CDD42F9)> for optimization to TURBOFAN_JS, ConcurrencyMode::kConcurrent, reason: hot and stable]
[marking 0x00b43cde3959 <JSFunction emitSortedSetBits32 (sfi = 000000B43CDD5301)> for optimization to TURBOFAN_JS, ConcurrencyMode::kConcurrent, reason: hot and stable]
[marking 0x028bddca72c1 <JSFunction connect4RbaCofactorKnownHeight (sfi = 0000028BDDC97921)> for optimization to TURBOFAN_JS, ConcurrencyMode::kConcurrent, reason: hot and stable]
[marking 0x02bb47c265d9 <JSFunction connect4RbaCofactorBasis (sfi = 000002BB47C16B11)> for optimization to TURBOFAN_JS, ConcurrencyMode::kConcurrent, reason: hot and stable]
[marking 0x00b43cde3d19 <JSFunction connect4RbaCofactorKnownHeight (sfi = 000000B43CDD43D1)> for optimization to TURBOFAN_JS, ConcurrencyMode::kConcurrent, reason: hot and stable]
[marking 0x031411093529 <JSFunction publishSpan32 (sfi = 0000034CC2B7D391)> for optimization to TURBOFAN_JS, ConcurrencyMode::kConcurrent, reason: hot and stable]
[marking 0x00b43cde3959 <JSFunction emitSortedSetBits32 (sfi = 000000B43CDD5301)> for optimization to TURBOFAN_JS, ConcurrencyMode::kConcurrent, reason: hot and stable]
[marking 0x031411093569 <JSFunction mixSpan32Locator32 (sfi = 0000034CC2B7D3D9)> for optimization to TURBOFAN_JS, ConcurrencyMode::kConcurrent, reason: hot and stable]
[marking 0x00b43cde3959 <JSFunction emitSortedSetBits32 (sfi = 000000B43CDD5301)> for optimization to TURBOFAN_JS, ConcurrencyMode::kConcurrent, reason: hot and stable[marking ]
0x02bb47c25651 <JSFunction publishSpan32 (sfi = 000002BB47C0F929)> for optimization to TURBOFAN_JS, ConcurrencyMode::kConcurrent, reason: hot and stable]
[marking 0x00b43cde3d19 <JSFunction connect4RbaCofactorKnownHeight (sfi = 000000B43CDD43D1)> for optimization to TURBOFAN_JS, ConcurrencyMode::kConcurrent, reason: hot and stable]
[marking 0x00e216ee7911 <JSFunction publishSpan32 (sfi = 000000E216ED1CC9)> for optimization to TURBOFAN_JS, ConcurrencyMode::kConcurrent, reason: hot and stable]
[marking 0x028bddca72c1 <JSFunction connect4RbaCofactorKnownHeight (sfi = 0000028BDDC97921)> for optimization to TURBOFAN_JS, ConcurrencyMode::kConcurrent, reason: hot and stable]
[marking 0x00b94a4e9e01 <JSFunction publishSpan32 (sfi = 000000B94A4D41E1)> for optimization to TURBOFAN_JS, ConcurrencyMode::kConcurrent, reason: hot and stable]
[marking 0x00b43cde3c59 <JSFunction connect4RbaCofactorBasis (sfi = 000000B43CDD42F9)> for optimization to TURBOFAN_JS, ConcurrencyMode::kConcurrent, reason: hot and stable]
[marking 0x00b43cde3959 <JSFunction emitSortedSetBits32 (sfi = 000000B43CDD5301)> for optimization to TURBOFAN_JS, ConcurrencyMode::kConcurrent, reason: hot and stable]
[marking 0x028bddca7201 <JSFunction connect4RbaCofactorBasis (sfi = 0000028BDDC97849)> for optimization to TURBOFAN_JS, ConcurrencyMode::kConcurrent, reason: hot and stable]
[marking 0x02bb47c265d9 <JSFunction connect4RbaCofactorBasis (sfi = 000002BB47C16B11)> for optimization to TURBOFAN_JS, ConcurrencyMode::kConcurrent, reason: hot and stable]
[marking 0x028bddca72c1 <JSFunction connect4RbaCofactorKnownHeight (sfi = 0000028BDDC97921)> for optimization to TURBOFAN_JS, ConcurrencyMode::kConcurrent, reason: hot and stable]
[marking 0x028bddca6279 <JSFunction publishSpan32 (sfi = 0000028BDDC90661)> for optimization to TURBOFAN_JS, ConcurrencyMode::kConcurrent, reason: hot and stable]
[marking 0x00b43cde3959 <JSFunction emitSortedSetBits32 (sfi = 000000B43CDD5301)> for optimization to TURBOFAN_JS, ConcurrencyMode::kConcurrent, reason: hot and stable]
[marking 0x00b43cde3d19 <JSFunction connect4RbaCofactorKnownHeight (sfi = 000000B43CDD43D1)> for optimization to TURBOFAN_JS, ConcurrencyMode::kConcurrent, reason: hot and stable]
[marking 0x031411093569 <JSFunction mixSpan32Locator32 (sfi = 0000034CC2B7D3D9)> for optimization to TURBOFAN_JS, ConcurrencyMode::kConcurrent, reason: hot and stable]
[completed compiling 0x021c183c2771 <JSFunction searchCpcOnlyFrontier (sfi = 000000B94A4CF351)> (target MAGLEV) - took 0.000, 2.749, 0.029 ms]
[marking [marking 0x028bddca72c1 0x00b43cde3959 <JSFunction connect4RbaCofactorKnownHeight (sfi = 0000028BDDC97921)> for optimization to TURBOFAN_JS, ConcurrencyMode::kConcurrent, reason: hot and stable]
<JSFunction emitSortedSetBits32 (sfi = 000000B43CDD5301)> for optimization to TURBOFAN_JS, ConcurrencyMode::kConcurrent, reason: hot and stable]
[completed compiling 0x02478d99e5d1 <JSFunction absToRelativeFrontier (sfi = 000000B94A4CF2C1)> (target MAGLEV) - took 0.000, 0.083, 0.001 ms]
[marking [marking 0x00b43cde2cd1 0x00e216ee7911<JSFunction publishSpan32 (sfi = 000000B43CDCD111)>  for optimization to TURBOFAN_JS, ConcurrencyMode::kConcurrent, reason: hot and stable]
<JSFunction publishSpan32 (sfi = 000000E216ED1CC9)> for optimization to TURBOFAN_JS, ConcurrencyMode::kConcurrent, reason: hot and stable]
[marking 0x00b43cde3c59 <JSFunction connect4RbaCofactorBasis (sfi = 000000B43CDD42F9)> for optimization to TURBOFAN_JS, ConcurrencyMode::kConcurrent, reason: hot and stable]
[marking 0x00b43cde3d19 <JSFunction connect4RbaCofactorKnownHeight (sfi = 000000B43CDD43D1)> for optimization to TURBOFAN_JS, ConcurrencyMode::kConcurrent, reason: hot and stable[marking ]
0x028bddca7201 <JSFunction connect4RbaCofactorBasis (sfi = 0000028BDDC97849)> for optimization to TURBOFAN_JS, ConcurrencyMode::kConcurrent, reason: hot and stable]
[marking [marking 0x00b43cde3959 0x00b94a4e9e01 <JSFunction emitSortedSetBits32 (sfi = 000000B43CDD5301)> for optimization to TURBOFAN_JS, ConcurrencyMode::kConcurrent, reason: hot and stable]
<JSFunction publishSpan32 (sfi = 000000B94A4D41E1)> for optimization to TURBOFAN_JS, ConcurrencyMode::kConcurrent, reason: hot and stable]
[marking 0x028bddca72c1 <JSFunction connect4RbaCofactorKnownHeight (sfi = 0000028BDDC97921)> for optimization to TURBOFAN_JS, ConcurrencyMode::kConcurrent, reason: hot and stable]
[marking [marking 0x031411093569 0x02bb47c265d9 <JSFunction mixSpan32Locator32 (sfi = 0000034CC2B7D3D9)> for optimization to TURBOFAN_JS, ConcurrencyMode::kConcurrent, reason: hot and stable<JSFunction connect4RbaCofactorBasis (sfi = 000002BB47C16B11)>]
 for optimization to TURBOFAN_JS, ConcurrencyMode::kConcurrent, reason: hot and stable]
[marking 0x0185284cc779 <JSFunction permutePair3 (sfi = 0000031411080769)> for optimization to TURBOFAN_JS, ConcurrencyMode::kConcurrent, reason: hot and stable]
[marking 0x00b43cde3959 <JSFunction emitSortedSetBits32 (sfi = 000000B43CDD5301)> for optimization to TURBOFAN_JS, ConcurrencyMode::kConcurrent, reason: hot and stable]
[marking 0x028bddca72c1 <JSFunction connect4RbaCofactorKnownHeight (sfi = 0000028BDDC97921)> for optimization to TURBOFAN_JS, ConcurrencyMode::kConcurrent, reason: hot and stable]
[marking 0x00b43cde3d19 <JSFunction connect4RbaCofactorKnownHeight (sfi = 000000B43CDD43D1)> for optimization to TURBOFAN_JS, ConcurrencyMode::kConcurrent, reason: hot and stable]
[marking 0x028bddca72c1 <JSFunction connect4RbaCofactorKnownHeight (sfi = 0000028BDDC97921)> for optimization to TURBOFAN_JS, ConcurrencyMode::kConcurrent, reason: hot and stable]
[marking 0x00b43cde3959 <JSFunction emitSortedSetBits32 (sfi = 000000B43CDD5301)> for optimization to TURBOFAN_JS, ConcurrencyMode::kConcurrent, reason: hot and stable]
[marking 0x028bddca7201 <JSFunction connect4RbaCofactorBasis (sfi = 0000028BDDC97849)> for optimization to TURBOFAN_JS, ConcurrencyMode::kConcurrent, reason: hot and stable]
[completed compiling 0x00b94a4ed409 <JSFunction probeConnect4RbaSharedExactCache32 (sfi = 000000B94A4E7639)> (target MAGLEV) - took 0.000, 0.452, 0.008 ms]
[marking 0x00e216ee7911 <JSFunction publishSpan32 (sfi = 000000E216ED1CC9)> for optimization to TURBOFAN_JS, ConcurrencyMode::kConcurrent, reason: hot and stable]
[marking 0x031f01987911 <JSFunction relativeToAbsFrontier (sfi = 000003D6DFF53E11)> for optimization to MAGLEV, ConcurrencyMode::kConcurrent, reason: hot and stable[marking ]
0x031411093529 <JSFunction publishSpan32 (sfi = 0000034CC2B7D391)> for optimization to TURBOFAN_JS, ConcurrencyMode::kConcurrent, reason: hot and stable]
[marking 0x028bddca72c1 [marking <JSFunction connect4RbaCofactorKnownHeight (sfi = 0000028BDDC97921)> for optimization to TURBOFAN_JS, ConcurrencyMode::kConcurrent, reason: hot and stable]
0x00b43cde3c59 <JSFunction connect4RbaCofactorBasis (sfi = 000000B43CDD42F9)> for optimization to TURBOFAN_JS, ConcurrencyMode::kConcurrent, reason: hot and stable]
[compiling method 0x031f01987911 <JSFunction relativeToAbsFrontier (sfi = 000003D6DFF53E11)> (target MAGLEV), mode: ConcurrencyMode::kConcurrent]
[marking 0x00b43cde3959 <JSFunction emitSortedSetBits32 (sfi = 000000B43CDD5301)> for optimization to TURBOFAN_JS, ConcurrencyMode::kConcurrent, reason: hot and stable]
[completed compiling 0x02478d99e551 <JSFunction storeConnect4RbaExactCacheSlot32Frontier (sfi = 000000B94A4CF231)> (target MAGLEV) - took 0.000, 0.217, 0.008 ms[marking [marking ]
0x0314110935690x02bb47c265d9  <JSFunction mixSpan32Locator32 (sfi = 0000034CC2B7D3D9)> for optimization to TURBOFAN_JS, ConcurrencyMode::kConcurrent, reason: hot and stable]
<JSFunction connect4RbaCofactorBasis (sfi = 000002BB47C16B11)>[marking  for optimization to TURBOFAN_JS, ConcurrencyMode::kConcurrent, reason: hot and stable0x00b43cde3d19]
 <JSFunction connect4RbaCofactorKnownHeight (sfi = 000000B43CDD43D1)> for optimization to TURBOFAN_JS, ConcurrencyMode::kConcurrent, reason: hot and stable]
[marking 0x00b43cde3959 <JSFunction emitSortedSetBits32 (sfi = 000000B43CDD5301)> for optimization to TURBOFAN_JS, ConcurrencyMode::kConcurrent, reason: hot and stable]
[marking 0x028bddca72c1 <JSFunction connect4RbaCofactorKnownHeight (sfi = 0000028BDDC97921)> for optimization to TURBOFAN_JS, ConcurrencyMode::kConcurrent, reason: hot and stable]
[marking 0x028bddca7201 <JSFunction connect4RbaCofactorBasis (sfi = 0000028BDDC97849)> for optimization to TURBOFAN_JS, ConcurrencyMode::kConcurrent, reason: hot and stable]
[marking 0x00b43cde3959 <JSFunction emitSortedSetBits32 (sfi = 000000B43CDD5301)> for optimization to TURBOFAN_JS, ConcurrencyMode::kConcurrent, reason: hot and stable]
[marking 0x028bddca72c1 <JSFunction connect4RbaCofactorKnownHeight (sfi = 0000028BDDC97921)> for optimization to TURBOFAN_JS, ConcurrencyMode::kConcurrent, reason: hot and stable]
[marking 0x00b43cde3d19 [marking 0x028bddca6279<JSFunction connect4RbaCofactorKnownHeight (sfi = 000000B43CDD43D1)>  for optimization to TURBOFAN_JS, ConcurrencyMode::kConcurrent, reason: hot and stable]
<JSFunction publishSpan32 (sfi = 0000028BDDC90661)> for optimization to TURBOFAN_JS, ConcurrencyMode::kConcurrent, reason: hot and stable]
[marking 0x00b43cde3c59 <JSFunction connect4RbaCofactorBasis (sfi = 000000B43CDD42F9)> for optimization to TURBOFAN_JS, ConcurrencyMode::kConcurrent, reason: hot and stable]
[marking 0x031411093569 <JSFunction mixSpan32Locator32 (sfi = 0000034CC2B7D3D9)> for optimization to TURBOFAN_JS, ConcurrencyMode::kConcurrent, reason: hot and stable]
[marking 0x00b43cde3959 <JSFunction emitSortedSetBits32 (sfi = 000000B43CDD5301)> for optimization to TURBOFAN_JS, ConcurrencyMode::kConcurrent, reason: hot and stable]
[marking 0x02bb47c265d9 <JSFunction connect4RbaCofactorBasis (sfi = 000002BB47C16B11)> for optimization to TURBOFAN_JS, ConcurrencyMode::kConcurrent, reason: hot and stable]
[marking 0x00b43cde3d19 <JSFunction connect4RbaCofactorKnownHeight (sfi = 000000B43CDD43D1)> for optimization to TURBOFAN_JS, ConcurrencyMode::kConcurrent, reason: hot and stable[marking ]
0x028bddca72c1 <JSFunction connect4RbaCofactorKnownHeight (sfi = 0000028BDDC97921)> for optimization to TURBOFAN_JS, ConcurrencyMode::kConcurrent, reason: hot and stable]
[marking 0x00e216ee7911 <JSFunction publishSpan32 (sfi = 000000E216ED1CC9)> for optimization to TURBOFAN_JS, ConcurrencyMode::kConcurrent, reason: hot and stable]
[compiling method 0x00e216ee7911 <JSFunction publishSpan32 (sfi = 000000E216ED1CC9)> (target TURBOFAN_JS), mode: ConcurrencyMode::kConcurrent]
[marking 0x028bddca7201 <JSFunction connect4RbaCofactorBasis (sfi = 0000028BDDC97849)> for optimization to TURBOFAN_JS, ConcurrencyMode::kConcurrent, reason: hot and stable]
[marking 0x00b43cde3959 [marking 0x028bddca72c1 <JSFunction connect4RbaCofactorKnownHeight (sfi = 0000028BDDC97921)> for optimization to TURBOFAN_JS, ConcurrencyMode::kConcurrent, reason: hot and stable]
[completed compiling 0x02bb47c26699 <JSFunction connect4RbaCofactorKnownHeight (sfi = 000002BB47C16BE9)> (target TURBOFAN_JS) - took 0.000, 14.629, 0.065 ms]
[completed optimizing 0x02bb47c26699 <JSFunction emitSortedSetBits32 (sfi = 000000B43CDD5301)><JSFunction connect4RbaCofactorKnownHeight (sfi = 000002BB47C16BE9)> (target TURBOFAN_JS)]
 for optimization to TURBOFAN_JS, ConcurrencyMode::kConcurrent, reason: hot and stable]
[marking 0x0185284cc779 <JSFunction permutePair3 (sfi = 0000031411080769)> for optimization to TURBOFAN_JS, ConcurrencyMode::kConcurrent, reason: hot and stable]
[marking 0x031411093529 <JSFunction publishSpan32 (sfi = 0000034CC2B7D391)> for optimization to TURBOFAN_JS, ConcurrencyMode::kConcurrent, reason: hot and stable]
[marking 0x028bddca72c1 <JSFunction connect4RbaCofactorKnownHeight (sfi = 0000028BDDC97921)> for optimization to TURBOFAN_JS, ConcurrencyMode::kConcurrent, reason: hot and stable]
[marking 0x02ca64698709 [marking 0x00b43cde3d19 <JSFunction connect4RbaCofactorKnownHeight (sfi = 000000B43CDD43D1)> for optimization to TURBOFAN_JS, ConcurrencyMode::kConcurrent, reason: hot and stable]
[marking 0x02bb47c25651 <JSFunction publishSpan32 (sfi = 000002BB47C0F929)> for optimization to TURBOFAN_JS, ConcurrencyMode::kConcurrent, reason: hot and stable]
[marking 0x031411093569 <JSFunction mixSpan32Locator32 (sfi = 0000034CC2B7D3D9)> for optimization to TURBOFAN_JS, ConcurrencyMode::kConcurrent, reason: hot and stable]
[marking 0x028bddca7201 <JSFunction connect4RbaCofactorBasis (sfi = 0000028BDDC97849)> for optimization to TURBOFAN_JS, ConcurrencyMode::kConcurrent, reason: hot and stable]
[marking 0x00b43cde3959 <JSFunction emitSortedSetBits32 (sfi = 000000B43CDD5301)> for optimization to TURBOFAN_JS, ConcurrencyMode::kConcurrent, reason: hot and stable]
[marking 0x028bddca72c1 <JSFunction connect4RbaCofactorKnownHeight (sfi = 0000028BDDC97921)> for optimization to TURBOFAN_JS, ConcurrencyMode::kConcurrent, reason: hot and stable]
[marking 0x00b43cde3c59 <JSFunction connect4RbaCofactorBasis (sfi = 000000B43CDD42F9)> for optimization to TURBOFAN_JS, ConcurrencyMode::kConcurrent, reason: hot and stable]
[marking 0x00b43cde3959 <JSFunction emitSortedSetBits32 (sfi = 000000B43CDD5301)> for optimization to TURBOFAN_JS, ConcurrencyMode::kConcurrent, reason: hot and stable]
[marking 0x00b43cde3d19 <JSFunction connect4RbaCofactorKnownHeight (sfi = 000000B43CDD43D1)> for optimization to TURBOFAN_JS, ConcurrencyMode::kConcurrent, reason: hot and stable]
[marking 0x028bddca72c1 <JSFunction connect4RbaCofactorKnownHeight (sfi = 0000028BDDC97921)> for optimization to TURBOFAN_JS, ConcurrencyMode::kConcurrent, reason: hot and stable]
[marking 0x031411093569 <JSFunction mixSpan32Locator32 (sfi = 0000034CC2B7D3D9)> for optimization to TURBOFAN_JS, ConcurrencyMode::kConcurrent, reason: hot and stable]
[marking 0x00b43cde3959 <JSFunction emitSortedSetBits32 (sfi = 000000B43CDD5301)> for optimization to TURBOFAN_JS, ConcurrencyMode::kConcurrent, reason: hot and stable]
[marking 0x00b94a4e9e01 <JSFunction publishSpan32 (sfi = 000000B94A4D41E1)> for optimization to TURBOFAN_JS, ConcurrencyMode::kConcurrent, reason: hot and stable]
[marking 0x00b43cde2cd1 <JSFunction publishSpan32 (sfi = 000000B43CDCD111)> for optimization to TURBOFAN_JS, ConcurrencyMode::kConcurrent, reason: hot and stable]
[marking 0x028bddca7201 <JSFunction connect4RbaCofactorBasis (sfi = 0000028BDDC97849)> for optimization to TURBOFAN_JS, ConcurrencyMode::kConcurrent, reason: hot and stable]
<JSFunction collectSingletonProfiles (sfi = 000000E216EDC139)> for optimization to TURBOFAN_JS, ConcurrencyMode::kConcurrent, reason: hot and stable]
[marking 0x00b43cde3d19 <JSFunction connect4RbaCofactorKnownHeight (sfi = 000000B43CDD43D1)> for optimization to TURBOFAN_JS, ConcurrencyMode::kConcurrent, reason: hot and stable]
[marking 0x00b43cde3959 <JSFunction emitSortedSetBits32 (sfi = 000000B43CDD5301)> for optimization to TURBOFAN_JS, ConcurrencyMode::kConcurrent, reason: hot and stable]
[marking [marking 0x028bddca72c1 <JSFunction connect4RbaCofactorKnownHeight (sfi = 0000028BDDC97921)> for optimization to TURBOFAN_JS, ConcurrencyMode::kConcurrent, reason: hot and stable]
0x02bb47c270f9 <JSFunction evaluateConnect4CpcNonterminal32 (sfi = 000002BB47C19C49)> for optimization to MAGLEV, ConcurrencyMode::kConcurrent, reason: hot and stable]
[compiling method 0x02bb47c270f9 <JSFunction evaluateConnect4CpcNonterminal32 (sfi = 000002BB47C19C49)> (target MAGLEV), mode: ConcurrencyMode::kConcurrent]
[marking 0x00b43cde3c59 <JSFunction connect4RbaCofactorBasis (sfi = 000000B43CDD42F9)> for optimization to TURBOFAN_JS, ConcurrencyMode::kConcurrent, reason: hot and stable]
[marking 0x031411093569 <JSFunction mixSpan32Locator32 (sfi = 0000034CC2B7D3D9)> for optimization to TURBOFAN_JS, ConcurrencyMode::kConcurrent, reason: hot and stable]
[marking 0x00b43cde3959 <JSFunction emitSortedSetBits32 (sfi = 000000B43CDD5301)> for optimization to TURBOFAN_JS, ConcurrencyMode::kConcurrent, reason: hot and stable]
[marking 0x031411093529 <JSFunction publishSpan32 (sfi = 0000034CC2B7D391)> for optimization to TURBOFAN_JS, ConcurrencyMode::kConcurrent, reason: hot and stable]
[marking 0x0185284cc779 <JSFunction permutePair3 (sfi = 0000031411080769)> for optimization to TURBOFAN_JS, ConcurrencyMode::kConcurrent, reason: hot and stable]
[marking 0x00b43cde3d19 <JSFunction connect4RbaCofactorKnownHeight (sfi = 000000B43CDD43D1)> for optimization to TURBOFAN_JS, ConcurrencyMode::kConcurrent, reason: hot and stable]
[marking 0x028bddca72c1 <JSFunction connect4RbaCofactorKnownHeight (sfi = 0000028BDDC97921)> for optimization to TURBOFAN_JS, ConcurrencyMode::kConcurrent, reason: hot and stable]
[completed compiling 0x00b94a4eb8a9 <JSFunction evaluateConnect4CpcNonterminal32 (sfi = 000000B94A4DE531)> (target MAGLEV) - took 0.000, 1.553, 0.010 ms]
[marking 0x00b43cde3959 <JSFunction emitSortedSetBits32 (sfi = 000000B43CDD5301)> for optimization to TURBOFAN_JS, ConcurrencyMode::kConcurrent, reason: hot and stable]
[completed compiling 0x02478d99dff9 <JSFunction cellMarked (sfi = 000000B94A4DE5C1)> (target MAGLEV) - took 0.000, 0.072, 0.002 ms]
[marking 0x028bddca7201 <JSFunction connect4RbaCofactorBasis (sfi = 0000028BDDC97849)> for optimization to TURBOFAN_JS, ConcurrencyMode::kConcurrent, reason: hot and stable]
[marking 0x031411093569 <JSFunction mixSpan32Locator32 (sfi = 0000034CC2B7D3D9)> for optimization to TURBOFAN_JS, ConcurrencyMode::kConcurrent, reason: hot and stable]
[completed compiling 0x02478d99e611 <JSFunction relativeToAbsFrontier (sfi = 000000B94A4CF309)> (target MAGLEV) - took 0.000, 0.068, 0.000 ms]
[marking 0x028bddca72c1 <JSFunction connect4RbaCofactorKnownHeight (sfi = 0000028BDDC97921)> for optimization to TURBOFAN_JS, ConcurrencyMode::kConcurrent, reason: hot and stable]
[marking 0x00b43cde3959 <JSFunction emitSortedSetBits32 (sfi = 000000B43CDD5301)> for optimization to TURBOFAN_JS, ConcurrencyMode::kConcurrent, reason: hot and stable]
[marking 0x00b43cde3d19 <JSFunction connect4RbaCofactorKnownHeight (sfi = 000000B43CDD43D1)> for optimization to TURBOFAN_JS, ConcurrencyMode::kConcurrent, reason: hot and stable]
[completed compiling 0x00b94a4e9b49 <JSFunction completeRootFrontierNode32 (sfi = 000000B94A4D0899)> (target MAGLEV) - took 0.000, 0.113, 0.003 ms]
[marking 0x00b43cde3c59 <JSFunction connect4RbaCofactorBasis (sfi = 000000B43CDD42F9)> for optimization to TURBOFAN_JS, ConcurrencyMode::kConcurrent, reason: hot and stable]
[marking 0x028bddca72c1 <JSFunction connect4RbaCofactorKnownHeight (sfi = 0000028BDDC97921)> for optimization to TURBOFAN_JS, ConcurrencyMode::kConcurrent, reason: hot and stable]
[marking 0x031411093569 <JSFunction mixSpan32Locator32 (sfi = 0000034CC2B7D3D9)> for optimization to TURBOFAN_JS, ConcurrencyMode::kConcurrent, reason: hot and stable]
[marking 0x00b43cde3959 <JSFunction emitSortedSetBits32 (sfi = 000000B43CDD5301)> for optimization to TURBOFAN_JS, ConcurrencyMode::kConcurrent, reason: hot and stable]
[marking 0x028bddca7201 <JSFunction connect4RbaCofactorBasis (sfi = 0000028BDDC97849)> for optimization to TURBOFAN_JS, ConcurrencyMode::kConcurrent, reason: hot and stable]
[completed compiling 0x01b422c44821 <JSFunction searchCpcOnlyFrontier (sfi = 000002BB47C0AA99)> (target MAGLEV) - took 0.000, 3.689, 0.018 ms]
[marking 0x028bddca72c1 <JSFunction connect4RbaCofactorKnownHeight (sfi = 0000028BDDC97921)> for optimization to TURBOFAN_JS, ConcurrencyMode::kConcurrent, reason: hot and stable]
[marking [marking 0x00b43cde3d19 0x031411093569 <JSFunction mixSpan32Locator32 (sfi = 0000034CC2B7D3D9)> for optimization to TURBOFAN_JS, ConcurrencyMode::kConcurrent, reason: hot and stable<JSFunction connect4RbaCofactorKnownHeight (sfi = 000000B43CDD43D1)>]
 for optimization to TURBOFAN_JS, ConcurrencyMode::kConcurrent, reason: hot and stable]
[compiling method [compiling method 0x00b43cde3d19 0x031411093569 <JSFunction mixSpan32Locator32 (sfi = 0000034CC2B7D3D9)> (target TURBOFAN_JS), mode: ConcurrencyMode::kConcurrent<JSFunction connect4RbaCofactorKnownHeight (sfi = 000000B43CDD43D1)>]
 (target TURBOFAN_JS), mode: ConcurrencyMode::kConcurrent]
[marking 0x00b43cde3959 <JSFunction emitSortedSetBits32 (sfi = 000000B43CDD5301)> for optimization to TURBOFAN_JS, ConcurrencyMode::kConcurrent, reason: hot and stable]
[completed compiling 0x00e216ee8959 <JSFunction connect4RbaCofactorKnownHeight (sfi = 000000E216ED8FA1)> (target TURBOFAN_JS) - took 0.002, 16.349, 0.067 ms]
[completed optimizing 0x00e216ee8959 <JSFunction connect4RbaCofactorKnownHeight (sfi = 000000E216ED8FA1)> (target TURBOFAN_JS)]
[marking 0x028bddca72c1 <JSFunction connect4RbaCofactorKnownHeight (sfi = 0000028BDDC97921)> for optimization to TURBOFAN_JS, ConcurrencyMode::kConcurrent, reason: hot and stable]
[completed compiling 0x00b94a4e9e41 <JSFunction mixSpan32Locator32 (sfi = 000000B94A4D4229)> (target TURBOFAN_JS) - took 0.003, 1.724, 0.011 ms]
[completed optimizing 0x00b94a4e9e41 <JSFunction mixSpan32Locator32 (sfi = 000000B94A4D4229)> (target TURBOFAN_JS)]
[marking 0x028bddca7201 <JSFunction connect4RbaCofactorBasis (sfi = 0000028BDDC97849)> for optimization to TURBOFAN_JS, ConcurrencyMode::kConcurrent, reason: hot and stable]
[compiling method 0x028bddca7201 <JSFunction connect4RbaCofactorBasis (sfi = 0000028BDDC97849)> (target TURBOFAN_JS), mode: ConcurrencyMode::kConcurrent]
[marking 0x00b43cde3959 <JSFunction emitSortedSetBits32 (sfi = 000000B43CDD5301)> for optimization to TURBOFAN_JS, ConcurrencyMode::kConcurrent, reason: hot and stable]
[completed compiling 0x02478d99e0f9 <JSFunction pairedResponseNoWin (sfi = 000000B94A4DE6E1)> (target MAGLEV) - took 0.000, 0.483, 0.005 ms]
[marking 0x00b43cde3c59 <JSFunction connect4RbaCofactorBasis (sfi = 000000B43CDD42F9)> for optimization to TURBOFAN_JS, ConcurrencyMode::kConcurrent, reason: hot and stable]
[marking 0x00b43cde3d19 <JSFunction connect4RbaCofactorKnownHeight (sfi = 000000B43CDD43D1)> for optimization to TURBOFAN_JS, ConcurrencyMode::kConcurrent, reason: hot and stable]
[marking 0x028bddca72c1 <JSFunction connect4RbaCofactorKnownHeight (sfi = 0000028BDDC97921)> for optimization to TURBOFAN_JS, ConcurrencyMode::kConcurrent, reason: hot and stable]
[marking 0x01354eb58689 <JSFunction collectSingletonProfiles (sfi = 0000028BDDC9AAA1)> for optimization to TURBOFAN_JS, ConcurrencyMode::kConcurrent, reason: hot and stable]
[marking 0x00b43cde3959 <JSFunction emitSortedSetBits32 (sfi = 000000B43CDD5301)> for optimization to TURBOFAN_JS, ConcurrencyMode::kConcurrent, reason: hot and stable]
[marking 0x028bddca72c1 <JSFunction connect4RbaCofactorKnownHeight (sfi = 0000028BDDC97921)> for optimization to TURBOFAN_JS, ConcurrencyMode::kConcurrent, reason: hot and stable]
[marking [marking 0x031411093529 0x02bb47c25651 <JSFunction publishSpan32 (sfi = 0000034CC2B7D391)> for optimization to TURBOFAN_JS, ConcurrencyMode::kConcurrent, reason: hot and stable<JSFunction publishSpan32 (sfi = 000002BB47C0F929)>]
 for optimization to TURBOFAN_JS, ConcurrencyMode::kConcurrent, reason: hot and stable]
[marking 0x00b43cde3d19 <JSFunction connect4RbaCofactorKnownHeight (sfi = 000000B43CDD43D1)> for optimization to TURBOFAN_JS, ConcurrencyMode::kConcurrent, reason: hot and stable]
[marking 0x00b43cde3959 <JSFunction emitSortedSetBits32 (sfi = 000000B43CDD5301)> for optimization to TURBOFAN_JS, ConcurrencyMode::kConcurrent, reason: hot and stable]
[marking 0x00b94a4e9e01 <JSFunction publishSpan32 (sfi = 000000B94A4D41E1)> for optimization to TURBOFAN_JS, ConcurrencyMode::kConcurrent, reason: hot and stable]
[marking 0x00b43cde3959 <JSFunction emitSortedSetBits32 (sfi = 000000B43CDD5301)> for optimization to TURBOFAN_JS, ConcurrencyMode::kConcurrent, reason: hot and stable]
[marking 0x028bddca72c1 <JSFunction connect4RbaCofactorKnownHeight (sfi = 0000028BDDC97921)> for optimization to TURBOFAN_JS, ConcurrencyMode::kConcurrent, reason: hot and stable]
[marking 0x00b43cde3c59 <JSFunction connect4RbaCofactorBasis (sfi = 000000B43CDD42F9)> for optimization to TURBOFAN_JS, ConcurrencyMode::kConcurrent, reason: hot and stable]
[marking 0x00b43cde2cd1 <JSFunction publishSpan32 (sfi = 000000B43CDCD111)> for optimization to TURBOFAN_JS, ConcurrencyMode::kConcurrent, reason: hot and stable]
[marking 0x00b43cde3d19 <JSFunction connect4RbaCofactorKnownHeight (sfi = 000000B43CDD43D1)> for optimization to TURBOFAN_JS, ConcurrencyMode::kConcurrent, reason: hot and stable]
[marking 0x00b43cde3959 <JSFunction emitSortedSetBits32 (sfi = 000000B43CDD5301)> for optimization to TURBOFAN_JS, ConcurrencyMode::kConcurrent, reason: hot and stable]
[marking 0x00b43cde3959 <JSFunction emitSortedSetBits32 (sfi = 000000B43CDD5301)> for optimization to TURBOFAN_JS, ConcurrencyMode::kConcurrent, reason: hot and stable]
[marking 0x028bddca72c1 <JSFunction connect4RbaCofactorKnownHeight (sfi = 0000028BDDC97921)> for optimization to TURBOFAN_JS, ConcurrencyMode::kConcurrent, reason: hot and stable]
[marking 0x00b43cde3d19 <JSFunction connect4RbaCofactorKnownHeight (sfi = 000000B43CDD43D1)> for optimization to TURBOFAN_JS, ConcurrencyMode::kConcurrent, reason: hot and stable]
[marking 0x00b43cde3c59 <JSFunction connect4RbaCofactorBasis (sfi = 000000B43CDD42F9)> for optimization to TURBOFAN_JS, ConcurrencyMode::kConcurrent, reason: hot and stable]
[marking 0x00b43cde3959 <JSFunction emitSortedSetBits32 (sfi = 000000B43CDD5301)> for optimization to TURBOFAN_JS, ConcurrencyMode::kConcurrent, reason: hot and stable]
[marking 0x028bddca72c1 <JSFunction connect4RbaCofactorKnownHeight (sfi = 0000028BDDC97921)> for optimization to TURBOFAN_JS, ConcurrencyMode::kConcurrent, reason: hot and stable]
[marking 0x00b43cde3d19 <JSFunction connect4RbaCofactorKnownHeight (sfi = 000000B43CDD43D1)> for optimization to TURBOFAN_JS, ConcurrencyMode::kConcurrent, reason: hot and stable]
[marking 0x00b43cde3959 <JSFunction emitSortedSetBits32 (sfi = 000000B43CDD5301)> for optimization to TURBOFAN_JS, ConcurrencyMode::kConcurrent, reason: hot and stable]
[marking 0x0185284cc779 <JSFunction permutePair3 (sfi = 0000031411080769)> for optimization to TURBOFAN_JS, ConcurrencyMode::kConcurrent, reason: hot and stable]
[marking 0x02bb47c25651 <JSFunction publishSpan32 (sfi = 000002BB47C0F929)> for optimization to TURBOFAN_JS, ConcurrencyMode::kConcurrent, reason: hot and stable]
[marking 0x00b43cde3959 <JSFunction emitSortedSetBits32 (sfi = 000000B43CDD5301)> for optimization to TURBOFAN_JS, ConcurrencyMode::kConcurrent, reason: hot and stable]
[marking 0x028bddca72c1 <JSFunction connect4RbaCofactorKnownHeight (sfi = 0000028BDDC97921)> for optimization to TURBOFAN_JS, ConcurrencyMode::kConcurrent, reason: hot and stable]
[marking 0x00b94a4e9e01 <JSFunction publishSpan32 (sfi = 000000B94A4D41E1)> for optimization to TURBOFAN_JS, ConcurrencyMode::kConcurrent, reason: hot and stable]
[marking 0x00b43cde3d19 <JSFunction connect4RbaCofactorKnownHeight (sfi = 000000B43CDD43D1)> for optimization to TURBOFAN_JS, ConcurrencyMode::kConcurrent, reason: hot and stable]
[marking 0x00b43cde3c59 <JSFunction connect4RbaCofactorBasis (sfi = 000000B43CDD42F9)> for optimization to TURBOFAN_JS, ConcurrencyMode::kConcurrent, reason: hot and stable]
[marking 0x00b43cde3959 <JSFunction emitSortedSetBits32 (sfi = 000000B43CDD5301)> for optimization to TURBOFAN_JS, ConcurrencyMode::kConcurrent, reason: hot and stable]
[marking 0x028bddca72c1 <JSFunction connect4RbaCofactorKnownHeight (sfi = 0000028BDDC97921)> for optimization to TURBOFAN_JS, ConcurrencyMode::kConcurrent, reason: hot and stable]
[marking 0x00b43cde3d19 <JSFunction connect4RbaCofactorKnownHeight (sfi = 000000B43CDD43D1)> for optimization to TURBOFAN_JS, ConcurrencyMode::kConcurrent, reason: hot and stable]
[marking 0x01354eb58689 <JSFunction collectSingletonProfiles (sfi = 0000028BDDC9AAA1)> for optimization to TURBOFAN_JS, ConcurrencyMode::kConcurrent, reason: hot and stable]
[marking 0x00b43cde3959 <JSFunction emitSortedSetBits32 (sfi = 000000B43CDD5301)> for optimization to TURBOFAN_JS, ConcurrencyMode::kConcurrent, reason: hot and stable]
[marking 0x02ca64698709 <JSFunction collectSingletonProfiles (sfi = 000000E216EDC139)> for optimization to TURBOFAN_JS, ConcurrencyMode::kConcurrent, reason: hot and stable]
[marking 0x00b43cde3959 <JSFunction emitSortedSetBits32 (sfi = 000000B43CDD5301)> for optimization to TURBOFAN_JS, ConcurrencyMode::kConcurrent, reason: hot and stable]
[marking 0x00b43cde3d19 <JSFunction connect4RbaCofactorKnownHeight (sfi = 000000B43CDD43D1)> for optimization to TURBOFAN_JS, ConcurrencyMode::kConcurrent, reason: hot and stable]
[marking 0x00b43cde3c59 <JSFunction connect4RbaCofactorBasis (sfi = 000000B43CDD42F9)> for optimization to TURBOFAN_JS, ConcurrencyMode::kConcurrent, reason: hot and stable]
[marking 0x028bddca72c1 <JSFunction connect4RbaCofactorKnownHeight (sfi = 0000028BDDC97921)> for optimization to TURBOFAN_JS, ConcurrencyMode::kConcurrent, reason: hot and stable]
[marking 0x00b43cde3959 <JSFunction emitSortedSetBits32 (sfi = 000000B43CDD5301)> for optimization to TURBOFAN_JS, ConcurrencyMode::kConcurrent, reason: hot and stable]
[marking 0x00b43cde3d19 <JSFunction connect4RbaCofactorKnownHeight (sfi = 000000B43CDD43D1)> for optimization to TURBOFAN_JS, ConcurrencyMode::kConcurrent, reason: hot and stable]
[bailout (kind: deopt-eager, reason: Insufficient type feedback for binary operation): begin. deoptimizing 0x017a836574d1 <JSFunction pairedResponseNoWin (sfi = 000000B43CDD75E1)>, 0x03003ee9cb71 <Code MAGLEV>, opt id 176, bytecode offset 171, deopt exit 32, FP to SP delta 160, caller SP 0x00150f1f8df8, pc 0x0207ce81c537]
[bailout (kind: deopt-eager, reason: Insufficient type feedback for generic keyed access): begin. deoptimizing 0x00b43cde4779 <JSFunction evaluateConnect4CpcNonterminal32 (sfi = 000000B43CDD7431)>, 0x03003ee9a869 <Code MAGLEV>, opt id 153, bytecode offset 1177, deopt exit 63, FP to SP delta 192, caller SP 0x00150f1f8f08, pc 0x0207ce81a6fb]
[bailout (kind: deopt-eager, reason: Insufficient type feedback for generic named access): begin. deoptimizing 0x001e5390e639 <JSFunction searchCpcOnlyFrontier (sfi = 000000B43CDC8281)>, 0x03003ee969a1 <Code MAGLEV>, opt id 111, bytecode offset 298, deopt exit 168, FP to SP delta 600, caller SP 0x00150f1f91d0, pc 0x0207ce8163b5]
[marking 0x028bddca72c1 <JSFunction connect4RbaCofactorKnownHeight (sfi = 0000028BDDC97921)> for optimization to TURBOFAN_JS, ConcurrencyMode::kConcurrent, reason: hot and stable]
[marking 0x00b43cde3959 <JSFunction emitSortedSetBits32 (sfi = 000000B43CDD5301)> for optimization to TURBOFAN_JS, ConcurrencyMode::kConcurrent, reason: hot and stable]
[bailout (kind: deopt-lazy, reason: (unknown)): begin. deoptimizing 0x001e5390e639 <JSFunction searchCpcOnlyFrontier (sfi = 000000B43CDC8281)>, 0x03003ee969a1 <Code MAGLEV>, opt id 111, bytecode offset 2128, deopt exit 199, FP to SP delta 600, caller SP 0x00150f1f9498, pc 0x0207ce816431]
[marking 0x028bddca72c1 <JSFunction connect4RbaCofactorKnownHeight (sfi = 0000028BDDC97921)> for optimization to TURBOFAN_JS, ConcurrencyMode::kConcurrent, reason: hot and stable]
[marking 0x01354eb58689 <JSFunction collectSingletonProfiles (sfi = 0000028BDDC9AAA1)> for optimization to TURBOFAN_JS, ConcurrencyMode::kConcurrent, reason: hot and stable]
[bailout (kind: deopt-lazy, reason: (unknown)): begin. deoptimizing 0x001e5390e639 <JSFunction searchCpcOnlyFrontier (sfi = 000000B43CDC8281)>, 0x03003ee969a1 <Code MAGLEV>, opt id 111, bytecode offset 2128, deopt exit 199, FP to SP delta 600, caller SP 0x00150f1f9760, pc 0x0207ce816431]
[bailout (kind: deopt-lazy, reason: (unknown)): begin. deoptimizing 0x001e5390e639 <JSFunction searchCpcOnlyFrontier (sfi = 000000B43CDC8281)>, 0x03003ee969a1 <Code MAGLEV>, opt id 111, bytecode offset 2128, deopt exit 199, FP to SP delta 600, caller SP 0x00150f1f9a28, pc 0x0207ce816431]
[bailout (kind: deopt-lazy, reason: (unknown)): begin. deoptimizing 0x001e5390e639 <JSFunction searchCpcOnlyFrontier (sfi = 000000B43CDC8281)>, 0x03003ee969a1 <Code MAGLEV>, opt id 111, bytecode offset 2128, deopt exit 199, FP to SP delta 600, caller SP 0x00150f1f9cf0, pc 0x0207ce816431]
[marking 0x028bddca72c1 <JSFunction connect4RbaCofactorKnownHeight (sfi = 0000028BDDC97921)> for optimization to TURBOFAN_JS, ConcurrencyMode::kConcurrent, reason: hot and stable]
[completed compiling 0x02bb47c270f9 <JSFunction evaluateConnect4CpcNonterminal32 (sfi = 000002BB47C19C49)> (target MAGLEV) - took 0.000, 2.288, 0.009 ms]
[bailout (kind: deopt-lazy, reason: (unknown)): begin. deoptimizing 0x001e5390e639 <JSFunction searchCpcOnlyFrontier (sfi = 000000B43CDC8281)>, 0x03003ee969a1 <Code MAGLEV>, opt id 111, bytecode offset 2128, deopt exit 199, FP to SP delta 600, caller SP 0x00150f1f9fb8, pc 0x0207ce816431]
[marking 0x00b43cde3959 <JSFunction emitSortedSetBits32 (sfi = 000000B43CDD5301)> for optimization to TURBOFAN_JS, ConcurrencyMode::kConcurrent, reason: hot and stable]
[marking 0x00b43cde2d11 <JSFunction mixSpan32Locator32 (sfi = 000000B43CDCD159)> for optimization to TURBOFAN_JS, ConcurrencyMode::kConcurrent, reason: hot and stable]
[marking 0x00b43cde3d19 <JSFunction connect4RbaCofactorKnownHeight (sfi = 000000B43CDD43D1)> for optimization to TURBOFAN_JS, ConcurrencyMode::kConcurrent, reason: hot and stable]
[marking 0x00b43cde3c59 <JSFunction connect4RbaCofactorBasis (sfi = 000000B43CDD42F9)> for optimization to TURBOFAN_JS, ConcurrencyMode::kConcurrent, reason: hot and stable]
[marking 0x028bddca72c1 <JSFunction connect4RbaCofactorKnownHeight (sfi = 0000028BDDC97921)> for optimization to TURBOFAN_JS, ConcurrencyMode::kConcurrent, reason: hot and stable]
[marking 0x00b43cde3959 <JSFunction emitSortedSetBits32 (sfi = 000000B43CDD5301)> for optimization to TURBOFAN_JS, ConcurrencyMode::kConcurrent, reason: hot and stable]
[marking 0x031411093529 <JSFunction publishSpan32 (sfi = 0000034CC2B7D391)> for optimization to TURBOFAN_JS, ConcurrencyMode::kConcurrent, reason: hot and stable]
[marking 0x00b94a4e9e01 <JSFunction publishSpan32 (sfi = 000000B94A4D41E1)> for optimization to TURBOFAN_JS, ConcurrencyMode::kConcurrent, reason: hot and stable]
[marking 0x02bb47c25651 <JSFunction publishSpan32 (sfi = 000002BB47C0F929)> for optimization to TURBOFAN_JS, ConcurrencyMode::kConcurrent, reason: hot and stable]
[bailout (kind: deopt-lazy, reason: (unknown)): begin. deoptimizing 0x001e5390e639 <JSFunction searchCpcOnlyFrontier (sfi = 000000B43CDC8281)>, 0x03003ee969a1 <Code MAGLEV>, opt id 111, bytecode offset 2128, deopt exit 199, FP to SP delta 600, caller SP 0x00150f1fa280, pc 0x0207ce816431]
[marking 0x028bddca72c1 <JSFunction connect4RbaCofactorKnownHeight (sfi = 0000028BDDC97921)> for optimization to TURBOFAN_JS, ConcurrencyMode::kConcurrent, reason: hot and stable]
[marking 0x00b43cde3959 <JSFunction emitSortedSetBits32 (sfi = 000000B43CDD5301)> for optimization to TURBOFAN_JS, ConcurrencyMode::kConcurrent, reason: hot and stable]
[marking 0x028bddca6279 <JSFunction publishSpan32 (sfi = 0000028BDDC90661)> for optimization to TURBOFAN_JS, ConcurrencyMode::kConcurrent, reason: hot and stable]
[marking 0x00b43cde3d19 <JSFunction connect4RbaCofactorKnownHeight (sfi = 000000B43CDD43D1)> for optimization to TURBOFAN_JS, ConcurrencyMode::kConcurrent, reason: hot and stable]
[marking 0x00b43cde2d11 <JSFunction mixSpan32Locator32 (sfi = 000000B43CDCD159)> for optimization to TURBOFAN_JS, ConcurrencyMode::kConcurrent, reason: hot and stable]
[marking 0x00b43cde3959 <JSFunction emitSortedSetBits32 (sfi = 000000B43CDD5301)> for optimization to TURBOFAN_JS, ConcurrencyMode::kConcurrent, reason: hot and stable]
[marking 0x028bddca72c1 <JSFunction connect4RbaCofactorKnownHeight (sfi = 0000028BDDC97921)> for optimization to TURBOFAN_JS, ConcurrencyMode::kConcurrent, reason: hot and stable]
[marking 0x0185284cc779 <JSFunction permutePair3 (sfi = 0000031411080769)> for optimization to TURBOFAN_JS, ConcurrencyMode::kConcurrent, reason: hot and stable]
[marking 0x00b43cde3c59 <JSFunction connect4RbaCofactorBasis (sfi = 000000B43CDD42F9)> for optimization to TURBOFAN_JS, ConcurrencyMode::kConcurrent, reason: hot and stable]
[marking 0x02ca64698709 <JSFunction collectSingletonProfiles (sfi = 000000E216EDC139)>[marking  for optimization to TURBOFAN_JS, ConcurrencyMode::kConcurrent, reason: hot and stable]
0x00b43cde3d19 <JSFunction connect4RbaCofactorKnownHeight (sfi = 000000B43CDD43D1)> for optimization to TURBOFAN_JS, ConcurrencyMode::kConcurrent, reason: hot and stable]
[marking 0x00b43cde3959 <JSFunction emitSortedSetBits32 (sfi = 000000B43CDD5301)> for optimization to TURBOFAN_JS, ConcurrencyMode::kConcurrent, reason: hot and stable]
[marking 0x028bddca72c1 <JSFunction connect4RbaCofactorKnownHeight (sfi = 0000028BDDC97921)> for optimization to TURBOFAN_JS, ConcurrencyMode::kConcurrent, reason: hot and stable]
[marking 0x00b43cde3959 <JSFunction emitSortedSetBits32 (sfi = 000000B43CDD5301)> for optimization to TURBOFAN_JS, ConcurrencyMode::kConcurrent, reason: hot and stable]
[completed compiling 0x02bb47c262d9 [compiling method 0x00b43cde3959 <JSFunction emitSortedSetBits32 (sfi = 000000B43CDD5301)> (target TURBOFAN_JS), mode: ConcurrencyMode::kConcurrent<JSFunction emitSortedSetBits32 (sfi = 000002BB47C17B19)>]
 (target TURBOFAN_JS) - took 0.002, 2.791, 0.015 ms]
[completed optimizing 0x02bb47c262d9 <JSFunction emitSortedSetBits32 (sfi = 000002BB47C17B19)> (target TURBOFAN_JS)]
[marking 0x00b43cde3d19 <JSFunction connect4RbaCofactorKnownHeight (sfi = 000000B43CDD43D1)> for optimization to TURBOFAN_JS, ConcurrencyMode::kConcurrent, reason: hot and stable]
[marking 0x028bddca72c1 <JSFunction connect4RbaCofactorKnownHeight (sfi = 0000028BDDC97921)> for optimization to TURBOFAN_JS, ConcurrencyMode::kConcurrent, reason: hot and stable]
[marking 0x01354eb58689 <JSFunction collectSingletonProfiles (sfi = 0000028BDDC9AAA1)> for optimization to TURBOFAN_JS, ConcurrencyMode::kConcurrent, reason: hot and stable]
[completed compiling 0x031411094fd1 <JSFunction evaluateConnect4CpcNonterminal32 (sfi = 0000031411087CB1)> (target MAGLEV) - took 0.000, 1.410, 0.013 ms]
[marking 0x00b43cde2d11 <JSFunction mixSpan32Locator32 (sfi = 000000B43CDCD159)> for optimization to TURBOFAN_JS, ConcurrencyMode::kConcurrent, reason: hot and stable]
[marking 0x00b43cde3c59 <JSFunction connect4RbaCofactorBasis (sfi = 000000B43CDD42F9)> for optimization to TURBOFAN_JS, ConcurrencyMode::kConcurrent, reason: hot and stable]
[completed compiling [marking 0x00b43cde3d19 <JSFunction connect4RbaCofactorKnownHeight (sfi = 000000B43CDD43D1)> for optimization to TURBOFAN_JS, ConcurrencyMode::kConcurrent, reason: hot and stable0x031411093271]
 <JSFunction completeRootFrontierNode32 (sfi = 0000034CC2B79A49)> (target MAGLEV) - took 0.000, 0.102, 0.003 ms]
[marking 0x028bddca72c1 <JSFunction connect4RbaCofactorKnownHeight (sfi = 0000028BDDC97921)> for optimization to TURBOFAN_JS, ConcurrencyMode::kConcurrent, reason: hot and stable]
[marking 0x00b94a4e9e01 <JSFunction publishSpan32 (sfi = 000000B94A4D41E1)> for optimization to TURBOFAN_JS, ConcurrencyMode::kConcurrent, reason: hot and stable]
[marking 0x02bb47c25651 <JSFunction publishSpan32 (sfi = 000002BB47C0F929)> for optimization to TURBOFAN_JS, ConcurrencyMode::kConcurrent, reason: hot and stable]
[marking 0x00b43cde3d19 <JSFunction connect4RbaCofactorKnownHeight (sfi = 000000B43CDD43D1)> for optimization to TURBOFAN_JS, ConcurrencyMode::kConcurrent, reason: hot and stable]
[marking 0x028bddca72c1 <JSFunction connect4RbaCofactorKnownHeight (sfi = 0000028BDDC97921)> for optimization to TURBOFAN_JS, ConcurrencyMode::kConcurrent, reason: hot and stable]
[marking 0x01354eb58689 <JSFunction collectSingletonProfiles (sfi = 0000028BDDC9AAA1)> for optimization to TURBOFAN_JS, ConcurrencyMode::kConcurrent, reason: hot and stable]
[marking 0x00b43cde3c59 <JSFunction connect4RbaCofactorBasis (sfi = 000000B43CDD42F9)> for optimization to TURBOFAN_JS, ConcurrencyMode::kConcurrent, reason: hot and stable]
[marking 0x00b43cde2d11 <JSFunction mixSpan32Locator32 (sfi = 000000B43CDCD159)> for optimization to TURBOFAN_JS, ConcurrencyMode::kConcurrent, reason: hot and stable]
[marking 0x028bddca72c1 <JSFunction connect4RbaCofactorKnownHeight (sfi = 0000028BDDC97921)> for optimization to TURBOFAN_JS, ConcurrencyMode::kConcurrent, reason: hot and stable]
[marking 0x00b43cde3d19 <JSFunction connect4RbaCofactorKnownHeight (sfi = 000000B43CDD43D1)> for optimization to TURBOFAN_JS, ConcurrencyMode::kConcurrent, reason: hot and stable]
[completed compiling 0x031f019861d1 <JSFunction subsetDensePrepared (sfi = 000003D6DFF5BA31)> (target MAGLEV) - took 0.000, 0.082, 0.004 ms]
[marking 0x031411093529 <JSFunction publishSpan32 (sfi = 0000034CC2B7D391)> for optimization to TURBOFAN_JS, ConcurrencyMode::kConcurrent, reason: hot and stable]
[marking 0x028bddca72c1 <JSFunction connect4RbaCofactorKnownHeight (sfi = 0000028BDDC97921)> for optimization to TURBOFAN_JS, ConcurrencyMode::kConcurrent, reason: hot and stable]
[marking 0x00b43cde3d19 <JSFunction connect4RbaCofactorKnownHeight (sfi = 000000B43CDD43D1)> for optimization to TURBOFAN_JS, ConcurrencyMode::kConcurrent, reason: hot and stable]
[marking 0x028bddca6279 <JSFunction publishSpan32 (sfi = 0000028BDDC90661)> for optimization to TURBOFAN_JS, ConcurrencyMode::kConcurrent, reason: hot and stable]
[marking 0x028bddca72c1 <JSFunction connect4RbaCofactorKnownHeight (sfi = 0000028BDDC97921)> for optimization to TURBOFAN_JS, ConcurrencyMode::kConcurrent, reason: hot and stable]
[marking 0x00b43cde2cd1 <JSFunction publishSpan32 (sfi = 000000B43CDCD111)> for optimization to TURBOFAN_JS, ConcurrencyMode::kConcurrent, reason: hot and stable]
[completed compiling 0x03d6dff6f579 <JSFunction emitSortedSetBits32 (sfi = 000003D6DFF60EF1)> (target MAGLEV) - took 0.000, 0.219, 0.003 ms[marking ]
0x00b43cde3c59 <JSFunction connect4RbaCofactorBasis (sfi = 000000B43CDD42F9)> for optimization to TURBOFAN_JS, ConcurrencyMode::kConcurrent, reason: hot and stable]
[completed compiling 0x02bb47c25691 <JSFunction mixSpan32Locator32 (sfi = 000002BB47C0F971)> (target TURBOFAN_JS) - took 0.001, 0.895, 0.010 ms]
[completed optimizing 0x02bb47c25691 <JSFunction mixSpan32Locator32 (sfi = 000002BB47C0F971)> (target TURBOFAN_JS)]
[marking 0x028bddca72c1 <JSFunction connect4RbaCofactorKnownHeight (sfi = 0000028BDDC97921)> for optimization to TURBOFAN_JS, ConcurrencyMode::kConcurrent, reason: hot and stable]
[compiling method 0x028bddca72c1 <JSFunction connect4RbaCofactorKnownHeight (sfi = 0000028BDDC97921)> (target TURBOFAN_JS), mode: ConcurrencyMode::kConcurrent]
[marking 0x01354eb58689 [compiling method 0x00b43cde2cd1 <JSFunction collectSingletonProfiles (sfi = 0000028BDDC9AAA1)> for optimization to TURBOFAN_JS, ConcurrencyMode::kConcurrent, reason: hot and stable]
<JSFunction publishSpan32 (sfi = 000000B43CDCD111)> (target TURBOFAN_JS), mode: ConcurrencyMode::kConcurrent]
[marking 0x02ca64698709 <JSFunction collectSingletonProfiles (sfi = 000000E216EDC139)> for optimization to TURBOFAN_JS, ConcurrencyMode::kConcurrent, reason: hot and stable]
[marking 0x00b43cde3d19 <JSFunction connect4RbaCofactorKnownHeight (sfi = 000000B43CDD43D1)> for optimization to TURBOFAN_JS, ConcurrencyMode::kConcurrent, reason: hot and stable]
[marking 0x00b94a4e9e01 <JSFunction publishSpan32 (sfi = 000000B94A4D41E1)> for optimization to TURBOFAN_JS, ConcurrencyMode::kConcurrent, reason: hot and stable]
[marking 0x00b43cde2d11 <JSFunction mixSpan32Locator32 (sfi = 000000B43CDCD159)> for optimization to TURBOFAN_JS, ConcurrencyMode::kConcurrent, reason: hot and stable]
[marking 0x02bb47c25651 <JSFunction publishSpan32 (sfi = 000002BB47C0F929)> for optimization to TURBOFAN_JS, ConcurrencyMode::kConcurrent, reason: hot and stable]
[marking 0x00b43cde3d19 <JSFunction connect4RbaCofactorKnownHeight (sfi = 000000B43CDD43D1)> for optimization to TURBOFAN_JS, ConcurrencyMode::kConcurrent, reason: hot and stable]
[marking 0x00b43cde3c59 <JSFunction connect4RbaCofactorBasis (sfi = 000000B43CDD42F9)> for optimization to TURBOFAN_JS, ConcurrencyMode::kConcurrent, reason: hot and stable]
[marking 0x00b43cde3d19 <JSFunction connect4RbaCofactorKnownHeight (sfi = 000000B43CDD43D1)> for optimization to TURBOFAN_JS, ConcurrencyMode::kConcurrent, reason: hot and stable]
[marking 0x00b43cde2d11 <JSFunction mixSpan32Locator32 (sfi = 000000B43CDCD159)> for optimization to TURBOFAN_JS, ConcurrencyMode::kConcurrent, reason: hot and stable]
[marking 0x00e216eea161 <JSFunction advanceConnect4LiveLineState32 (sfi = 000000E216EDE599)> for optimization to TURBOFAN_JS, ConcurrencyMode::kConcurrent, reason: hot and stable]
[marking 0x00b43cde3d19 <JSFunction connect4RbaCofactorKnownHeight (sfi = 000000B43CDD43D1)> for optimization to TURBOFAN_JS, ConcurrencyMode::kConcurrent, reason: hot and stable]
[marking 0x0185284cc779 <JSFunction permutePair3 (sfi = 0000031411080769)> for optimization to TURBOFAN_JS, ConcurrencyMode::kConcurrent, reason: hot and stable]
[marking 0x00b43cde3c59 <JSFunction connect4RbaCofactorBasis (sfi = 000000B43CDD42F9)> for optimization to TURBOFAN_JS, ConcurrencyMode::kConcurrent, reason: hot and stable]
[marking 0x01354eb58689 <JSFunction collectSingletonProfiles (sfi = 0000028BDDC9AAA1)> for optimization to TURBOFAN_JS, ConcurrencyMode::kConcurrent, reason: hot and stable]
[marking 0x001e5390e639 <JSFunction searchCpcOnlyFrontier (sfi = 000000B43CDC8281)> for optimization to MAGLEV, ConcurrencyMode::kConcurrent, reason: hot and stable]
[compiling method 0x001e5390e639 <JSFunction searchCpcOnlyFrontier (sfi = 000000B43CDC8281)> (target MAGLEV), mode: ConcurrencyMode::kConcurrent]
[marking 0x00b43cde2cd1 <JSFunction publishSpan32 (sfi = 000000B43CDCD111)> for optimization to TURBOFAN_JS, ConcurrencyMode::kConcurrent, reason: hot and stable]
[marking 0x00b43cde3d19 <JSFunction connect4RbaCofactorKnownHeight (sfi = 000000B43CDD43D1)> for optimization to TURBOFAN_JS, ConcurrencyMode::kConcurrent, reason: hot and stable]
[marking 0x00b43cde2d11 <JSFunction mixSpan32Locator32 (sfi = 000000B43CDCD159)> for optimization to TURBOFAN_JS, ConcurrencyMode::kConcurrent, reason: hot and stable]
[marking 0x00b43cde3d19 <JSFunction connect4RbaCofactorKnownHeight (sfi = 000000B43CDD43D1)> for optimization to TURBOFAN_JS, ConcurrencyMode::kConcurrent, reason: hot and stable]
[marking 0x031411093529 <JSFunction publishSpan32 (sfi = 0000034CC2B7D391)> for optimization to TURBOFAN_JS, ConcurrencyMode::kConcurrent, reason: hot and stable]
[marking 0x00b43cde3c59 <JSFunction connect4RbaCofactorBasis (sfi = 000000B43CDD42F9)> for optimization to TURBOFAN_JS, ConcurrencyMode::kConcurrent, reason: hot and stable]
[marking 0x02ca64698709 <JSFunction collectSingletonProfiles (sfi = 000000E216EDC139)> for optimization to TURBOFAN_JS, ConcurrencyMode::kConcurrent, reason: hot and stable]
[marking 0x00b43cde3d19 <JSFunction connect4RbaCofactorKnownHeight (sfi = 000000B43CDD43D1)> for optimization to TURBOFAN_JS, ConcurrencyMode::kConcurrent, reason: hot and stable]
[compiling method 0x00b43cde3d19 <JSFunction connect4RbaCofactorKnownHeight (sfi = 000000B43CDD43D1)> (target TURBOFAN_JS), mode: ConcurrencyMode::kConcurrent]
[completed compiling 0x00e216ee8899 <JSFunction connect4RbaCofactorBasis (sfi = 000000E216ED8EC9)> (target TURBOFAN_JS) - took 0.001, 5.177, 0.021 ms]
[completed optimizing 0x00e216ee8899 <JSFunction connect4RbaCofactorBasis (sfi = 000000E216ED8EC9)> (target TURBOFAN_JS)]
[marking 0x00b94a4e9e01 <JSFunction publishSpan32 (sfi = 000000B94A4D41E1)> for optimization to TURBOFAN_JS, ConcurrencyMode::kConcurrent, reason: hot and stable]
[bailout (kind: deopt-lazy, reason: (unknown)): begin. deoptimizing 0x001e5390e639 <JSFunction searchCpcOnlyFrontier (sfi = 000000B43CDC8281)>, 0x03003ee969a1 <Code MAGLEV>, opt id 111, bytecode offset 2128, deopt exit 199, FP to SP delta 600, caller SP 0x00150f1fa548, pc 0x0207ce816431]
[bailout (kind: deopt-lazy, reason: (unknown)): begin. deoptimizing [marking 0x001e5390e639 <JSFunction searchCpcOnlyFrontier (sfi = 000000B43CDC8281)>, 0x03003ee969a1 <Code MAGLEV>, opt id 111, bytecode offset 2128, deopt exit 199, FP to SP delta 600, caller SP 0x00150f1fa810, pc 0x0207ce816431]
0x02bb47c25651 <JSFunction publishSpan32 (sfi = 000002BB47C0F929)> for optimization to TURBOFAN_JS, ConcurrencyMode::kConcurrent, reason: hot and stable]
[bailout (kind: deopt-lazy, reason: (unknown)): begin. deoptimizing 0x001e5390e639 <JSFunction searchCpcOnlyFrontier (sfi = 000000B43CDC8281)>, 0x03003ee969a1 <Code MAGLEV>, opt id 111, bytecode offset 2128, deopt exit 199, FP to SP delta 600, caller SP 0x00150f1faad8, pc 0x0207ce816431]
[marking 0x01354eb58689 <JSFunction collectSingletonProfiles (sfi = 0000028BDDC9AAA1)> for optimization to TURBOFAN_JS, ConcurrencyMode::kConcurrent, reason: hot and stable]
[marking 0x031f019861d1 <JSFunction subsetDensePrepared (sfi = 000003D6DFF5BA31)> for optimization to TURBOFAN_JS, ConcurrencyMode::kConcurrent, reason: hot and stable]
[marking 0x00b43cde2d11 <JSFunction mixSpan32Locator32 (sfi = 000000B43CDCD159)> for optimization to TURBOFAN_JS, ConcurrencyMode::kConcurrent, reason: hot and stable]
[marking 0x00b43cde3c59 <JSFunction connect4RbaCofactorBasis (sfi = 000000B43CDD42F9)> for optimization to TURBOFAN_JS, ConcurrencyMode::kConcurrent, reason: hot and stable]
[marking 0x031f019861d1 <JSFunction subsetDensePrepared (sfi = 000003D6DFF5BA31)> for optimization to TURBOFAN_JS, ConcurrencyMode::kConcurrent, reason: hot and stable]
[marking 0x031f019861d1 <JSFunction subsetDensePrepared (sfi = 000003D6DFF5BA31)> for optimization to TURBOFAN_JS, ConcurrencyMode::kConcurrent, reason: hot and stable]
[marking 0x031f019861d1 <JSFunction subsetDensePrepared (sfi = 000003D6DFF5BA31)> for optimization to TURBOFAN_JS, ConcurrencyMode::kConcurrent, reason: hot and stable]
[marking 0x00b43cde2d11 <JSFunction mixSpan32Locator32 (sfi = 000000B43CDCD159)> for optimization to TURBOFAN_JS, ConcurrencyMode::kConcurrent, reason: hot and stable]
[marking 0x031f019861d1 <JSFunction subsetDensePrepared (sfi = 000003D6DFF5BA31)> for optimization to TURBOFAN_JS, ConcurrencyMode::kConcurrent, reason: hot and stable]
[marking 0x031f019861d1 <JSFunction subsetDensePrepared (sfi = 000003D6DFF5BA31)> for optimization to TURBOFAN_JS, ConcurrencyMode::kConcurrent, reason: hot and stable]
[marking 0x00b43cde3c59 <JSFunction connect4RbaCofactorBasis (sfi = 000000B43CDD42F9)> for optimization to TURBOFAN_JS, ConcurrencyMode::kConcurrent, reason: hot and stable]
[marking 0x01b422c63211 [marking <JSFunction collectSingletonProfiles (sfi = 000002BB47C19D69)> for optimization to TURBOFAN_JS, ConcurrencyMode::kConcurrent, reason: hot and stable0x0185284cc779[marking  ]
0x01354eb58689 <JSFunction collectSingletonProfiles (sfi = 0000028BDDC9AAA1)> for optimization to TURBOFAN_JS, ConcurrencyMode::kConcurrent, reason: hot and stable]
<JSFunction permutePair3 (sfi = 0000031411080769)> for optimization to TURBOFAN_JS, ConcurrencyMode::kConcurrent, reason: hot and stable]
[marking 0x031f019861d1 <JSFunction subsetDensePrepared (sfi = 000003D6DFF5BA31)> for optimization to TURBOFAN_JS, ConcurrencyMode::kConcurrent, reason: hot and stable]
[marking 0x028bddca6279 <JSFunction publishSpan32 (sfi = 0000028BDDC90661)> for optimization to TURBOFAN_JS, ConcurrencyMode::kConcurrent, reason: hot and stable]
[completed compiling 0x0084c86c1e11 <JSFunction searchCpcOnlyFrontier (sfi = 0000034CC2B78501)> (target MAGLEV) - took 0.001, 2.626, 0.024 ms[marking ]
0x00e216eea161 <JSFunction advanceConnect4LiveLineState32 (sfi = 000000E216EDE599)> for optimization to TURBOFAN_JS, ConcurrencyMode::kConcurrent, reason: hot and stable]
[marking 0x00b43cde2d11 <JSFunction mixSpan32Locator32 (sfi = 000000B43CDCD159)> for optimization to TURBOFAN_JS, ConcurrencyMode::kConcurrent, reason: hot and stable]
[marking 0x031f019861d1 <JSFunction subsetDensePrepared (sfi = 000003D6DFF5BA31)> for optimization to TURBOFAN_JS, ConcurrencyMode::kConcurrent, reason: hot and stable]
[marking 0x031411093529 <JSFunction publishSpan32 (sfi = 0000034CC2B7D391)> for optimization to TURBOFAN_JS, ConcurrencyMode::kConcurrent, reason: hot and stable]
[marking 0x031f019861d1 <JSFunction subsetDensePrepared (sfi = 000003D6DFF5BA31)> for optimization to TURBOFAN_JS, ConcurrencyMode::kConcurrent, reason: hot and stable]
[marking 0x031f019861d1 <JSFunction subsetDensePrepared (sfi = 000003D6DFF5BA31)> for optimization to TURBOFAN_JS, ConcurrencyMode::kConcurrent, reason: hot and stable]
[marking 0x00b43cde3c59 <JSFunction connect4RbaCofactorBasis (sfi = 000000B43CDD42F9)> for optimization to TURBOFAN_JS, ConcurrencyMode::kConcurrent, reason: hot and stable]
[marking 0x031f019861d1 <JSFunction subsetDensePrepared (sfi = 000003D6DFF5BA31)> for optimization to TURBOFAN_JS, ConcurrencyMode::kConcurrent, reason: hot and stable]
[marking 0x02ca64698709 <JSFunction collectSingletonProfiles (sfi = 000000E216EDC139)> for optimization to TURBOFAN_JS, ConcurrencyMode::kConcurrent, reason: hot and stable]
[completed compiling 0x03d6dff6f939 <JSFunction connect4RbaCofactorKnownHeight (sfi = 000003D6DFF5FFC1)> (target MAGLEV) - took 0.000, 2.373, 0.009 ms]
[marking 0x01354eb58689 <JSFunction collectSingletonProfiles (sfi = 0000028BDDC9AAA1)> for optimization to TURBOFAN_JS, ConcurrencyMode::kConcurrent, reason: hot and stable]
[marking 0x031f019861d1 [completed compiling <JSFunction subsetDensePrepared (sfi = 000003D6DFF5BA31)>0x0185284ccc79  for optimization to TURBOFAN_JS, ConcurrencyMode::kConcurrent, reason: hot and stable]
<JSFunction pairedResponseNoWin (sfi = 0000031411087E61)> (target MAGLEV) - took 0.000, 0.413, 0.004 ms]
[completed compiling 0x031f019860d1 <JSFunction removeDensePrepared (sfi = 000003D6DFF5B911)> (target MAGLEV) - took 0.000, 0.071, 0.002 ms]
[bailout (kind: deopt-eager, reason: overflow): begin. deoptimizing 0x021c183c2771 <JSFunction searchCpcOnlyFrontier (sfi = 000000B94A4CF351)>, 0x03f2ebca1c49 <Code MAGLEV>, opt id 67, bytecode offset 1229, deopt exit 76, FP to SP delta 600, caller SP 0x00150d9f94d0, pc 0x02072e07730d]
[completed compiling 0x031f01986151 <JSFunction prepareSubsetDense (sfi = 000003D6DFF5B9A1)> (target MAGLEV) - took 0.000, 0.038, 0.001 ms]
[marking 0x00b43cde2d11 <JSFunction mixSpan32Locator32 (sfi = 000000B43CDCD159)> for optimization to TURBOFAN_JS, ConcurrencyMode::kConcurrent, reason: hot and stable]
[bailout (kind: deopt-lazy, reason: (unknown)): begin. deoptimizing 0x021c183c2771 <JSFunction searchCpcOnlyFrontier (sfi = 000000B94A4CF351)>, 0x03f2ebca1c49 <Code MAGLEV>, opt id 67, bytecode offset 2128, deopt exit 196, FP to SP delta 600, caller SP 0x00150d9f9798, pc 0x02072e0774ed]
[marking 0x00b43cde2cd1 <JSFunction publishSpan32 (sfi = 000000B43CDCD111)> for optimization to TURBOFAN_JS, ConcurrencyMode::kConcurrent, reason: hot and stable]
[marking 0x00b43cde3c59 <JSFunction connect4RbaCofactorBasis (sfi = 000000B43CDD42F9)> for optimization to TURBOFAN_JS, ConcurrencyMode::kConcurrent, reason: hot and stable]
[marking 0x031f01986cf1 [bailout (kind: deopt-lazy, reason: (unknown)): begin. deoptimizing 0x021c183c2771 <JSFunction pairedResponseNoWin (sfi = 000003D6DFF631D1)> for optimization to MAGLEV, ConcurrencyMode::kConcurrent, reason: hot and stable]
<JSFunction searchCpcOnlyFrontier (sfi = 000000B94A4CF351)>, 0x03f2ebca1c49 <Code MAGLEV>, opt id 67, bytecode offset 2128, deopt exit 196, FP to SP delta 600, caller SP 0x00150d9f9a60, pc 0x02072e0774ed]
[compiling method 0x031f01986cf1 <JSFunction pairedResponseNoWin (sfi = 000003D6DFF631D1)> (target MAGLEV), mode: ConcurrencyMode::kConcurrent]
[completed compiling 0x031411096b31 [bailout (kind: deopt-lazy, reason: (unknown)): begin. deoptimizing 0x021c183c2771 <JSFunction searchCpcOnlyFrontier (sfi = 000000B94A4CF351)>, <JSFunction probeConnect4RbaSharedExactCache32 (sfi = 0000031411090DA1)>0x03f2ebca1c49 <Code  (target MAGLEV) - took 0.000, 0.212, 0.006 ms]
MAGLEV>, opt id 67, bytecode offset 2128, deopt exit 196, FP to SP delta 600, caller SP 0x00150d9f9d28, pc 0x02072e0774ed]
[completed compiling 0x03d6dff6e931 [bailout (kind: deopt-lazy, reason: (unknown)): begin. deoptimizing <JSFunction mixSpan32Locator32 (sfi = 000003D6DFF58D31)>0x021c183c2771  (target MAGLEV) - took 0.000, 0.159, 0.002 ms<JSFunction searchCpcOnlyFrontier (sfi = 000000B94A4CF351)>]
, 0x03f2ebca1c49 <Code MAGLEV>, opt id 67, bytecode offset 2128, deopt exit 196, FP to SP delta 600, caller SP 0x00150d9f9ff0, pc 0x02072e0774ed]
[bailout (kind: deopt-lazy, reason: (unknown)): begin. deoptimizing 0x021c183c2771 <JSFunction searchCpcOnlyFrontier (sfi = 000000B94A4CF351)>, 0x03f2ebca1c49 <Code MAGLEV>, opt id 67, bytecode offset 2128, deopt exit 196, FP to SP delta 600, caller SP 0x00150d9fa2b8, pc 0x02072e0774ed]
[marking 0x00b94a4e9e01 <JSFunction publishSpan32 (sfi = 000000B94A4D41E1)> for optimization to TURBOFAN_JS, ConcurrencyMode::kConcurrent, reason: hot and stable]
[bailout (kind: deopt-lazy, reason: (unknown)): begin. deoptimizing 0x021c183c2771 <JSFunction searchCpcOnlyFrontier (sfi = 000000B94A4CF351)>, 0x03f2ebca1c49 <Code MAGLEV>, opt id 67, bytecode offset 2128, deopt exit 196, FP to SP delta 600, caller SP 0x00150d9fa580, pc 0x02072e0774ed]
[marking 0x017a83657451 [bailout (kind: deopt-lazy, reason: (unknown)): begin. deoptimizing 0x021c183c2771 <JSFunction collectSingletonProfiles (sfi = 000000B43CDD7551)> for optimization to TURBOFAN_JS, ConcurrencyMode::kConcurrent, reason: hot and stable]
<JSFunction searchCpcOnlyFrontier (sfi = 000000B94A4CF351)>, 0x03f2ebca1c49 <Code MAGLEV>, opt id 67, bytecode offset 2128, deopt exit 196, FP to SP delta 600, caller SP 0x00150d9fa848, pc 0x02072e0774ed]
[marking 0x01b422c63211 <JSFunction collectSingletonProfiles (sfi = 000002BB47C19D69)> for optimization to TURBOFAN_JS, ConcurrencyMode::kConcurrent, reason: hot and stable]
[bailout (kind: deopt-eager, reason: Insufficient type feedback for binary operation): begin. deoptimizing 0x031411096b31 <JSFunction probeConnect4RbaSharedExactCache32 (sfi = 0000031411090DA1)>, 0x005fed20f639 <Code MAGLEV>, opt id 157, bytecode offset 56, deopt exit 10, FP to SP delta 104, caller SP 0x00150c9fb388, pc 0x0204d3521e1c]
[marking 0x00b43cde3c59 <JSFunction connect4RbaCofactorBasis (sfi = 000000B43CDD42F9)> for optimization to TURBOFAN_JS, ConcurrencyMode::kConcurrent, reason: hot and stable]
[marking 0x03d6dff70399 <JSFunction evaluateConnect4CpcNonterminal32 (sfi = 000003D6DFF63021)> for optimization to MAGLEV, ConcurrencyMode::kConcurrent, reason: hot and stable]
[marking 0x02bb47c25651 <JSFunction publishSpan32 (sfi = 000002BB47C0F929)> for optimization to TURBOFAN_JS, ConcurrencyMode::kConcurrent, reason: hot and stable]
[compiling method 0x03d6dff70399 <JSFunction evaluateConnect4CpcNonterminal32 (sfi = 000003D6DFF63021)> (target MAGLEV), mode: ConcurrencyMode::kConcurrent]
[marking 0x00b43cde2d11 <JSFunction mixSpan32Locator32 (sfi = 000000B43CDCD159)> for optimization to TURBOFAN_JS, ConcurrencyMode::kConcurrent, reason: hot and stable]
[marking 0x02ca64698709 <JSFunction collectSingletonProfiles (sfi = 000000E216EDC139)> for optimization to TURBOFAN_JS, ConcurrencyMode::kConcurrent, reason: hot and stable]
[marking 0x00e216eea161 <JSFunction advanceConnect4LiveLineState32 (sfi = 000000E216EDE599)> for optimization to TURBOFAN_JS, ConcurrencyMode::kConcurrent, reason: hot and stable]
[marking 0x00b43cde3c59 <JSFunction connect4RbaCofactorBasis (sfi = 000000B43CDD42F9)> for optimization to TURBOFAN_JS, ConcurrencyMode::kConcurrent, reason: hot and stable]
[marking 0x00b43cde2d11 <JSFunction mixSpan32Locator32 (sfi = 000000B43CDCD159)> for optimization to TURBOFAN_JS, ConcurrencyMode::kConcurrent, reason: hot and stable]
[marking 0x028bddca6279 <JSFunction publishSpan32 (sfi = 0000028BDDC90661)> for optimization to TURBOFAN_JS, ConcurrencyMode::kConcurrent, reason: hot and stable]
[completed compiling 0x03d6dff6f879 <JSFunction connect4RbaCofactorBasis (sfi = 000003D6DFF5FEE9)> (target MAGLEV) - took 0.000, 0.542, 0.005 ms]
[marking 0x031411093529 <JSFunction publishSpan32 (sfi = 0000034CC2B7D391)> for optimization to TURBOFAN_JS, ConcurrencyMode::kConcurrent, reason: hot and stable]
[marking 0x0185284cc779 <JSFunction permutePair3 (sfi = 0000031411080769)> for optimization to TURBOFAN_JS, ConcurrencyMode::kConcurrent, reason: hot and stable]
[completed compiling 0x03d6dff6e8f1 <JSFunction publishSpan32 (sfi = 000003D6DFF58CE9)> (target MAGLEV) - took 0.000, 0.112, 0.001 ms]
[marking 0x01b422c63291 <JSFunction pairedResponseNoWin (sfi = 000002BB47C19DF9)> for optimization to MAGLEV, ConcurrencyMode::kConcurrent, reason: hot and stable[marking ]
0x00b43cde3c59 <JSFunction connect4RbaCofactorBasis (sfi = 000000B43CDD42F9)> for optimization to TURBOFAN_JS, ConcurrencyMode::kConcurrent, reason: hot and stable]
[compiling method 0x01b422c63291 <JSFunction pairedResponseNoWin (sfi = 000002BB47C19DF9)> (target MAGLEV), mode: ConcurrencyMode::kConcurrent]
[marking 0x00b43cde2d11 <JSFunction mixSpan32Locator32 (sfi = 000000B43CDCD159)> for optimization to TURBOFAN_JS, ConcurrencyMode::kConcurrent, reason: hot and stable]
[marking 0x01354eb58689 <JSFunction collectSingletonProfiles (sfi = 0000028BDDC9AAA1)> for optimization to TURBOFAN_JS, ConcurrencyMode::kConcurrent, reason: hot and stable]
[completed compiling 0x031f01986251 <JSFunction permutePair3 (sfi = 000003D6DFF5BAC1)> (target MAGLEV) - took 0.000, 0.327, 0.001 ms]
[marking 0x017a83657451 <JSFunction collectSingletonProfiles (sfi = 000000B43CDD7551)> for optimization to TURBOFAN_JS, ConcurrencyMode::kConcurrent, reason: hot and stable]
[marking 0x031411093529 <JSFunction publishSpan32 (sfi = 0000034CC2B7D391)> for optimization to TURBOFAN_JS, ConcurrencyMode::kConcurrent, reason: hot and stable]
[marking 0x00b43cde3c59 <JSFunction connect4RbaCofactorBasis (sfi = 000000B43CDD42F9)> for optimization to TURBOFAN_JS, ConcurrencyMode::kConcurrent, reason: hot and stable]
[marking 0x021c183c2771 <JSFunction searchCpcOnlyFrontier (sfi = 000000B94A4CF351)> for optimization to MAGLEV, ConcurrencyMode::kConcurrent, reason: hot and stable]
[compiling method 0x021c183c2771 <JSFunction searchCpcOnlyFrontier (sfi = 000000B94A4CF351)> (target MAGLEV), mode: ConcurrencyMode::kConcurrent]
[completed compiling 0x0185284ccc39 <JSFunction deriveForkPreemption32 (sfi = 0000031411087E19)> (target MAGLEV) - took 0.000, 1.177, 0.011 ms]
[marking 0x01b422c63211 <JSFunction collectSingletonProfiles (sfi = 000002BB47C19D69)> for optimization to TURBOFAN_JS, ConcurrencyMode::kConcurrent, reason: hot and stable]
[marking 0x0185284cc779 <JSFunction permutePair3 (sfi = 0000031411080769)> for optimization to TURBOFAN_JS, ConcurrencyMode::kConcurrent, reason: hot and stable]
[marking 0x00b43cde2d11 <JSFunction mixSpan32Locator32 (sfi = 000000B43CDCD159)> for optimization to TURBOFAN_JS, ConcurrencyMode::kConcurrent, reason: hot and stable]
[marking 0x02ca64698709 <JSFunction collectSingletonProfiles (sfi = 000000E216EDC139)> for optimization to TURBOFAN_JS, ConcurrencyMode::kConcurrent, reason: hot and stable]
[marking 0x0185284ccbf9 <JSFunction collectSingletonProfiles (sfi = 0000031411087DD1)> for optimization to TURBOFAN_JS, ConcurrencyMode::kConcurrent, reason: hot and stable]
[marking 0x00b43cde2cd1 <JSFunction publishSpan32 (sfi = 000000B43CDCD111)> for optimization to TURBOFAN_JS, ConcurrencyMode::kConcurrent, reason: hot and stable]
[completed compiling 0x028bddca7201 <JSFunction connect4RbaCofactorBasis (sfi = 0000028BDDC97849)> (target TURBOFAN_JS) - took 0.002, 3.986, 0.021 ms]
[completed optimizing 0x028bddca7201 <JSFunction connect4RbaCofactorBasis (sfi = 0000028BDDC97849)> (target TURBOFAN_JS)]
[marking 0x00b94a4e9e01 <JSFunction publishSpan32 (sfi = 000000B94A4D41E1)> for optimization to TURBOFAN_JS, ConcurrencyMode::kConcurrent, reason: hot and stable]
[marking 0x00b43cde3c59 <JSFunction connect4RbaCofactorBasis (sfi = 000000B43CDD42F9)> for optimization to TURBOFAN_JS, ConcurrencyMode::kConcurrent, reason: hot and stable]
[completed compiling 0x0185284cd091 <JSFunction probeConnect4RbaExactCacheSlot32Frontier (sfi = 0000034CC2B78399)>[compiling method  (target MAGLEV) - took 0.001, 0.323, 0.004 ms]
0x00b43cde3c59 <JSFunction connect4RbaCofactorBasis (sfi = 000000B43CDD42F9)> (target TURBOFAN_JS), mode: ConcurrencyMode::kConcurrent]
[bailout (kind: deopt-lazy, reason: (unknown)): begin. deoptimizing 0x001e5390e639 <JSFunction searchCpcOnlyFrontier (sfi = 000000B43CDC8281)>, 0x03003ee969a1 <Code MAGLEV>, opt id 111, bytecode offset 2128, deopt exit 199, FP to SP delta 600, caller SP 0x00150f1fada0, pc 0x0207ce816431]
[bailout (kind: deopt-lazy, reason: (unknown)): begin. deoptimizing 0x001e5390e639 <JSFunction searchCpcOnlyFrontier (sfi = 000000B43CDC8281)>, 0x03003ee969a1 <Code MAGLEV>, opt id 111, bytecode offset 2128, deopt exit 199, FP to SP delta 600, caller SP 0x00150f1fb068, pc 0x0207ce816431]
[marking 0x00e216eea161 <JSFunction advanceConnect4LiveLineState32 (sfi = 000000E216EDE599)> for optimization to TURBOFAN_JS, ConcurrencyMode::kConcurrent, reason: hot and stable]
[marking 0x031411093529 <JSFunction publishSpan32 (sfi = 0000034CC2B7D391)> for optimization to TURBOFAN_JS, ConcurrencyMode::kConcurrent, reason: hot and stable]
[marking 0x02bb47c25651 <JSFunction publishSpan32 (sfi = 000002BB47C0F929)> for optimization to TURBOFAN_JS, ConcurrencyMode::kConcurrent, reason: hot and stable]
[marking 0x00b43cde4779 <JSFunction evaluateConnect4CpcNonterminal32 (sfi = 000000B43CDD7431)> for optimization to MAGLEV, ConcurrencyMode::kConcurrent, reason: hot and stable]
[marking 0x00b43cde2d11 <JSFunction mixSpan32Locator32 (sfi = 000000B43CDCD159)> for optimization to TURBOFAN_JS, ConcurrencyMode::kConcurrent, reason: hot and stable]
[compiling method 0x00b43cde4779 <JSFunction evaluateConnect4CpcNonterminal32 (sfi = 000000B43CDD7431)> (target MAGLEV), mode: ConcurrencyMode::kConcurrent]
[marking 0x0185284cc779 <JSFunction permutePair3 (sfi = 0000031411080769)> for optimization to TURBOFAN_JS, ConcurrencyMode::kConcurrent, reason: hot and stable]
[completed compiling 0x031f01986c71 <JSFunction collectSingletonProfiles (sfi = 000003D6DFF63141)> (target MAGLEV) - took 0.000, 1.166, 0.007 ms]
[marking 0x031411093529 <JSFunction publishSpan32 (sfi = 0000034CC2B7D391)> for optimization to TURBOFAN_JS, ConcurrencyMode::kConcurrent, reason: hot and stable]
[marking 0x00b43cde2d11 <JSFunction mixSpan32Locator32 (sfi = 000000B43CDCD159)> for optimization to TURBOFAN_JS, ConcurrencyMode::kConcurrent, reason: hot and stable]
[marking 0x01354eb58689 <JSFunction collectSingletonProfiles (sfi = 0000028BDDC9AAA1)> for optimization to TURBOFAN_JS, ConcurrencyMode::kConcurrent, reason: hot and stable]
[marking 0x017a83657451 <JSFunction collectSingletonProfiles (sfi = 000000B43CDD7551)> for optimization to TURBOFAN_JS, ConcurrencyMode::kConcurrent, reason: hot and stable]
[completed compiling 0x03d6dff71141 <JSFunction advanceConnect4LiveLineState32 (sfi = 000003D6DFF655A1)> (target MAGLEV) - took 0.000, 0.209, 0.002 ms]
[marking 0x02bb47c27ea1 <JSFunction advanceConnect4LiveLineState32 (sfi = 000002BB47C1C1C9)> for optimization to TURBOFAN_JS, ConcurrencyMode::kConcurrent, reason: hot and stable]
[marking 0x02ca64698709 <JSFunction collectSingletonProfiles (sfi = 000000E216EDC139)> for optimization to TURBOFAN_JS, ConcurrencyMode::kConcurrent, reason: hot and stable]
[completed compiling 0x03d6dff711c1 <JSFunction evaluateConnect4LiveLine3x32 (sfi = 000003D6DFF65631)> (target MAGLEV) - took 0.000, 0.120, 0.001 ms]
[completed compiling 0x00e216ee7911 <JSFunction publishSpan32 (sfi = 000000E216ED1CC9)> (target TURBOFAN_JS) - took 0.002, 1.117, 0.006 ms]
[completed optimizing 0x00e216ee7911 <JSFunction publishSpan32 (sfi = 000000E216ED1CC9)> (target TURBOFAN_JS)]
[marking 0x00b94a4e9e01 <JSFunction publishSpan32 (sfi = 000000B94A4D41E1)> for optimization to TURBOFAN_JS, ConcurrencyMode::kConcurrent, reason: hot and stable]
[marking 0x01b422c63211 <JSFunction collectSingletonProfiles (sfi = 000002BB47C19D69)> for optimization to TURBOFAN_JS, ConcurrencyMode::kConcurrent, reason: hot and stable]
[compiling method 0x00b94a4e9e01 <JSFunction publishSpan32 (sfi = 000000B94A4D41E1)> (target TURBOFAN_JS), mode: ConcurrencyMode::kConcurrent]
[marking 0x00b43cde2cd1 <JSFunction publishSpan32 (sfi = 000000B43CDCD111)> for optimization to TURBOFAN_JS, ConcurrencyMode::kConcurrent, reason: hot and stable]
[completed compiling 0x03d6dff70ec9 <JSFunction popcount3x32 (sfi = 000003D6DFF67D51)> (target MAGLEV) - took 0.000, 0.098, 0.002 ms]
[completed compiling 0x03d6dff71f39 <JSFunction storeConnect4RbaSharedExactCache32 (sfi = 000003D6DFF6C159)> (target MAGLEV) - took 0.001, 0.434, 0.006 ms]
[marking 0x00b43cde2d11 <JSFunction mixSpan32Locator32 (sfi = 000000B43CDCD159)> for optimization to TURBOFAN_JS, ConcurrencyMode::kConcurrent, reason: hot and stable]
[marking 0x03d6dff6f579 <JSFunction emitSortedSetBits32 (sfi = 000003D6DFF60EF1)> for optimization to TURBOFAN_JS, ConcurrencyMode::kConcurrent, reason: hot and stable]
[marking 0x0185284ccbf9 <JSFunction collectSingletonProfiles (sfi = 0000031411087DD1)> for optimization to TURBOFAN_JS, ConcurrencyMode::kConcurrent, reason: hot and stable]
[marking 0x00e216eea161 <JSFunction advanceConnect4LiveLineState32 (sfi = 000000E216EDE599)> for optimization to TURBOFAN_JS, ConcurrencyMode::kConcurrent, reason: hot and stable]
[marking 0x02bb47c25651 <JSFunction publishSpan32 (sfi = 000002BB47C0F929)> for optimization to TURBOFAN_JS, ConcurrencyMode::kConcurrent, reason: hot and stable]
[marking 0x03d6dff6f579 <JSFunction emitSortedSetBits32 (sfi = 000003D6DFF60EF1)> for optimization to TURBOFAN_JS, ConcurrencyMode::kConcurrent, reason: hot and stable]
[marking 0x00b43cde2d11 <JSFunction mixSpan32Locator32 (sfi = 000000B43CDCD159)> for optimization to TURBOFAN_JS, ConcurrencyMode::kConcurrent, reason: hot and stable]
[marking 0x0185284cc779 <JSFunction permutePair3 (sfi = 0000031411080769)> for optimization to TURBOFAN_JS, ConcurrencyMode::kConcurrent, reason: hot and stable]
[marking 0x031411093529 <JSFunction publishSpan32 (sfi = 0000034CC2B7D391)> for optimization to TURBOFAN_JS, ConcurrencyMode::kConcurrent, reason: hot and stable]
[completed compiling 0x03d6dff71ef9 <JSFunction probeConnect4RbaSharedExactCache32 (sfi = 000003D6DFF6C111)> (target MAGLEV) - took 0.000, 0.470, 0.006 ms]
[marking 0x03d6dff6f579 <JSFunction emitSortedSetBits32 (sfi = 000003D6DFF60EF1)> for optimization to TURBOFAN_JS, ConcurrencyMode::kConcurrent, reason: hot and stable]
[marking 0x02ca64698709 <JSFunction collectSingletonProfiles (sfi = 000000E216EDC139)> for optimization to TURBOFAN_JS, ConcurrencyMode::kConcurrent, reason: hot and stable]
[marking 0x00b94a4eb3e9 <JSFunction firstSetBitIndex32 (sfi = 000000B94A4DFA39)> for optimization to MAGLEV, ConcurrencyMode::kConcurrent, reason: hot and stable]
[compiling method 0x00b94a4eb3e9 <JSFunction firstSetBitIndex32 (sfi = 000000B94A4DFA39)> (target MAGLEV), mode: ConcurrencyMode::kConcurrent]
[marking 0x01b422c63211 <JSFunction collectSingletonProfiles (sfi = 000002BB47C19D69)> for optimization to TURBOFAN_JS, ConcurrencyMode::kConcurrent, reason: hot and stable]
[completed compiling 0x031f01986769 <JSFunction compareReflectedSupport (sfi = 000003D6DFF60051)> (target MAGLEV) - took 0.000, 0.181, 0.002 ms]
[completed compiling 0x031f01986051 <JSFunction prepareRemoveDense (sfi = 000003D6DFF5B881)> (target MAGLEV) - took 0.000, 0.052, 0.001 ms]
[marking 0x00b43cde2d11 <JSFunction mixSpan32Locator32 (sfi = 000000B43CDCD159)> for optimization to TURBOFAN_JS, ConcurrencyMode::kConcurrent, reason: hot and stable]
[marking 0x03d6dff6f579 <JSFunction emitSortedSetBits32 (sfi = 000003D6DFF60EF1)> for optimization to TURBOFAN_JS, ConcurrencyMode::kConcurrent, reason: hot and stable]
[marking 0x02bb47c27ea1 <JSFunction advanceConnect4LiveLineState32 (sfi = 000002BB47C1C1C9)> for optimization to TURBOFAN_JS, ConcurrencyMode::kConcurrent, reason: hot and stable]
[completed compiling 0x00e216ee7951 <JSFunction mixSpan32Locator32 (sfi = 000000E216ED1D11)> (target TURBOFAN_JS) - took 0.002, 0.868, 0.006 ms]
[completed optimizing 0x00e216ee7951 <JSFunction mixSpan32Locator32 (sfi = 000000E216ED1D11)> (target TURBOFAN_JS)]
[marking 0x00e216ee8ef9 <JSFunction firstSetBitIndex32 (sfi = 000000E216EDD521)> for optimization to MAGLEV, ConcurrencyMode::kConcurrent, reason: hot and stable]
[compiling method 0x00e216ee8ef9 <JSFunction firstSetBitIndex32 (sfi = 000000E216EDD521)> (target MAGLEV), mode: ConcurrencyMode::kConcurrent]
[marking 0x028bddca8ac9 <JSFunction advanceConnect4LiveLineState32 (sfi = 0000028BDDC9CF01)> for optimization to TURBOFAN_JS, ConcurrencyMode::kConcurrent, reason: hot and stable]
[compiling method 0x028bddca8ac9 <JSFunction advanceConnect4LiveLineState32 (sfi = 0000028BDDC9CF01)> (target TURBOFAN_JS), mode: ConcurrencyMode::kConcurrent]
[marking 0x00e216eea161 <JSFunction advanceConnect4LiveLineState32 (sfi = 000000E216EDE599)> for optimization to TURBOFAN_JS, ConcurrencyMode::kConcurrent, reason: hot and stable]
[marking 0x03d6dff6f579 <JSFunction emitSortedSetBits32 (sfi = 000003D6DFF60EF1)> for optimization to TURBOFAN_JS, ConcurrencyMode::kConcurrent, reason: hot and stable]
[marking 0x02bb47c26c39 <JSFunction firstSetBitIndex32 (sfi = 000002BB47C1B151)> for optimization to MAGLEV, ConcurrencyMode::kConcurrent, reason: hot and stable]
[compiling method 0x02bb47c26c39 <JSFunction firstSetBitIndex32 (sfi = 000002BB47C1B151)> (target MAGLEV), mode: ConcurrencyMode::kConcurrent]
[marking 0x00b43cde2cd1 <JSFunction publishSpan32 (sfi = 000000B43CDCD111)> for optimization to TURBOFAN_JS, ConcurrencyMode::kConcurrent, reason: hot and stable]
[marking 0x017a83657451 <JSFunction collectSingletonProfiles (sfi = 000000B43CDD7551)> for optimization to TURBOFAN_JS, ConcurrencyMode::kConcurrent, reason: hot and stable]
[marking 0x02ca64698709 <JSFunction collectSingletonProfiles (sfi = 000000E216EDC139)> for optimization to TURBOFAN_JS, ConcurrencyMode::kConcurrent, reason: hot and stable]
[marking 0x031411093529 <JSFunction publishSpan32 (sfi = 0000034CC2B7D391)> for optimization to TURBOFAN_JS, ConcurrencyMode::kConcurrent, reason: hot and stable]
[marking 0x01354eb58689 <JSFunction collectSingletonProfiles (sfi = 0000028BDDC9AAA1)>[marking  for optimization to TURBOFAN_JS, ConcurrencyMode::kConcurrent, reason: hot and stable0x00b43cde2d11 ]
<JSFunction mixSpan32Locator32 (sfi = 000000B43CDCD159)> for optimization to TURBOFAN_JS, ConcurrencyMode::kConcurrent, reason: hot and stable]
[completed compiling 0x03d6dff6f979 <JSFunction connect4RbaCanonicalize (sfi = 000003D6DFF60009)> (target MAGLEV) - took 0.001, 1.077, 0.007 ms]
[marking 0x03d6dff6f579 <JSFunction emitSortedSetBits32 (sfi = 000003D6DFF60EF1)> for optimization to TURBOFAN_JS, ConcurrencyMode::kConcurrent, reason: hot and stable]
[marking 0x01b422c63211 <JSFunction collectSingletonProfiles (sfi = 000002BB47C19D69)> for optimization to TURBOFAN_JS, ConcurrencyMode::kConcurrent, reason: hot and stable]
[marking 0x0185284cc779 <JSFunction permutePair3 (sfi = 0000031411080769)> for optimization to TURBOFAN_JS, ConcurrencyMode::kConcurrent, reason: hot and stable]
[marking 0x03d6dff6f579 <JSFunction emitSortedSetBits32 (sfi = 000003D6DFF60EF1)> for optimization to TURBOFAN_JS, ConcurrencyMode::kConcurrent, reason: hot and stable]
[marking 0x0185284ccbf9 <JSFunction collectSingletonProfiles (sfi = 0000031411087DD1)> for optimization to TURBOFAN_JS, ConcurrencyMode::kConcurrent, reason: hot and stable]
[marking [marking 0x00b43cde2d11 0x03d6dff6f579 <JSFunction mixSpan32Locator32 (sfi = 000000B43CDCD159)> for optimization to TURBOFAN_JS, ConcurrencyMode::kConcurrent, reason: hot and stable]
<JSFunction emitSortedSetBits32 (sfi = 000003D6DFF60EF1)> for optimization to TURBOFAN_JS, ConcurrencyMode::kConcurrent, reason: hot and stable]
[completed compiling 0x031f01987811 <JSFunction probeConnect4RbaExactCacheSlot32Frontier (sfi = 000003D6DFF53CF1)> (target MAGLEV) - took 0.000, 0.316, 0.005 ms]
[completed compiling 0x031f019878d1 <JSFunction absToRelativeFrontier (sfi = 000003D6DFF53DC9)> (target MAGLEV) - took 0.000, 0.047, 0.000 ms]
[marking 0x02bb47c27ea1 <JSFunction advanceConnect4LiveLineState32 (sfi = 000002BB47C1C1C9)> for optimization to TURBOFAN_JS, ConcurrencyMode::kConcurrent, reason: hot and stable]
[marking 0x02ca64698709 <JSFunction collectSingletonProfiles (sfi = 000000E216EDC139)> for optimization to TURBOFAN_JS, ConcurrencyMode::kConcurrent, reason: hot and stable]
[marking 0x03d6dff6f579 <JSFunction emitSortedSetBits32 (sfi = 000003D6DFF60EF1)>[marking  for optimization to TURBOFAN_JS, ConcurrencyMode::kConcurrent, reason: hot and stable0x031411093529]
 [marking <JSFunction publishSpan32 (sfi = 0000034CC2B7D391)> for optimization to TURBOFAN_JS, ConcurrencyMode::kConcurrent, reason: hot and stable]
0x00e216eea161 <JSFunction advanceConnect4LiveLineState32 (sfi = 000000E216EDE599)> for optimization to TURBOFAN_JS, ConcurrencyMode::kConcurrent, reason: hot and stable]
[marking 0x02bb47c25651 <JSFunction publishSpan32 (sfi = 000002BB47C0F929)> for optimization to TURBOFAN_JS, ConcurrencyMode::kConcurrent, reason: hot and stable]
[marking 0x00b43cde2d11 <JSFunction mixSpan32Locator32 (sfi = 000000B43CDCD159)> for optimization to TURBOFAN_JS, ConcurrencyMode::kConcurrent, reason: hot and stable]
[marking 0x03d6dff6f579 <JSFunction emitSortedSetBits32 (sfi = 000003D6DFF60EF1)> for optimization to TURBOFAN_JS, ConcurrencyMode::kConcurrent, reason: hot and stable]
[completed compiling 0x031f01987851 <JSFunction storeConnect4RbaExactCacheSlot32Frontier (sfi = 000003D6DFF53D39)> (target MAGLEV) - took 0.000, 0.246, 0.003 ms]
[marking 0x01b422c63211 [completed compiling 0x031f01986bf1<JSFunction collectSingletonProfiles (sfi = 000002BB47C19D69)>  for optimization to TURBOFAN_JS, ConcurrencyMode::kConcurrent, reason: hot and stable]
<JSFunction cellMarked (sfi = 000003D6DFF630B1)> (target MAGLEV) - took 0.000, 0.046, 0.001 ms]
[marking 0x00b43cde2d11 <JSFunction mixSpan32Locator32 (sfi = 000000B43CDCD159)> for optimization to TURBOFAN_JS, ConcurrencyMode::kConcurrent, reason: hot and stable]
[marking 0x017a83657451 <JSFunction collectSingletonProfiles (sfi = 000000B43CDD7551)> for optimization to TURBOFAN_JS, ConcurrencyMode::kConcurrent, reason: hot and stable]
[marking 0x03d6dff6f579 <JSFunction emitSortedSetBits32 (sfi = 000003D6DFF60EF1)> for optimization to TURBOFAN_JS, ConcurrencyMode::kConcurrent, reason: hot and stable]
[completed compiling 0x03d6dff6e639 <JSFunction completeRootFrontierNode32 (sfi = 000003D6DFF553A1)> (target MAGLEV) - took 0.000, 0.086, 0.002 ms]
[marking 0x0185284cc779 <JSFunction permutePair3 (sfi = 0000031411080769)> for optimization to TURBOFAN_JS, ConcurrencyMode::kConcurrent, reason: hot and stable]
[marking 0x02478d99e079 <JSFunction collectSingletonProfiles (sfi = 000000B94A4DE651)> for optimization to TURBOFAN_JS, ConcurrencyMode::kConcurrent, reason: hot and stable]
[completed compiling 0x031f01987911 <JSFunction relativeToAbsFrontier (sfi = 000003D6DFF53E11)> (target MAGLEV) - took 0.000, 0.064, 0.001 ms]
[completed compiling 0x00e216ee8599 <JSFunction emitSortedSetBits32 (sfi = 000000E216ED9ED1)> (target TURBOFAN_JS) - took 0.002, 1.123, 0.005 ms[marking ]
0x00b43cde2cd1 [completed optimizing <JSFunction publishSpan32 (sfi = 000000B43CDCD111)>0x00e216ee8599 for optimization to TURBOFAN_JS, ConcurrencyMode::kConcurrent, reason: hot and stable ]
[compiling method <JSFunction emitSortedSetBits32 (sfi = 000000E216ED9ED1)> (target TURBOFAN_JS)]
0x0185284cc779 [compiling method 0x00b43cde2cd1 <JSFunction permutePair3 (sfi = 0000031411080769)> (target TURBOFAN_JS), mode: ConcurrencyMode::kConcurrent<JSFunction publishSpan32 (sfi = 000000B43CDCD111)>]
 (target TURBOFAN_JS), mode: ConcurrencyMode::kConcurrent]
[marking 0x00b43cde2d11 <JSFunction mixSpan32Locator32 (sfi = 000000B43CDCD159)> for optimization to TURBOFAN_JS, ConcurrencyMode::kConcurrent, reason: hot and stable]
[marking 0x03d6dff6f579 <JSFunction emitSortedSetBits32 (sfi = 000003D6DFF60EF1)> for optimization to TURBOFAN_JS, ConcurrencyMode::kConcurrent, reason: hot and stable]
[marking 0x028bddca6279 <JSFunction publishSpan32 (sfi = 0000028BDDC90661)> for optimization to TURBOFAN_JS, ConcurrencyMode::kConcurrent, reason: hot and stable]
[marking 0x03d6dff6f579 <JSFunction emitSortedSetBits32 (sfi = 000003D6DFF60EF1)> for optimization to TURBOFAN_JS, ConcurrencyMode::kConcurrent, reason: hot and stable]
[marking 0x031411093529 <JSFunction publishSpan32 (sfi = 0000034CC2B7D391)> for optimization to TURBOFAN_JS, ConcurrencyMode::kConcurrent, reason: hot and stable]
[marking 0x0185284ccbf9 <JSFunction collectSingletonProfiles (sfi = 0000031411087DD1)> for optimization to TURBOFAN_JS, ConcurrencyMode::kConcurrent, reason: hot and stable]
[marking 0x00b43cde2d11 <JSFunction mixSpan32Locator32 (sfi = 000000B43CDCD159)> for optimization to TURBOFAN_JS, ConcurrencyMode::kConcurrent, reason: hot and stable]
[marking 0x017a836574d1 <JSFunction pairedResponseNoWin (sfi = 000000B43CDD75E1)> for optimization to MAGLEV, ConcurrencyMode::kConcurrent, reason: hot and stable]
[compiling method 0x017a836574d1 <JSFunction pairedResponseNoWin (sfi = 000000B43CDD75E1)> (target MAGLEV), mode: ConcurrencyMode::kConcurrent]
[marking 0x03d6dff6f579 <JSFunction emitSortedSetBits32 (sfi = 000003D6DFF60EF1)> for optimization to TURBOFAN_JS, ConcurrencyMode::kConcurrent, reason: hot and stable]
[completed compiling 0x031f01986cf1[marking  0x00b43cde2d11 <JSFunction mixSpan32Locator32 (sfi = 000000B43CDCD159)> for optimization to TURBOFAN_JS, ConcurrencyMode::kConcurrent, reason: hot and stable<JSFunction pairedResponseNoWin (sfi = 000003D6DFF631D1)>]
 (target MAGLEV) - took 0.000, 0.349, 0.003 ms]
[marking 0x01354eb58689 <JSFunction collectSingletonProfiles (sfi = 0000028BDDC9AAA1)> for optimization to TURBOFAN_JS, ConcurrencyMode::kConcurrent, reason: hot and stable]
[marking 0x017a83657451 <JSFunction collectSingletonProfiles (sfi = 000000B43CDD7551)> for optimization to TURBOFAN_JS, ConcurrencyMode::kConcurrent, reason: hot and stable]
[marking 0x03d6dff6f579 <JSFunction emitSortedSetBits32 (sfi = 000003D6DFF60EF1)> for optimization to TURBOFAN_JS, ConcurrencyMode::kConcurrent, reason: hot and stable]
[marking 0x03d6dff6f579 <JSFunction emitSortedSetBits32 (sfi = 000003D6DFF60EF1)> for optimization to TURBOFAN_JS, ConcurrencyMode::kConcurrent, reason: hot and stable]
[marking 0x00b43cde2d11 <JSFunction mixSpan32Locator32 (sfi = 000000B43CDCD159)> for optimization to TURBOFAN_JS, ConcurrencyMode::kConcurrent, reason: hot and stable]
[marking 0x02ca64698709 <JSFunction collectSingletonProfiles (sfi = 000000E216EDC139)> for optimization to TURBOFAN_JS, ConcurrencyMode::kConcurrent, reason: hot and stable]
[marking 0x02bb47c25651 <JSFunction publishSpan32 (sfi = 000002BB47C0F929)> for optimization to TURBOFAN_JS, ConcurrencyMode::kConcurrent, reason: hot and stable]
[marking 0x03d6dff6f579 <JSFunction emitSortedSetBits32 (sfi = 000003D6DFF60EF1)> for optimization to TURBOFAN_JS, ConcurrencyMode::kConcurrent, reason: hot and stable]
[marking 0x00b43cde2d11 <JSFunction mixSpan32Locator32 (sfi = 000000B43CDCD159)> for optimization to TURBOFAN_JS, ConcurrencyMode::kConcurrent, reason: hot and stable]
[marking 0x00b43cde42b9 <JSFunction firstSetBitIndex32 (sfi = 000000B43CDD8939)> for optimization to MAGLEV, ConcurrencyMode::kConcurrent, reason: hot and stable]
[compiling method 0x00b43cde42b9 <JSFunction firstSetBitIndex32 (sfi = 000000B43CDD8939)> (target MAGLEV), mode: ConcurrencyMode::kConcurrent]
[marking 0x02bb47c27ea1 <JSFunction advanceConnect4LiveLineState32 (sfi = 000002BB47C1C1C9)> for optimization to TURBOFAN_JS, ConcurrencyMode::kConcurrent, reason: hot and stable]
[marking 0x03d6dff6f579 <JSFunction emitSortedSetBits32 (sfi = 000003D6DFF60EF1)> for optimization to TURBOFAN_JS, ConcurrencyMode::kConcurrent, reason: hot and stable]
[marking 0x03d6dff6fed9 <JSFunction firstSetBitIndex32 (sfi = 000003D6DFF64529)> for optimization to MAGLEV, ConcurrencyMode::kConcurrent, reason: hot and stable]
[marking 0x00e216eea161 <JSFunction advanceConnect4LiveLineState32 (sfi = 000000E216EDE599)> for optimization to TURBOFAN_JS, ConcurrencyMode::kConcurrent, reason: hot and stable]
[marking 0x03d6dff6f579 <JSFunction emitSortedSetBits32 (sfi = 000003D6DFF60EF1)> for optimization to TURBOFAN_JS, ConcurrencyMode::kConcurrent, reason: hot and stable]
[marking 0x02478d99e079 <JSFunction collectSingletonProfiles (sfi = 000000B94A4DE651)> for optimization to TURBOFAN_JS, ConcurrencyMode::kConcurrent, reason: hot and stable[marking ]
0x031411093529 <JSFunction publishSpan32 (sfi = 0000034CC2B7D391)> for optimization to TURBOFAN_JS, ConcurrencyMode::kConcurrent, reason: hot and stable]
[completed compiling 0x031411093569 <JSFunction mixSpan32Locator32 (sfi = 0000034CC2B7D3D9)> (target TURBOFAN_JS) - took 0.002, 0.908, 0.012 ms]
[completed optimizing 0x031411093569 <JSFunction mixSpan32Locator32 (sfi = 0000034CC2B7D3D9)> (target TURBOFAN_JS)]
[marking 0x017a83657451 <JSFunction collectSingletonProfiles (sfi = 000000B43CDD7551)> for optimization to TURBOFAN_JS, ConcurrencyMode::kConcurrent, reason: hot and stable]
[compiling method 0x017a83657451 <JSFunction collectSingletonProfiles (sfi = 000000B43CDD7551)> (target TURBOFAN_JS), mode: ConcurrencyMode::kConcurrent]
[compiling method 0x03d6dff6fed9 <JSFunction firstSetBitIndex32 (sfi = 000003D6DFF64529)> (target MAGLEV), mode: ConcurrencyMode::kConcurrent]
[marking 0x03d6dff6f579 <JSFunction emitSortedSetBits32 (sfi = 000003D6DFF60EF1)> for optimization to TURBOFAN_JS, ConcurrencyMode::kConcurrent, reason: hot and stable]
[marking 0x00b43cde2d11 <JSFunction mixSpan32Locator32 (sfi = 000000B43CDCD159)> for optimization to TURBOFAN_JS, ConcurrencyMode::kConcurrent, reason: hot and stable]
[marking 0x01b422c63211 <JSFunction collectSingletonProfiles (sfi = 000002BB47C19D69)> for optimization to TURBOFAN_JS, ConcurrencyMode::kConcurrent, reason: hot and stable]
[marking 0x0185284ccbf9 <JSFunction collectSingletonProfiles (sfi = 0000031411087DD1)> for optimization to TURBOFAN_JS, ConcurrencyMode::kConcurrent, reason: hot and stable]
[marking 0x03d6dff6f579 <JSFunction emitSortedSetBits32 (sfi = 000003D6DFF60EF1)> for optimization to TURBOFAN_JS, ConcurrencyMode::kConcurrent, reason: hot and stable]
[marking 0x00b43cde2cd1 <JSFunction publishSpan32 (sfi = 000000B43CDCD111)> for optimization to TURBOFAN_JS, ConcurrencyMode::kConcurrent, reason: hot and stable]
[marking 0x03d6dff6f579 <JSFunction emitSortedSetBits32 (sfi = 000003D6DFF60EF1)> for optimization to TURBOFAN_JS, ConcurrencyMode::kConcurrent, reason: hot and stable]
[marking 0x03d6dff6f579 <JSFunction emitSortedSetBits32 (sfi = 000003D6DFF60EF1)> for optimization to TURBOFAN_JS, ConcurrencyMode::kConcurrent, reason: hot and stable]
[marking 0x00b43cde2d11 <JSFunction mixSpan32Locator32 (sfi = 000000B43CDCD159)> for optimization to TURBOFAN_JS, ConcurrencyMode::kConcurrent, reason: hot and stable]
[marking 0x02ca64698709 <JSFunction collectSingletonProfiles (sfi = 000000E216EDC139)> for optimization to TURBOFAN_JS, ConcurrencyMode::kConcurrent, reason: hot and stable]
[marking 0x03d6dff6f579 <JSFunction emitSortedSetBits32 (sfi = 000003D6DFF60EF1)> for optimization to TURBOFAN_JS, ConcurrencyMode::kConcurrent, reason: hot and stable]
[marking 0x031411093529 <JSFunction publishSpan32 (sfi = 0000034CC2B7D391)> for optimization to TURBOFAN_JS, ConcurrencyMode::kConcurrent, reason: hot and stable]
[completed compiling 0x03d6dff70399 <JSFunction evaluateConnect4CpcNonterminal32 (sfi = 000003D6DFF63021)> (target MAGLEV) - took 0.000, 1.203, 0.009 ms]
[completed compiling 0x03d6dff6fed9 <JSFunction firstSetBitIndex32 (sfi = 000003D6DFF64529)> (target MAGLEV) - took 0.001, 0.057, 0.001 ms]
[marking 0x02478d99e079 <JSFunction collectSingletonProfiles (sfi = 000000B94A4DE651)> for optimization to TURBOFAN_JS, ConcurrencyMode::kConcurrent, reason: hot and stable]
[completed compiling 0x031f01987951 <JSFunction searchCpcOnlyFrontier (sfi = 000003D6DFF53E59)> (target MAGLEV) - took 0.000, 2.815, 0.014 ms]
[marking 0x03d6dff6f579 <JSFunction emitSortedSetBits32 (sfi = 000003D6DFF60EF1)> for optimization to TURBOFAN_JS, ConcurrencyMode::kConcurrent, reason: hot and stable]
[marking 0x01354eb58689 <JSFunction collectSingletonProfiles (sfi = 0000028BDDC9AAA1)> for optimization to TURBOFAN_JS, ConcurrencyMode::kConcurrent, reason: hot and stable]
[marking 0x03d6dff6f939 <JSFunction connect4RbaCofactorKnownHeight (sfi = 000003D6DFF5FFC1)> for optimization to TURBOFAN_JS, ConcurrencyMode::kConcurrent, reason: hot and stable]
[marking 0x03d6dff6f579 <JSFunction emitSortedSetBits32 (sfi = 000003D6DFF60EF1)> for optimization to TURBOFAN_JS, ConcurrencyMode::kConcurrent, reason: hot and stable]
[marking 0x01b422c63211 <JSFunction collectSingletonProfiles (sfi = 000002BB47C19D69)> for optimization to TURBOFAN_JS, ConcurrencyMode::kConcurrent, reason: hot and stable]
[marking [marking 0x02bb47c27ea1 0x00b43cde2d11 <JSFunction advanceConnect4LiveLineState32 (sfi = 000002BB47C1C1C9)> for optimization to TURBOFAN_JS, ConcurrencyMode::kConcurrent, reason: hot and stable<JSFunction mixSpan32Locator32 (sfi = 000000B43CDCD159)>]
 for optimization to TURBOFAN_JS, ConcurrencyMode::kConcurrent, reason: hot and stable]
[marking 0x03d6dff6f939 <JSFunction connect4RbaCofactorKnownHeight (sfi = 000003D6DFF5FFC1)> for optimization to TURBOFAN_JS, ConcurrencyMode::kConcurrent, reason: hot and stable]
[marking 0x03d6dff6f579 <JSFunction emitSortedSetBits32 (sfi = 000003D6DFF60EF1)> for optimization to TURBOFAN_JS, ConcurrencyMode::kConcurrent, reason: hot and stable]
[marking 0x03d6dff6f579 <JSFunction emitSortedSetBits32 (sfi = 000003D6DFF60EF1)> for optimization to TURBOFAN_JS, ConcurrencyMode::kConcurrent, reason: hot and stable]
[marking 0x00e216ee8f79 <JSFunction popcount32 (sfi = 000000E216EDD5B1)> for optimization to MAGLEV, ConcurrencyMode::kConcurrent, reason: hot and stable]
[compiling method 0x00e216ee8f79 <JSFunction popcount32 (sfi = 000000E216EDD5B1)> (target MAGLEV), mode: ConcurrencyMode::kConcurrent]
[marking 0x03d6dff6f939 <JSFunction connect4RbaCofactorKnownHeight (sfi = 000003D6DFF5FFC1)> for optimization to TURBOFAN_JS, ConcurrencyMode::kConcurrent, reason: hot and stable]
[marking 0x00b94a4eb469 <JSFunction popcount32 (sfi = 000000B94A4DFAC9)> for optimization to MAGLEV, ConcurrencyMode::kConcurrent, reason: hot and stable]
[compiling method 0x00b94a4eb469 <JSFunction popcount32 (sfi = 000000B94A4DFAC9)> (target MAGLEV), mode: ConcurrencyMode::kConcurrent]
[marking 0x00e216eea161 <JSFunction advanceConnect4LiveLineState32 (sfi = 000000E216EDE599)> for optimization to TURBOFAN_JS, ConcurrencyMode::kConcurrent, reason: hot and stable]
[marking 0x03d6dff6f579 <JSFunction emitSortedSetBits32 (sfi = 000003D6DFF60EF1)> for optimization to TURBOFAN_JS, ConcurrencyMode::kConcurrent, reason: hot and stable]
[marking 0x0185284ccbf9 <JSFunction collectSingletonProfiles (sfi = 0000031411087DD1)> for optimization to TURBOFAN_JS, ConcurrencyMode::kConcurrent, reason: hot and stable]
[bailout (kind: deopt-eager, reason: Insufficient type feedback for binary operation): begin. deoptimizing 0x03d6dff6f939 <JSFunction connect4RbaCofactorKnownHeight (sfi = 000003D6DFF5FFC1)>, 0x0175c406f941 <Code MAGLEV>, opt id 22, bytecode offset 461, deopt exit 141, FP to SP delta 304, caller SP 0x00150e9f7b50, pc 0x02078e81fdfc]
[marking 0x031411093529 <JSFunction publishSpan32 (sfi = 0000034CC2B7D391)> for optimization to TURBOFAN_JS, ConcurrencyMode::kConcurrent, reason: hot and stable]
[bailout (kind: deopt-eager, reason: Insufficient type feedback for call): begin. deoptimizing 0x031f01987951 <JSFunction searchCpcOnlyFrontier (sfi = 000003D6DFF53E59)>, 0x0175c407cbe9 <Code MAGLEV>, opt id 71, bytecode offset 989, deopt exit 171, FP to SP delta 600, caller SP 0x00150e9f7e18, pc 0x02078e82b060]
[bailout (kind: deopt-lazy, reason: (unknown)): begin. deoptimizing 0x031f01987951 <JSFunction searchCpcOnlyFrontier (sfi = 000003D6DFF53E59)>, 0x0175c407cbe9 <Code MAGLEV>, opt id 71, bytecode offset 2128, deopt exit 197, FP to SP delta 600, caller SP 0x00150e9f80e0, pc 0x02078e82b0c8]
[marking 0x00b43cde2d11 <JSFunction mixSpan32Locator32 (sfi = 000000B43CDCD159)> for optimization to TURBOFAN_JS, ConcurrencyMode::kConcurrent, reason: hot and stable]
[marking 0x02bb47c26cb9 <JSFunction popcount32 (sfi = 000002BB47C1B1E1)> for optimization to MAGLEV, ConcurrencyMode::kConcurrent, reason: hot and stable[bailout (kind: deopt-lazy, reason: (unknown)): begin. deoptimizing ]
0x031f01987951 <JSFunction searchCpcOnlyFrontier (sfi = 000003D6DFF53E59)>, 0x0175c407cbe9 <Code MAGLEV>, opt id 71, bytecode offset 2128, deopt exit 197, FP to SP delta 600, caller SP 0x00150e9f83a8, pc 0x02078e82b0c8]
[compiling method 0x02bb47c26cb9 <JSFunction popcount32 (sfi = 000002BB47C1B1E1)> (target MAGLEV), mode: ConcurrencyMode::kConcurrent]
[bailout (kind: deopt-lazy, reason: (unknown)): begin. deoptimizing 0x031f01987951 <JSFunction searchCpcOnlyFrontier (sfi = 000003D6DFF53E59)>, 0x0175c407cbe9 <Code MAGLEV>, opt id 71, bytecode offset 2128, deopt exit 197, FP to SP delta 600, caller SP 0x00150e9f8670, pc 0x02078e82b0c8]
[bailout (kind: deopt-lazy, reason: (unknown)): begin. deoptimizing 0x031f01987951 <JSFunction searchCpcOnlyFrontier (sfi = 000003D6DFF53E59)>, 0x0175c407cbe9 <Code MAGLEV>, opt id 71, bytecode offset 2128, deopt exit 197, FP to SP delta 600, caller SP 0x00150e9f8938, pc 0x02078e82b0c8]
[bailout (kind: deopt-lazy, reason: (unknown)): begin. deoptimizing [marking 0x031f01987951 0x02478d99e079 <JSFunction searchCpcOnlyFrontier (sfi = 000003D6DFF53E59)>, 0x0175c407cbe9 <Code MAGLEV>, opt id 71, bytecode offset 2128, deopt exit 197, FP to SP delta 600, caller SP 0x00150e9f8c00, pc 0x02078e82b0c8]
<JSFunction collectSingletonProfiles (sfi = 000000B94A4DE651)> for optimization to TURBOFAN_JS, ConcurrencyMode::kConcurrent, reason: hot and stable]
[marking 0x01b422c63211 [marking <JSFunction collectSingletonProfiles (sfi = 000002BB47C19D69)> for optimization to TURBOFAN_JS, ConcurrencyMode::kConcurrent, reason: hot and stable]
0x02ca64698709 <JSFunction collectSingletonProfiles (sfi = 000000E216EDC139)> for optimization to TURBOFAN_JS, ConcurrencyMode::kConcurrent, reason: hot and stable]
[bailout (kind: deopt-lazy, reason: (unknown)): begin. deoptimizing 0x031f01987951 <JSFunction searchCpcOnlyFrontier (sfi = 000003D6DFF53E59)>, 0x0175c407cbe9 <Code MAGLEV>, opt id 71, bytecode offset 2128, deopt exit 197, FP to SP delta 600, caller SP 0x00150e9f8ec8, pc 0x02078e82b0c8]
[marking 0x00b43cde2cd1 <JSFunction publishSpan32 (sfi = 000000B43CDCD111)> for optimization to TURBOFAN_JS, ConcurrencyMode::kConcurrent, reason: hot and stable]
[marking 0x028bddca6279 <JSFunction publishSpan32 (sfi = 0000028BDDC90661)> for optimization to TURBOFAN_JS, ConcurrencyMode::kConcurrent, reason: hot and stable]
[bailout (kind: deopt-lazy, reason: (unknown)): begin. deoptimizing 0x031f01987951 <JSFunction searchCpcOnlyFrontier (sfi = 000003D6DFF53E59)>, 0x0175c407cbe9 <Code MAGLEV>, opt id 71, bytecode offset 2128, deopt exit 197, FP to SP delta 600, caller SP 0x00150e9f9190, pc 0x02078e82b0c8]
[bailout (kind: deopt-lazy, reason: (unknown)): begin. deoptimizing 0x031f01987951 <JSFunction searchCpcOnlyFrontier (sfi = 000003D6DFF53E59)>, 0x0175c407cbe9 <Code MAGLEV>, opt id 71, bytecode offset 2128, deopt exit 197, FP to SP delta 600, caller SP 0x00150e9f9458, pc 0x02078e82b0c8]
[bailout (kind: deopt-lazy, reason: (unknown)): begin. deoptimizing 0x031f01987951 <JSFunction searchCpcOnlyFrontier (sfi = 000003D6DFF53E59)>, 0x0175c407cbe9 <Code MAGLEV>, opt id 71, bytecode offset 2128, deopt exit 197, FP to SP delta 600, caller SP 0x00150e9f9720, pc 0x02078e82b0c8]
[marking 0x00b43cde5521 <JSFunction advanceConnect4LiveLineState32 (sfi = 000000B43CDD99B1)> for optimization to TURBOFAN_JS, ConcurrencyMode::kConcurrent, reason: hot and stable]
[marking 0x031f019861d1 <JSFunction subsetDensePrepared (sfi = 000003D6DFF5BA31)> for optimization to TURBOFAN_JS, ConcurrencyMode::kConcurrent, reason: hot and stable]
[marking 0x03d6dff6f579 <JSFunction emitSortedSetBits32 (sfi = 000003D6DFF60EF1)> for optimization to TURBOFAN_JS, ConcurrencyMode::kConcurrent, reason: hot and stable]
[marking 0x00b43cde2d11 <JSFunction mixSpan32Locator32 (sfi = 000000B43CDCD159)> for optimization to TURBOFAN_JS, ConcurrencyMode::kConcurrent, reason: hot and stable]
[bailout (kind: deopt-lazy, reason: (unknown)): begin. deoptimizing 0x031f01987951 <JSFunction searchCpcOnlyFrontier (sfi = 000003D6DFF53E59)>, 0x0175c407cbe9 <Code MAGLEV>, opt id 71, bytecode offset 2128, deopt exit 197, FP to SP delta 600, caller SP 0x00150e9f99e8, pc 0x02078e82b0c8]
[marking 0x02bb47c27ea1 <JSFunction advanceConnect4LiveLineState32 (sfi = 000002BB47C1C1C9)> for optimization to TURBOFAN_JS, ConcurrencyMode::kConcurrent, reason: hot and stable]
[marking 0x031411093529 <JSFunction publishSpan32 (sfi = 0000034CC2B7D391)> for optimization to TURBOFAN_JS, ConcurrencyMode::kConcurrent, reason: hot and stable]
[marking 0x031f019861d1 <JSFunction subsetDensePrepared (sfi = 000003D6DFF5BA31)> for optimization to TURBOFAN_JS, ConcurrencyMode::kConcurrent, reason: hot and stable]
[marking 0x03d6dff6f939 <JSFunction connect4RbaCofactorKnownHeight (sfi = 000003D6DFF5FFC1)> for optimization to MAGLEV, ConcurrencyMode::kConcurrent, reason: hot and stable]
[compiling method 0x03d6dff6f939 <JSFunction connect4RbaCofactorKnownHeight (sfi = 000003D6DFF5FFC1)> (target MAGLEV), mode: ConcurrencyMode::kConcurrent]
[marking 0x02bb47c25651 <JSFunction publishSpan32 (sfi = 000002BB47C0F929)> for optimization to TURBOFAN_JS, ConcurrencyMode::kConcurrent, reason: hot and stable]
[marking 0x031f019861d1 <JSFunction subsetDensePrepared (sfi = 000003D6DFF5BA31)> for optimization to TURBOFAN_JS, ConcurrencyMode::kConcurrent, reason: hot and stable]
[marking 0x03d6dff6f579 <JSFunction emitSortedSetBits32 (sfi = 000003D6DFF60EF1)> for optimization to TURBOFAN_JS, ConcurrencyMode::kConcurrent, reason: hot and stable]
[marking 0x00b43cde2d11 <JSFunction mixSpan32Locator32 (sfi = 000000B43CDCD159)> for optimization to TURBOFAN_JS, ConcurrencyMode::kConcurrent, reason: hot and stable]
[marking 0x01b422c63211 <JSFunction collectSingletonProfiles (sfi = 000002BB47C19D69)> for optimization to TURBOFAN_JS, ConcurrencyMode::kConcurrent, reason: hot and stable]
[marking [marking 0x0185284ccbf9 0x02478d99e079 <JSFunction collectSingletonProfiles (sfi = 0000031411087DD1)> for optimization to TURBOFAN_JS, ConcurrencyMode::kConcurrent, reason: hot and stable]
<JSFunction collectSingletonProfiles (sfi = 000000B94A4DE651)> for optimization to TURBOFAN_JS, ConcurrencyMode::kConcurrent, reason: hot and stable]
[marking 0x03d6dff6e931 <JSFunction mixSpan32Locator32 (sfi = 000003D6DFF58D31)> for optimization to TURBOFAN_JS, ConcurrencyMode::kConcurrent, reason: hot and stable]
[marking 0x031f019861d1 <JSFunction subsetDensePrepared (sfi = 000003D6DFF5BA31)> for optimization to TURBOFAN_JS, ConcurrencyMode::kConcurrent, reason: hot and stable]
[compiling method 0x031f019861d1 <JSFunction subsetDensePrepared (sfi = 000003D6DFF5BA31)> (target TURBOFAN_JS), mode: ConcurrencyMode::kConcurrent]
[completed compiling 0x028bddca8ac9 <JSFunction advanceConnect4LiveLineState32 (sfi = 0000028BDDC9CF01)> (target TURBOFAN_JS) - took 0.002, 2.615, 0.018 ms]
[completed compiling 0x01b422c63291 [completed optimizing <JSFunction pairedResponseNoWin (sfi = 000002BB47C19DF9)> (target MAGLEV) - took 0.000, 0.683, 0.006 ms]
0x028bddca8ac9 <JSFunction advanceConnect4LiveLineState32 (sfi = 0000028BDDC9CF01)> (target TURBOFAN_JS)]
[completed compiling 0x02bb47c26c39 <JSFunction firstSetBitIndex32 (sfi = 000002BB47C1B151)> (target MAGLEV) - took 0.001, 0.048, 0.002 ms]
[marking 0x03d6dff6f579 <JSFunction emitSortedSetBits32 (sfi = 000003D6DFF60EF1)> for optimization to TURBOFAN_JS, ConcurrencyMode::kConcurrent, reason: hot and stable]
[marking 0x00e216eea161 <JSFunction advanceConnect4LiveLineState32 (sfi = 000000E216EDE599)> for optimization to TURBOFAN_JS, ConcurrencyMode::kConcurrent, reason: hot and stable]
[completed compiling 0x02bb47c26cb9 <JSFunction popcount32 (sfi = 000002BB47C1B1E1)> (target MAGLEV) - took 0.000, 0.051, 0.001 ms]
[marking [marking 0x02ca64698709 0x01354eb58689 <JSFunction collectSingletonProfiles (sfi = 000000E216EDC139)> for optimization to TURBOFAN_JS, ConcurrencyMode::kConcurrent, reason: hot and stable]
<JSFunction collectSingletonProfiles (sfi = 0000028BDDC9AAA1)> for optimization to TURBOFAN_JS, ConcurrencyMode::kConcurrent, reason: hot and stable]
[marking 0x031411093529 <JSFunction publishSpan32 (sfi = 0000034CC2B7D391)> for optimization to TURBOFAN_JS, ConcurrencyMode::kConcurrent, reason: hot and stable]
[marking 0x00b43cde2d11 <JSFunction mixSpan32Locator32 (sfi = 000000B43CDCD159)> for optimization to TURBOFAN_JS, ConcurrencyMode::kConcurrent, reason: hot and stable]
[marking 0x03d6dff6f579 <JSFunction emitSortedSetBits32 (sfi = 000003D6DFF60EF1)> for optimization to TURBOFAN_JS, ConcurrencyMode::kConcurrent, reason: hot and stable]
[completed compiling 0x02ca64698ba1 <JSFunction probeConnect4RbaExactCacheSlot32Frontier (sfi = 000000E216ECCCD1)> (target MAGLEV) - took 0.000, 0.258, 0.007 ms]
[marking [marking 0x02bb47c27ea1 0x03d6dff6e931 <JSFunction advanceConnect4LiveLineState32 (sfi = 000002BB47C1C1C9)> for optimization to TURBOFAN_JS, ConcurrencyMode::kConcurrent, reason: hot and stable]
<JSFunction mixSpan32Locator32 (sfi = 000003D6DFF58D31)> for optimization to TURBOFAN_JS, ConcurrencyMode::kConcurrent, reason: hot and stable]
[marking 0x03d6dff6f579 <JSFunction emitSortedSetBits32 (sfi = 000003D6DFF60EF1)> for optimization to TURBOFAN_JS, ConcurrencyMode::kConcurrent, reason: hot and stable]
[marking 0x00b43cde2cd1 <JSFunction publishSpan32 (sfi = 000000B43CDCD111)> for optimization to TURBOFAN_JS, ConcurrencyMode::kConcurrent, reason: hot and stable]
[marking 0x00b43cde2d11 <JSFunction mixSpan32Locator32 (sfi = 000000B43CDCD159)> for optimization to TURBOFAN_JS, ConcurrencyMode::kConcurrent, reason: hot and stable]
[marking 0x01b422c63211 <JSFunction collectSingletonProfiles (sfi = 000002BB47C19D69)> for optimization to TURBOFAN_JS, ConcurrencyMode::kConcurrent, reason: hot and stable]
[bailout (kind: deopt-lazy, reason: (unknown)): begin. deoptimizing 0x031f01987951 <JSFunction searchCpcOnlyFrontier (sfi = 000003D6DFF53E59)>, 0x0175c407cbe9 <Code MAGLEV>, opt id 71, bytecode offset 2128, deopt exit 197, FP to SP delta 600, caller SP 0x00150e9f9cb0, pc 0x02078e82b0c8]
[marking 0x0185284ccbf9 <JSFunction collectSingletonProfiles (sfi = 0000031411087DD1)> for optimization to TURBOFAN_JS, ConcurrencyMode::kConcurrent, reason: hot and stable]
[marking 0x00b43cde5521 <JSFunction advanceConnect4LiveLineState32 (sfi = 000000B43CDD99B1)> for optimization to TURBOFAN_JS, ConcurrencyMode::kConcurrent, reason: hot and stable]
[marking [marking 0x03d6dff6f579 0x02478d99e079 <JSFunction emitSortedSetBits32 (sfi = 000003D6DFF60EF1)> for optimization to TURBOFAN_JS, ConcurrencyMode::kConcurrent, reason: hot and stable]
<JSFunction collectSingletonProfiles (sfi = 000000B94A4DE651)> for optimization to TURBOFAN_JS, ConcurrencyMode::kConcurrent, reason: hot and stable]
[marking 0x00b43cde2d11 <JSFunction mixSpan32Locator32 (sfi = 000000B43CDCD159)> for optimization to TURBOFAN_JS, ConcurrencyMode::kConcurrent, reason: hot and stable]
[marking 0x02bb47c25651 <JSFunction publishSpan32 (sfi = 000002BB47C0F929)> for optimization to TURBOFAN_JS, ConcurrencyMode::kConcurrent, reason: hot and stable]
[marking [marking 0x03d6dff6f579 0x02ca64698709 <JSFunction collectSingletonProfiles (sfi = 000000E216EDC139)> for optimization to TURBOFAN_JS, ConcurrencyMode::kConcurrent, reason: hot and stable]
<JSFunction emitSortedSetBits32 (sfi = 000003D6DFF60EF1)> for optimization to TURBOFAN_JS, ConcurrencyMode::kConcurrent, reason: hot and stable]
[marking 0x00e216eea161 <JSFunction advanceConnect4LiveLineState32 (sfi = 000000E216EDE599)> for optimization to TURBOFAN_JS, ConcurrencyMode::kConcurrent, reason: hot and stable]
[marking 0x03d6dff6e931 <JSFunction mixSpan32Locator32 (sfi = 000003D6DFF58D31)> for optimization to TURBOFAN_JS, ConcurrencyMode::kConcurrent, reason: hot and stable]
[marking 0x00b43cde2d11 <JSFunction mixSpan32Locator32 (sfi = 000000B43CDCD159)> for optimization to TURBOFAN_JS, ConcurrencyMode::kConcurrent, reason: hot and stable]
[marking 0x03d6dff6f579 <JSFunction emitSortedSetBits32 (sfi = 000003D6DFF60EF1)> for optimization to TURBOFAN_JS, ConcurrencyMode::kConcurrent, reason: hot and stable]
[marking 0x01b422c63211 <JSFunction collectSingletonProfiles (sfi = 000002BB47C19D69)> for optimization to TURBOFAN_JS, ConcurrencyMode::kConcurrent, reason: hot and stable]
[marking 0x00b94a4ec651 <JSFunction advanceConnect4LiveLineState32 (sfi = 000000B94A4E0AB1)> for optimization to TURBOFAN_JS, ConcurrencyMode::kConcurrent, reason: hot and stable]
[marking 0x031411093529 <JSFunction publishSpan32 (sfi = 0000034CC2B7D391)> for optimization to TURBOFAN_JS, ConcurrencyMode::kConcurrent, reason: hot and stable]
[marking 0x02bb47c27ea1 <JSFunction advanceConnect4LiveLineState32 (sfi = 000002BB47C1C1C9)> for optimization to TURBOFAN_JS, ConcurrencyMode::kConcurrent, reason: hot and stable]
[marking 0x00b43cde2d11 <JSFunction mixSpan32Locator32 (sfi = 000000B43CDCD159)> for optimization to TURBOFAN_JS, ConcurrencyMode::kConcurrent, reason: hot and stable]
[marking 0x028bddca6279 <JSFunction publishSpan32 (sfi = 0000028BDDC90661)> for optimization to TURBOFAN_JS, ConcurrencyMode::kConcurrent, reason: hot and stable]
[marking 0x03d6dff6f579 <JSFunction emitSortedSetBits32 (sfi = 000003D6DFF60EF1)> for optimization to TURBOFAN_JS, ConcurrencyMode::kConcurrent, reason: hot and stable]
[marking 0x0185284ccbf9 <JSFunction collectSingletonProfiles (sfi = 0000031411087DD1)> for optimization to TURBOFAN_JS, ConcurrencyMode::kConcurrent, reason: hot and stable]
[marking 0x02ca64698289 <JSFunction permutePair3 (sfi = 000000E216ED4AA1)> for optimization to TURBOFAN_JS, ConcurrencyMode::kConcurrent, reason: hot and stable]
[marking 0x02bb47c25651 <JSFunction publishSpan32 (sfi = 000002BB47C0F929)> for optimization to TURBOFAN_JS, ConcurrencyMode::kConcurrent, reason: hot and stable]
[marking 0x03d6dff6e931 <JSFunction mixSpan32Locator32 (sfi = 000003D6DFF58D31)> for optimization to TURBOFAN_JS, ConcurrencyMode::kConcurrent, reason: hot and stable]
[marking 0x03d6dff6f579 <JSFunction emitSortedSetBits32 (sfi = 000003D6DFF60EF1)> for optimization to TURBOFAN_JS, ConcurrencyMode::kConcurrent, reason: hot and stable]
[marking 0x00b43cde2cd1 <JSFunction publishSpan32 (sfi = 000000B43CDCD111)> for optimization to TURBOFAN_JS, ConcurrencyMode::kConcurrent, reason: hot and stable]
[completed compiling 0x03d6dff6f939 <JSFunction connect4RbaCofactorKnownHeight (sfi = 000003D6DFF5FFC1)> (target MAGLEV) - took 0.000, 2.313, 0.009 ms]
[bailout (kind: deopt-lazy, reason: (unknown)): begin. deoptimizing 0x031f01987951 <JSFunction searchCpcOnlyFrontier (sfi = 000003D6DFF53E59)>, 0x0175c407cbe9 <Code MAGLEV>, opt id 71, bytecode offset 2128, deopt exit 197, FP to SP delta 600, caller SP 0x00150e9f9f78, pc 0x02078e82b0c8]
[marking 0x00b43cde2d11 <JSFunction mixSpan32Locator32 (sfi = 000000B43CDCD159)> for optimization to TURBOFAN_JS, ConcurrencyMode::kConcurrent, reason: hot and stable]
[bailout (kind: deopt-lazy, reason: (unknown)): begin. deoptimizing 0x031f01987951 <JSFunction searchCpcOnlyFrontier (sfi = 000003D6DFF53E59)>, 0x0175c407cbe9 <Code MAGLEV>, opt id 71, bytecode offset 2128, deopt exit 197, FP to SP delta 600, caller SP 0x00150e9fa240, pc 0x02078e82b0c8]
[bailout (kind: deopt-lazy, reason: (unknown)): begin. deoptimizing 0x031f01987951 <JSFunction searchCpcOnlyFrontier (sfi = 000003D6DFF53E59)>, 0x0175c407cbe9 <Code MAGLEV>, opt id 71, bytecode offset 2128, deopt exit 197, FP to SP delta 600, caller SP 0x00150e9fa508, pc 0x02078e82b0c8]
[bailout (kind: deopt-lazy, reason: (unknown)): begin. deoptimizing 0x031f01987951 <JSFunction searchCpcOnlyFrontier (sfi = 000003D6DFF53E59)>, 0x0175c407cbe9 <Code MAGLEV>, opt id 71, bytecode offset 2128, deopt exit 197, FP to SP delta 600, caller SP 0x00150e9fa7d0, pc 0x02078e82b0c8]
[marking 0x02ca64698709 <JSFunction collectSingletonProfiles (sfi = 000000E216EDC139)> for optimization to TURBOFAN_JS, ConcurrencyMode::kConcurrent, reason: hot and stable]
[bailout (kind: deopt-lazy, reason: (unknown)): begin. deoptimizing 0x031f01987951 <JSFunction searchCpcOnlyFrontier (sfi = 000003D6DFF53E59)>, 0x0175c407cbe9 <Code MAGLEV>, opt id 71, bytecode offset 2128, deopt exit 197, FP to SP delta 600, caller SP 0x00150e9faa98, pc 0x02078e82b0c8]
[marking 0x03d6dff6f579 <JSFunction emitSortedSetBits32 (sfi = 000003D6DFF60EF1)> for optimization to TURBOFAN_JS, ConcurrencyMode::kConcurrent, reason: hot and stable[marking ]
0x00b43cde5521 <JSFunction advanceConnect4LiveLineState32 (sfi = 000000B43CDD99B1)> for optimization to TURBOFAN_JS, ConcurrencyMode::kConcurrent, reason: hot and stable]
[marking 0x02bb47c25651 <JSFunction publishSpan32 (sfi = 000002BB47C0F929)> for optimization to TURBOFAN_JS, ConcurrencyMode::kConcurrent, reason: hot and stable]
[marking 0x01354eb58689 <JSFunction collectSingletonProfiles (sfi = 0000028BDDC9AAA1)> for optimization to TURBOFAN_JS, ConcurrencyMode::kConcurrent, reason: hot and stable]
[completed compiling 0x00bbaf742781 [marking <JSFunction searchCpcOnlyFrontier (sfi = 000000E216ECCE39)> (target MAGLEV)0x031411093529 - took 0.000, 1.982, 0.017 ms ]
<JSFunction publishSpan32 (sfi = 0000034CC2B7D391)> for optimization to TURBOFAN_JS, ConcurrencyMode::kConcurrent, reason: hot and stable]
[marking 0x00e216eea161 <JSFunction advanceConnect4LiveLineState32 (sfi = 000000E216EDE599)> for optimization to TURBOFAN_JS, ConcurrencyMode::kConcurrent, reason: hot and stable]
[completed compiling 0x02ca64698c61 <JSFunction absToRelativeFrontier (sfi = 000000E216ECCDA9)> (target MAGLEV) - took 0.000, 0.044, 0.001 ms]
[marking 0x03d6dff6f579 <JSFunction emitSortedSetBits32 (sfi = 000003D6DFF60EF1)> for optimization to TURBOFAN_JS, ConcurrencyMode::kConcurrent, reason: hot and stable]
[marking 0x00b43cde2d11 <JSFunction mixSpan32Locator32 (sfi = 000000B43CDCD159)> for optimization to TURBOFAN_JS, ConcurrencyMode::kConcurrent, reason: hot and stable]
[marking 0x02ca64698289 <JSFunction permutePair3 (sfi = 000000E216ED4AA1)> for optimization to TURBOFAN_JS, ConcurrencyMode::kConcurrent, reason: hot and stable]
[marking 0x01b422c63211 <JSFunction collectSingletonProfiles (sfi = 000002BB47C19D69)> for optimization to TURBOFAN_JS, ConcurrencyMode::kConcurrent, reason: hot and stable]
[marking 0x02478d99e079 <JSFunction collectSingletonProfiles (sfi = 000000B94A4DE651)> for optimization to TURBOFAN_JS, ConcurrencyMode::kConcurrent, reason: hot and stable]
[marking 0x03d6dff6f579 [completed compiling 0x02ca64698be1 <JSFunction emitSortedSetBits32 (sfi = 000003D6DFF60EF1)> for optimization to TURBOFAN_JS, ConcurrencyMode::kConcurrent, reason: hot and stable<JSFunction storeConnect4RbaExactCacheSlot32Frontier (sfi = 000000E216ECCD19)>]
 (target MAGLEV) - took 0.000, 0.148, 0.003 ms]
[marking 0x03d6dff6e931 <JSFunction mixSpan32Locator32 (sfi = 000003D6DFF58D31)> for optimization to TURBOFAN_JS, ConcurrencyMode::kConcurrent, reason: hot and stable]
[marking 0x02bb47c27ea1 <JSFunction advanceConnect4LiveLineState32 (sfi = 000002BB47C1C1C9)> for optimization to TURBOFAN_JS, ConcurrencyMode::kConcurrent, reason: hot and stable]
[marking 0x03d6dff6f579 <JSFunction emitSortedSetBits32 (sfi = 000003D6DFF60EF1)> for optimization to TURBOFAN_JS, ConcurrencyMode::kConcurrent, reason: hot and stable]
[marking 0x0185284ccbf9 <JSFunction collectSingletonProfiles (sfi = 0000031411087DD1)> for optimization to TURBOFAN_JS, ConcurrencyMode::kConcurrent, reason: hot and stable]
[marking 0x00b43cde2d11 <JSFunction mixSpan32Locator32 (sfi = 000000B43CDCD159)> for optimization to TURBOFAN_JS, ConcurrencyMode::kConcurrent, reason: hot and stable[marking ]
0x03d6dff6f579 <JSFunction emitSortedSetBits32 (sfi = 000003D6DFF60EF1)> for optimization to TURBOFAN_JS, ConcurrencyMode::kConcurrent, reason: hot and stable]
[marking 0x02bb47c25651 <JSFunction publishSpan32 (sfi = 000002BB47C0F929)> for optimization to TURBOFAN_JS, ConcurrencyMode::kConcurrent, reason: hot and stable]
[marking [marking 0x00b94a4ec651 0x03d6dff6f579 <JSFunction emitSortedSetBits32 (sfi = 000003D6DFF60EF1)> for optimization to TURBOFAN_JS, ConcurrencyMode::kConcurrent, reason: hot and stable<JSFunction advanceConnect4LiveLineState32 (sfi = 000000B94A4E0AB1)>]
 for optimization to TURBOFAN_JS, ConcurrencyMode::kConcurrent, reason: hot and stable]
[marking 0x028bddca6279 <JSFunction publishSpan32 (sfi = 0000028BDDC90661)> for optimization to TURBOFAN_JS, ConcurrencyMode::kConcurrent, reason: hot and stable]
[marking 0x03d6dff6e931 <JSFunction mixSpan32Locator32 (sfi = 000003D6DFF58D31)> for optimization to TURBOFAN_JS, ConcurrencyMode::kConcurrent, reason: hot and stable]
[marking 0x031411093529 <JSFunction publishSpan32 (sfi = 0000034CC2B7D391)> for optimization to TURBOFAN_JS, ConcurrencyMode::kConcurrent, reason: hot and stable]
[marking 0x02ca64698709 <JSFunction collectSingletonProfiles (sfi = 000000E216EDC139)> for optimization to TURBOFAN_JS, ConcurrencyMode::kConcurrent, reason: hot and stable]
[marking 0x03d6dff6f579 <JSFunction emitSortedSetBits32 (sfi = 000003D6DFF60EF1)> for optimization to TURBOFAN_JS, ConcurrencyMode::kConcurrent, reason: hot and stable]
[marking 0x00b43cde2d11 <JSFunction mixSpan32Locator32 (sfi = 000000B43CDCD159)> for optimization to TURBOFAN_JS, ConcurrencyMode::kConcurrent, reason: hot and stable]
[marking 0x00b43cde2cd1 <JSFunction publishSpan32 (sfi = 000000B43CDCD111)> for optimization to TURBOFAN_JS, ConcurrencyMode::kConcurrent, reason: hot and stable]
[marking 0x03d6dff6f579 <JSFunction emitSortedSetBits32 (sfi = 000003D6DFF60EF1)> for optimization to TURBOFAN_JS, ConcurrencyMode::kConcurrent, reason: hot and stable]
[completed compiling 0x00e216ee93b9 <JSFunction evaluateConnect4CpcNonterminal32 (sfi = 000000E216EDC019)> (target MAGLEV) - took 0.000, 0.770, 0.006 ms]
[compiling method 0x03d6dff6f579 <JSFunction emitSortedSetBits32 (sfi = 000003D6DFF60EF1)> (target TURBOFAN_JS), mode: ConcurrencyMode::kConcurrent]
[completed compiling 0x017a83657451 <JSFunction collectSingletonProfiles (sfi = 000000B43CDD7551)> (target TURBOFAN_JS) - took 0.000, 3.348, 0.025 ms]
[completed optimizing 0x017a83657451 <JSFunction collectSingletonProfiles (sfi = 000000B43CDD7551)> (target TURBOFAN_JS)]
[completed compiling 0x02ca64698689 <JSFunction cellMarked (sfi = 000000E216EDC0A9)> (target MAGLEV) - took 0.000, 0.037, 0.001 ms[marking ]
0x01b422c63211 <JSFunction collectSingletonProfiles (sfi = 000002BB47C19D69)> for optimization to TURBOFAN_JS, ConcurrencyMode::kConcurrent, reason: hot and stable]
[completed compiling 0x02ca64698ca1 <JSFunction relativeToAbsFrontier (sfi = 000000E216ECCDF1)> (target MAGLEV) - took 0.000, 0.030, 0.000 ms]
[marking 0x00e216eea161 <JSFunction advanceConnect4LiveLineState32 (sfi = 000000E216EDE599)> for optimization to TURBOFAN_JS, ConcurrencyMode::kConcurrent, reason: hot and stable]
[bailout (kind: deopt-eager, reason: Insufficient type feedback for call): begin. deoptimizing 0x00b43cde6319 [completed compiling 0x00e216ee7659 <JSFunction storeConnect4RbaSharedExactCache32 (sfi = 000000B43CDE0569)>, 0x03003ee8d8d9 <JSFunction completeRootFrontierNode32 (sfi = 000000E216ECE381)><Code  (target MAGLEV) - took 0.000, 0.062, 0.001 msMAGLEV]
>, opt id 20, bytecode offset 125, deopt exit 23, FP to SP delta 144, caller SP 0x00150f1f9440, pc 0x0207ce80e799]
[marking 0x01b422c63151 <JSFunction permutePair3 (sfi = 000002BB47C12701)> for optimization to TURBOFAN_JS, ConcurrencyMode::kConcurrent, reason: hot and stable[marking ]
0x02ca64698289 <JSFunction permutePair3 (sfi = 000000E216ED4AA1)> for optimization to TURBOFAN_JS, ConcurrencyMode::kConcurrent, reason: hot and stable]
[marking 0x03d6dff6e931 <JSFunction mixSpan32Locator32 (sfi = 000003D6DFF58D31)> for optimization to TURBOFAN_JS, ConcurrencyMode::kConcurrent, reason: hot and stable]
[marking 0x00b43cde2d11 <JSFunction mixSpan32Locator32 (sfi = 000000B43CDCD159)> for optimization to TURBOFAN_JS, ConcurrencyMode::kConcurrent, reason: hot and stable]
[marking 0x02bb47c27ea1 <JSFunction advanceConnect4LiveLineState32 (sfi = 000002BB47C1C1C9)> for optimization to TURBOFAN_JS, ConcurrencyMode::kConcurrent, reason: hot and stable]
[marking 0x0185284ccbf9 <JSFunction collectSingletonProfiles (sfi = 0000031411087DD1)> for optimization to TURBOFAN_JS, ConcurrencyMode::kConcurrent, reason: hot and stable]
[completed compiling 0x02ca64698789 <JSFunction pairedResponseNoWin (sfi = 000000E216EDC1C9)> (target MAGLEV) - took 0.000, 0.294, 0.003 ms]
[marking 0x031411093529 <JSFunction publishSpan32 (sfi = 0000034CC2B7D391)> for optimization to TURBOFAN_JS, ConcurrencyMode::kConcurrent, reason: hot and stable]
[completed compiling 0x00e216ee8ef9 <JSFunction firstSetBitIndex32 (sfi = 000000E216EDD521)> (target MAGLEV) - took 0.000, 0.031, 0.001 ms]
[completed compiling 0x00e216ee8f79 <JSFunction popcount32 (sfi = 000000E216EDD5B1)> (target MAGLEV) - took 0.000, 0.038, 0.001 ms]
[marking 0x02bb47c25651 <JSFunction publishSpan32 (sfi = 000002BB47C0F929)> for optimization to TURBOFAN_JS, ConcurrencyMode::kConcurrent, reason: hot and stable]
[marking 0x00b43cde5521 <JSFunction advanceConnect4LiveLineState32 (sfi = 000000B43CDD99B1)> for optimization to TURBOFAN_JS, ConcurrencyMode::kConcurrent, reason: hot and stable]
[marking 0x00b43cde2d11 <JSFunction mixSpan32Locator32 (sfi = 000000B43CDCD159)> for optimization to TURBOFAN_JS, ConcurrencyMode::kConcurrent, reason: hot and stable]
[marking 0x01354eb58689 <JSFunction collectSingletonProfiles (sfi = 0000028BDDC9AAA1)> for optimization to TURBOFAN_JS, ConcurrencyMode::kConcurrent, reason: hot and stable]
[marking 0x03d6dff6f879 <JSFunction connect4RbaCofactorBasis (sfi = 000003D6DFF5FEE9)> for optimization to TURBOFAN_JS, ConcurrencyMode::kConcurrent, reason: hot and stable]
[marking 0x02ca64698709 <JSFunction collectSingletonProfiles (sfi = 000000E216EDC139)> for optimization to TURBOFAN_JS, ConcurrencyMode::kConcurrent, reason: hot and stable]
[marking 0x00b43cde2d11 <JSFunction mixSpan32Locator32 (sfi = 000000B43CDCD159)> for optimization to TURBOFAN_JS, ConcurrencyMode::kConcurrent, reason: hot and stable]
[marking 0x02478d99e079 <JSFunction collectSingletonProfiles (sfi = 000000B94A4DE651)> for optimization to TURBOFAN_JS, ConcurrencyMode::kConcurrent, reason: hot and stable]
[marking 0x03d6dff6e931 <JSFunction mixSpan32Locator32 (sfi = 000003D6DFF58D31)> for optimization to TURBOFAN_JS, ConcurrencyMode::kConcurrent, reason: hot and stable]
[marking 0x01b422c63211 <JSFunction collectSingletonProfiles (sfi = 000002BB47C19D69)> for optimization to TURBOFAN_JS, ConcurrencyMode::kConcurrent, reason: hot and stable]
[bailout (kind: deopt-eager, reason: Insufficient type feedback for call): begin. deoptimizing 0x03d6dff71f39 <JSFunction storeConnect4RbaSharedExactCache32 (sfi = 000003D6DFF6C159)>, 0x01d17d540d19 <Code MAGLEV>, opt id 34, bytecode offset 52, deopt exit 23, FP to SP delta 144, caller SP 0x00150e9f9488, pc 0x02078e85e106]
[marking 0x00e216eea161 <JSFunction advanceConnect4LiveLineState32 (sfi = 000000E216EDE599)> for optimization to TURBOFAN_JS, ConcurrencyMode::kConcurrent, reason: hot and stable]
[marking 0x00b43cde2d11 <JSFunction mixSpan32Locator32 (sfi = 000000B43CDCD159)> for optimization to TURBOFAN_JS, ConcurrencyMode::kConcurrent, reason: hot and stable]
[marking 0x031411093529 <JSFunction publishSpan32 (sfi = 0000034CC2B7D391)> for optimization to TURBOFAN_JS, ConcurrencyMode::kConcurrent, reason: hot and stable]
[marking 0x03d6dff6f879 <JSFunction connect4RbaCofactorBasis (sfi = 000003D6DFF5FEE9)>[marking  for optimization to TURBOFAN_JS, ConcurrencyMode::kConcurrent, reason: hot and stable]
0x00b94a4ec651 <JSFunction advanceConnect4LiveLineState32 (sfi = 000000B94A4E0AB1)> for optimization to TURBOFAN_JS, ConcurrencyMode::kConcurrent, reason: hot and stable]
[marking 0x00b43cde6319 <JSFunction storeConnect4RbaSharedExactCache32 (sfi = 000000B43CDE0569)> for optimization to MAGLEV, ConcurrencyMode::kConcurrent, reason: hot and stable]
[compiling method 0x00b43cde6319 <JSFunction storeConnect4RbaSharedExactCache32 (sfi = 000000B43CDE0569)> (target MAGLEV), mode: ConcurrencyMode::kConcurrent]
[marking 0x00b43cde2d11 <JSFunction mixSpan32Locator32 (sfi = 000000B43CDCD159)> for optimization to TURBOFAN_JS, ConcurrencyMode::kConcurrent, reason: hot and stable]
[marking 0x03d6dff6e931 <JSFunction mixSpan32Locator32 (sfi = 000003D6DFF58D31)> for optimization to TURBOFAN_JS, ConcurrencyMode::kConcurrent, reason: hot and stable]
[marking 0x02bb47c27ea1 <JSFunction advanceConnect4LiveLineState32 (sfi = 000002BB47C1C1C9)> for optimization to TURBOFAN_JS, ConcurrencyMode::kConcurrent, reason: hot and stable]
[marking 0x01b422c63151 <JSFunction permutePair3 (sfi = 000002BB47C12701)> for optimization to TURBOFAN_JS, ConcurrencyMode::kConcurrent, reason: hot and stable]
[marking 0x0185284ccbf9 <JSFunction collectSingletonProfiles (sfi = 0000031411087DD1)> for optimization to TURBOFAN_JS, ConcurrencyMode::kConcurrent, reason: hot and stable]
[marking 0x02ca64698289 <JSFunction permutePair3 (sfi = 000000E216ED4AA1)> for optimization to TURBOFAN_JS, ConcurrencyMode::kConcurrent, reason: hot and stable]
[marking 0x02ca64698709 <JSFunction collectSingletonProfiles (sfi = 000000E216EDC139)> for optimization to TURBOFAN_JS, ConcurrencyMode::kConcurrent, reason: hot and stable]
[marking 0x03d6dff6f879 <JSFunction connect4RbaCofactorBasis (sfi = 000003D6DFF5FEE9)> for optimization to TURBOFAN_JS, ConcurrencyMode::kConcurrent, reason: hot and stable]
[marking 0x02bb47c25651 [compiling method <JSFunction publishSpan32 (sfi = 000002BB47C0F929)> for optimization to TURBOFAN_JS, ConcurrencyMode::kConcurrent, reason: hot and stable0x03d6dff6f879]
 <JSFunction connect4RbaCofactorBasis (sfi = 000003D6DFF5FEE9)> (target TURBOFAN_JS), mode: ConcurrencyMode::kConcurrent]
[completed compiling 0x028bddca6f01 <JSFunction emitSortedSetBits32 (sfi = 0000028BDDC98851)> (target TURBOFAN_JS) - took 0.001, 1.728, 0.012 ms]
[completed optimizing 0x028bddca6f01 <JSFunction emitSortedSetBits32 (sfi = 0000028BDDC98851)> (target TURBOFAN_JS)]
[marking 0x00b43cde2d11 <JSFunction mixSpan32Locator32 (sfi = 000000B43CDCD159)> for optimization to TURBOFAN_JS, ConcurrencyMode::kConcurrent, reason: hot and stable]
[marking 0x01b422c63211 <JSFunction collectSingletonProfiles (sfi = 000002BB47C19D69)> for optimization to TURBOFAN_JS, ConcurrencyMode::kConcurrent, reason: hot and stable]
[marking 0x03d6dff6e931 <JSFunction mixSpan32Locator32 (sfi = 000003D6DFF58D31)> for optimization to TURBOFAN_JS, ConcurrencyMode::kConcurrent, reason: hot and stable]
[completed compiling 0x001e5390e639 <JSFunction searchCpcOnlyFrontier (sfi = 000000B43CDC8281)> (target MAGLEV) - took 0.001, 3.255, 0.013 ms]
[marking 0x031411093529 <JSFunction publishSpan32 (sfi = 0000034CC2B7D391)> for optimization to TURBOFAN_JS, ConcurrencyMode::kConcurrent, reason: hot and stable]
[marking 0x00b43cde2cd1 <JSFunction publishSpan32 (sfi = 000000B43CDCD111)> for optimization to TURBOFAN_JS, ConcurrencyMode::kConcurrent, reason: hot and stable]
[marking 0x00b43cde2d11 <JSFunction mixSpan32Locator32 (sfi = 000000B43CDCD159)> for optimization to TURBOFAN_JS, ConcurrencyMode::kConcurrent, reason: hot and stable]
[marking 0x01354eb58689 <JSFunction collectSingletonProfiles (sfi = 0000028BDDC9AAA1)> for optimization to TURBOFAN_JS, ConcurrencyMode::kConcurrent, reason: hot and stable]
[marking 0x00b43cde5521 <JSFunction advanceConnect4LiveLineState32 (sfi = 000000B43CDD99B1)> for optimization to TURBOFAN_JS, ConcurrencyMode::kConcurrent, reason: hot and stable]
[marking [marking 0x03d6dff6e931 0x00e216eea161 <JSFunction advanceConnect4LiveLineState32 (sfi = 000000E216EDE599)><JSFunction mixSpan32Locator32 (sfi = 000003D6DFF58D31)> for optimization to TURBOFAN_JS, ConcurrencyMode::kConcurrent, reason: hot and stable]
 for optimization to TURBOFAN_JS, ConcurrencyMode::kConcurrent, reason: hot and stable]
[marking 0x02ca64698709 <JSFunction collectSingletonProfiles (sfi = 000000E216EDC139)> for optimization to TURBOFAN_JS, ConcurrencyMode::kConcurrent, reason: hot and stable]
[marking 0x02478d99e079 <JSFunction collectSingletonProfiles (sfi = 000000B94A4DE651)> for optimization to TURBOFAN_JS, ConcurrencyMode::kConcurrent, reason: hot and stable]
[marking 0x02bb47c27ea1 <JSFunction advanceConnect4LiveLineState32 (sfi = 000002BB47C1C1C9)> for optimization to TURBOFAN_JS, ConcurrencyMode::kConcurrent, reason: hot and stable]
[marking 0x01b422c63211 <JSFunction collectSingletonProfiles (sfi = 000002BB47C19D69)> for optimization to TURBOFAN_JS, ConcurrencyMode::kConcurrent, reason: hot and stable]
[marking 0x03d6dff6e931 <JSFunction mixSpan32Locator32 (sfi = 000003D6DFF58D31)> for optimization to TURBOFAN_JS, ConcurrencyMode::kConcurrent, reason: hot and stable]
[marking 0x0185284ccbf9 <JSFunction collectSingletonProfiles (sfi = 0000031411087DD1)> for optimization to TURBOFAN_JS, ConcurrencyMode::kConcurrent, reason: hot and stable]
[marking 0x02bb47c25651 <JSFunction publishSpan32 (sfi = 000002BB47C0F929)> for optimization to TURBOFAN_JS, ConcurrencyMode::kConcurrent, reason: hot and stable]
[marking 0x031411093529 <JSFunction publishSpan32 (sfi = 0000034CC2B7D391)> for optimization to TURBOFAN_JS, ConcurrencyMode::kConcurrent, reason: hot and stable]
[marking 0x01b422c63151 <JSFunction permutePair3 (sfi = 000002BB47C12701)> for optimization to TURBOFAN_JS, ConcurrencyMode::kConcurrent, reason: hot and stable]
[marking 0x00b43cde2d11 <JSFunction mixSpan32Locator32 (sfi = 000000B43CDCD159)> for optimization to TURBOFAN_JS, ConcurrencyMode::kConcurrent, reason: hot and stable]
[marking 0x00b94a4ec651 <JSFunction advanceConnect4LiveLineState32 (sfi = 000000B94A4E0AB1)> for optimization to TURBOFAN_JS, ConcurrencyMode::kConcurrent, reason: hot and stable]
[completed compiling 0x00b43cde3959 <JSFunction emitSortedSetBits32 (sfi = 000000B43CDD5301)> (target TURBOFAN_JS) - took 0.001, 1.167, 0.008 ms]
[completed optimizing 0x00b43cde3959 <JSFunction emitSortedSetBits32 (sfi = 000000B43CDD5301)> (target TURBOFAN_JS)]
[compiling method 0x00b94a4ec651 <JSFunction advanceConnect4LiveLineState32 (sfi = 000000B94A4E0AB1)> (target TURBOFAN_JS), mode: ConcurrencyMode::kConcurrent]
[marking 0x03d6dff71f39 <JSFunction storeConnect4RbaSharedExactCache32 (sfi = 000003D6DFF6C159)> for optimization to MAGLEV, ConcurrencyMode::kConcurrent, reason: hot and stable]
[compiling method 0x03d6dff71f39 <JSFunction storeConnect4RbaSharedExactCache32 (sfi = 000003D6DFF6C159)> (target MAGLEV), mode: ConcurrencyMode::kConcurrent]
[marking 0x03d6dff6e931 <JSFunction mixSpan32Locator32 (sfi = 000003D6DFF58D31)> for optimization to TURBOFAN_JS, ConcurrencyMode::kConcurrent, reason: hot and stable]
[marking 0x02ca64698289 <JSFunction permutePair3 (sfi = 000000E216ED4AA1)> for optimization to TURBOFAN_JS, ConcurrencyMode::kConcurrent, reason: hot and stable]
[completed compiling 0x021c183c2771 <JSFunction searchCpcOnlyFrontier (sfi = 000000B94A4CF351)> (target MAGLEV) - took 0.001, 2.033, 0.019 ms]
[marking 0x00b43cde2cd1 <JSFunction publishSpan32 (sfi = 000000B43CDCD111)> for optimization to TURBOFAN_JS, ConcurrencyMode::kConcurrent, reason: hot and stable]
[completed compiling 0x00b94a4eb3e9 <JSFunction firstSetBitIndex32 (sfi = 000000B94A4DFA39)> (target MAGLEV) - took 0.000, 0.044, 0.001 ms]
[marking 0x028bddca6279 <JSFunction publishSpan32 (sfi = 0000028BDDC90661)> for optimization to TURBOFAN_JS, ConcurrencyMode::kConcurrent, reason: hot and stable]
[completed compiling 0x00b94a4eb469 <JSFunction popcount32 (sfi = 000000B94A4DFAC9)> (target MAGLEV) - took 0.001, 0.040, 0.001 ms]
[completed compiling 0x00b43cde4779 <JSFunction evaluateConnect4CpcNonterminal32 (sfi = 000000B43CDD7431)> (target MAGLEV) - took 0.000, 1.183, 0.005 ms]
[marking 0x02ca64698709 <JSFunction collectSingletonProfiles (sfi = 000000E216EDC139)> for optimization to TURBOFAN_JS, ConcurrencyMode::kConcurrent, reason: hot and stable[marking ]
0x031411093529 <JSFunction publishSpan32 (sfi = 0000034CC2B7D391)> for optimization to TURBOFAN_JS, ConcurrencyMode::kConcurrent, reason: hot and stable]
[compiling method 0x031411093529 <JSFunction publishSpan32 (sfi = 0000034CC2B7D391)> (target TURBOFAN_JS), mode: ConcurrencyMode::kConcurrent]
[completed compiling 0x028bddca72c1 <JSFunction connect4RbaCofactorKnownHeight (sfi = 0000028BDDC97921)> (target TURBOFAN_JS) - took 0.002, 15.825, 0.063 ms]
[completed optimizing 0x028bddca72c1 <JSFunction connect4RbaCofactorKnownHeight (sfi = 0000028BDDC97921)> (target TURBOFAN_JS)]
[marking 0x03d6dff6f939 <JSFunction connect4RbaCofactorKnownHeight (sfi = 000003D6DFF5FFC1)> for optimization to TURBOFAN_JS, ConcurrencyMode::kConcurrent, reason: hot and stable]
[marking 0x00e216eea161 <JSFunction advanceConnect4LiveLineState32 (sfi = 000000E216EDE599)> for optimization to TURBOFAN_JS, ConcurrencyMode::kConcurrent, reason: hot and stable]
[marking 0x02478d99dfb9 <JSFunction coordHas (sfi = 000000B94A4DE579)> for optimization to MAGLEV, ConcurrencyMode::kConcurrent, reason: hot and stable]
[marking 0x02ca64698649 <JSFunction coordHas (sfi = 000000E216EDC061)> for optimization to MAGLEV, ConcurrencyMode::kConcurrent, reason: hot and stable]
[compiling method 0x02478d99dfb9 <JSFunction coordHas (sfi = 000000B94A4DE579)> (target MAGLEV), mode: ConcurrencyMode::kConcurrent]
[compiling method 0x02ca64698649 <JSFunction coordHas (sfi = 000000E216EDC061)> (target MAGLEV), mode: ConcurrencyMode::kConcurrent]
[marking 0x01b422c63211 <JSFunction collectSingletonProfiles (sfi = 000002BB47C19D69)> for optimization to TURBOFAN_JS, ConcurrencyMode::kConcurrent, reason: hot and stable]
[marking 0x03d6dff6f939 <JSFunction connect4RbaCofactorKnownHeight (sfi = 000003D6DFF5FFC1)> for optimization to TURBOFAN_JS, ConcurrencyMode::kConcurrent, reason: hot and stable]
[marking 0x03d6dff6e931 <JSFunction mixSpan32Locator32 (sfi = 000003D6DFF58D31)> for optimization to TURBOFAN_JS, ConcurrencyMode::kConcurrent, reason: hot and stable]
[marking 0x00b43cde2d11 <JSFunction mixSpan32Locator32 (sfi = 000000B43CDCD159)> for optimization to TURBOFAN_JS, ConcurrencyMode::kConcurrent, reason: hot and stable]
[bailout (kind: deopt-eager, reason: not a Smi): begin. deoptimizing 0x03d6dff6fed9 [completed compiling <JSFunction firstSetBitIndex32 (sfi = 000003D6DFF64529)>0x02478d99dfb9,  0x01d17d548bf9 <Code <JSFunction coordHas (sfi = 000000B94A4DE579)>MAGLEV (target MAGLEV)> - took 0.000, 0.048, 0.002 ms, opt id 72, bytecode offset 14, deopt exit 0, FP to SP delta 24, caller SP 0x00150e9f9328, pc 0x02078e865284]
]
[marking 0x02bb47c25651 <JSFunction publishSpan32 (sfi = 000002BB47C0F929)> for optimization to TURBOFAN_JS, ConcurrencyMode::kConcurrent, reason: hot and stable]
[bailout (kind: deopt-eager, reason: not int32): begin. deoptimizing 0x031f01986cf1 <JSFunction pairedResponseNoWin (sfi = 000003D6DFF631D1)>, 0x01d17d546a81 <Code MAGLEV>, opt id 59, bytecode offset 155, deopt exit 24, FP to SP delta 160, caller SP 0x00150e9f9418, pc 0x02078e86288e]
[marking 0x0185284ccbf9 <JSFunction collectSingletonProfiles (sfi = 0000031411087DD1)> for optimization to TURBOFAN_JS, ConcurrencyMode::kConcurrent, reason: hot and stable]
[marking 0x02bb47c27ea1 <JSFunction advanceConnect4LiveLineState32 (sfi = 000002BB47C1C1C9)> for optimization to TURBOFAN_JS, ConcurrencyMode::kConcurrent, reason: hot and stable]
[marking 0x03d6dff6f939 <JSFunction connect4RbaCofactorKnownHeight (sfi = 000003D6DFF5FFC1)> for optimization to TURBOFAN_JS, ConcurrencyMode::kConcurrent, reason: hot and stable]
[marking 0x00b43cde5521 <JSFunction advanceConnect4LiveLineState32 (sfi = 000000B43CDD99B1)> for optimization to TURBOFAN_JS, ConcurrencyMode::kConcurrent, reason: hot and stable]
[marking 0x02478d99e079 <JSFunction collectSingletonProfiles (sfi = 000000B94A4DE651)> for optimization to TURBOFAN_JS, ConcurrencyMode::kConcurrent, reason: hot and stable]
[completed compiling 0x03d6dff71f39 <JSFunction storeConnect4RbaSharedExactCache32 (sfi = 000003D6DFF6C159)> (target MAGLEV) - took 0.000, 0.279, 0.008 ms]
[completed compiling 0x017a836574d1 <JSFunction pairedResponseNoWin (sfi = 000000B43CDD75E1)> (target MAGLEV) - took 0.000, 0.816, 0.004 ms]
[marking 0x00b43cde2cd1 <JSFunction publishSpan32 (sfi = 000000B43CDCD111)> for optimization to TURBOFAN_JS, ConcurrencyMode::kConcurrent, reason: hot and stable]
[marking 0x00b43cde2d11 <JSFunction mixSpan32Locator32 (sfi = 000000B43CDCD159)> for optimization to TURBOFAN_JS, ConcurrencyMode::kConcurrent, reason: hot and stable]
[marking 0x03d6dff6f939 <JSFunction connect4RbaCofactorKnownHeight (sfi = 000003D6DFF5FFC1)> for optimization to TURBOFAN_JS, ConcurrencyMode::kConcurrent, reason: hot and stable]
[marking 0x03d6dff6e931 <JSFunction mixSpan32Locator32 (sfi = 000003D6DFF58D31)> for optimization to TURBOFAN_JS, ConcurrencyMode::kConcurrent, reason: hot and stable]
[marking 0x02ca64698709 <JSFunction collectSingletonProfiles (sfi = 000000E216EDC139)> for optimization to TURBOFAN_JS, ConcurrencyMode::kConcurrent, reason: hot and stable]
[marking 0x01354eb58689 <JSFunction collectSingletonProfiles (sfi = 0000028BDDC9AAA1)> for optimization to TURBOFAN_JS, ConcurrencyMode::kConcurrent, reason: hot and stable]
[marking 0x01b422c63211 <JSFunction collectSingletonProfiles (sfi = 000002BB47C19D69)> for optimization to TURBOFAN_JS, ConcurrencyMode::kConcurrent, reason: hot and stable]
[completed compiling 0x00b43cde42b9 <JSFunction firstSetBitIndex32 (sfi = 000000B43CDD8939)> (target MAGLEV) - took 0.000, 0.438, 0.001 ms]
[marking 0x03d6dff6f939 <JSFunction connect4RbaCofactorKnownHeight (sfi = 000003D6DFF5FFC1)> for optimization to TURBOFAN_JS, ConcurrencyMode::kConcurrent, reason: hot and stable]
[marking 0x00e216eea161 <JSFunction advanceConnect4LiveLineState32 (sfi = 000000E216EDE599)> for optimization to TURBOFAN_JS, ConcurrencyMode::kConcurrent, reason: hot and stable]
[marking 0x0185284ccbf9 <JSFunction collectSingletonProfiles (sfi = 0000031411087DD1)> for optimization to TURBOFAN_JS, ConcurrencyMode::kConcurrent, reason: hot and stable]
[marking 0x031f01987951 <JSFunction searchCpcOnlyFrontier (sfi = 000003D6DFF53E59)> for optimization to MAGLEV, ConcurrencyMode::kConcurrent, reason: hot and stable]
[marking 0x01b422c63151 <JSFunction permutePair3 (sfi = 000002BB47C12701)> for optimization to TURBOFAN_JS, ConcurrencyMode::kConcurrent, reason: hot and stable]
[compiling method 0x031f01987951 <JSFunction searchCpcOnlyFrontier (sfi = 000003D6DFF53E59)> (target MAGLEV), mode: ConcurrencyMode::kConcurrent]
[marking 0x02ca64698289 <JSFunction permutePair3 (sfi = 000000E216ED4AA1)> for optimization to TURBOFAN_JS, ConcurrencyMode::kConcurrent, reason: hot and stable]
[marking 0x00b43cde2d11 <JSFunction mixSpan32Locator32 (sfi = 000000B43CDCD159)> for optimization to TURBOFAN_JS, ConcurrencyMode::kConcurrent, reason: hot and stable]
[marking 0x02478d99e079 <JSFunction collectSingletonProfiles (sfi = 000000B94A4DE651)> for optimization to TURBOFAN_JS, ConcurrencyMode::kConcurrent, reason: hot and stable]
[marking 0x02bb47c27ea1 <JSFunction advanceConnect4LiveLineState32 (sfi = 000002BB47C1C1C9)> for optimization to TURBOFAN_JS, ConcurrencyMode::kConcurrent, reason: hot and stable]
[marking 0x03d6dff6f939 <JSFunction connect4RbaCofactorKnownHeight (sfi = 000003D6DFF5FFC1)> for optimization to TURBOFAN_JS, ConcurrencyMode::kConcurrent, reason: hot and stable]
[marking 0x03d6dff6e931 <JSFunction mixSpan32Locator32 (sfi = 000003D6DFF58D31)> for optimization to TURBOFAN_JS, ConcurrencyMode::kConcurrent, reason: hot and stable]
[marking 0x02ca64698709 <JSFunction collectSingletonProfiles (sfi = 000000E216EDC139)> for optimization to TURBOFAN_JS, ConcurrencyMode::kConcurrent, reason: hot and stable]
[marking 0x03d6dff6f939 [completed compiling 0x02ca64698649 <JSFunction connect4RbaCofactorKnownHeight (sfi = 000003D6DFF5FFC1)>[marking 0x02bb47c25651 <JSFunction publishSpan32 (sfi = 000002BB47C0F929)> for optimization to TURBOFAN_JS, ConcurrencyMode::kConcurrent, reason: hot and stable for optimization to TURBOFAN_JS, ConcurrencyMode::kConcurrent, reason: hot and stable]
<JSFunction coordHas (sfi = 000000E216EDC061)>]
 (target MAGLEV) - took 0.000, 0.058, 0.001 ms]
[marking 0x00b43cde2d11 [marking <JSFunction mixSpan32Locator32 (sfi = 000000B43CDCD159)> for optimization to TURBOFAN_JS, ConcurrencyMode::kConcurrent, reason: hot and stable]
0x01b422c63211 <JSFunction collectSingletonProfiles (sfi = 000002BB47C19D69)> for optimization to TURBOFAN_JS, ConcurrencyMode::kConcurrent, reason: hot and stable]
[compiling method 0x01b422c63211 <JSFunction collectSingletonProfiles (sfi = 000002BB47C19D69)> (target TURBOFAN_JS), mode: ConcurrencyMode::kConcurrent]
[completed compiling 0x00b94a4e9e01 <JSFunction publishSpan32 (sfi = 000000B94A4D41E1)> (target TURBOFAN_JS) - took 0.002, 2.182, 0.009 ms]
[completed optimizing 0x00b94a4e9e01 <JSFunction publishSpan32 (sfi = 000000B94A4D41E1)> (target TURBOFAN_JS)]
[marking 0x03d6dff6f939 <JSFunction connect4RbaCofactorKnownHeight (sfi = 000003D6DFF5FFC1)> for optimization to TURBOFAN_JS, ConcurrencyMode::kConcurrent, reason: hot and stable]
[marking 0x00b43cde2cd1 <JSFunction publishSpan32 (sfi = 000000B43CDCD111)> for optimization to TURBOFAN_JS, ConcurrencyMode::kConcurrent, reason: hot and stable]
[marking 0x0185284ccbf9 <JSFunction collectSingletonProfiles (sfi = 0000031411087DD1)> for optimization to TURBOFAN_JS, ConcurrencyMode::kConcurrent, reason: hot and stable]
[completed compiling 0x00b43cde6319 <JSFunction storeConnect4RbaSharedExactCache32 (sfi = 000000B43CDE0569)> (target MAGLEV) - took 0.000, 1.094, 0.006 ms]
[marking 0x017a83657391 <JSFunction coordHas (sfi = 000000B43CDD7479)> for optimization to MAGLEV, ConcurrencyMode::kConcurrent, reason: hot and stable]
[compiling method 0x017a83657391 <JSFunction coordHas (sfi = 000000B43CDD7479)> (target MAGLEV), mode: ConcurrencyMode::kConcurrent]
[marking 0x00e216eea161 [marking 0x02478d99e079 <JSFunction advanceConnect4LiveLineState32 (sfi = 000000E216EDE599)> for optimization to TURBOFAN_JS, ConcurrencyMode::kConcurrent, reason: hot and stable<JSFunction collectSingletonProfiles (sfi = 000000B94A4DE651)>]
 for optimization to TURBOFAN_JS, ConcurrencyMode::kConcurrent, reason: hot and stable]
[marking 0x03d6dff6f939 <JSFunction connect4RbaCofactorKnownHeight (sfi = 000003D6DFF5FFC1)> for optimization to TURBOFAN_JS, ConcurrencyMode::kConcurrent, reason: hot and stable]
[marking 0x03d6dff6e931 <JSFunction mixSpan32Locator32 (sfi = 000003D6DFF58D31)> for optimization to TURBOFAN_JS, ConcurrencyMode::kConcurrent, reason: hot and stable]
[marking 0x00b43cde5521 <JSFunction advanceConnect4LiveLineState32 (sfi = 000000B43CDD99B1)> for optimization to TURBOFAN_JS, ConcurrencyMode::kConcurrent, reason: hot and stable]
[marking 0x0185284ccb79 [marking 0x02bb47c27ea1 <JSFunction cellMarked (sfi = 0000031411087D41)> for optimization to TURBOFAN_JS, ConcurrencyMode::kConcurrent, reason: hot and stable]
<JSFunction advanceConnect4LiveLineState32 (sfi = 000002BB47C1C1C9)> for optimization to TURBOFAN_JS, ConcurrencyMode::kConcurrent, reason: hot and stable]
[marking 0x017a83656fd1 <JSFunction permutePair3 (sfi = 000000B43CDCFEE9)> for optimization to TURBOFAN_JS, ConcurrencyMode::kConcurrent, reason: hot and stable]
[marking 0x03d6dff6f939 <JSFunction connect4RbaCofactorKnownHeight (sfi = 000003D6DFF5FFC1)> for optimization to TURBOFAN_JS, ConcurrencyMode::kConcurrent, reason: hot and stable]
[marking 0x02ca64698709 <JSFunction collectSingletonProfiles (sfi = 000000E216EDC139)> for optimization to TURBOFAN_JS, ConcurrencyMode::kConcurrent, reason: hot and stable]
[marking 0x01354eb58689 <JSFunction collectSingletonProfiles (sfi = 0000028BDDC9AAA1)> for optimization to TURBOFAN_JS, ConcurrencyMode::kConcurrent, reason: hot and stable]
[marking 0x03d6dff6f939 <JSFunction connect4RbaCofactorKnownHeight (sfi = 000003D6DFF5FFC1)> for optimization to TURBOFAN_JS, ConcurrencyMode::kConcurrent, reason: hot and stable]
[marking 0x031411095d79 <JSFunction advanceConnect4LiveLineState32 (sfi = 000003141108A231)> for optimization to TURBOFAN_JS, ConcurrencyMode::kConcurrent, reason: hot and stable]
[marking 0x03d6dff6e931 <JSFunction mixSpan32Locator32 (sfi = 000003D6DFF58D31)> for optimization to TURBOFAN_JS, ConcurrencyMode::kConcurrent, reason: hot and stable]
[completed compiling 0x028bddca62b9 <JSFunction mixSpan32Locator32 (sfi = 0000028BDDC906A9)> (target TURBOFAN_JS) - took 0.003, 1.057, 0.013 ms[marking ]
[compiling method 0x0185284ccbf9 [marking 0x03d6dff6e931 [completed optimizing <JSFunction collectSingletonProfiles (sfi = 0000031411087DD1)><JSFunction mixSpan32Locator32 (sfi = 000003D6DFF58D31)>0x00b43cde2cd1 (target TURBOFAN_JS) , mode: ConcurrencyMode::kConcurrent0x028bddca62b9 for optimization to TURBOFAN_JS, ConcurrencyMode::kConcurrent, reason: hot and stable ]
<JSFunction publishSpan32 (sfi = 000000B43CDCD111)>]
 for optimization to TURBOFAN_JS, ConcurrencyMode::kConcurrent, reason: hot and stable<JSFunction mixSpan32Locator32 (sfi = 0000028BDDC906A9)>]
 (target TURBOFAN_JS)]
[marking 0x02478d99e079 <JSFunction collectSingletonProfiles (sfi = 000000B94A4DE651)> for optimization to TURBOFAN_JS, ConcurrencyMode::kConcurrent, reason: hot and stable]
[marking 0x03d6dff6f939 <JSFunction connect4RbaCofactorKnownHeight (sfi = 000003D6DFF5FFC1)> for optimization to TURBOFAN_JS, ConcurrencyMode::kConcurrent, reason: hot and stable]
[marking 0x01b422c63151 <JSFunction permutePair3 (sfi = 000002BB47C12701)> for optimization to TURBOFAN_JS, ConcurrencyMode::kConcurrent, reason: hot and stable]
[marking 0x00e216eea161 <JSFunction advanceConnect4LiveLineState32 (sfi = 000000E216EDE599)> for optimization to TURBOFAN_JS, ConcurrencyMode::kConcurrent, reason: hot and stable]
[marking 0x028bddca6279 <JSFunction publishSpan32 (sfi = 0000028BDDC90661)> for optimization to TURBOFAN_JS, ConcurrencyMode::kConcurrent, reason: hot and stable]
[marking 0x02bb47c25651 <JSFunction publishSpan32 (sfi = 000002BB47C0F929)> for optimization to TURBOFAN_JS, ConcurrencyMode::kConcurrent, reason: hot and stable]
[bailout (kind: deopt-eager, reason: Insufficient type feedback for call): begin. deoptimizing 0x028bddca98c1 <JSFunction storeConnect4RbaSharedExactCache32 (sfi = 0000028BDDCA3AB9)>, 0x02125c695e19 <Code MAGLEV>, opt id 52, bytecode offset 125, deopt exit 23, FP to SP delta 144, caller SP 0x00150f9f9f40, pc 0x0207ee821ed9]
[marking 0x03d6dff6f939 <JSFunction connect4RbaCofactorKnownHeight (sfi = 000003D6DFF5FFC1)> for optimization to TURBOFAN_JS, ConcurrencyMode::kConcurrent, reason: hot and stable]
[marking 0x02ca64698709 <JSFunction collectSingletonProfiles (sfi = 000000E216EDC139)> for optimization to TURBOFAN_JS, ConcurrencyMode::kConcurrent, reason: hot and stable]
[marking 0x017a83656fd1 <JSFunction permutePair3 (sfi = 000000B43CDCFEE9)> for optimization to TURBOFAN_JS, ConcurrencyMode::kConcurrent, reason: hot and stable]
[marking 0x02bb47c27ea1 <JSFunction advanceConnect4LiveLineState32 (sfi = 000002BB47C1C1C9)> for optimization to TURBOFAN_JS, ConcurrencyMode::kConcurrent, reason: hot and stable]
[marking 0x02ca64698289 <JSFunction permutePair3 (sfi = 000000E216ED4AA1)> for optimization to TURBOFAN_JS, ConcurrencyMode::kConcurrent, reason: hot and stable]
[marking 0x0185284ccb79 <JSFunction cellMarked (sfi = 0000031411087D41)> for optimization to TURBOFAN_JS, ConcurrencyMode::kConcurrent, reason: hot and stable]
[marking 0x03d6dff6f939 <JSFunction connect4RbaCofactorKnownHeight (sfi = 000003D6DFF5FFC1)> for optimization to TURBOFAN_JS, ConcurrencyMode::kConcurrent, reason: hot and stable]
[marking 0x00b43cde2cd1 <JSFunction publishSpan32 (sfi = 000000B43CDCD111)> for optimization to TURBOFAN_JS, ConcurrencyMode::kConcurrent, reason: hot and stable]
[marking 0x00b43cde5521 <JSFunction advanceConnect4LiveLineState32 (sfi = 000000B43CDD99B1)> for optimization to TURBOFAN_JS, ConcurrencyMode::kConcurrent, reason: hot and stable]
[marking 0x02478d99e079 <JSFunction collectSingletonProfiles (sfi = 000000B94A4DE651)>[completed compiling  for optimization to TURBOFAN_JS, ConcurrencyMode::kConcurrent, reason: hot and stable]
0x031411093529 <JSFunction publishSpan32 (sfi = 0000034CC2B7D391)> (target TURBOFAN_JS) - took 0.002, 0.745, 0.013 ms]
[completed optimizing 0x031411093529 <JSFunction publishSpan32 (sfi = 0000034CC2B7D391)> (target TURBOFAN_JS)]
[compiling method 0x02478d99e079 <JSFunction collectSingletonProfiles (sfi = 000000B94A4DE651)> (target TURBOFAN_JS), mode: ConcurrencyMode::kConcurrent]
[marking 0x03d6dff6f939 <JSFunction connect4RbaCofactorKnownHeight (sfi = 000003D6DFF5FFC1)> for optimization to TURBOFAN_JS, ConcurrencyMode::kConcurrent, reason: hot and stable]
[marking [marking 0x00e216ee9ee9 <JSFunction popcount3x32 (sfi = 000000E216EE0D49)>0x01354eb58689 for optimization to TURBOFAN_JS, ConcurrencyMode::kConcurrent, reason: hot and stable ]
<JSFunction collectSingletonProfiles (sfi = 0000028BDDC9AAA1)> for optimization to TURBOFAN_JS, ConcurrencyMode::kConcurrent, reason: hot and stable]
[completed compiling 0x031f01987951 <JSFunction searchCpcOnlyFrontier (sfi = 000003D6DFF53E59)> (target MAGLEV) - took 0.000, 2.266, 0.022 ms]
[marking 0x0314110945b1 <JSFunction connect4RbaCanonicalize (sfi = 0000031411084C99)> for optimization to TURBOFAN_JS, ConcurrencyMode::kConcurrent, reason: hot and stable]
[marking 0x02ca64698709 <JSFunction collectSingletonProfiles (sfi = 000000E216EDC139)> for optimization to TURBOFAN_JS, ConcurrencyMode::kConcurrent, reason: hot and stable]
[marking 0x00e216eea161 <JSFunction advanceConnect4LiveLineState32 (sfi = 000000E216EDE599)> for optimization to TURBOFAN_JS, ConcurrencyMode::kConcurrent, reason: hot and stable]
[marking 0x0185284ccbf9 <JSFunction collectSingletonProfiles (sfi = 0000031411087DD1)> for optimization to TURBOFAN_JS, ConcurrencyMode::kConcurrent, reason: hot and stable]
[compiling method 0x0185284ccbf9 <JSFunction collectSingletonProfiles (sfi = 0000031411087DD1)> (target TURBOFAN_JS), mode: ConcurrencyMode::kConcurrent]
[marking 0x03d6dff6f939 <JSFunction connect4RbaCofactorKnownHeight (sfi = 000003D6DFF5FFC1)> for optimization to TURBOFAN_JS, ConcurrencyMode::kConcurrent, reason: hot and stable]
[marking 0x00b43cde2cd1 <JSFunction publishSpan32 (sfi = 000000B43CDCD111)> for optimization to TURBOFAN_JS, ConcurrencyMode::kConcurrent, reason: hot and stable]
[marking 0x017a83656fd1 <JSFunction permutePair3 (sfi = 000000B43CDCFEE9)> for optimization to TURBOFAN_JS, ConcurrencyMode::kConcurrent, reason: hot and stable]
[marking 0x02bb47c27ea1 <JSFunction advanceConnect4LiveLineState32 (sfi = 000002BB47C1C1C9)> for optimization to TURBOFAN_JS, ConcurrencyMode::kConcurrent, reason: hot and stable]
[marking 0x03d6dff6f939 <JSFunction connect4RbaCofactorKnownHeight (sfi = 000003D6DFF5FFC1)> for optimization to TURBOFAN_JS, ConcurrencyMode::kConcurrent, reason: hot and stable]
[marking 0x028bddca98c1 <JSFunction storeConnect4RbaSharedExactCache32 (sfi = 0000028BDDCA3AB9)> for optimization to MAGLEV, ConcurrencyMode::kConcurrent, reason: hot and stable]
[compiling method 0x028bddca98c1 <JSFunction storeConnect4RbaSharedExactCache32 (sfi = 0000028BDDCA3AB9)> (target MAGLEV), mode: ConcurrencyMode::kConcurrent]
[marking 0x03d6dff6f939 <JSFunction connect4RbaCofactorKnownHeight (sfi = 000003D6DFF5FFC1)> for optimization to TURBOFAN_JS, ConcurrencyMode::kConcurrent, reason: hot and stable]
[marking 0x01b422c63191 <JSFunction coordHas (sfi = 000002BB47C19C91)> for optimization to MAGLEV, ConcurrencyMode::kConcurrent, reason: hot and stable]
[compiling method 0x01b422c63191 <JSFunction coordHas (sfi = 000002BB47C19C91)> (target MAGLEV), mode: ConcurrencyMode::kConcurrent]
[marking 0x031411095d79 <JSFunction advanceConnect4LiveLineState32 (sfi = 000003141108A231)> for optimization to TURBOFAN_JS, ConcurrencyMode::kConcurrent, reason: hot and stable]
[marking 0x0185284ccb79 <JSFunction cellMarked (sfi = 0000031411087D41)> for optimization to TURBOFAN_JS, ConcurrencyMode::kConcurrent, reason: hot and stable]
[marking 0x00b43cde2cd1[marking  0x02ca64698709 <JSFunction publishSpan32 (sfi = 000000B43CDCD111)> for optimization to TURBOFAN_JS, ConcurrencyMode::kConcurrent, reason: hot and stable<JSFunction collectSingletonProfiles (sfi = 000000E216EDC139)>]
 for optimization to TURBOFAN_JS, ConcurrencyMode::kConcurrent, reason: hot and stable]
[compiling method 0x00b43cde2cd1 <JSFunction publishSpan32 (sfi = 000000B43CDCD111)> (target TURBOFAN_JS), mode: ConcurrencyMode::kConcurrent]
[completed compiling 0x03d6dff6e931 <JSFunction mixSpan32Locator32 (sfi = 000003D6DFF58D31)> (target TURBOFAN_JS) - took 0.002, 0.645, 0.013 ms]
[completed optimizing 0x03d6dff6e931 <JSFunction mixSpan32Locator32 (sfi = 000003D6DFF58D31)> (target TURBOFAN_JS)]
[marking 0x03d6dff6f939 <JSFunction connect4RbaCofactorKnownHeight (sfi = 000003D6DFF5FFC1)> for optimization to TURBOFAN_JS, ConcurrencyMode::kConcurrent, reason: hot and stable]
[marking 0x00b43cde5521 <JSFunction advanceConnect4LiveLineState32 (sfi = 000000B43CDD99B1)> for optimization to TURBOFAN_JS, ConcurrencyMode::kConcurrent, reason: hot and stable]
[marking 0x02bb47c25651 <JSFunction publishSpan32 (sfi = 000002BB47C0F929)> for optimization to TURBOFAN_JS, ConcurrencyMode::kConcurrent, reason: hot and stable]
[compiling method 0x02bb47c25651 <JSFunction publishSpan32 (sfi = 000002BB47C0F929)> (target TURBOFAN_JS), mode: ConcurrencyMode::kConcurrent]
[completed compiling 0x031f019861d1 <JSFunction subsetDensePrepared (sfi = 000003D6DFF5BA31)> (target TURBOFAN_JS) - took 0.003, 0.254, 0.004 ms]
[completed optimizing 0x031f019861d1 <JSFunction subsetDensePrepared (sfi = 000003D6DFF5BA31)> (target TURBOFAN_JS)]
[marking 0x03d6dff6f939 <JSFunction connect4RbaCofactorKnownHeight (sfi = 000003D6DFF5FFC1)> for optimization to TURBOFAN_JS, ConcurrencyMode::kConcurrent, reason: hot and stable]
[marking 0x00e216eea161 <JSFunction advanceConnect4LiveLineState32 (sfi = 000000E216EDE599)> for optimization to TURBOFAN_JS, ConcurrencyMode::kConcurrent, reason: hot and stable]
[marking 0x01354eb58689 <JSFunction collectSingletonProfiles (sfi = 0000028BDDC9AAA1)> for optimization to TURBOFAN_JS, ConcurrencyMode::kConcurrent, reason: hot and stable]
[marking 0x017a83656fd1 <JSFunction permutePair3 (sfi = 000000B43CDCFEE9)> for optimization to TURBOFAN_JS, ConcurrencyMode::kConcurrent, reason: hot and stable]
[marking 0x02bb47c27ea1 <JSFunction advanceConnect4LiveLineState32 (sfi = 000002BB47C1C1C9)> for optimization to TURBOFAN_JS, ConcurrencyMode::kConcurrent, reason: hot and stable]
[marking 0x03d6dff6f939 <JSFunction connect4RbaCofactorKnownHeight (sfi = 000003D6DFF5FFC1)> for optimization to TURBOFAN_JS, ConcurrencyMode::kConcurrent, reason: hot and stable]
[completed compiling 0x03da4fa02781 <JSFunction searchCpcOnlyFrontier (sfi = 0000028BDDC8B7D1)> (target MAGLEV) - took 0.000, 3.315, 0.021 ms]
[marking 0x028bddca6279 <JSFunction publishSpan32 (sfi = 0000028BDDC90661)> for optimization to TURBOFAN_JS, ConcurrencyMode::kConcurrent, reason: hot and stable]
[marking 0x02ca64698709 <JSFunction collectSingletonProfiles (sfi = 000000E216EDC139)> for optimization to TURBOFAN_JS, ConcurrencyMode::kConcurrent, reason: hot and stable]
[marking 0x03d6dff6f939 <JSFunction connect4RbaCofactorKnownHeight (sfi = 000003D6DFF5FFC1)> for optimization to TURBOFAN_JS, ConcurrencyMode::kConcurrent, reason: hot and stable]
[marking 0x00e216ee9ee9 <JSFunction popcount3x32 (sfi = 000000E216EE0D49)> for optimization to TURBOFAN_JS, ConcurrencyMode::kConcurrent, reason: hot and stable]
[completed compiling 0x03d6dff6f579 <JSFunction emitSortedSetBits32 (sfi = 000003D6DFF60EF1)> (target TURBOFAN_JS) - took 0.002, 0.759, 0.013 ms]
[completed optimizing 0x03d6dff6f579 <JSFunction emitSortedSetBits32 (sfi = 000003D6DFF60EF1)> (target TURBOFAN_JS)]
[marking 0x03d6dff6f939 <JSFunction connect4RbaCofactorKnownHeight (sfi = 000003D6DFF5FFC1)> for optimization to TURBOFAN_JS, ConcurrencyMode::kConcurrent, reason: hot and stable]
[compiling method 0x03d6dff6f939 <JSFunction connect4RbaCofactorKnownHeight (sfi = 000003D6DFF5FFC1)> (target TURBOFAN_JS), mode: ConcurrencyMode::kConcurrent[marking ]
[marking 0x01b422c63151 0x0314110945b1 <JSFunction permutePair3 (sfi = 000002BB47C12701)> for optimization to TURBOFAN_JS, ConcurrencyMode::kConcurrent, reason: hot and stable]
<JSFunction connect4RbaCanonicalize (sfi = 0000031411084C99)> for optimization to TURBOFAN_JS, ConcurrencyMode::kConcurrent, reason: hot and stable]
[completed compiling 0x028bddca98c1 <JSFunction storeConnect4RbaSharedExactCache32 (sfi = 0000028BDDCA3AB9)> (target MAGLEV) - took 0.000, 0.470, 0.008 ms]
[marking 0x0185284ccb79 <JSFunction cellMarked (sfi = 0000031411087D41)> for optimization to TURBOFAN_JS, ConcurrencyMode::kConcurrent, reason: hot and stable]
[marking 0x00b43cde5521 <JSFunction advanceConnect4LiveLineState32 (sfi = 000000B43CDD99B1)> for optimization to TURBOFAN_JS, ConcurrencyMode::kConcurrent, reason: hot and stable]
[marking 0x02ca64698289 <JSFunction permutePair3 (sfi = 000000E216ED4AA1)> for optimization to TURBOFAN_JS, ConcurrencyMode::kConcurrent, reason: hot and stable]
[marking 0x00e216eea161 <JSFunction advanceConnect4LiveLineState32 (sfi = 000000E216EDE599)> for optimization to TURBOFAN_JS, ConcurrencyMode::kConcurrent, reason: hot and stable]
[marking 0x02bb47c27ea1 <JSFunction advanceConnect4LiveLineState32 (sfi = 000002BB47C1C1C9)> for optimization to TURBOFAN_JS, ConcurrencyMode::kConcurrent, reason: hot and stable]
[marking 0x01354eb58689 <JSFunction collectSingletonProfiles (sfi = 0000028BDDC9AAA1)> for optimization to TURBOFAN_JS, ConcurrencyMode::kConcurrent, reason: hot and stable]
[completed compiling 0x017a83657391 <JSFunction coordHas (sfi = 000000B43CDD7479)> (target MAGLEV) - took 0.000, 0.088, 0.002 ms]
[marking [marking 0x02ca64698709 0x031411095d79 <JSFunction collectSingletonProfiles (sfi = 000000E216EDC139)><JSFunction advanceConnect4LiveLineState32 (sfi = 000003141108A231)> for optimization to TURBOFAN_JS, ConcurrencyMode::kConcurrent, reason: hot and stable]
 for optimization to TURBOFAN_JS, ConcurrencyMode::kConcurrent, reason: hot and stable]
[marking 0x028bddca6279 <JSFunction publishSpan32 (sfi = 0000028BDDC90661)> for optimization to TURBOFAN_JS, ConcurrencyMode::kConcurrent, reason: hot and stable]
[marking 0x01354eb58689 <JSFunction collectSingletonProfiles (sfi = 0000028BDDC9AAA1)> for optimization to TURBOFAN_JS, ConcurrencyMode::kConcurrent, reason: hot and stable]
[completed compiling 0x01b422c63191 <JSFunction coordHas (sfi = 000002BB47C19C91)> (target MAGLEV) - took 0.000, 0.071, 0.002 ms]
[marking 0x00e216eea161 <JSFunction advanceConnect4LiveLineState32 (sfi = 000000E216EDE599)> for optimization to TURBOFAN_JS, ConcurrencyMode::kConcurrent, reason: hot and stable]
[compiling method 0x00e216eea161 <JSFunction advanceConnect4LiveLineState32 (sfi = 000000E216EDE599)> (target TURBOFAN_JS), mode: ConcurrencyMode::kConcurrent]
[marking 0x0185284ccb79 <JSFunction cellMarked (sfi = 0000031411087D41)> for optimization to TURBOFAN_JS, ConcurrencyMode::kConcurrent, reason: hot and stable]
[marking 0x00b43cde5521 <JSFunction advanceConnect4LiveLineState32 (sfi = 000000B43CDD99B1)> for optimization to TURBOFAN_JS, ConcurrencyMode::kConcurrent, reason: hot and stable]
[marking 0x02ca64698709 <JSFunction collectSingletonProfiles (sfi = 000000E216EDC139)> for optimization to TURBOFAN_JS, ConcurrencyMode::kConcurrent, reason: hot and stable]
[marking 0x02bb47c27c29 <JSFunction popcount3x32 (sfi = 000002BB47C1E979)> for optimization to TURBOFAN_JS, ConcurrencyMode::kConcurrent, reason: hot and stable]
[marking 0x00e216ee9ee9 <JSFunction popcount3x32 (sfi = 000000E216EE0D49)> for optimization to TURBOFAN_JS, ConcurrencyMode::kConcurrent, reason: hot and stable]
[marking 0x017a83656fd1 <JSFunction permutePair3 (sfi = 000000B43CDCFEE9)> for optimization to TURBOFAN_JS, ConcurrencyMode::kConcurrent, reason: hot and stable]
[marking 0x02bb47c27ea1 <JSFunction advanceConnect4LiveLineState32 (sfi = 000002BB47C1C1C9)> for optimization to TURBOFAN_JS, ConcurrencyMode::kConcurrent, reason: hot and stable]
[marking 0x01354eb58689 <JSFunction collectSingletonProfiles (sfi = 0000028BDDC9AAA1)> for optimization to TURBOFAN_JS, ConcurrencyMode::kConcurrent, reason: hot and stable]
[marking 0x031411095d79 <JSFunction advanceConnect4LiveLineState32 (sfi = 000003141108A231)> for optimization to TURBOFAN_JS, ConcurrencyMode::kConcurrent, reason: hot and stable]
[marking 0x0314110945b1 <JSFunction connect4RbaCanonicalize (sfi = 0000031411084C99)> for optimization to TURBOFAN_JS, ConcurrencyMode::kConcurrent, reason: hot and stable]
[marking 0x0185284ccb79 <JSFunction cellMarked (sfi = 0000031411087D41)> for optimization to TURBOFAN_JS, ConcurrencyMode::kConcurrent, reason: hot and stable]
[marking 0x02ca64698289 <JSFunction permutePair3 (sfi = 000000E216ED4AA1)> for optimization to TURBOFAN_JS, ConcurrencyMode::kConcurrent, reason: hot and stable]
[marking 0x028bddca6279 <JSFunction publishSpan32 (sfi = 0000028BDDC90661)> for optimization to TURBOFAN_JS, ConcurrencyMode::kConcurrent, reason: hot and stable]
[marking 0x01b422c63151 <JSFunction permutePair3 (sfi = 000002BB47C12701)> for optimization to TURBOFAN_JS, ConcurrencyMode::kConcurrent, reason: hot and stable]
[marking 0x01354eb58689 <JSFunction collectSingletonProfiles (sfi = 0000028BDDC9AAA1)> for optimization to TURBOFAN_JS, ConcurrencyMode::kConcurrent, reason: hot and stable]
[marking 0x02ca64698709 <JSFunction collectSingletonProfiles (sfi = 000000E216EDC139)> for optimization to TURBOFAN_JS, ConcurrencyMode::kConcurrent, reason: hot and stable]
[completed compiling 0x00b43cde3c59 <JSFunction connect4RbaCofactorBasis (sfi = 000000B43CDD42F9)> (target TURBOFAN_JS) - took 0.001, 4.840, 0.026 ms]
[completed optimizing 0x00b43cde3c59 <JSFunction connect4RbaCofactorBasis (sfi = 000000B43CDD42F9)> (target TURBOFAN_JS)]
[marking 0x017a83656fd1 <JSFunction permutePair3 (sfi = 000000B43CDCFEE9)> for optimization to TURBOFAN_JS, ConcurrencyMode::kConcurrent, reason: hot and stable]
[compiling method 0x017a83656fd1 <JSFunction permutePair3 (sfi = 000000B43CDCFEE9)> (target TURBOFAN_JS), mode: ConcurrencyMode::kConcurrent]
[marking 0x00b43cde5521 <JSFunction advanceConnect4LiveLineState32 (sfi = 000000B43CDD99B1)> for optimization to TURBOFAN_JS, ConcurrencyMode::kConcurrent, reason: hot and stable]
[marking 0x02bb47c27ea1 <JSFunction advanceConnect4LiveLineState32 (sfi = 000002BB47C1C1C9)> for optimization to TURBOFAN_JS, ConcurrencyMode::kConcurrent, reason: hot and stable]
[marking 0x0185284ccb79 <JSFunction cellMarked (sfi = 0000031411087D41)> for optimization to TURBOFAN_JS, ConcurrencyMode::kConcurrent, reason: hot and stable]
[completed compiling 0x02bb47c25651 <JSFunction publishSpan32 (sfi = 000002BB47C0F929)> (target TURBOFAN_JS) - took 0.001, 0.662, 0.014 ms]
[completed optimizing 0x02bb47c25651 <JSFunction publishSpan32 (sfi = 000002BB47C0F929)> (target TURBOFAN_JS)]
[marking 0x01354eb58689 <JSFunction collectSingletonProfiles (sfi = 0000028BDDC9AAA1)> for optimization to TURBOFAN_JS, ConcurrencyMode::kConcurrent, reason: hot and stable]
[compiling method 0x01354eb58689 <JSFunction collectSingletonProfiles (sfi = 0000028BDDC9AAA1)> (target TURBOFAN_JS), mode: ConcurrencyMode::kConcurrent]
[marking 0x031411095d79 <JSFunction advanceConnect4LiveLineState32 (sfi = 000003141108A231)> for optimization to TURBOFAN_JS, ConcurrencyMode::kConcurrent, reason: hot and stable]
[marking 0x00e216ee9ee9 <JSFunction popcount3x32 (sfi = 000000E216EE0D49)> for optimization to TURBOFAN_JS, ConcurrencyMode::kConcurrent, reason: hot and stable]
[marking 0x031411096b31 <JSFunction probeConnect4RbaSharedExactCache32 (sfi = 0000031411090DA1)> for optimization to MAGLEV, ConcurrencyMode::kConcurrent, reason: hot and stable]
[compiling method 0x031411096b31 <JSFunction probeConnect4RbaSharedExactCache32 (sfi = 0000031411090DA1)> (target MAGLEV), mode: ConcurrencyMode::kConcurrent]
[marking [marking 0x02478d99dbf9 0x02ca64698709 [marking <JSFunction permutePair3 (sfi = 000000B94A4D6FB9)>0x02bb47c27c29 for optimization to TURBOFAN_JS, ConcurrencyMode::kConcurrent, reason: hot and stable]
 <JSFunction collectSingletonProfiles (sfi = 000000E216EDC139)> for optimization to TURBOFAN_JS, ConcurrencyMode::kConcurrent, reason: hot and stable]
<JSFunction popcount3x32 (sfi = 000002BB47C1E979)> for optimization to TURBOFAN_JS, ConcurrencyMode::kConcurrent, reason: hot and stable]
[marking 0x0314110945b1 <JSFunction connect4RbaCanonicalize (sfi = 0000031411084C99)> for optimization to TURBOFAN_JS, ConcurrencyMode::kConcurrent, reason: hot and stable]
[completed compiling 0x02478d99e079 <JSFunction collectSingletonProfiles (sfi = 000000B94A4DE651)> (target TURBOFAN_JS) - took 0.001, 3.957, 0.022 ms]
[completed optimizing 0x02478d99e079 <JSFunction collectSingletonProfiles (sfi = 000000B94A4DE651)> (target TURBOFAN_JS)]
[completed compiling 0x0185284ccbf9 <JSFunction collectSingletonProfiles (sfi = 0000031411087DD1)> (target TURBOFAN_JS) - took 0.002, 2.671, 0.026 ms]
[completed optimizing 0x0185284ccbf9 <JSFunction collectSingletonProfiles (sfi = 0000031411087DD1)> (target TURBOFAN_JS)]
[marking 0x0185284ccb79 <JSFunction cellMarked (sfi = 0000031411087D41)> for optimization to TURBOFAN_JS, ConcurrencyMode::kConcurrent, reason: hot and stable]
[compiling method 0x0185284ccb79 <JSFunction cellMarked (sfi = 0000031411087D41)> (target TURBOFAN_JS), mode: ConcurrencyMode::kConcurrent]
[marking 0x028bddca6279 <JSFunction publishSpan32 (sfi = 0000028BDDC90661)> for optimization to TURBOFAN_JS, ConcurrencyMode::kConcurrent, reason: hot and stable]
[marking 0x00b43cde5521 <JSFunction advanceConnect4LiveLineState32 (sfi = 000000B43CDD99B1)> for optimization to TURBOFAN_JS, ConcurrencyMode::kConcurrent, reason: hot and stable]
[compiling method [compiling method 0x028bddca6279 0x00b43cde5521 <JSFunction advanceConnect4LiveLineState32 (sfi = 000000B43CDD99B1)> (target TURBOFAN_JS), mode: ConcurrencyMode::kConcurrent]
<JSFunction publishSpan32 (sfi = 0000028BDDC90661)> (target TURBOFAN_JS), mode: ConcurrencyMode::kConcurrent]
[marking 0x02ca64698289 <JSFunction permutePair3 (sfi = 000000E216ED4AA1)> for optimization to TURBOFAN_JS, ConcurrencyMode::kConcurrent, reason: hot and stable]
[marking 0x02bb47c27ea1 <JSFunction advanceConnect4LiveLineState32 (sfi = 000002BB47C1C1C9)> for optimization to TURBOFAN_JS, ConcurrencyMode::kConcurrent, reason: hot and stable]
[marking 0x01b422c63151 <JSFunction permutePair3 (sfi = 000002BB47C12701)> for optimization to TURBOFAN_JS, ConcurrencyMode::kConcurrent, reason: hot and stable]
[marking 0x031411095d79 <JSFunction advanceConnect4LiveLineState32 (sfi = 000003141108A231)> for optimization to TURBOFAN_JS, ConcurrencyMode::kConcurrent, reason: hot and stable]
[marking 0x02478d99dbf9 <JSFunction permutePair3 (sfi = 000000B94A4D6FB9)> for optimization to TURBOFAN_JS, ConcurrencyMode::kConcurrent, reason: hot and stable]
[marking 0x02ca64698709 <JSFunction collectSingletonProfiles (sfi = 000000E216EDC139)> for optimization to TURBOFAN_JS, ConcurrencyMode::kConcurrent, reason: hot and stable]
[completed compiling 0x00b94a4ec651 <JSFunction advanceConnect4LiveLineState32 (sfi = 000000B94A4E0AB1)> (target TURBOFAN_JS) - took 0.003, 1.119, 0.012 ms]
[completed optimizing 0x00b94a4ec651 <JSFunction advanceConnect4LiveLineState32 (sfi = 000000B94A4E0AB1)> (target TURBOFAN_JS)]
[marking 0x031f01986cf1 <JSFunction pairedResponseNoWin (sfi = 000003D6DFF631D1)> for optimization to MAGLEV, ConcurrencyMode::kConcurrent, reason: hot and stable]
[compiling method 0x031f01986cf1 <JSFunction pairedResponseNoWin (sfi = 000003D6DFF631D1)> (target MAGLEV), mode: ConcurrencyMode::kConcurrent]
[marking 0x0314110945b1 <JSFunction connect4RbaCanonicalize (sfi = 0000031411084C99)> for optimization to TURBOFAN_JS, ConcurrencyMode::kConcurrent, reason: hot and stable]
[compiling method 0x0314110945b1 <JSFunction connect4RbaCanonicalize (sfi = 0000031411084C99)> (target TURBOFAN_JS), mode: ConcurrencyMode::kConcurrent]
[marking 0x028bddca6279 <JSFunction publishSpan32 (sfi = 0000028BDDC90661)> for optimization to TURBOFAN_JS, ConcurrencyMode::kConcurrent, reason: hot and stable]
[completed compiling 0x0185284cc779 <JSFunction permutePair3 (sfi = 0000031411080769)> (target TURBOFAN_JS) - took 0.003, 1.367, 0.010 ms]
[completed optimizing 0x0185284cc779 <JSFunction permutePair3 (sfi = 0000031411080769)> (target TURBOFAN_JS)]
[marking 0x02bb47c27ea1 <JSFunction advanceConnect4LiveLineState32 (sfi = 000002BB47C1C1C9)> for optimization to TURBOFAN_JS, ConcurrencyMode::kConcurrent, reason: hot and stable]
[compiling method 0x02bb47c27ea1 <JSFunction advanceConnect4LiveLineState32 (sfi = 000002BB47C1C1C9)> (target TURBOFAN_JS), mode: ConcurrencyMode::kConcurrent]
[marking 0x00e216ee9ee9 <JSFunction popcount3x32 (sfi = 000000E216EE0D49)> for optimization to TURBOFAN_JS, ConcurrencyMode::kConcurrent, reason: hot and stable]
[marking 0x02ca64698289 [marking 0x031411095d79 <JSFunction permutePair3 (sfi = 000000E216ED4AA1)> for optimization to TURBOFAN_JS, ConcurrencyMode::kConcurrent, reason: hot and stable]
<JSFunction advanceConnect4LiveLineState32 (sfi = 000003141108A231)> for optimization to TURBOFAN_JS, ConcurrencyMode::kConcurrent, reason: hot and stable]
[marking 0x01b422c63151 <JSFunction permutePair3 (sfi = 000002BB47C12701)> for optimization to TURBOFAN_JS, ConcurrencyMode::kConcurrent, reason: hot and stable]
[marking 0x02bb47c27c29 <JSFunction popcount3x32 (sfi = 000002BB47C1E979)> for optimization to TURBOFAN_JS, ConcurrencyMode::kConcurrent, reason: hot and stable]
[marking 0x02ca64698709 <JSFunction collectSingletonProfiles (sfi = 000000E216EDC139)> for optimization to TURBOFAN_JS, ConcurrencyMode::kConcurrent, reason: hot and stable]
[marking 0x028bddca6279 <JSFunction publishSpan32 (sfi = 0000028BDDC90661)> for optimization to TURBOFAN_JS, ConcurrencyMode::kConcurrent, reason: hot and stable]
[marking 0x02478d99dbf9 <JSFunction permutePair3 (sfi = 000000B94A4D6FB9)> for optimization to TURBOFAN_JS, ConcurrencyMode::kConcurrent, reason: hot and stable]
[marking 0x028bddca6279 <JSFunction publishSpan32 (sfi = 0000028BDDC90661)> for optimization to TURBOFAN_JS, ConcurrencyMode::kConcurrent, reason: hot and stable]
[completed compiling 0x017a83656fd1 <JSFunction permutePair3 (sfi = 000000B43CDCFEE9)> (target TURBOFAN_JS) - took 0.002, 2.007, 0.011 ms]
[completed optimizing 0x017a83656fd1 <JSFunction permutePair3 (sfi = 000000B43CDCFEE9)> (target TURBOFAN_JS)]
[marking 0x031411095d79 <JSFunction advanceConnect4LiveLineState32 (sfi = 000003141108A231)> for optimization to TURBOFAN_JS, ConcurrencyMode::kConcurrent, reason: hot and stable]
[compiling method 0x031411095d79 <JSFunction advanceConnect4LiveLineState32 (sfi = 000003141108A231)> (target TURBOFAN_JS), mode: ConcurrencyMode::kConcurrent]
[marking 0x01b422c63151 <JSFunction permutePair3 (sfi = 000002BB47C12701)> for optimization to TURBOFAN_JS, ConcurrencyMode::kConcurrent, reason: hot and stable]
[marking 0x031f01986c71 <JSFunction collectSingletonProfiles (sfi = 000003D6DFF63141)> for optimization to TURBOFAN_JS, ConcurrencyMode::kConcurrent, reason: hot and stable]
[marking 0x02ca64698709 <JSFunction collectSingletonProfiles (sfi = 000000E216EDC139)> for optimization to TURBOFAN_JS, ConcurrencyMode::kConcurrent, reason: hot and stable]
[marking 0x02bb47c27c29 <JSFunction popcount3x32 (sfi = 000002BB47C1E979)> for optimization to TURBOFAN_JS, ConcurrencyMode::kConcurrent, reason: hot and stable]
[marking 0x03d6dff6ff59 <JSFunction popcount32 (sfi = 000003D6DFF645B9)> for optimization to MAGLEV, ConcurrencyMode::kConcurrent, reason: hot and stable]
[marking 0x02ca64698289 [compiling method 0x03d6dff6ff59 <JSFunction popcount32 (sfi = 000003D6DFF645B9)> (target MAGLEV), mode: ConcurrencyMode::kConcurrent]
<JSFunction permutePair3 (sfi = 000000E216ED4AA1)> for optimization to TURBOFAN_JS, ConcurrencyMode::kConcurrent, reason: hot and stable]
[marking 0x031f01986c71 <JSFunction collectSingletonProfiles (sfi = 000003D6DFF63141)> for optimization to TURBOFAN_JS, ConcurrencyMode::kConcurrent, reason: hot and stable]
[marking 0x02478d99dbf9 <JSFunction permutePair3 (sfi = 000000B94A4D6FB9)> for optimization to TURBOFAN_JS, ConcurrencyMode::kConcurrent, reason: hot and stable]
[marking 0x00e216ee9ee9 <JSFunction popcount3x32 (sfi = 000000E216EE0D49)> for optimization to TURBOFAN_JS, ConcurrencyMode::kConcurrent, reason: hot and stable]
[marking 0x028bddca6279 <JSFunction publishSpan32 (sfi = 0000028BDDC90661)> for optimization to TURBOFAN_JS, ConcurrencyMode::kConcurrent, reason: hot and stable]
[marking 0x031f01986c71 <JSFunction collectSingletonProfiles (sfi = 000003D6DFF63141)> for optimization to TURBOFAN_JS, ConcurrencyMode::kConcurrent, reason: hot and stable]
[marking 0x02ca64698709 <JSFunction collectSingletonProfiles (sfi = 000000E216EDC139)> for optimization to TURBOFAN_JS, ConcurrencyMode::kConcurrent, reason: hot and stable]
[marking 0x02bb47c28c99 <JSFunction storeConnect4RbaSharedExactCache32 (sfi = 000002BB47C22D81)> for optimization to TURBOFAN_JS, ConcurrencyMode::kConcurrent, reason: hot and stable]
[marking 0x01b422c63151 <JSFunction permutePair3 (sfi = 000002BB47C12701)> for optimization to TURBOFAN_JS, ConcurrencyMode::kConcurrent, reason: hot and stable]
[completed compiling 0x01b422c63211 <JSFunction collectSingletonProfiles (sfi = 000002BB47C19D69)> (target TURBOFAN_JS) - took 0.003, 3.555, 0.023 ms]
[completed optimizing 0x01b422c63211 <JSFunction collectSingletonProfiles (sfi = 000002BB47C19D69)> (target TURBOFAN_JS)]
[compiling method 0x01b422c63151 <JSFunction permutePair3 (sfi = 000002BB47C12701)> (target TURBOFAN_JS), mode: ConcurrencyMode::kConcurrent]
[marking 0x02ca64698289 <JSFunction permutePair3 (sfi = 000000E216ED4AA1)> for optimization to TURBOFAN_JS, ConcurrencyMode::kConcurrent, reason: hot and stable]
[marking 0x02bb47c27c29 <JSFunction popcount3x32 (sfi = 000002BB47C1E979)> for optimization to TURBOFAN_JS, ConcurrencyMode::kConcurrent, reason: hot and stable]
[completed compiling 0x00b43cde3d19 <JSFunction connect4RbaCofactorKnownHeight (sfi = 000000B43CDD43D1)> (target TURBOFAN_JS) - took 0.001, 15.732, 0.037 ms]
[completed optimizing 0x00b43cde3d19 <JSFunction connect4RbaCofactorKnownHeight (sfi = 000000B43CDD43D1)> (target TURBOFAN_JS)]
[marking 0x031f01986c71 <JSFunction collectSingletonProfiles (sfi = 000003D6DFF63141)> for optimization to TURBOFAN_JS, ConcurrencyMode::kConcurrent, reason: hot and stable]
[compiling method 0x031f01986c71 <JSFunction collectSingletonProfiles (sfi = 000003D6DFF63141)> (target TURBOFAN_JS), mode: ConcurrencyMode::kConcurrent]
[marking 0x01354eb586c9 <JSFunction deriveForkPreemption32 (sfi = 0000028BDDC9AAE9)> for optimization to MAGLEV, ConcurrencyMode::kConcurrent, reason: hot and stable]
[compiling method [marking 0x01354eb586c9 0x00b43cde52a9 <JSFunction deriveForkPreemption32 (sfi = 0000028BDDC9AAE9)> (target MAGLEV), mode: ConcurrencyMode::kConcurrent]
<JSFunction popcount3x32 (sfi = 000000B43CDDC161)> for optimization to TURBOFAN_JS, ConcurrencyMode::kConcurrent, reason: hot and stable]
[marking 0x02478d99dbf9 <JSFunction permutePair3 (sfi = 000000B94A4D6FB9)> for optimization to TURBOFAN_JS, ConcurrencyMode::kConcurrent, reason: hot and stable]
[marking 0x00e216eeaf59 <JSFunction storeConnect4RbaSharedExactCache32 (sfi = 000000E216EE5151)> for optimization to TURBOFAN_JS, ConcurrencyMode::kConcurrent, reason: hot and stable]
[marking 0x02ca64698709 <JSFunction collectSingletonProfiles (sfi = 000000E216EDC139)> for optimization to TURBOFAN_JS, ConcurrencyMode::kConcurrent, reason: hot and stable]
[marking 0x00e216ee9ee9 <JSFunction popcount3x32 (sfi = 000000E216EE0D49)> for optimization to TURBOFAN_JS, ConcurrencyMode::kConcurrent, reason: hot and stable]
[marking 0x031f01986bb1 <JSFunction coordHas (sfi = 000003D6DFF63069)> for optimization to MAGLEV, ConcurrencyMode::kConcurrent, reason: hot and stable]
[compiling method 0x031f01986bb1 <JSFunction coordHas (sfi = 000003D6DFF63069)> (target MAGLEV), mode: ConcurrencyMode::kConcurrent]
[marking 0x02bb47c28c99 <JSFunction storeConnect4RbaSharedExactCache32 (sfi = 000002BB47C22D81)> for optimization to TURBOFAN_JS, ConcurrencyMode::kConcurrent, reason: hot and stable]
[compiling method 0x02bb47c28c99 <JSFunction storeConnect4RbaSharedExactCache32 (sfi = 000002BB47C22D81)> (target TURBOFAN_JS), mode: ConcurrencyMode::kConcurrent]
[completed compiling 0x00e216eea161 <JSFunction advanceConnect4LiveLineState32 (sfi = 000000E216EDE599)> (target TURBOFAN_JS) - took 0.003, 1.175, 0.020 ms]
[completed optimizing 0x00e216eea161 <JSFunction advanceConnect4LiveLineState32 (sfi = 000000E216EDE599)> (target TURBOFAN_JS)]
[marking 0x03d6dff6fed9 <JSFunction firstSetBitIndex32 (sfi = 000003D6DFF64529)> for optimization to MAGLEV, ConcurrencyMode::kConcurrent, reason: hot and stable]
[compiling method 0x03d6dff6fed9 <JSFunction firstSetBitIndex32 (sfi = 000003D6DFF64529)> (target MAGLEV), mode: ConcurrencyMode::kConcurrent]
[completed compiling 0x00b43cde5521 <JSFunction advanceConnect4LiveLineState32 (sfi = 000000B43CDD99B1)> (target TURBOFAN_JS) - took 0.002, 1.024, 0.007 ms]
[completed optimizing 0x00b43cde5521 <JSFunction advanceConnect4LiveLineState32 (sfi = 000000B43CDD99B1)> (target TURBOFAN_JS)]
[marking 0x00b94a4ec3d9 <JSFunction popcount3x32 (sfi = 000000B94A4E3279)> for optimization to TURBOFAN_JS, ConcurrencyMode::kConcurrent, reason: hot and stable]
[compiling method 0x00b94a4ec3d9 <JSFunction popcount3x32 (sfi = 000000B94A4E3279)> (target TURBOFAN_JS), mode: ConcurrencyMode::kConcurrent]
[marking 0x02bb47c27c29 <JSFunction popcount3x32 (sfi = 000002BB47C1E979)> for optimization to TURBOFAN_JS, ConcurrencyMode::kConcurrent, reason: hot and stable]
[completed compiling 0x03d6dff6f879 <JSFunction connect4RbaCofactorBasis (sfi = 000003D6DFF5FEE9)> (target TURBOFAN_JS) - took 0.002, 3.981, 0.019 ms]
[completed optimizing 0x03d6dff6f879 <JSFunction connect4RbaCofactorBasis (sfi = 000003D6DFF5FEE9)> (target TURBOFAN_JS)]
[marking 0x02ca64698289 <JSFunction permutePair3 (sfi = 000000E216ED4AA1)> for optimization to TURBOFAN_JS, ConcurrencyMode::kConcurrent, reason: hot and stable]
[marking 0x00e216eeaf19 <JSFunction probeConnect4RbaSharedExactCache32 (sfi = 000000E216EE5109)> for optimization to TURBOFAN_JS, ConcurrencyMode::kConcurrent, reason: hot and stable]
[compiling method 0x00e216eeaf19 <JSFunction probeConnect4RbaSharedExactCache32 (sfi = 000000E216EE5109)> (target TURBOFAN_JS), mode: ConcurrencyMode::kConcurrent]
[marking 0x03d6dff71141 <JSFunction advanceConnect4LiveLineState32 (sfi = 000003D6DFF655A1)> for optimization to TURBOFAN_JS, ConcurrencyMode::kConcurrent, reason: hot and stable]
[marking 0x02ca64698709 <JSFunction collectSingletonProfiles (sfi = 000000E216EDC139)> for optimization to TURBOFAN_JS, ConcurrencyMode::kConcurrent, reason: hot and stable]
[marking 0x02478d99dbf9 <JSFunction permutePair3 (sfi = 000000B94A4D6FB9)> for optimization to TURBOFAN_JS, ConcurrencyMode::kConcurrent, reason: hot and stable]
[marking 0x01354eb585c9 <JSFunction coordHas (sfi = 0000028BDDC9A9C9)> for optimization to MAGLEV, ConcurrencyMode::kConcurrent, reason: hot and stable]
[compiling method 0x01354eb585c9 <JSFunction coordHas (sfi = 0000028BDDC9A9C9)> (target MAGLEV), mode: ConcurrencyMode::kConcurrent]
[marking 0x00b43cde52a9 <JSFunction popcount3x32 (sfi = 000000B43CDDC161)> for optimization to TURBOFAN_JS, ConcurrencyMode::kConcurrent, reason: hot and stable]
[completed compiling 0x00b43cde2cd1 <JSFunction publishSpan32 (sfi = 000000B43CDCD111)> (target TURBOFAN_JS) - took 0.001, 0.707, 0.010 ms]
[completed optimizing 0x00b43cde2cd1 <JSFunction publishSpan32 (sfi = 000000B43CDCD111)> (target TURBOFAN_JS)]
[completed compiling 0x031411095d79 <JSFunction advanceConnect4LiveLineState32 (sfi = 000003141108A231)> (target TURBOFAN_JS) - took 0.001, 1.677, 0.011 ms]
[completed optimizing 0x031411095d79 <JSFunction advanceConnect4LiveLineState32 (sfi = 000003141108A231)> (target TURBOFAN_JS)]
[completed compiling 0x0185284ccb79 <JSFunction cellMarked (sfi = 0000031411087D41)> (target TURBOFAN_JS) - took 0.002, 0.305, 0.002 ms]
[completed optimizing 0x0185284ccb79 <JSFunction cellMarked (sfi = 0000031411087D41)> (target TURBOFAN_JS)]
[marking 0x03d6dff71141 <JSFunction advanceConnect4LiveLineState32 (sfi = 000003D6DFF655A1)> for optimization to TURBOFAN_JS, ConcurrencyMode::kConcurrent, reason: hot and stable]
[compiling method 0x03d6dff71141 <JSFunction advanceConnect4LiveLineState32 (sfi = 000003D6DFF655A1)>[marking  (target TURBOFAN_JS), mode: ConcurrencyMode::kConcurrent]
0x02ca64698709 <JSFunction collectSingletonProfiles (sfi = 000000E216EDC139)> for optimization to TURBOFAN_JS, ConcurrencyMode::kConcurrent, reason: hot and stable]
[compiling method 0x02ca64698709 <JSFunction collectSingletonProfiles (sfi = 000000E216EDC139)> (target TURBOFAN_JS), mode: ConcurrencyMode::kConcurrent]
[marking 0x02478d99dbf9 <JSFunction permutePair3 (sfi = 000000B94A4D6FB9)> for optimization to TURBOFAN_JS, ConcurrencyMode::kConcurrent, reason: hot and stable]
[compiling method 0x02478d99dbf9 <JSFunction permutePair3 (sfi = 000000B94A4D6FB9)> (target TURBOFAN_JS), mode: ConcurrencyMode::kConcurrent]
[marking 0x00e216ee9ee9 <JSFunction popcount3x32 (sfi = 000000E216EE0D49)> for optimization to TURBOFAN_JS, ConcurrencyMode::kConcurrent, reason: hot and stable]
[marking 0x02bb47c27c29 <JSFunction popcount3x32 (sfi = 000002BB47C1E979)> for optimization to TURBOFAN_JS, ConcurrencyMode::kConcurrent, reason: hot and stable]
[bailout (kind: deopt-eager, reason: Insufficient type feedback for binary operation): begin. deoptimizing 0x00b43cde3d19 <JSFunction connect4RbaCofactorKnownHeight (sfi = 000000B43CDD43D1)>, 0x03003eeaa671 <Code TURBOFAN_JS>, opt id 348, bytecode offset 461, deopt exit 228, FP to SP delta 304, caller SP 0x00150f1f81b0, pc 0x0207ce8307e2]
[marking 0x01354eb58209 <JSFunction permutePair3 (sfi = 0000028BDDC93439)> for optimization to TURBOFAN_JS, ConcurrencyMode::kConcurrent, reason: hot and stable]
[bailout (kind: deopt-eager, reason: Insufficient type feedback for call): begin. deoptimizing 0x001e5390e639 <JSFunction searchCpcOnlyFrontier (sfi = 000000B43CDC8281)>, 0x0104304fdf69[bailout (kind: deopt-eager, reason: Insufficient type feedback for generic keyed access): begin. deoptimizing  <Code MAGLEV>, opt id 422, bytecode offset 989, deopt exit 172, FP to SP delta 600, caller SP 0x00150f1f8478, pc 0x0207ce86a77d]
0x02bb47c270f9 <JSFunction evaluateConnect4CpcNonterminal32 (sfi = 000002BB47C19C49)>, 0x02fde35880f1 <Code MAGLEV>, opt id 86, bytecode offset 264, deopt exit 59, FP to SP delta 192, caller SP 0x00150d1f8278, pc 0x0206fe02e0b9]
[bailout (kind: deopt-lazy, reason: (unknown)): begin. deoptimizing 0x001e5390e639 <JSFunction searchCpcOnlyFrontier (sfi = 000000B43CDC8281)>, 0x0104304fdf69 <Code MAGLEV>, opt id 422, bytecode offset 2128, deopt exit 198, FP to SP delta 600, caller SP 0x00150f1f8740, pc 0x0207ce86a7e5]
[marking 0x028bddca6279 <JSFunction publishSpan32 (sfi = 0000028BDDC90661)>[bailout (kind: deopt-lazy, reason: (unknown)): begin. deoptimizing  for optimization to TURBOFAN_JS, ConcurrencyMode::kConcurrent, reason: hot and stable0x001e5390e639 ]
<JSFunction searchCpcOnlyFrontier (sfi = 000000B43CDC8281)>, 0x0104304fdf69 <Code MAGLEV>, opt id 422, bytecode offset 2128, deopt exit 198, FP to SP delta 600, caller SP 0x00150f1f8a08, pc 0x0207ce86a7e5]
[bailout (kind: deopt-lazy, reason: (unknown)): begin. deoptimizing 0x001e5390e639 <JSFunction searchCpcOnlyFrontier (sfi = 000000B43CDC8281)>, 0x0104304fdf69 <Code MAGLEV>, opt id 422, bytecode offset 2128, deopt exit 198, FP to SP delta 600, caller SP 0x00150f1f8cd0, pc 0x0207ce86a7e5]
[marking 0x02ca64698289 [bailout (kind: deopt-lazy, reason: (unknown)): begin. deoptimizing 0x001e5390e639 <JSFunction permutePair3 (sfi = 000000E216ED4AA1)> for optimization to TURBOFAN_JS, ConcurrencyMode::kConcurrent, reason: hot and stable<JSFunction searchCpcOnlyFrontier (sfi = 000000B43CDC8281)>]
, 0x0104304fdf69 <Code MAGLEV>, opt id 422, bytecode offset 2128, deopt exit 198, FP to SP delta 600, caller SP 0x00150f1f8f98, pc 0x0207ce86a7e5]
[bailout (kind: deopt-lazy, reason: (unknown)): begin. deoptimizing 0x001e5390e639 <JSFunction searchCpcOnlyFrontier (sfi = 000000B43CDC8281)>, 0x0104304fdf69 <Code MAGLEV>, opt id 422, bytecode offset 2128, deopt exit 198, FP to SP delta 600, caller SP 0x00150f1f9260, pc 0x0207ce86a7e5]
[marking 0x028bddca8851 <JSFunction popcount3x32 (sfi = 0000028BDDC9F6B1)> for optimization to TURBOFAN_JS, ConcurrencyMode::kConcurrent, reason: hot and stable]
[bailout (kind: deopt-lazy, reason: (unknown)): begin. deoptimizing 0x001e5390e639 <JSFunction searchCpcOnlyFrontier (sfi = 000000B43CDC8281)>, 0x0104304fdf69 <Code MAGLEV>, opt id 422, bytecode offset 2128, deopt exit 198, FP to SP delta 600, caller SP 0x00150f1f9528, pc 0x0207ce86a7e5]
[bailout (kind: deopt-lazy, reason: (unknown)): begin. deoptimizing 0x001e5390e639 <JSFunction searchCpcOnlyFrontier (sfi = 000000B43CDC8281)>, 0x0104304fdf69 <Code MAGLEV>, opt id 422, bytecode offset 2128, deopt exit 198, FP to SP delta 600, caller SP 0x00150f1f97f0, pc 0x0207ce86a7e5]
[bailout (kind: deopt-eager, reason: overflow): begin. deoptimizing 0x00bbaf742781 [bailout (kind: deopt-lazy, reason: (unknown)): begin. deoptimizing <JSFunction searchCpcOnlyFrontier (sfi = 000000E216ECCE39)>0x001e5390e639,  0x0296981dc5f1 <JSFunction searchCpcOnlyFrontier (sfi = 000000B43CDC8281)><Code , MAGLEV>0x0104304fdf69, opt id 120, bytecode offset 279, deopt exit 25, FP to SP delta 600, caller SP 0x00150e1f8b40, pc 0x02075e072d0e]
 <Code MAGLEV>, opt id 422, bytecode offset 2128, deopt exit 198, FP to SP delta 600, caller SP 0x00150f1f9ab8, pc 0x0207ce86a7e5]
[bailout (kind: deopt-lazy, reason: (unknown)): begin. deoptimizing 0x00bbaf742781 <JSFunction searchCpcOnlyFrontier (sfi = 000000E216ECCE39)>, 0x0296981dc5f1 <Code MAGLEV>, opt id 120, bytecode offset 2128, deopt exit 198, FP to SP delta 600, caller SP 0x00150e1f8e08, pc 0x02075e072fc2]
[bailout (kind: deopt-eager, reason: Insufficient type feedback for generic keyed access): begin. deoptimizing [bailout (kind: deopt-lazy, reason: (unknown)): begin. deoptimizing 0x001e5390e639 0x00e216ee93b9 <JSFunction searchCpcOnlyFrontier (sfi = 000000B43CDC8281)>, 0x0104304fdf69 <Code MAGLEV>, opt id 422, bytecode offset 2128, deopt exit 198, FP to SP delta 600, caller SP 0x00150f1f9d80, pc 0x0207ce86a7e5]
<JSFunction evaluateConnect4CpcNonterminal32 (sfi = 000000E216EDC019)>, 0x0296981df079 <Code MAGLEV>, opt id 126, bytecode offset 264, deopt exit 59, FP to SP delta 192, caller SP 0x00150e1f84d8, pc 0x02075e0760aa]
[marking 0x00b43cde3d19 <JSFunction connect4RbaCofactorKnownHeight (sfi = 000000B43CDD43D1)> for optimization to MAGLEV, ConcurrencyMode::kConcurrent, reason: hot and stable]
[compiling method 0x00b43cde3d19 <JSFunction connect4RbaCofactorKnownHeight (sfi = 000000B43CDD43D1)> (target MAGLEV), mode: ConcurrencyMode::kConcurrent]
[bailout (kind: deopt-lazy, reason: (unknown)): begin. deoptimizing 0x00bbaf742781 <JSFunction searchCpcOnlyFrontier (sfi = 000000E216ECCE39)>, 0x0296981dc5f1 <Code MAGLEV>, opt id 120, bytecode offset 2128, deopt exit 198, FP to SP delta 600, caller SP 0x00150e1f90d0, pc 0x02075e072fc2]
[bailout (kind: deopt-lazy, reason: (unknown)): begin. deoptimizing 0x00bbaf742781 <JSFunction searchCpcOnlyFrontier (sfi = 000000E216ECCE39)>, 0x0296981dc5f1 <Code MAGLEV>, opt id 120, bytecode offset 2128, deopt exit 198, FP to SP delta 600, caller SP 0x00150e1f9398, pc 0x02075e072fc2]
[bailout (kind: deopt-lazy, reason: (unknown)): begin. deoptimizing 0x00bbaf742781 <JSFunction searchCpcOnlyFrontier (sfi = 000000E216ECCE39)>, 0x0296981dc5f1 <Code MAGLEV>, opt id 120, bytecode offset 2128, deopt exit 198, FP to SP delta 600, caller SP 0x00150e1f9660, pc 0x02075e072fc2]
[marking 0x00b43cde2d11 <JSFunction mixSpan32Locator32 (sfi = 000000B43CDCD159)> for optimization to TURBOFAN_JS, ConcurrencyMode::kConcurrent, reason: hot and stable]
[marking 0x017a83657491 <JSFunction deriveForkPreemption32 (sfi = 000000B43CDD7599)> for optimization to MAGLEV, ConcurrencyMode::kConcurrent, reason: hot and stable]
[compiling method 0x017a83657491 <JSFunction deriveForkPreemption32 (sfi = 000000B43CDD7599)> (target MAGLEV), mode: ConcurrencyMode::kConcurrent]
[bailout (kind: deopt-lazy, reason: (unknown)): begin. deoptimizing 0x00bbaf742781 <JSFunction searchCpcOnlyFrontier (sfi = 000000E216ECCE39)>, 0x0296981dc5f1 <Code MAGLEV>, opt id 120, bytecode offset 2128, deopt exit 198, FP to SP delta 600, caller SP 0x00150e1f9928, pc 0x02075e072fc2]
[bailout (kind: deopt-lazy, reason: (unknown)): begin. deoptimizing 0x001e5390e639 [marking <JSFunction searchCpcOnlyFrontier (sfi = 000000B43CDC8281)>, 0x0104304fdf69 <Code MAGLEV>0x01b422c63251, opt id 422, bytecode offset 2128, deopt exit 198, FP to SP delta 600, caller SP 0x00150f1fa048, pc 0x0207ce86a7e5]
 <JSFunction deriveForkPreemption32 (sfi = 000002BB47C19DB1)> for optimization to MAGLEV, ConcurrencyMode::kConcurrent, reason: hot and stable]
[compiling method 0x01b422c63251 <JSFunction deriveForkPreemption32 (sfi = 000002BB47C19DB1)> (target MAGLEV), mode: ConcurrencyMode::kConcurrent]
[marking 0x031f01986cb1 <JSFunction deriveForkPreemption32 (sfi = 000003D6DFF63189)> for optimization to MAGLEV, ConcurrencyMode::kConcurrent, reason: hot and stable]
[compiling method 0x031f01986cb1 <JSFunction deriveForkPreemption32 (sfi = 000003D6DFF63189)> (target MAGLEV), mode: ConcurrencyMode::kConcurrent]
[marking 0x02bb47c270f9 <JSFunction evaluateConnect4CpcNonterminal32 (sfi = 000002BB47C19C49)> for optimization to MAGLEV, ConcurrencyMode::kConcurrent, reason: hot and stable]
[compiling method 0x02bb47c270f9 <JSFunction evaluateConnect4CpcNonterminal32 (sfi = 000002BB47C19C49)> (target MAGLEV), mode: ConcurrencyMode::kConcurrent]
[completed compiling 0x01354eb58689 <JSFunction collectSingletonProfiles (sfi = 0000028BDDC9AAA1)> (target TURBOFAN_JS) - took 0.003, 3.987, 0.024 ms]
[completed optimizing 0x01354eb58689 <JSFunction collectSingletonProfiles (sfi = 0000028BDDC9AAA1)> (target TURBOFAN_JS)]
[marking 0x00b43cde2d11 <JSFunction mixSpan32Locator32 (sfi = 000000B43CDCD159)> for optimization to TURBOFAN_JS, ConcurrencyMode::kConcurrent, reason: hot and stable]
[compiling method 0x00b43cde2d11 <JSFunction mixSpan32Locator32 (sfi = 000000B43CDCD159)> (target TURBOFAN_JS), mode: ConcurrencyMode::kConcurrent]
[marking 0x028bddca6279 <JSFunction publishSpan32 (sfi = 0000028BDDC90661)> for optimization to TURBOFAN_JS, ConcurrencyMode::kConcurrent, reason: hot and stable]
[marking 0x02bb47c27c29 <JSFunction popcount3x32 (sfi = 000002BB47C1E979)> for optimization to TURBOFAN_JS, ConcurrencyMode::kConcurrent, reason: hot and stable]
[marking 0x00bbaf742781 <JSFunction searchCpcOnlyFrontier (sfi = 000000E216ECCE39)> for optimization to MAGLEV, ConcurrencyMode::kConcurrent, reason: hot and stable]
[compiling method 0x00bbaf742781 <JSFunction searchCpcOnlyFrontier (sfi = 000000E216ECCE39)> (target MAGLEV), mode: ConcurrencyMode::kConcurrent]
[bailout (kind: deopt-lazy, reason: (unknown)): begin. deoptimizing 0x00bbaf742781 <JSFunction searchCpcOnlyFrontier (sfi = 000000E216ECCE39)>, 0x0296981dc5f1 <Code MAGLEV>, opt id 120, bytecode offset 2128, deopt exit 198, FP to SP delta 600, caller SP 0x00150e1f9bf0, pc 0x02075e072fc2]
[bailout (kind: deopt-lazy, reason: (unknown)): begin. deoptimizing 0x001e5390e639 <JSFunction searchCpcOnlyFrontier (sfi = 000000B43CDC8281)>, 0x0104304fdf69 <Code MAGLEV>, opt id 422, bytecode offset 2128, deopt exit 198, FP to SP delta 600, caller SP 0x00150f1fa310, pc 0x0207ce86a7e5]
[marking 0x001e53910801 <JSFunction subsetDensePrepared (sfi = 000000B43CDCFE59)> for optimization to TURBOFAN_JS, ConcurrencyMode::kConcurrent, reason: hot and stable]
[compiling method 0x001e53910801 <JSFunction subsetDensePrepared (sfi = 000000B43CDCFE59)> (target TURBOFAN_JS), mode: ConcurrencyMode::kConcurrent]
[completed compiling 0x02bb47c28c99 <JSFunction storeConnect4RbaSharedExactCache32 (sfi = 000002BB47C22D81)> (target TURBOFAN_JS) - took 0.001, 2.814, 0.021 ms]
[completed optimizing 0x02bb47c28c99 <JSFunction storeConnect4RbaSharedExactCache32 (sfi = 000002BB47C22D81)> (target TURBOFAN_JS)]
[bailout (kind: deopt-lazy, reason: (unknown)): begin. deoptimizing 0x00bbaf742781 <JSFunction searchCpcOnlyFrontier (sfi = 000000E216ECCE39)>, 0x0296981dc5f1 <Code MAGLEV>, opt id 120, bytecode offset 2128, deopt exit 198, FP to SP delta 600, caller SP 0x00150e1f9eb8, pc 0x02075e072fc2]
[marking 0x001e5390e639 <JSFunction searchCpcOnlyFrontier (sfi = 000000B43CDC8281)> for optimization to MAGLEV, ConcurrencyMode::kConcurrent, reason: hot and stable]
[compiling method 0x001e5390e639 <JSFunction searchCpcOnlyFrontier (sfi = 000000B43CDC8281)> (target MAGLEV), mode: ConcurrencyMode::kConcurrent]
[completed compiling 0x02bb47c27ea1 <JSFunction advanceConnect4LiveLineState32 (sfi = 000002BB47C1C1C9)> (target TURBOFAN_JS) - took 0.003, 1.152, 0.006 ms]
[completed optimizing 0x02bb47c27ea1 <JSFunction advanceConnect4LiveLineState32 (sfi = 000002BB47C1C1C9)> (target TURBOFAN_JS)]
[marking 0x00b43cde52a9 <JSFunction popcount3x32 (sfi = 000000B43CDDC161)> for optimization to TURBOFAN_JS, ConcurrencyMode::kConcurrent, reason: hot and stable]
[compiling method 0x00b43cde52a9 <JSFunction popcount3x32 (sfi = 000000B43CDDC161)> (target TURBOFAN_JS), mode: ConcurrencyMode::kConcurrent]
[marking 0x00b94a4ed449 <JSFunction storeConnect4RbaSharedExactCache32 (sfi = 000000B94A4E7681)> for optimization to TURBOFAN_JS, ConcurrencyMode::kConcurrent, reason: hot and stable]
[marking 0x00e216eeaf59 <JSFunction storeConnect4RbaSharedExactCache32 (sfi = 000000E216EE5151)> for optimization to TURBOFAN_JS, ConcurrencyMode::kConcurrent, reason: hot and stable]
[marking 0x00e216ee93b9 <JSFunction evaluateConnect4CpcNonterminal32 (sfi = 000000E216EDC019)> for optimization to MAGLEV, ConcurrencyMode::kConcurrent, reason: hot and stable]
[compiling method 0x00e216ee93b9 <JSFunction evaluateConnect4CpcNonterminal32 (sfi = 000000E216EDC019)> (target MAGLEV), mode: ConcurrencyMode::kConcurrent]
[completed compiling 0x03d6dff71141 <JSFunction advanceConnect4LiveLineState32 (sfi = 000003D6DFF655A1)> (target TURBOFAN_JS) - took 0.001, 1.076, 0.010 ms]
[completed optimizing 0x03d6dff71141 <JSFunction advanceConnect4LiveLineState32 (sfi = 000003D6DFF655A1)> (target TURBOFAN_JS)]
[marking 0x00e216ee9ee9 <JSFunction popcount3x32 (sfi = 000000E216EE0D49)> for optimization to TURBOFAN_JS, ConcurrencyMode::kConcurrent, reason: hot and stable]
[compiling method 0x00e216ee9ee9 <JSFunction popcount3x32 (sfi = 000000E216EE0D49)> (target TURBOFAN_JS), mode: ConcurrencyMode::kConcurrent]
[marking 0x01354eb58209 <JSFunction permutePair3 (sfi = 0000028BDDC93439)> for optimization to TURBOFAN_JS, ConcurrencyMode::kConcurrent, reason: hot and stable]
[marking 0x02bb47c27c29 <JSFunction popcount3x32 (sfi = 000002BB47C1E979)> for optimization to TURBOFAN_JS, ConcurrencyMode::kConcurrent, reason: hot and stable]
[marking 0x028bddca8851 <JSFunction popcount3x32 (sfi = 0000028BDDC9F6B1)> for optimization to TURBOFAN_JS, ConcurrencyMode::kConcurrent, reason: hot and stable]
[completed compiling 0x03d6dff6f939 <JSFunction connect4RbaCofactorKnownHeight (sfi = 000003D6DFF5FFC1)> (target TURBOFAN_JS) - took 0.002, 13.233, 0.033 ms]
[completed optimizing 0x03d6dff6f939 <JSFunction connect4RbaCofactorKnownHeight (sfi = 000003D6DFF5FFC1)> (target TURBOFAN_JS)]
[marking 0x028bddca6279 <JSFunction publishSpan32 (sfi = 0000028BDDC90661)> for optimization to TURBOFAN_JS, ConcurrencyMode::kConcurrent, reason: hot and stable]
[completed compiling 0x01b422c63151 <JSFunction permutePair3 (sfi = 000002BB47C12701)> (target TURBOFAN_JS) - took 0.001, 1.720, 0.007 ms]
[compiling method [completed optimizing 0x01b422c631510x028bddca6279  <JSFunction permutePair3 (sfi = 000002BB47C12701)> (target TURBOFAN_JS)]
<JSFunction publishSpan32 (sfi = 0000028BDDC90661)> (target TURBOFAN_JS), mode: ConcurrencyMode::kConcurrent]
[marking 0x034038526b19 <JSFunction probeConnect4RbaExactCacheSlot32Frontier (sfi = 000002BB47C0A931)> for optimization to TURBOFAN_JS, ConcurrencyMode::kConcurrent, reason: hot and stable]
[compiling method 0x034038526b19 <JSFunction probeConnect4RbaExactCacheSlot32Frontier (sfi = 000002BB47C0A931)> (target TURBOFAN_JS), mode: ConcurrencyMode::kConcurrent]
[marking 0x028bddca78e1 <JSFunction popcount32 (sfi = 0000028BDDC9BF19)> for optimization to MAGLEV, ConcurrencyMode::kConcurrent, reason: hot and stable]
[compiling method 0x028bddca78e1 <JSFunction popcount32 (sfi = 0000028BDDC9BF19)> (target MAGLEV), mode: ConcurrencyMode::kConcurrent]
[completed compiling 0x02478d99dbf9 <JSFunction permutePair3 (sfi = 000000B94A4D6FB9)> (target TURBOFAN_JS) - took 0.002, 1.738, 0.016 ms]
[completed optimizing 0x02478d99dbf9 <JSFunction permutePair3 (sfi = 000000B94A4D6FB9)> (target TURBOFAN_JS)]
[marking 0x00b94a4ed449 <JSFunction storeConnect4RbaSharedExactCache32 (sfi = 000000B94A4E7681)> for optimization to TURBOFAN_JS, ConcurrencyMode::kConcurrent, reason: hot and stable]
[compiling method 0x00b94a4ed449 <JSFunction storeConnect4RbaSharedExactCache32 (sfi = 000000B94A4E7681)> (target TURBOFAN_JS), mode: ConcurrencyMode::kConcurrent]
[marking 0x02bb47c27c29 <JSFunction popcount3x32 (sfi = 000002BB47C1E979)> for optimization to TURBOFAN_JS, ConcurrencyMode::kConcurrent, reason: hot and stable]
[marking 0x03d6dff6e8f1 <JSFunction publishSpan32 (sfi = 000003D6DFF58CE9)> for optimization to TURBOFAN_JS, ConcurrencyMode::kConcurrent, reason: hot and stable]
[completed compiling 0x00e216eeaf19 <JSFunction probeConnect4RbaSharedExactCache32 (sfi = 000000E216EE5109)> (target TURBOFAN_JS) - took 0.002, 2.112, 0.028 ms]
[completed optimizing 0x00e216eeaf19 <JSFunction probeConnect4RbaSharedExactCache32 (sfi = 000000E216EE5109)> (target TURBOFAN_JS)]
[marking 0x02ca64698289 <JSFunction permutePair3 (sfi = 000000E216ED4AA1)> for optimization to TURBOFAN_JS, ConcurrencyMode::kConcurrent, reason: hot and stable]
[compiling method 0x02ca64698289 <JSFunction permutePair3 (sfi = 000000E216ED4AA1)> (target TURBOFAN_JS), mode: ConcurrencyMode::kConcurrent]
[completed compiling 0x00b94a4ec3d9 <JSFunction popcount3x32 (sfi = 000000B94A4E3279)> (target TURBOFAN_JS) - took 0.002, 0.724, 0.016 ms]
[completed optimizing 0x00b94a4ec3d9 <JSFunction popcount3x32 (sfi = 000000B94A4E3279)> (target TURBOFAN_JS)]
[marking 0x028bddca8851 <JSFunction popcount3x32 (sfi = 0000028BDDC9F6B1)> for optimization to TURBOFAN_JS, ConcurrencyMode::kConcurrent, reason: hot and stable]
[compiling method 0x028bddca8851 <JSFunction popcount3x32 (sfi = 0000028BDDC9F6B1)> (target TURBOFAN_JS), mode: ConcurrencyMode::kConcurrent]
[marking 0x01354eb58209 <JSFunction permutePair3 (sfi = 0000028BDDC93439)> for optimization to TURBOFAN_JS, ConcurrencyMode::kConcurrent, reason: hot and stable]
[bailout (kind: deopt-lazy, reason: (unknown)): begin. deoptimizing 0x001e5390e639 <JSFunction searchCpcOnlyFrontier (sfi = 000000B43CDC8281)>, 0x0104304fdf69 <Code MAGLEV>, opt id 422, bytecode offset 2128, deopt exit 198, FP to SP delta 600, caller SP 0x00150f1fa5d8, pc 0x0207ce86a7e5]
[completed compiling 0x001e53910801 <JSFunction subsetDensePrepared (sfi = 000000B43CDCFE59)> (target TURBOFAN_JS) - took 0.002, 0.393, 0.012 ms]
[completed optimizing 0x001e53910801 <JSFunction subsetDensePrepared (sfi = 000000B43CDCFE59)> (target TURBOFAN_JS)]
[marking 0x02bb47c266d9 <JSFunction connect4RbaCanonicalize (sfi = 000002BB47C16C31)> for optimization to TURBOFAN_JS, ConcurrencyMode::kConcurrent, reason: hot and stable]
[compiling method 0x02bb47c266d9 <JSFunction connect4RbaCanonicalize (sfi = 000002BB47C16C31)> (target TURBOFAN_JS), mode: ConcurrencyMode::kConcurrent]
[completed compiling 0x031f01986c71 <JSFunction collectSingletonProfiles (sfi = 000003D6DFF63141)> (target TURBOFAN_JS) - took 0.001, 2.995, 0.030 ms]
[completed optimizing 0x031f01986c71 <JSFunction collectSingletonProfiles (sfi = 000003D6DFF63141)> (target TURBOFAN_JS)]
[marking 0x02bb47c27c29 <JSFunction popcount3x32 (sfi = 000002BB47C1E979)> for optimization to TURBOFAN_JS, ConcurrencyMode::kConcurrent, reason: hot and stable]
[compiling method 0x02bb47c27c29 <JSFunction popcount3x32 (sfi = 000002BB47C1E979)> (target TURBOFAN_JS), mode: ConcurrencyMode::kConcurrent]
[bailout (kind: deopt-eager, reason: Insufficient type feedback for binary operation): begin. deoptimizing 0x028bddca72c1 <JSFunction connect4RbaCofactorKnownHeight (sfi = 0000028BDDC97921)>, 0x0352c7a3b7f9 <Code TURBOFAN_JS>, opt id 236, bytecode offset 461, deopt exit 228, FP to SP delta 304, caller SP 0x00150f9f8028, pc 0x0207ee836322]
[marking 0x02ca64698749 <JSFunction deriveForkPreemption32 (sfi = 000000E216EDC181)> for optimization to MAGLEV, ConcurrencyMode::kConcurrent, reason: hot and stable]
[bailout (kind: deopt-eager, reason: Insufficient type feedback for call): begin. deoptimizing 0x03da4fa02781 <JSFunction searchCpcOnlyFrontier (sfi = 0000028BDDC8B7D1)>, 0x02125c6ac439 <Code MAGLEV>, opt id 264, bytecode offset 989, deopt exit 171, FP to SP delta 600, caller SP 0x00150f9f82f0, pc 0x0207ee864d7b]
[compiling method 0x02ca64698749 <JSFunction deriveForkPreemption32 (sfi = 000000E216EDC181)> (target MAGLEV), mode: ConcurrencyMode::kConcurrent]
[bailout (kind: deopt-lazy, reason: (unknown)): begin. deoptimizing 0x03da4fa02781 <JSFunction searchCpcOnlyFrontier (sfi = 0000028BDDC8B7D1)>, 0x02125c6ac439 <Code MAGLEV>, opt id 264, bytecode offset 2128, deopt exit 197, FP to SP delta 600, caller SP 0x00150f9f85b8, pc 0x0207ee864de3]
[bailout (kind: deopt-lazy, reason: (unknown)): begin. deoptimizing 0x03da4fa02781 <JSFunction searchCpcOnlyFrontier (sfi = 0000028BDDC8B7D1)>, 0x02125c6ac439 <Code MAGLEV>, opt id 264, bytecode offset 2128, deopt exit 197, FP to SP delta 600, caller SP 0x00150f9f8880, pc 0x0207ee864de3]
[completed compiling 0x02ca64698709 <JSFunction collectSingletonProfiles (sfi = 000000E216EDC139)> (target TURBOFAN_JS) - took 0.002, 2.560, 0.019 ms]
[completed optimizing 0x02ca64698709 <JSFunction collectSingletonProfiles (sfi = 000000E216EDC139)> (target TURBOFAN_JS)]
[bailout (kind: deopt-lazy, reason: (unknown)): begin. deoptimizing 0x03da4fa02781 <JSFunction searchCpcOnlyFrontier (sfi = 0000028BDDC8B7D1)>, 0x02125c6ac439 <Code MAGLEV>, opt id 264, bytecode offset 2128, deopt exit 197, FP to SP delta 600, caller SP 0x00150f9f8b48, pc 0x0207ee864de3]
[bailout (kind: deopt-lazy, reason: (unknown)): begin. deoptimizing 0x03da4fa02781 <JSFunction searchCpcOnlyFrontier (sfi = 0000028BDDC8B7D1)>, 0x02125c6ac439 <Code MAGLEV>, opt id 264, bytecode offset 2128, deopt exit 197, FP to SP delta 600, caller SP 0x00150f9f8e10, pc 0x0207ee864de3]
[bailout (kind: deopt-lazy, reason: (unknown)): begin. deoptimizing 0x03da4fa02781 <JSFunction searchCpcOnlyFrontier (sfi = 0000028BDDC8B7D1)>, 0x02125c6ac439 <Code MAGLEV>, opt id 264, bytecode offset 2128, deopt exit 197, FP to SP delta 600, caller SP 0x00150f9f90d8, pc 0x0207ee864de3]
[bailout (kind: deopt-lazy, reason: (unknown)): begin. deoptimizing 0x03da4fa02781 <JSFunction searchCpcOnlyFrontier (sfi = 0000028BDDC8B7D1)>, 0x02125c6ac439 <Code MAGLEV>, opt id 264, bytecode offset 2128, deopt exit 197, FP to SP delta 600, caller SP 0x00150f9f93a0, pc 0x0207ee864de3]
[bailout (kind: deopt-lazy, reason: (unknown)): begin. deoptimizing 0x03da4fa02781 <JSFunction searchCpcOnlyFrontier (sfi = 0000028BDDC8B7D1)>, 0x02125c6ac439 <Code MAGLEV>, opt id 264, bytecode offset 2128, deopt exit 197, FP to SP delta 600, caller SP 0x00150f9f9668, pc 0x0207ee864de3]
[bailout (kind: deopt-lazy, reason: (unknown)): begin. deoptimizing 0x03da4fa02781 <JSFunction searchCpcOnlyFrontier (sfi = 0000028BDDC8B7D1)>, 0x02125c6ac439 <Code MAGLEV>, opt id 264, bytecode offset 2128, deopt exit 197, FP to SP delta 600, caller SP 0x00150f9f9930, pc 0x0207ee864de3]
[completed compiling 0x00b43cde52a9 <JSFunction popcount3x32 (sfi = 000000B43CDDC161)> (target TURBOFAN_JS) - took 0.002, 0.422, 0.010 ms]
[completed optimizing 0x00b43cde52a9 <JSFunction popcount3x32 (sfi = 000000B43CDDC161)> (target TURBOFAN_JS)]
[completed compiling 0x00e216ee9ee9 <JSFunction popcount3x32 (sfi = 000000E216EE0D49)> (target TURBOFAN_JS) - took 0.002, 0.413, 0.005 ms]
[completed optimizing 0x00e216ee9ee9 <JSFunction popcount3x32 (sfi = 000000E216EE0D49)> (target TURBOFAN_JS)]
[marking 0x028bddca72c1 <JSFunction connect4RbaCofactorKnownHeight (sfi = 0000028BDDC97921)> for optimization to MAGLEV, ConcurrencyMode::kConcurrent, reason: hot and stable]
[compiling method 0x028bddca72c1 <JSFunction connect4RbaCofactorKnownHeight (sfi = 0000028BDDC97921)> (target MAGLEV), mode: ConcurrencyMode::kConcurrent]
[completed compiling 0x00b43cde2d11 <JSFunction mixSpan32Locator32 (sfi = 000000B43CDCD159)> (target TURBOFAN_JS) - took 0.001, 0.895, 0.011 ms]
[completed optimizing 0x00b43cde2d11 <JSFunction mixSpan32Locator32 (sfi = 000000B43CDCD159)> (target TURBOFAN_JS)]
[marking 0x03d6dff6e8f1 <JSFunction publishSpan32 (sfi = 000003D6DFF58CE9)> for optimization to TURBOFAN_JS, ConcurrencyMode::kConcurrent, reason: hot and stable]
[compiling method 0x03d6dff6e8f1 <JSFunction publishSpan32 (sfi = 000003D6DFF58CE9)> (target TURBOFAN_JS), mode: ConcurrencyMode::kConcurrent]
[marking 0x00e216eeaf59 <JSFunction storeConnect4RbaSharedExactCache32 (sfi = 000000E216EE5151)> for optimization to TURBOFAN_JS, ConcurrencyMode::kConcurrent, reason: hot and stable]
[compiling method 0x00e216eeaf59 <JSFunction storeConnect4RbaSharedExactCache32 (sfi = 000000E216EE5151)> (target TURBOFAN_JS), mode: ConcurrencyMode::kConcurrent]
[completed compiling 0x0314110945b1 <JSFunction connect4RbaCanonicalize (sfi = 0000031411084C99)> (target TURBOFAN_JS) - took 0.001, 9.330, 0.055 ms]
[completed optimizing 0x0314110945b1 <JSFunction connect4RbaCanonicalize (sfi = 0000031411084C99)> (target TURBOFAN_JS)]
[bailout (kind: deopt-lazy, reason: (unknown)): begin. deoptimizing 0x03da4fa02781 <JSFunction searchCpcOnlyFrontier (sfi = 0000028BDDC8B7D1)>, 0x02125c6ac439 <Code MAGLEV>, opt id 264, bytecode offset 2128, deopt exit 197, FP to SP delta 600, caller SP 0x00150f9f9bf8, pc 0x0207ee864de3]
[completed compiling 0x028bddca6279 <JSFunction publishSpan32 (sfi = 0000028BDDC90661)> (target TURBOFAN_JS) - took 0.003, 1.131, 0.010 ms]
[completed optimizing 0x028bddca6279 <JSFunction publishSpan32 (sfi = 0000028BDDC90661)> (target TURBOFAN_JS)]
[bailout (kind: deopt-lazy, reason: (unknown)): begin. deoptimizing 0x03da4fa02781 <JSFunction searchCpcOnlyFrontier (sfi = 0000028BDDC8B7D1)>, 0x02125c6ac439 <Code MAGLEV>, opt id 264, bytecode offset 2128, deopt exit 197, FP to SP delta 600, caller SP 0x00150f9f9ec0, pc 0x0207ee864de3]
[bailout (kind: deopt-lazy, reason: (unknown)): begin. deoptimizing 0x03da4fa02781 <JSFunction searchCpcOnlyFrontier (sfi = 0000028BDDC8B7D1)>, 0x02125c6ac439 <Code MAGLEV>, opt id 264, bytecode offset 2128, deopt exit 197, FP to SP delta 600, caller SP 0x00150f9fa188, pc 0x0207ee864de3]
[marking 0x02bb47c28c59 <JSFunction probeConnect4RbaSharedExactCache32 (sfi = 000002BB47C22D39)> for optimization to TURBOFAN_JS, ConcurrencyMode::kConcurrent, reason: hot and stable]
[compiling method 0x02bb47c28c59 <JSFunction probeConnect4RbaSharedExactCache32 (sfi = 000002BB47C22D39)> (target TURBOFAN_JS), mode: ConcurrencyMode::kConcurrent]
[completed compiling 0x028bddca8851 <JSFunction popcount3x32 (sfi = 0000028BDDC9F6B1)> (target TURBOFAN_JS) - took 0.003, 0.508, 0.006 ms]
[completed optimizing 0x028bddca8851 <JSFunction popcount3x32 (sfi = 0000028BDDC9F6B1)> (target TURBOFAN_JS)]
[marking 0x03da4fa04859 <JSFunction subsetDensePrepared (sfi = 0000028BDDC933A9)> for optimization to TURBOFAN_JS, ConcurrencyMode::kConcurrent, reason: hot and stable]
[compiling method 0x03da4fa04859 <JSFunction subsetDensePrepared (sfi = 0000028BDDC933A9)> (target TURBOFAN_JS), mode: ConcurrencyMode::kConcurrent]
[completed compiling 0x02ca64698289 <JSFunction permutePair3 (sfi = 000000E216ED4AA1)> (target TURBOFAN_JS) - took 0.002, 1.084, 0.014 ms]
[completed optimizing 0x02ca64698289 <JSFunction permutePair3 (sfi = 000000E216ED4AA1)> (target TURBOFAN_JS)]
[bailout (kind: deopt-lazy, reason: (unknown)): begin. deoptimizing 0x00bbaf742781 <JSFunction searchCpcOnlyFrontier (sfi = 000000E216ECCE39)>, 0x0296981dc5f1 <Code MAGLEV>, opt id 120, bytecode offset 2128, deopt exit 198, FP to SP delta 600, caller SP 0x00150e1fa180, pc 0x02075e072fc2]
[bailout (kind: deopt-lazy, reason: (unknown)): begin. deoptimizing 0x00bbaf742781 <JSFunction searchCpcOnlyFrontier (sfi = 000000E216ECCE39)>, 0x0296981dc5f1 <Code MAGLEV>, opt id 120, bytecode offset 2128, deopt exit 198, FP to SP delta 600, caller SP 0x00150e1fa448, pc 0x02075e072fc2]
[completed compiling 0x02bb47c27c29 <JSFunction popcount3x32 (sfi = 000002BB47C1E979)> (target TURBOFAN_JS) - took 0.001, 0.316, 0.015 ms]
[completed optimizing 0x02bb47c27c29 <JSFunction popcount3x32 (sfi = 000002BB47C1E979)> (target TURBOFAN_JS)]
[bailout (kind: deopt-lazy, reason: (unknown)): begin. deoptimizing 0x001e5390e639 <JSFunction searchCpcOnlyFrontier (sfi = 000000B43CDC8281)>, 0x0104304fdf69 <Code MAGLEV>, opt id 422, bytecode offset 2128, deopt exit 198, FP to SP delta 600, caller SP 0x00150f1fa8a0, pc 0x0207ce86a7e5]
[bailout (kind: deopt-lazy, reason: (unknown)): begin. deoptimizing 0x00bbaf742781 <JSFunction searchCpcOnlyFrontier (sfi = 000000E216ECCE39)>, 0x0296981dc5f1 <Code MAGLEV>, opt id 120, bytecode offset 2128, deopt exit 198, FP to SP delta 600, caller SP 0x00150e1fa710, pc 0x02075e072fc2]
[completed compiling 0x03d6dff6e8f1 <JSFunction publishSpan32 (sfi = 000003D6DFF58CE9)> (target TURBOFAN_JS) - took 0.002, 0.454, 0.011 ms]
[completed optimizing 0x03d6dff6e8f1 <JSFunction publishSpan32 (sfi = 000003D6DFF58CE9)> (target TURBOFAN_JS)]
[completed compiling 0x00b94a4ed449 <JSFunction storeConnect4RbaSharedExactCache32 (sfi = 000000B94A4E7681)> (target TURBOFAN_JS) - took 0.002, 2.798, 0.032 ms]
[completed optimizing 0x00b94a4ed449 <JSFunction storeConnect4RbaSharedExactCache32 (sfi = 000000B94A4E7681)> (target TURBOFAN_JS)]
[marking 0x00e216ee8999 <JSFunction connect4RbaCanonicalize (sfi = 000000E216ED8FE9)> for optimization to TURBOFAN_JS, ConcurrencyMode::kConcurrent, reason: hot and stable]
[compiling method 0x00e216ee8999 <JSFunction connect4RbaCanonicalize (sfi = 000000E216ED8FE9)> (target TURBOFAN_JS), mode: ConcurrencyMode::kConcurrent]
[bailout (kind: deopt-eager, reason: Insufficient type feedback for generic keyed access): begin. deoptimizing 0x031411094fd1 <JSFunction evaluateConnect4CpcNonterminal32 (sfi = 0000031411087CB1)>, 0x005fed207d49 <Code MAGLEV>, opt id 148, bytecode offset 680, deopt exit 53, FP to SP delta 176, caller SP 0x00150c9fb238, pc 0x0204d351ad7d]
[marking 0x02478d99e0b9 <JSFunction deriveForkPreemption32 (sfi = 000000B94A4DE699)> for optimization to MAGLEV, ConcurrencyMode::kConcurrent, reason: hot and stable]
[compiling method 0x02478d99e0b9 <JSFunction deriveForkPreemption32 (sfi = 000000B94A4DE699)> (target MAGLEV), mode: ConcurrencyMode::kConcurrent]
[completed compiling 0x00e216eeaf59 <JSFunction storeConnect4RbaSharedExactCache32 (sfi = 000000E216EE5151)> (target TURBOFAN_JS) - took 0.001, 1.567, 0.022 ms]
[completed optimizing 0x00e216eeaf59 <JSFunction storeConnect4RbaSharedExactCache32 (sfi = 000000E216EE5151)> (target TURBOFAN_JS)]
[completed compiling 0x03da4fa04859 <JSFunction subsetDensePrepared (sfi = 0000028BDDC933A9)> (target TURBOFAN_JS) - took 0.001, 0.284, 0.008 ms]
[completed optimizing 0x03da4fa04859 <JSFunction subsetDensePrepared (sfi = 0000028BDDC933A9)> (target TURBOFAN_JS)]
[bailout (kind: deopt-lazy, reason: (unknown)): begin. deoptimizing 0x001e5390e639 <JSFunction searchCpcOnlyFrontier (sfi = 000000B43CDC8281)>, 0x0104304fdf69 <Code MAGLEV>, opt id 422, bytecode offset 2128, deopt exit 198, FP to SP delta 600, caller SP 0x00150f1fab68, pc 0x0207ce86a7e5]
[completed compiling 0x034038526b19 <JSFunction probeConnect4RbaExactCacheSlot32Frontier (sfi = 000002BB47C0A931)> (target TURBOFAN_JS) - took 0.001, 4.632, 0.030 ms]
[completed optimizing 0x034038526b19 <JSFunction probeConnect4RbaExactCacheSlot32Frontier (sfi = 000002BB47C0A931)> (target TURBOFAN_JS)]
[marking 0x03da4fa02781 <JSFunction searchCpcOnlyFrontier (sfi = 0000028BDDC8B7D1)> for optimization to MAGLEV, ConcurrencyMode::kConcurrent, reason: hot and stable]
[compiling method 0x03da4fa02781 <JSFunction searchCpcOnlyFrontier (sfi = 0000028BDDC8B7D1)> (target MAGLEV), mode: ConcurrencyMode::kConcurrent]
[marking 0x00e216eea1e1 <JSFunction evaluateConnect4LiveLine3x32 (sfi = 000000E216EDE629)> for optimization to TURBOFAN_JS, ConcurrencyMode::kConcurrent, reason: hot and stable]
[compiling method 0x00e216eea1e1 <JSFunction evaluateConnect4LiveLine3x32 (sfi = 000000E216EDE629)> (target TURBOFAN_JS), mode: ConcurrencyMode::kConcurrent]
[bailout (kind: deopt-lazy, reason: (unknown)): begin. deoptimizing 0x03da4fa02781 <JSFunction searchCpcOnlyFrontier (sfi = 0000028BDDC8B7D1)>, 0x02125c6ac439 <Code MAGLEV>, opt id 264, bytecode offset 2128, deopt exit 197, FP to SP delta 600, caller SP 0x00150f9fa450, pc 0x0207ee864de3]
[completed compiling 0x02bb47c28c59 <JSFunction probeConnect4RbaSharedExactCache32 (sfi = 000002BB47C22D39)> (target TURBOFAN_JS) - took 0.003, 2.247, 0.018 ms]
[completed optimizing 0x02bb47c28c59 <JSFunction probeConnect4RbaSharedExactCache32 (sfi = 000002BB47C22D39)> (target TURBOFAN_JS)]
[marking 0x01354eb58209 <JSFunction permutePair3 (sfi = 0000028BDDC93439)> for optimization to TURBOFAN_JS, ConcurrencyMode::kConcurrent, reason: hot and stable]
[compiling method 0x01354eb58209 <JSFunction permutePair3 (sfi = 0000028BDDC93439)> (target TURBOFAN_JS), mode: ConcurrencyMode::kConcurrent]
[bailout (kind: deopt-lazy, reason: (unknown)): begin. deoptimizing 0x001e5390e639 <JSFunction searchCpcOnlyFrontier (sfi = 000000B43CDC8281)>, 0x0104304fdf69 <Code MAGLEV>, opt id 422, bytecode offset 2128, deopt exit 198, FP to SP delta 600, caller SP 0x00150f1fae30, pc 0x0207ce86a7e5]
[completed compiling 0x01b422c63251 <JSFunction deriveForkPreemption32 (sfi = 000002BB47C19DB1)> (target MAGLEV) - took 0.000, 1.410, 0.012 ms]
[completed compiling 0x00e216eea1e1 <JSFunction evaluateConnect4LiveLine3x32 (sfi = 000000E216EDE629)> (target TURBOFAN_JS) - took 0.001, 0.923, 0.014 ms]
[completed optimizing 0x00e216eea1e1 <JSFunction evaluateConnect4LiveLine3x32 (sfi = 000000E216EDE629)> (target TURBOFAN_JS)]
[marking 0x031411094fd1 <JSFunction evaluateConnect4CpcNonterminal32 (sfi = 0000031411087CB1)> for optimization to MAGLEV, ConcurrencyMode::kConcurrent, reason: hot and stable]
[compiling method 0x031411094fd1 <JSFunction evaluateConnect4CpcNonterminal32 (sfi = 0000031411087CB1)> (target MAGLEV), mode: ConcurrencyMode::kConcurrent]
[bailout (kind: deopt-lazy, reason: (unknown)): begin. deoptimizing 0x00bbaf742781 <JSFunction searchCpcOnlyFrontier (sfi = 000000E216ECCE39)>, 0x0296981dc5f1 <Code MAGLEV>, opt id 120, bytecode offset 2128, deopt exit 198, FP to SP delta 600, caller SP 0x00150e1fa9d8, pc 0x02075e072fc2]
[bailout (kind: deopt-lazy, reason: (unknown)): begin. deoptimizing 0x00bbaf742781 <JSFunction searchCpcOnlyFrontier (sfi = 000000E216ECCE39)>, 0x0296981dc5f1 <Code MAGLEV>, opt id 120, bytecode offset 2128, deopt exit 198, FP to SP delta 600, caller SP 0x00150e1faca0, pc 0x02075e072fc2]
[completed compiling 0x02bb47c270f9 <JSFunction evaluateConnect4CpcNonterminal32 (sfi = 000002BB47C19C49)> (target MAGLEV) - took 0.000, 1.344, 0.013 ms]
[marking 0x02478d99e511 <JSFunction probeConnect4RbaExactCacheSlot32Frontier (sfi = 000000B94A4CF1E9)> for optimization to TURBOFAN_JS, ConcurrencyMode::kConcurrent, reason: hot and stable]
[compiling method 0x02478d99e511 <JSFunction probeConnect4RbaExactCacheSlot32Frontier (sfi = 000000B94A4CF1E9)> (target TURBOFAN_JS), mode: ConcurrencyMode::kConcurrent]
[completed compiling 0x01354eb58209 <JSFunction permutePair3 (sfi = 0000028BDDC93439)> (target TURBOFAN_JS) - took 0.002, 2.007, 0.015 ms]
[completed optimizing 0x01354eb58209 <JSFunction permutePair3 (sfi = 0000028BDDC93439)> (target TURBOFAN_JS)]
[bailout (kind: deopt-lazy, reason: (unknown)): begin. deoptimizing 0x03da4fa02781 <JSFunction searchCpcOnlyFrontier (sfi = 0000028BDDC8B7D1)>, 0x02125c6ac439 <Code MAGLEV>, opt id 264, bytecode offset 2128, deopt exit 197, FP to SP delta 600, caller SP 0x00150f9fa718, pc 0x0207ee864de3]
[bailout (kind: deopt-eager, reason: Insufficient type feedback for binary operation): begin. deoptimizing 0x01b422c63251 <JSFunction deriveForkPreemption32 (sfi = 000002BB47C19DB1)>, 0x02fde358c299 <Code MAGLEV>, opt id 183, bytecode offset 582, deopt exit 87, FP to SP delta 232, caller SP 0x00150d1f8c88, pc 0x0206fe0332c5]
[completed compiling 0x031f01986cf1 <JSFunction pairedResponseNoWin (sfi = 000003D6DFF631D1)> (target MAGLEV) - took 0.000, 0.377, 0.007 ms]
[completed compiling 0x03d6dff6ff59 <JSFunction popcount32 (sfi = 000003D6DFF645B9)> (target MAGLEV) - took 0.000, 0.061, 0.001 ms]
[completed compiling 0x031f01986bb1 <JSFunction coordHas (sfi = 000003D6DFF63069)> (target MAGLEV) - took 0.000, 0.036, 0.001 ms]
[completed compiling 0x03d6dff6fed9 <JSFunction firstSetBitIndex32 (sfi = 000003D6DFF64529)> (target MAGLEV) - took 0.000, 0.037, 0.001 ms]
[marking 0x02478d99e039 <JSFunction playableCell (sfi = 000000B94A4DE609)> for optimization to MAGLEV, ConcurrencyMode::kConcurrent, reason: hot and stable]
[compiling method 0x02478d99e039 <JSFunction playableCell (sfi = 000000B94A4DE609)> (target MAGLEV), mode: ConcurrencyMode::kConcurrent]
[marking 0x00b94a4eae89 <JSFunction connect4RbaCanonicalize (sfi = 000000B94A4DB501)> for optimization to TURBOFAN_JS, ConcurrencyMode::kConcurrent, reason: hot and stable]
[compiling method 0x00b94a4eae89 <JSFunction connect4RbaCanonicalize (sfi = 000000B94A4DB501)> (target TURBOFAN_JS), mode: ConcurrencyMode::kConcurrent]
[completed compiling 0x031f01986cb1 <JSFunction deriveForkPreemption32 (sfi = 000003D6DFF63189)> (target MAGLEV) - took 0.000, 0.937, 0.010 ms]
[completed compiling 0x02bb47c266d9 <JSFunction connect4RbaCanonicalize (sfi = 000002BB47C16C31)> (target TURBOFAN_JS) - took 0.004, 8.617, 0.039 ms]
[completed optimizing 0x02bb47c266d9 <JSFunction connect4RbaCanonicalize (sfi = 000002BB47C16C31)> (target TURBOFAN_JS)]
[marking 0x01354eb58649 <JSFunction playableCell (sfi = 0000028BDDC9AA59)> for optimization to MAGLEV, ConcurrencyMode::kConcurrent, reason: hot and stable]
[compiling method 0x01354eb58649 <JSFunction playableCell (sfi = 0000028BDDC9AA59)> (target MAGLEV), mode: ConcurrencyMode::kConcurrent]
[completed compiling 0x00b43cde3d19 <JSFunction connect4RbaCofactorKnownHeight (sfi = 000000B43CDD43D1)> (target MAGLEV) - took 0.001, 1.268, 0.013 ms]
[marking 0x00b43cde4339 <JSFunction popcount32 (sfi = 000000B43CDD89C9)> for optimization to MAGLEV, ConcurrencyMode::kConcurrent, reason: hot and stable]
[compiling method 0x00b43cde4339 <JSFunction popcount32 (sfi = 000000B43CDD89C9)> (target MAGLEV), mode: ConcurrencyMode::kConcurrent]
[bailout (kind: deopt-eager, reason: Insufficient type feedback for binary operation): begin. deoptimizing 0x00b94a4eae49 <JSFunction connect4RbaCofactorKnownHeight (sfi = 000000B94A4DB4B9)>, 0x02ff18976929 <Code TURBOFAN_JS>, opt id 19, bytecode offset 461, deopt exit 228, FP to SP delta 304, caller SP 0x00150d9f8588, pc 0x02072e014da2]
[bailout (kind: deopt-eager, reason: Insufficient type feedback for call): begin. deoptimizing 0x021c183c2771 <JSFunction searchCpcOnlyFrontier (sfi = 000000B94A4CF351)>, 0x03f2ebcad701 <Code MAGLEV>, opt id 100, bytecode offset 989, deopt exit 172, FP to SP delta 600, caller SP 0x00150d9f8850, pc 0x02072e085b02]
[bailout (kind: deopt-lazy, reason: (unknown)): begin. deoptimizing 0x021c183c2771 <JSFunction searchCpcOnlyFrontier (sfi = 000000B94A4CF351)>, 0x03f2ebcad701 <Code MAGLEV>, opt id 100, bytecode offset 2128, deopt exit 198, FP to SP delta 600, caller SP 0x00150d9f8b18, pc 0x02072e085b6a]
[completed compiling 0x017a83657491 <JSFunction deriveForkPreemption32 (sfi = 000000B43CDD7599)> (target MAGLEV) - took 0.000, 0.864, 0.016 ms]
[bailout (kind: deopt-lazy, reason: (unknown)): begin. deoptimizing 0x021c183c2771 <JSFunction searchCpcOnlyFrontier (sfi = 000000B94A4CF351)>, 0x03f2ebcad701 <Code MAGLEV>, opt id 100, bytecode offset 2128, deopt exit 198, FP to SP delta 600, caller SP 0x00150d9f8de0, pc 0x02072e085b6a]
[bailout (kind: deopt-lazy, reason: (unknown)): begin. deoptimizing 0x021c183c2771 <JSFunction searchCpcOnlyFrontier (sfi = 000000B94A4CF351)>, 0x03f2ebcad701 <Code MAGLEV>, opt id 100, bytecode offset 2128, deopt exit 198, FP to SP delta 600, caller SP 0x00150d9f90a8, pc 0x02072e085b6a]
[bailout (kind: deopt-lazy, reason: (unknown)): begin. deoptimizing 0x021c183c2771 <JSFunction searchCpcOnlyFrontier (sfi = 000000B94A4CF351)>, 0x03f2ebcad701 <Code MAGLEV>, opt id 100, bytecode offset 2128, deopt exit 198, FP to SP delta 600, caller SP 0x00150d9f9370, pc 0x02072e085b6a]
[bailout (kind: deopt-lazy, reason: (unknown)): begin. deoptimizing 0x021c183c2771 <JSFunction searchCpcOnlyFrontier (sfi = 000000B94A4CF351)>, 0x03f2ebcad701 <Code MAGLEV>, opt id 100, bytecode offset 2128, deopt exit 198, FP to SP delta 600, caller SP 0x00150d9f9638, pc 0x02072e085b6a]
[bailout (kind: deopt-lazy, reason: (unknown)): begin. deoptimizing 0x021c183c2771 <JSFunction searchCpcOnlyFrontier (sfi = 000000B94A4CF351)>, 0x03f2ebcad701 <Code MAGLEV>, opt id 100, bytecode offset 2128, deopt exit 198, FP to SP delta 600, caller SP 0x00150d9f9900, pc 0x02072e085b6a]
[bailout (kind: deopt-lazy, reason: (unknown)): begin. deoptimizing 0x021c183c2771 <JSFunction searchCpcOnlyFrontier (sfi = 000000B94A4CF351)>, 0x03f2ebcad701 <Code MAGLEV>, opt id 100, bytecode offset 2128, deopt exit 198, FP to SP delta 600, caller SP 0x00150d9f9bc8, pc 0x02072e085b6a]
[bailout (kind: deopt-lazy, reason: (unknown)): begin. deoptimizing 0x021c183c2771 <JSFunction searchCpcOnlyFrontier (sfi = 000000B94A4CF351)>, 0x03f2ebcad701 <Code MAGLEV>, opt id 100, bytecode offset 2128, deopt exit 198, FP to SP delta 600, caller SP 0x00150d9f9e90, pc 0x02072e085b6a]
[marking 0x00b94a4eae49 <JSFunction connect4RbaCofactorKnownHeight (sfi = 000000B94A4DB4B9)> for optimization to MAGLEV, ConcurrencyMode::kConcurrent, reason: hot and stable]
[compiling method 0x00b94a4eae49 <JSFunction connect4RbaCofactorKnownHeight (sfi = 000000B94A4DB4B9)> (target MAGLEV), mode: ConcurrencyMode::kConcurrent]
[marking 0x03d6dff70ec9 <JSFunction popcount3x32 (sfi = 000003D6DFF67D51)> for optimization to TURBOFAN_JS, ConcurrencyMode::kConcurrent, reason: hot and stable]
[compiling method 0x03d6dff70ec9 <JSFunction popcount3x32 (sfi = 000003D6DFF67D51)> (target TURBOFAN_JS), mode: ConcurrencyMode::kConcurrent]
[marking 0x00b94a4ead89 <JSFunction connect4RbaCofactorBasis (sfi = 000000B94A4DB3E1)> for optimization to TURBOFAN_JS, ConcurrencyMode::kConcurrent, reason: hot and stable]
[compiling method 0x00b94a4ead89 <JSFunction connect4RbaCofactorBasis (sfi = 000000B94A4DB3E1)> (target TURBOFAN_JS), mode: ConcurrencyMode::kConcurrent]
[marking 0x01b422c44821 <JSFunction searchCpcOnlyFrontier (sfi = 000002BB47C0AA99)> for optimization to TURBOFAN_JS, ConcurrencyMode::kConcurrent, reason: hot and stable]
[compiling method 0x01b422c44821 [completed compiling <JSFunction searchCpcOnlyFrontier (sfi = 000002BB47C0AA99)> (target TURBOFAN_JS)0x02478d99e511, mode: ConcurrencyMode::kConcurrent ]
<JSFunction probeConnect4RbaExactCacheSlot32Frontier (sfi = 000000B94A4CF1E9)> (target TURBOFAN_JS) - took 0.003, 4.500, 0.040 ms]
[completed optimizing 0x02478d99e511 <JSFunction probeConnect4RbaExactCacheSlot32Frontier (sfi = 000000B94A4CF1E9)> (target TURBOFAN_JS)]
[completed compiling 0x00e216ee8999 <JSFunction connect4RbaCanonicalize (sfi = 000000E216ED8FE9)> (target TURBOFAN_JS) - took 0.002, 8.279, 0.037 ms]
[completed optimizing 0x00e216ee8999 <JSFunction connect4RbaCanonicalize (sfi = 000000E216ED8FE9)> (target TURBOFAN_JS)]
[completed compiling 0x03d6dff70ec9 <JSFunction popcount3x32 (sfi = 000003D6DFF67D51)> (target TURBOFAN_JS) - took 0.003, 0.514, 0.008 ms]
[completed optimizing 0x03d6dff70ec9 <JSFunction popcount3x32 (sfi = 000003D6DFF67D51)> (target TURBOFAN_JS)]
[marking 0x021c183c41a1 <JSFunction subsetDensePrepared (sfi = 000000B94A4D6F29)> for optimization to TURBOFAN_JS, ConcurrencyMode::kConcurrent, reason: hot and stable]
[compiling method 0x021c183c41a1 <JSFunction subsetDensePrepared (sfi = 000000B94A4D6F29)> (target TURBOFAN_JS), mode: ConcurrencyMode::kConcurrent]
[bailout (kind: deopt-lazy, reason: (unknown)): begin. deoptimizing 0x021c183c2771 <JSFunction searchCpcOnlyFrontier (sfi = 000000B94A4CF351)>, 0x03f2ebcad701 <Code MAGLEV>, opt id 100, bytecode offset 2128, deopt exit 198, FP to SP delta 600, caller SP 0x00150d9fa158, pc 0x02072e085b6a]
[completed compiling 0x001e5390e639 <JSFunction searchCpcOnlyFrontier (sfi = 000000B43CDC8281)> (target MAGLEV) - took 0.000, 1.973, 0.022 ms]
[bailout (kind: deopt-lazy, reason: (unknown)): begin. deoptimizing 0x021c183c2771 <JSFunction searchCpcOnlyFrontier (sfi = 000000B94A4CF351)>, 0x03f2ebcad701 <Code MAGLEV>, opt id 100, bytecode offset 2128, deopt exit 198, FP to SP delta 600, caller SP 0x00150d9fa420, pc 0x02072e085b6a]
[completed compiling 0x00b43cde4339 <JSFunction popcount32 (sfi = 000000B43CDD89C9)> (target MAGLEV) - took 0.000, 0.069, 0.002 ms]
[marking 0x021c183c2771 <JSFunction searchCpcOnlyFrontier (sfi = 000000B94A4CF351)> for optimization to MAGLEV, ConcurrencyMode::kConcurrent, reason: hot and stable]
[marking 0x00b43cde3d19 <JSFunction connect4RbaCofactorKnownHeight (sfi = 000000B43CDD43D1)> for optimization to TURBOFAN_JS, ConcurrencyMode::kConcurrent, reason: hot and stable]
[compiling method 0x021c183c2771 <JSFunction searchCpcOnlyFrontier (sfi = 000000B94A4CF351)> (target MAGLEV), mode: ConcurrencyMode::kConcurrent]
[compiling method 0x00b43cde3d19 <JSFunction connect4RbaCofactorKnownHeight (sfi = 000000B43CDD43D1)> (target TURBOFAN_JS), mode: ConcurrencyMode::kConcurrent]
[marking 0x034038526701 <JSFunction playableCell (sfi = 000002BB47C19D21)> for optimization to MAGLEV, ConcurrencyMode::kConcurrent, reason: hot and stable]
[compiling method 0x034038526701 <JSFunction playableCell (sfi = 000002BB47C19D21)> (target MAGLEV), mode: ConcurrencyMode::kConcurrent]
[bailout (kind: deopt-lazy, reason: (unknown)): begin. deoptimizing 0x001e5390e639 <JSFunction searchCpcOnlyFrontier (sfi = 000000B43CDC8281)>, 0x0104304fdf69 <Code MAGLEV>, opt id 422, bytecode offset 2128, deopt exit 198, FP to SP delta 600, caller SP 0x00150f1fb0f8, pc 0x0207ce86a7e5]
[completed compiling 0x02478d99e0b9 <JSFunction deriveForkPreemption32 (sfi = 000000B94A4DE699)> (target MAGLEV) - took 0.001, 1.574, 0.016 ms]
[completed compiling 0x02478d99e039 <JSFunction playableCell (sfi = 000000B94A4DE609)> (target MAGLEV) - took 0.001, 0.075, 0.002 ms]
[completed compiling 0x00b94a4ead89 <JSFunction connect4RbaCofactorBasis (sfi = 000000B94A4DB3E1)> (target TURBOFAN_JS) - took 0.002, 4.240, 0.031 ms]
[completed optimizing 0x00b94a4ead89 <JSFunction connect4RbaCofactorBasis (sfi = 000000B94A4DB3E1)> (target TURBOFAN_JS)]
[completed compiling 0x021c183c41a1 <JSFunction subsetDensePrepared (sfi = 000000B94A4D6F29)> (target TURBOFAN_JS) - took 0.002, 0.356, 0.009 ms]
[completed optimizing 0x021c183c41a1 <JSFunction subsetDensePrepared (sfi = 000000B94A4D6F29)> (target TURBOFAN_JS)]
[completed compiling 0x00b94a4eae49 <JSFunction connect4RbaCofactorKnownHeight (sfi = 000000B94A4DB4B9)> (target MAGLEV) - took 0.000, 1.500, 0.011 ms]
[bailout (kind: deopt-lazy, reason: (unknown)): begin. deoptimizing 0x021c183c2771 <JSFunction searchCpcOnlyFrontier (sfi = 000000B94A4CF351)>, 0x03f2ebcad701 <Code MAGLEV>, opt id 100, bytecode offset 2128, deopt exit 198, FP to SP delta 600, caller SP 0x00150d9fa6e8, pc 0x02072e085b6a]
[4600:000002078E0F9000]      173 ms: Scavenge 8.7 (11.1) -> 7.5 (11.9) MB, pooled: 0.0 MB, 0.84 / 0.00 ms (average mu = 1.000, current mu = 1.000) allocation failure; 
[completed compiling 0x00b94a4eae89 <JSFunction connect4RbaCanonicalize (sfi = 000000B94A4DB501)> (target TURBOFAN_JS) - took 0.002, 9.197, 0.055 ms]
[completed optimizing 0x00b94a4eae89 <JSFunction connect4RbaCanonicalize (sfi = 000000B94A4DB501)> (target TURBOFAN_JS)]
[marking 0x00b43cde3d59 <JSFunction connect4RbaCanonicalize (sfi = 000000B43CDD4419)> for optimization to TURBOFAN_JS, ConcurrencyMode::kConcurrent, reason: hot and stable]
[compiling method 0x00b43cde3d59 <JSFunction connect4RbaCanonicalize (sfi = 000000B43CDD4419)> (target TURBOFAN_JS), mode: ConcurrencyMode::kConcurrent]
[marking 0x031f01986251 <JSFunction permutePair3 (sfi = 000003D6DFF5BAC1)> for optimization to TURBOFAN_JS, ConcurrencyMode::kConcurrent, reason: hot and stable]
[compiling method 0x031f01986251 <JSFunction permutePair3 (sfi = 000003D6DFF5BAC1)> (target TURBOFAN_JS), mode: ConcurrencyMode::kConcurrent]
[completed compiling 0x021c183c2771 <JSFunction searchCpcOnlyFrontier (sfi = 000000B94A4CF351)> (target MAGLEV) - took 0.000, 2.557, 0.022 ms]
[bailout (kind: deopt-lazy, reason: (unknown)): begin. deoptimizing 0x021c183c2771 <JSFunction searchCpcOnlyFrontier (sfi = 000000B94A4CF351)>, 0x03f2ebcad701 <Code MAGLEV>, opt id 100, bytecode offset 2128, deopt exit 198, FP to SP delta 600, caller SP 0x00150d9fa9b0, pc 0x02072e085b6a]
[bailout (kind: deopt-lazy, reason: (unknown)): begin. deoptimizing 0x021c183c2771 <JSFunction searchCpcOnlyFrontier (sfi = 000000B94A4CF351)>, 0x03f2ebcad701 <Code MAGLEV>, opt id 100, bytecode offset 2128, deopt exit 198, FP to SP delta 600, caller SP 0x00150d9fac78, pc 0x02072e085b6a]
[completed compiling 0x033e0cf92cd1 <JSFunction deriveForkPreemption32 (sfi = 0000028BDDC9AAE9)> (target MAGLEV) - took 0.000, 0.969, 0.013 ms]
[completed compiling 0x033e0cf92c91 <JSFunction coordHas (sfi = 0000028BDDC9A9C9)> (target MAGLEV) - took 0.000, 0.053, 0.001 ms]
[completed compiling 0x028bddca78e1 <JSFunction popcount32 (sfi = 0000028BDDC9BF19)> (target MAGLEV) - took 0.000, 0.053, 0.001 ms]
[marking 0x00b94a4eae49 <JSFunction connect4RbaCofactorKnownHeight (sfi = 000000B94A4DB4B9)> for optimization to TURBOFAN_JS, ConcurrencyMode::kConcurrent, reason: hot and stable]
[compiling method 0x00b94a4eae49 <JSFunction connect4RbaCofactorKnownHeight (sfi = 000000B94A4DB4B9)> (target TURBOFAN_JS), mode: ConcurrencyMode::kConcurrent]
[marking 0x017a83657411 <JSFunction playableCell (sfi = 000000B43CDD7509)> for optimization to MAGLEV, ConcurrencyMode::kConcurrent, reason: hot and stable]
[compiling method 0x017a83657411 <JSFunction playableCell (sfi = 000000B43CDD7509)> (target MAGLEV), mode: ConcurrencyMode::kConcurrent]
[bailout (kind: deopt-lazy, reason: (unknown)): begin. deoptimizing 0x021c183c2771 <JSFunction searchCpcOnlyFrontier (sfi = 000000B94A4CF351)>, 0x03f2ebcad701 <Code MAGLEV>, opt id 100, bytecode offset 2128, deopt exit 198, FP to SP delta 600, caller SP 0x00150d9faf40, pc 0x02072e085b6a]
[marking 0x017a836578e9 <JSFunction probeConnect4RbaExactCacheSlot32Frontier (sfi = 000000B43CDC8119)> for optimization to TURBOFAN_JS, ConcurrencyMode::kConcurrent, reason: hot and stable]
[compiling method 0x017a836578e9 <JSFunction probeConnect4RbaExactCacheSlot32Frontier (sfi = 000000B43CDC8119)> (target TURBOFAN_JS), mode: ConcurrencyMode::kConcurrent]
[bailout (kind: deopt-lazy, reason: (unknown)): begin. deoptimizing 0x021c183c2771 <JSFunction searchCpcOnlyFrontier (sfi = 000000B94A4CF351)>, 0x03f2ebcad701 <Code MAGLEV>, opt id 100, bytecode offset 2128, deopt exit 198, FP to SP delta 600, caller SP 0x00150d9fb208, pc 0x02072e085b6a]
[marking 0x03e33ddd2519 <JSFunction probeConnect4RbaExactCacheSlot32Frontier (sfi = 0000028BDDC8B669)> for optimization to TURBOFAN_JS, ConcurrencyMode::kConcurrent, reason: hot and stable]
[compiling method 0x03e33ddd2519 <JSFunction probeConnect4RbaExactCacheSlot32Frontier (sfi = 0000028BDDC8B669)> (target TURBOFAN_JS), mode: ConcurrencyMode::kConcurrent]
[bailout (kind: deopt-lazy, reason: (unknown)): begin. deoptimizing 0x021c183c2771 [marking <JSFunction searchCpcOnlyFrontier (sfi = 000000B94A4CF351)>0x03e33ddd1bc1 , 0x03f2ebcad701 <Code MAGLEV>, opt id 100, bytecode offset 2128, deopt exit 198, FP to SP delta 600, caller SP 0x00150d9fb4d0, pc 0x02072e085b6a]
<JSFunction prepareSubsetDense (sfi = 0000028BDDC93319)> for optimization to TURBOFAN_JS, ConcurrencyMode::kConcurrent, reason: hot and stable]
[compiling method 0x03e33ddd1bc1 <JSFunction prepareSubsetDense (sfi = 0000028BDDC93319)> (target TURBOFAN_JS), mode: ConcurrencyMode::kConcurrent]
[marking 0x031f01987811 [bailout (kind: deopt-lazy, reason: (unknown)): begin. deoptimizing 0x021c183c2771 <JSFunction searchCpcOnlyFrontier (sfi = 000000B94A4CF351)>, 0x03f2ebcad701 <Code MAGLEV>, opt id 100, bytecode offset 2128, deopt exit 198, FP to SP delta 600, caller SP 0x00150d9fb798, pc 0x02072e085b6a]
<JSFunction probeConnect4RbaExactCacheSlot32Frontier (sfi = 000003D6DFF53CF1)> for optimization to TURBOFAN_JS, ConcurrencyMode::kConcurrent, reason: hot and stable]
[compiling method 0x031f01987811 <JSFunction probeConnect4RbaExactCacheSlot32Frontier (sfi = 000003D6DFF53CF1)> (target TURBOFAN_JS), mode: ConcurrencyMode::kConcurrent]
[marking 0x03d6dff71f39 <JSFunction storeConnect4RbaSharedExactCache32 (sfi = 000003D6DFF6C159)> for optimization to TURBOFAN_JS, ConcurrencyMode::kConcurrent, reason: hot and stable]
[compiling method 0x03d6dff71f39 <JSFunction storeConnect4RbaSharedExactCache32 (sfi = 000003D6DFF6C159)> (target TURBOFAN_JS), mode: ConcurrencyMode::kConcurrent]
[completed compiling 0x028bddca72c1 <JSFunction connect4RbaCofactorKnownHeight (sfi = 0000028BDDC97921)> (target MAGLEV) - took 0.001, 1.820, 0.011 ms]
[completed compiling 0x00bbaf742781 <JSFunction searchCpcOnlyFrontier (sfi = 000000E216ECCE39)> (target MAGLEV) - took 0.000, 2.708, 0.031 ms]
[marking 0x031f01986c31 <JSFunction playableCell (sfi = 000003D6DFF630F9)> for optimization to MAGLEV, ConcurrencyMode::kConcurrent, reason: hot and stable]
[bailout (kind: deopt-lazy, reason: (unknown)): begin. deoptimizing 0x001e5390e639 <JSFunction searchCpcOnlyFrontier (sfi = 000000B43CDC8281)>, 0x0104304fdf69 <Code MAGLEV>, opt id 422, bytecode offset 2128, deopt exit 198, FP to SP delta 600, caller SP 0x00150f1fb3c0, pc 0x0207ce86a7e5]
[4600:00000204FDBA1000]      179 ms: Scavenge 8.9 (11.9) -> 7.6 (12.6) MB, pooled: 0.0 MB, 0.87 / 0.00 ms (average mu = 1.000, current mu = 1.000) allocation failure; 
[completed compiling 0x00e216ee93b9 <JSFunction evaluateConnect4CpcNonterminal32 (sfi = 000000E216EDC019)> (target MAGLEV) - took 0.000, 1.385, 0.015 ms]
[marking 0x028bddca72c1 <JSFunction connect4RbaCofactorKnownHeight (sfi = 0000028BDDC97921)> for optimization to TURBOFAN_JS, ConcurrencyMode::kConcurrent, reason: hot and stable]
[completed compiling 0x033e0cf90fe9 <JSFunction searchCpcOnlyFrontier (sfi = 0000028BDDC8B7D1)> (target MAGLEV) - took 0.001, 3.411, 0.024 ms]
[completed compiling 0x033e0cf92c51 <JSFunction playableCell (sfi = 0000028BDDC9AA59)> (target MAGLEV) - took 0.000, 0.128, 0.002 ms]
[marking 0x028bddca72c1 <JSFunction connect4RbaCofactorKnownHeight (sfi = 0000028BDDC97921)> for optimization to TURBOFAN_JS, ConcurrencyMode::kConcurrent, reason: hot and stable]
[marking 0x028bddca72c1 <JSFunction connect4RbaCofactorKnownHeight (sfi = 0000028BDDC97921)> for optimization to TURBOFAN_JS, ConcurrencyMode::kConcurrent, reason: hot and stable]
[marking 0x028bddca72c1 <JSFunction connect4RbaCofactorKnownHeight (sfi = 0000028BDDC97921)> for optimization to TURBOFAN_JS, ConcurrencyMode::kConcurrent, reason: hot and stable]
[marking 0x028bddca72c1 <JSFunction connect4RbaCofactorKnownHeight (sfi = 0000028BDDC97921)> for optimization to TURBOFAN_JS, ConcurrencyMode::kConcurrent, reason: hot and stable]
[marking 0x028bddca72c1 <JSFunction connect4RbaCofactorKnownHeight (sfi = 0000028BDDC97921)> for optimization to TURBOFAN_JS, ConcurrencyMode::kConcurrent, reason: hot and stable]
[marking 0x028bddca72c1 <JSFunction connect4RbaCofactorKnownHeight (sfi = 0000028BDDC97921)> for optimization to TURBOFAN_JS, ConcurrencyMode::kConcurrent, reason: hot and stable]
[marking 0x028bddca72c1 <JSFunction connect4RbaCofactorKnownHeight (sfi = 0000028BDDC97921)> for optimization to TURBOFAN_JS, ConcurrencyMode::kConcurrent, reason: hot and stable]
[bailout (kind: deopt-lazy, reason: (unknown)): begin. deoptimizing 0x033e0cf90fe9 <JSFunction searchCpcOnlyFrontier (sfi = 0000028BDDC8B7D1)>, 0x02125c6ac439 <Code MAGLEV>, opt id 264, bytecode offset 2128, deopt exit 197, FP to SP delta 600, caller SP 0x00150f9fa9e0, pc 0x0207ee864de3]
[marking 0x028bddca72c1 <JSFunction connect4RbaCofactorKnownHeight (sfi = 0000028BDDC97921)> for optimization to TURBOFAN_JS, ConcurrencyMode::kConcurrent, reason: hot and stable]
[marking 0x028bddca72c1 <JSFunction connect4RbaCofactorKnownHeight (sfi = 0000028BDDC97921)> for optimization to TURBOFAN_JS, ConcurrencyMode::kConcurrent, reason: hot and stable]
[marking 0x028bddca72c1 <JSFunction connect4RbaCofactorKnownHeight (sfi = 0000028BDDC97921)> for optimization to TURBOFAN_JS, ConcurrencyMode::kConcurrent, reason: hot and stable]
[marking 0x028bddca72c1 <JSFunction connect4RbaCofactorKnownHeight (sfi = 0000028BDDC97921)> for optimization to TURBOFAN_JS, ConcurrencyMode::kConcurrent, reason: hot and stable]
[marking 0x028bddca72c1 <JSFunction connect4RbaCofactorKnownHeight (sfi = 0000028BDDC97921)> for optimization to TURBOFAN_JS, ConcurrencyMode::kConcurrent, reason: hot and stable]
[marking 0x028bddca72c1 <JSFunction connect4RbaCofactorKnownHeight (sfi = 0000028BDDC97921)> for optimization to TURBOFAN_JS, ConcurrencyMode::kConcurrent, reason: hot and stable]
[marking 0x028bddca72c1 <JSFunction connect4RbaCofactorKnownHeight (sfi = 0000028BDDC97921)> for optimization to TURBOFAN_JS, ConcurrencyMode::kConcurrent, reason: hot and stable]
[marking 0x028bddca72c1 <JSFunction connect4RbaCofactorKnownHeight (sfi = 0000028BDDC97921)> for optimization to TURBOFAN_JS, ConcurrencyMode::kConcurrent, reason: hot and stable]
[marking 0x028bddca72c1 <JSFunction connect4RbaCofactorKnownHeight (sfi = 0000028BDDC97921)> for optimization to TURBOFAN_JS, ConcurrencyMode::kConcurrent, reason: hot and stable]
[bailout (kind: deopt-lazy, reason: (unknown)): begin. deoptimizing 0x001e5390e639 <JSFunction searchCpcOnlyFrontier (sfi = 000000B43CDC8281)>, 0x0104304fdf69 <Code MAGLEV>, opt id 422, bytecode offset 2128, deopt exit 198, FP to SP delta 600, caller SP 0x00150f1fb688, pc 0x0207ce86a7e5]
[marking 0x028bddca72c1 <JSFunction connect4RbaCofactorKnownHeight (sfi = 0000028BDDC97921)> for optimization to TURBOFAN_JS, ConcurrencyMode::kConcurrent, reason: hot and stable]
[marking 0x028bddca72c1 <JSFunction connect4RbaCofactorKnownHeight (sfi = 0000028BDDC97921)> for optimization to TURBOFAN_JS, ConcurrencyMode::kConcurrent, reason: hot and stable]
[bailout (kind: deopt-lazy, reason: (unknown)): begin. deoptimizing 0x033e0cf90fe9 <JSFunction searchCpcOnlyFrontier (sfi = 0000028BDDC8B7D1)>, 0x02125c6ac439 <Code MAGLEV>, opt id 264, bytecode offset 2128, deopt exit 197, FP to SP delta 600, caller SP 0x00150f9faca8, pc 0x0207ee864de3]
[marking 0x028bddca72c1 <JSFunction connect4RbaCofactorKnownHeight (sfi = 0000028BDDC97921)> for optimization to TURBOFAN_JS, ConcurrencyMode::kConcurrent, reason: hot and stable]
[marking 0x028bddca72c1 <JSFunction connect4RbaCofactorKnownHeight (sfi = 0000028BDDC97921)> for optimization to TURBOFAN_JS, ConcurrencyMode::kConcurrent, reason: hot and stable]
[marking dependent code 0x0368a9c00ba1 <Code MAGLEV> (0x011f4d2e0bd1 <SharedFunctionInfo next>) (opt id 2) for deoptimization, reason: embedded weak objects cleared]
[marking 0x028bddca72c1 <JSFunction connect4RbaCofactorKnownHeight (sfi = 0000028BDDC97921)> for optimization to TURBOFAN_JS, ConcurrencyMode::kConcurrent, reason: hot and stable]
[compiling method 0x028bddca72c1 <JSFunction connect4RbaCofactorKnownHeight (sfi = 0000028BDDC97921)> (target TURBOFAN_JS), mode: ConcurrencyMode::kConcurrent]
[compiling method 0x031f01986c31 <JSFunction playableCell (sfi = 000003D6DFF630F9)> (target MAGLEV), mode: ConcurrencyMode::kConcurrent]
[bailout (kind: deopt-lazy, reason: (unknown)): begin. deoptimizing 0x033e0cf90fe9 <JSFunction searchCpcOnlyFrontier (sfi = 0000028BDDC8B7D1)>, 0x02125c6ac439 <Code MAGLEV>, opt id 264, bytecode offset 2128, deopt exit 197, FP to SP delta 600, caller SP 0x00150f9faf70, pc 0x0207ee864de3]
[bailout (kind: deopt-lazy, reason: (unknown)): begin. deoptimizing 0x033e0cf90fe9 <JSFunction searchCpcOnlyFrontier (sfi = 0000028BDDC8B7D1)>, 0x02125c6ac439 <Code MAGLEV>, opt id 264, bytecode offset 2128, deopt exit 197, FP to SP delta 600, caller SP 0x00150f9fb238, pc 0x0207ee864de3]
[4600:00000204FDC81000]      185 ms: Mark-Compact 8.7 (11.6) -> 6.4 (11.1) MB, pooled: 0.5 MB, 4.68 / 0.00 ms (average mu = 0.975, current mu = 0.975) background allocation failure; GC in old space requested
[completed compiling 0x02ca64698749 <JSFunction deriveForkPreemption32 (sfi = 000000E216EDC181)> (target MAGLEV) - took 0.000, 6.147, 0.017 ms]
[marking 0x031411095b01 <JSFunction popcount3x32 (sfi = 000003141108C9E1)> for optimization to TURBOFAN_JS, ConcurrencyMode::kConcurrent, reason: hot and stable]
[bailout (kind: deopt-lazy, reason: (unknown)): begin. deoptimizing 0x00bbaf742781 <JSFunction searchCpcOnlyFrontier (sfi = 000000E216ECCE39)>, 0x0296981dc5f1 <Code MAGLEV>, opt id 120, bytecode offset 2128, deopt exit 198, FP to SP delta 600, caller SP 0x00150e1faf68, pc 0x02075e072fc2]
[bailout (kind: deopt-lazy, reason: (unknown)): begin. deoptimizing 0x00bbaf742781 <JSFunction searchCpcOnlyFrontier (sfi = 000000E216ECCE39)>, 0x0296981dc5f1 <Code MAGLEV>, opt id 120, bytecode offset 2128, deopt exit 198, FP to SP delta 600, caller SP 0x00150e1fb230, pc 0x02075e072fc2]
[completed compiling 0x034038526701 <JSFunction playableCell (sfi = 000002BB47C19D21)> (target MAGLEV) - took 0.000, 0.135, 0.008 ms]
[completed compiling 0x017a83657411 <JSFunction playableCell (sfi = 000000B43CDD7509)> (target MAGLEV) - took 0.000, 0.047, 0.006 ms]
[completed compiling 0x00b43cde3d19 <JSFunction connect4RbaCofactorKnownHeight (sfi = 000000B43CDD43D1)> (target TURBOFAN_JS) - took 0.003, 15.545, 0.057 ms]
[completed optimizing 0x00b43cde3d19 <JSFunction connect4RbaCofactorKnownHeight (sfi = 000000B43CDD43D1)> (target TURBOFAN_JS)]
[bailout (kind: deopt-lazy, reason: (unknown)): begin. deoptimizing 0x00bbaf742781 <JSFunction searchCpcOnlyFrontier (sfi = 000000E216ECCE39)>, 0x0296981dc5f1 <Code MAGLEV>, opt id 120, bytecode offset 2128, deopt exit 198, FP to SP delta 600, caller SP 0x00150e1fb4f8, pc 0x02075e072fc2]
[completed compiling 0x017a836578e9 <JSFunction probeConnect4RbaExactCacheSlot32Frontier (sfi = 000000B43CDC8119)> (target TURBOFAN_JS) - took 0.001, 4.424, 0.032 ms]
[completed optimizing 0x017a836578e9 <JSFunction probeConnect4RbaExactCacheSlot32Frontier (sfi = 000000B43CDC8119)> (target TURBOFAN_JS)]
[marking 0x02ca646986c9 <JSFunction playableCell (sfi = 000000E216EDC0F1)> for optimization to MAGLEV, ConcurrencyMode::kConcurrent, reason: hot and stable]
[compiling method 0x02ca646986c9 <JSFunction playableCell (sfi = 000000E216EDC0F1)> (target MAGLEV), mode: ConcurrencyMode::kConcurrent]
[marking 0x02ca64698ba1 <JSFunction probeConnect4RbaExactCacheSlot32Frontier (sfi = 000000E216ECCCD1)> for optimization to TURBOFAN_JS, ConcurrencyMode::kConcurrent, reason: hot and stable]
[compiling method 0x02ca64698ba1 <JSFunction probeConnect4RbaExactCacheSlot32Frontier (sfi = 000000E216ECCCD1)> (target TURBOFAN_JS), mode: ConcurrencyMode::kConcurrent]
[marking 0x031411096b71 <JSFunction storeConnect4RbaSharedExactCache32 (sfi = 0000031411090DE9)> for optimization to MAGLEV, ConcurrencyMode::kConcurrent, reason: hot and stable]
[compiling method 0x031411096b71 <JSFunction storeConnect4RbaSharedExactCache32 (sfi = 0000031411090DE9)> (target MAGLEV), mode: ConcurrencyMode::kConcurrent]
[marking 0x00b94a4eb8a9 <JSFunction evaluateConnect4CpcNonterminal32 (sfi = 000000B94A4DE531)> for optimization to TURBOFAN_JS, ConcurrencyMode::kConcurrent, reason: hot and stable]
[compiling method 0x00b94a4eb8a9 <JSFunction evaluateConnect4CpcNonterminal32 (sfi = 000000B94A4DE531)> (target TURBOFAN_JS), mode: ConcurrencyMode::kConcurrent]
[completed compiling 0x031f01987811 <JSFunction probeConnect4RbaExactCacheSlot32Frontier (sfi = 000003D6DFF53CF1)> (target TURBOFAN_JS) - took 0.003, 3.982, 0.052 ms]
[completed optimizing 0x031f01987811 <JSFunction probeConnect4RbaExactCacheSlot32Frontier (sfi = 000003D6DFF53CF1)> (target TURBOFAN_JS)]
[marking 0x031411095b01 <JSFunction popcount3x32 (sfi = 000003141108C9E1)> for optimization to TURBOFAN_JS, ConcurrencyMode::kConcurrent, reason: hot and stable]
[compiling method 0x031411095b01 <JSFunction popcount3x32 (sfi = 000003141108C9E1)> (target TURBOFAN_JS), mode: ConcurrencyMode::kConcurrent]
[bailout (kind: deopt-eager, reason: Insufficient type feedback for binary operation): begin. deoptimizing [bailout (kind: deopt-eager, reason: Insufficient type feedback for binary operation): begin. deoptimizing 0x00e216ee8959 0x02bb47c26699 <JSFunction connect4RbaCofactorKnownHeight (sfi = 000000E216ED8FA1)>, 0x0368a9c36a21 <JSFunction connect4RbaCofactorKnownHeight (sfi = 000002BB47C16BE9)><Code , TURBOFAN_JS>, opt id 26, bytecode offset 461, deopt exit 228, FP to SP delta 304, caller SP 0x00150e1f86e8, pc 0x02075e01bf62]
0x039e88ede239 <Code TURBOFAN_JS>, opt id 20, bytecode offset 461, deopt exit 228, FP to SP delta 304, caller SP 0x00150d1f8540, pc 0x0206fe06cd22]
[bailout (kind: deopt-eager, reason: Insufficient type feedback for call): begin. deoptimizing [marking 0x00bbaf742781 0x00b43cde6319 <JSFunction searchCpcOnlyFrontier (sfi = 000000E216ECCE39)>, 0x01dded48c859 <Code MAGLEV>, opt id 196, bytecode offset 989, deopt exit 160, FP to SP delta 576, caller SP 0x00150e1f8998, pc 0x02075e07d255]
<JSFunction storeConnect4RbaSharedExactCache32 (sfi = 000000B43CDE0569)> for optimization to TURBOFAN_JS, ConcurrencyMode::kConcurrent, reason: hot and stable]
[bailout (kind: deopt-eager, reason: Insufficient type feedback for call): begin. deoptimizing [compiling method 0x00b43cde6319 <JSFunction storeConnect4RbaSharedExactCache32 (sfi = 000000B43CDE0569)> (target TURBOFAN_JS), mode: ConcurrencyMode::kConcurrent]
[bailout (kind: deopt-eager, reason: overflow): begin. deoptimizing 0x02380fbc3159 <JSFunction searchCpcOnlyFrontier (sfi = 000000B94A4CF351)>, 0x01b422c448210x03f2ebcbb281  <Code MAGLEV>, opt id 126, bytecode offset 1044, deopt exit 82, FP to SP delta 600, caller SP 0x00150d9f8808, pc 0x02072e09290a]
<JSFunction searchCpcOnlyFrontier (sfi = 000002BB47C0AA99)>, 0x02fde3586209 <Code MAGLEV>, opt id 83, bytecode offset 989, deopt exit 172, FP to SP delta 600, caller SP 0x00150d1f8808, pc 0x0206fe02b734]
[bailout (kind: deopt-lazy, reason: (unknown)): begin. deoptimizing 0x00bbaf742781 <JSFunction searchCpcOnlyFrontier (sfi = 000000E216ECCE39)>, 0x01dded48c859 <Code MAGLEV>, opt id 196, bytecode offset 2128, deopt exit 186, FP to SP delta 576, caller SP 0x00150e1f8c48, pc 0x02075e07d2bd]
[bailout (kind: deopt-lazy, reason: (unknown)): begin. deoptimizing 0x00bbaf742781 <JSFunction searchCpcOnlyFrontier (sfi = 000000E216ECCE39)>, 0x01dded48c859 <Code MAGLEV>, opt id 196, bytecode offset 2128, deopt exit 186, FP to SP delta 576, caller SP 0x00150e1f8ef8, pc 0x02075e07d2bd]
[bailout (kind: deopt-lazy, reason: (unknown)): begin. deoptimizing 0x01b422c44821 <JSFunction searchCpcOnlyFrontier (sfi = 000002BB47C0AA99)>, 0x02fde3586209 <Code MAGLEV>, opt id 83, bytecode offset 2128, deopt exit 198, FP to SP delta 600, caller SP 0x00150d1f8ad0, pc 0x0206fe02b79c]
[bailout (kind: deopt-lazy, reason: (unknown)): begin. deoptimizing 0x02380fbc3159 <JSFunction searchCpcOnlyFrontier (sfi = 000000B94A4CF351)>, 0x03f2ebcbb281 <Code MAGLEV>, opt id 126, bytecode offset 2128, deopt exit 209, FP to SP delta 600, caller SP 0x00150d9f8ad0, pc 0x02072e092b06]
[bailout (kind: deopt-lazy, reason: (unknown)): begin. deoptimizing 0x01b422c44821 <JSFunction searchCpcOnlyFrontier (sfi = 000002BB47C0AA99)>, 0x02fde3586209 <Code MAGLEV>, opt id 83, bytecode offset 2128, deopt exit 198, FP to SP delta 600, caller SP 0x00150d1f8d98, pc 0x0206fe02b79c]
[bailout (kind: deopt-lazy, reason: (unknown)): begin. deoptimizing 0x02380fbc3159 <JSFunction searchCpcOnlyFrontier (sfi = 000000B94A4CF351)>, 0x03f2ebcbb281 <Code MAGLEV>, opt id 126, bytecode offset 2128, deopt exit 209, FP to SP delta 600, caller SP 0x00150d9f8d98, pc 0x02072e092b06]
[bailout (kind: deopt-lazy, reason: (unknown)): begin. deoptimizing 0x00bbaf742781 <JSFunction searchCpcOnlyFrontier (sfi = 000000E216ECCE39)>, 0x01dded48c859 <Code MAGLEV>, opt id 196, bytecode offset 2128, deopt exit 186, FP to SP delta 576, caller SP 0x00150e1f91a8, pc 0x02075e07d2bd]
[bailout (kind: deopt-lazy, reason: (unknown)): begin. deoptimizing 0x01b422c44821 <JSFunction searchCpcOnlyFrontier (sfi = 000002BB47C0AA99)>, 0x02fde3586209 <Code MAGLEV>, opt id 83, bytecode offset 2128, deopt exit 198, FP to SP delta 600, caller SP 0x00150d1f9060, pc 0x0206fe02b79c]
[bailout (kind: deopt-lazy, reason: (unknown)): begin. deoptimizing [marking 0x02380fbc3159 <JSFunction searchCpcOnlyFrontier (sfi = 000000B94A4CF351)>0x031f01987951,  0x03f2ebcbb281 <Code MAGLEV>, opt id 126, bytecode offset 2128, deopt exit 209, FP to SP delta 600, caller SP 0x00150d9f9060, pc 0x02072e092b06]
[bailout (kind: deopt-lazy, reason: (unknown)): begin. deoptimizing <JSFunction searchCpcOnlyFrontier (sfi = 000003D6DFF53E59)>0x01b422c44821  for optimization to TURBOFAN_JS, ConcurrencyMode::kConcurrent, reason: hot and stable<JSFunction searchCpcOnlyFrontier (sfi = 000002BB47C0AA99)>[bailout (kind: deopt-lazy, reason: (unknown)): begin. deoptimizing 0x02380fbc3159 <JSFunction searchCpcOnlyFrontier (sfi = 000000B94A4CF351)>, 0x03f2ebcbb281 <Code MAGLEV>, opt id 126, bytecode offset 2128, deopt exit 209, FP to SP delta 600, caller SP 0x00150d9f9328, pc 0x02072e092b06]
, 0x02fde3586209 <Code MAGLEV>, opt id 83, bytecode offset 2128, deopt exit 198, FP to SP delta 600, caller SP 0x00150d1f9328, pc 0x0206fe02b79c]
]
[bailout (kind: deopt-lazy, reason: (unknown)): begin. deoptimizing 0x00bbaf742781 <JSFunction searchCpcOnlyFrontier (sfi = 000000E216ECCE39)>, 0x01dded48c859 <Code MAGLEV>, opt id 196, bytecode offset 2128, deopt exit 186, FP to SP delta 576, caller SP 0x00150e1f9458, pc 0x02075e07d2bd]
[bailout (kind: deopt-lazy, reason: (unknown)): begin. deoptimizing 0x02380fbc3159 <JSFunction searchCpcOnlyFrontier (sfi = 000000B94A4CF351)>, 0x03f2ebcbb281 <Code MAGLEV>, opt id 126, bytecode offset 2128, deopt exit 209, FP to SP delta 600, caller SP 0x00150d9f95f0, pc 0x02072e092b06]
[bailout (kind: deopt-lazy, reason: (unknown)): begin. deoptimizing 0x01b422c44821 <JSFunction searchCpcOnlyFrontier (sfi = 000002BB47C0AA99)>, 0x02fde3586209 <Code MAGLEV>, opt id 83, bytecode offset 2128, deopt exit 198, FP to SP delta 600, caller SP 0x00150d1f95f0, pc 0x0206fe02b79c]
[bailout (kind: deopt-lazy, reason: (unknown)): begin. deoptimizing 0x02380fbc3159 <JSFunction searchCpcOnlyFrontier (sfi = 000000B94A4CF351)>, 0x03f2ebcbb281 <Code MAGLEV>, opt id 126, bytecode offset 2128, deopt exit 209, FP to SP delta 600, caller SP 0x00150d9f98b8, pc 0x02072e092b06]
[marking 0x02bb47c26699 <JSFunction connect4RbaCofactorKnownHeight (sfi = 000002BB47C16BE9)> for optimization to MAGLEV, ConcurrencyMode::kConcurrent, reason: hot and stable]
[compiling method 0x02bb47c26699 <JSFunction connect4RbaCofactorKnownHeight (sfi = 000002BB47C16BE9)> (target MAGLEV), mode: ConcurrencyMode::kConcurrent]
[bailout (kind: deopt-lazy, reason: (unknown)): begin. deoptimizing 0x01b422c44821 <JSFunction searchCpcOnlyFrontier (sfi = 000002BB47C0AA99)>, 0x02fde3586209 <Code MAGLEV>, opt id 83, bytecode offset 2128, deopt exit 198, FP to SP delta 600, caller SP 0x00150d1f98b8, pc 0x0206fe02b79c]
[bailout (kind: deopt-lazy, reason: (unknown)): begin. deoptimizing 0x00bbaf742781 <JSFunction searchCpcOnlyFrontier (sfi = 000000E216ECCE39)>, 0x01dded48c859 <Code MAGLEV>, opt id 196, bytecode offset 2128, deopt exit 186, FP to SP delta 576, caller SP 0x00150e1f9708, pc 0x02075e07d2bd]
[marking 0x02bb47c265d9 <JSFunction connect4RbaCofactorBasis (sfi = 000002BB47C16B11)> for optimization to TURBOFAN_JS, ConcurrencyMode::kConcurrent, reason: hot and stable]
[marking 0x00e216ee8959 <JSFunction connect4RbaCofactorKnownHeight (sfi = 000000E216ED8FA1)> for optimization to MAGLEV, ConcurrencyMode::kConcurrent, reason: hot and stable]
[compiling method 0x00e216ee8959 <JSFunction connect4RbaCofactorKnownHeight (sfi = 000000E216ED8FA1)> (target MAGLEV), mode: ConcurrencyMode::kConcurrent]
[bailout (kind: deopt-lazy, reason: (unknown)): begin. deoptimizing 0x00bbaf742781 <JSFunction searchCpcOnlyFrontier (sfi = 000000E216ECCE39)>, 0x01dded48c859 <Code MAGLEV>, opt id 196, bytecode offset 2128, deopt exit 186, FP to SP delta 576, caller SP 0x00150e1f99b8, pc 0x02075e07d2bd]
[bailout (kind: deopt-lazy, reason: (unknown)): begin. deoptimizing 0x02380fbc3159 <JSFunction searchCpcOnlyFrontier (sfi = 000000B94A4CF351)>, 0x03f2ebcbb281 <Code MAGLEV>, opt id 126, bytecode offset 2128, deopt exit 209, FP to SP delta 600, caller SP 0x00150d9f9b80, pc 0x02072e092b06]
[bailout (kind: deopt-lazy, reason: (unknown)): begin. deoptimizing 0x02380fbc3159 <JSFunction searchCpcOnlyFrontier (sfi = 000000B94A4CF351)>, 0x03f2ebcbb281 <Code MAGLEV>, opt id 126, bytecode offset 2128, deopt exit 209, FP to SP delta 600, caller SP 0x00150d9f9e48, pc 0x02072e092b06]
[marking 0x02bb47c265d9 <JSFunction connect4RbaCofactorBasis (sfi = 000002BB47C16B11)> for optimization to TURBOFAN_JS, ConcurrencyMode::kConcurrent, reason: hot and stable]
[marking 0x02380fbc3159 <JSFunction searchCpcOnlyFrontier (sfi = 000000B94A4CF351)> for optimization to MAGLEV, ConcurrencyMode::kConcurrent, reason: hot and stable]
[compiling method 0x02380fbc3159 <JSFunction searchCpcOnlyFrontier (sfi = 000000B94A4CF351)> (target MAGLEV), mode: ConcurrencyMode::kConcurrent]
[bailout (kind: deopt-lazy, reason: (unknown)): begin. deoptimizing 0x01b422c44821 <JSFunction searchCpcOnlyFrontier (sfi = 000002BB47C0AA99)>, 0x02fde3586209 <Code MAGLEV>, opt id 83, bytecode offset 2128, deopt exit 198, FP to SP delta 600, caller SP 0x00150d1f9b80, pc 0x0206fe02b79c]
[bailout (kind: deopt-lazy, reason: (unknown)): begin. deoptimizing 0x01b422c44821 <JSFunction searchCpcOnlyFrontier (sfi = 000002BB47C0AA99)>, 0x02fde3586209 <Code MAGLEV>, opt id 83, bytecode offset 2128, deopt exit 198, FP to SP delta 600, caller SP 0x00150d1f9e48, pc 0x0206fe02b79c]
[bailout (kind: deopt-lazy, reason: (unknown)): begin. deoptimizing 0x01b422c44821 <JSFunction searchCpcOnlyFrontier (sfi = 000002BB47C0AA99)>, 0x02fde3586209 <Code MAGLEV>, opt id 83, bytecode offset 2128, deopt exit 198, FP to SP delta 600, caller SP 0x00150d1fa110, pc 0x0206fe02b79c]
[bailout (kind: deopt-lazy, reason: (unknown)): begin. deoptimizing 0x02380fbc3159 <JSFunction searchCpcOnlyFrontier (sfi = 000000B94A4CF351)>, 0x03f2ebcbb281 <Code MAGLEV>, opt id 126, bytecode offset 2128, deopt exit 209, FP to SP delta 600, caller SP 0x00150d9fa110, pc 0x02072e092b06]
[marking 0x02bb47c265d9 <JSFunction connect4RbaCofactorBasis (sfi = 000002BB47C16B11)> for optimization to TURBOFAN_JS, ConcurrencyMode::kConcurrent, reason: hot and stable]
[completed compiling 0x01b422c44821 <JSFunction searchCpcOnlyFrontier (sfi = 000002BB47C0AA99)> (target TURBOFAN_JS) - took 0.003, 26.399, 0.068 ms]
[completed optimizing 0x01b422c44821 <JSFunction searchCpcOnlyFrontier (sfi = 000002BB47C0AA99)> (target TURBOFAN_JS)]
[bailout (kind: deopt-lazy, reason: (unknown)): begin. deoptimizing 0x01b422c44821 <JSFunction searchCpcOnlyFrontier (sfi = 000002BB47C0AA99)>, 0x02fde3586209 <Code MAGLEV>, opt id 83, bytecode offset 2128, deopt exit 198, FP to SP delta 600, caller SP 0x00150d1fa3d8, pc 0x0206fe02b79c]
[bailout (kind: deopt-eager, reason: Insufficient type feedback for compare operation): begin. deoptimizing 0x01b422c44821 <JSFunction searchCpcOnlyFrontier (sfi = 000002BB47C0AA99)>, 0x039e88ef2151 <Code TURBOFAN_JS>, opt id 185, bytecode offset 998, deopt exit 254, FP to SP delta 592, caller SP 0x00150d1f8808, pc 0x0206fe079068]
[marking 0x028bddca7d21 <JSFunction evaluateConnect4CpcNonterminal32 (sfi = 0000028BDDC9A981)> for optimization to TURBOFAN_JS, ConcurrencyMode::kConcurrent, reason: hot and stable]
[compiling method 0x028bddca7d21 <JSFunction evaluateConnect4CpcNonterminal32 (sfi = 0000028BDDC9A981)> (target TURBOFAN_JS), mode: ConcurrencyMode::kConcurrent]
[bailout (kind: deopt-lazy, reason: (unknown)): begin. deoptimizing 0x01b422c44821 <JSFunction searchCpcOnlyFrontier (sfi = 000002BB47C0AA99)>, 0x039e88ef2151 <Code TURBOFAN_JS>, opt id 185, bytecode offset 2128, deopt exit 275, FP to SP delta 592, caller SP 0x00150d1f8ac8, pc 0x0206fe0790bc]
[bailout (kind: deopt-lazy, reason: (unknown)): begin. deoptimizing 0x01b422c44821 <JSFunction searchCpcOnlyFrontier (sfi = 000002BB47C0AA99)>, 0x039e88ef2151 <Code TURBOFAN_JS>, opt id 185, bytecode offset 2128, deopt exit 275, FP to SP delta 592, caller SP 0x00150d1f8d88, pc 0x0206fe0790bc]
[completed compiling 0x03e33ddd1bc1 <JSFunction prepareSubsetDense (sfi = 0000028BDDC93319)> (target TURBOFAN_JS) - took 0.001, 0.346, 0.021 ms]
[completed optimizing [bailout (kind: deopt-lazy, reason: (unknown)): begin. deoptimizing 0x03e33ddd1bc1 0x01b422c44821 <JSFunction searchCpcOnlyFrontier (sfi = 000002BB47C0AA99)>, <JSFunction prepareSubsetDense (sfi = 0000028BDDC93319)>0x039e88ef2151 (target TURBOFAN_JS) <Code TURBOFAN_JS]
>, opt id 185, bytecode offset 2128, deopt exit 275, FP to SP delta 592, caller SP 0x00150d1f9048, pc 0x0206fe0790bc]
[bailout (kind: deopt-lazy, reason: (unknown)): begin. deoptimizing [bailout (kind: deopt-lazy, reason: (unknown)): begin. deoptimizing [bailout (kind: deopt-lazy, reason: (unknown)): begin. deoptimizing 0x02380fbc3159 0x01b422c44821 <JSFunction searchCpcOnlyFrontier (sfi = 000000B94A4CF351)>, <JSFunction searchCpcOnlyFrontier (sfi = 000002BB47C0AA99)>, 0x03f2ebcbb2810x039e88ef2151  <Code <Code TURBOFAN_JSMAGLEV>>, opt id 185, bytecode offset 2128, deopt exit 275, FP to SP delta 592, caller SP 0x00150d1f9308, pc 0x0206fe0790bc]
, opt id 126, bytecode offset 2128, deopt exit 209, FP to SP delta 600, caller SP 0x00150d9fa3d8, pc 0x02072e092b06]
[bailout (kind: deopt-lazy, reason: (unknown)): begin. deoptimizing 0x01b422c44821 <JSFunction searchCpcOnlyFrontier (sfi = 000002BB47C0AA99)>, 0x039e88ef2151 <Code TURBOFAN_JS>, opt id 185, bytecode offset 2128, deopt exit 275, FP to SP delta 592, caller SP 0x00150d1f95c8, pc 0x0206fe0790bc]
0x00bbaf742781 <JSFunction searchCpcOnlyFrontier (sfi = 000000E216ECCE39)>, 0x01dded48c859 <Code MAGLEV>, opt id 196, bytecode offset 2128, deopt exit 186, FP to SP delta 576, caller SP 0x00150e1f9c68, pc 0x02075e07d2bd]
[bailout (kind: deopt-lazy, reason: (unknown)): begin. deoptimizing 0x01b422c44821 <JSFunction searchCpcOnlyFrontier (sfi = 000002BB47C0AA99)>, 0x039e88ef2151 <Code TURBOFAN_JS>, opt id 185, bytecode offset 2128, deopt exit 275, FP to SP delta 592, caller SP 0x00150d1f9888, pc 0x0206fe0790bc]
[bailout (kind: deopt-lazy, reason: (unknown)): begin. deoptimizing 0x00bbaf742781 <JSFunction searchCpcOnlyFrontier (sfi = 000000E216ECCE39)>, 0x01dded48c859 <Code MAGLEV>, opt id 196, bytecode offset 2128, deopt exit 186, FP to SP delta 576, caller SP 0x00150e1f9f18, pc 0x02075e07d2bd]
[bailout (kind: deopt-lazy, reason: (unknown)): begin. deoptimizing 0x01b422c44821 <JSFunction searchCpcOnlyFrontier (sfi = 000002BB47C0AA99)>, 0x039e88ef2151 <Code TURBOFAN_JS>, opt id 185, bytecode offset 2128, deopt exit 275, FP to SP delta 592, caller SP 0x00150d1f9b48, pc 0x0206fe0790bc]
[bailout (kind: deopt-lazy, reason: (unknown)): begin. deoptimizing 0x01b422c44821 <JSFunction searchCpcOnlyFrontier (sfi = 000002BB47C0AA99)>, 0x039e88ef2151 <Code TURBOFAN_JS>, opt id 185, bytecode offset 2128, deopt exit 275, FP to SP delta 592, caller SP 0x00150d1f9e08, pc 0x0206fe0790bc]
[marking 0x01b422c46391 <JSFunction subsetDensePrepared (sfi = 000002BB47C12671)> for optimization to TURBOFAN_JS, ConcurrencyMode::kConcurrent, reason: hot and stable]
[compiling method 0x01b422c46391 <JSFunction subsetDensePrepared (sfi = 000002BB47C12671)> (target TURBOFAN_JS), mode: ConcurrencyMode::kConcurrent]
[bailout (kind: deopt-lazy, reason: (unknown)): begin. deoptimizing 0x01b422c44821 <JSFunction searchCpcOnlyFrontier (sfi = 000002BB47C0AA99)>, 0x039e88ef2151 <Code TURBOFAN_JS>, opt id 185, bytecode offset 2128, deopt exit 275, FP to SP delta 592, caller SP 0x00150d1fa0c8, pc 0x0206fe0790bc]
[bailout (kind: deopt-lazy, reason: (unknown)): begin. deoptimizing [bailout (kind: deopt-lazy, reason: (unknown)): begin. deoptimizing 0x02380fbc3159 0x00bbaf742781 <JSFunction searchCpcOnlyFrontier (sfi = 000000B94A4CF351)>, <JSFunction searchCpcOnlyFrontier (sfi = 000000E216ECCE39)>, 0x03f2ebcbb2810x01dded48c859  <Code <Code MAGLEVMAGLEV>>, opt id 196, bytecode offset 2128, deopt exit 186, FP to SP delta 576, caller SP 0x00150e1fa1c8, pc 0x02075e07d2bd]
, opt id 126, bytecode offset 2128, deopt exit 209, FP to SP delta 600, caller SP 0x00150d9fa6a0, pc 0x02072e092b06]
[bailout (kind: deopt-lazy, reason: (unknown)): begin. deoptimizing 0x02380fbc3159 <JSFunction searchCpcOnlyFrontier (sfi = 000000B94A4CF351)>, 0x03f2ebcbb281 <Code MAGLEV>, opt id 126, bytecode offset 2128, deopt exit 209, FP to SP delta 600, caller SP 0x00150d9fa968, pc 0x02072e092b06]
[marking 0x02bb47c265d9 <JSFunction connect4RbaCofactorBasis (sfi = 000002BB47C16B11)> for optimization to TURBOFAN_JS, ConcurrencyMode::kConcurrent, reason: hot and stable]
[marking 0x00bbaf742781 <JSFunction searchCpcOnlyFrontier (sfi = 000000E216ECCE39)> for optimization to MAGLEV, ConcurrencyMode::kConcurrent, reason: hot and stable]
[bailout (kind: deopt-lazy, reason: (unknown)): begin. deoptimizing [compiling method 0x02380fbc3159 <JSFunction searchCpcOnlyFrontier (sfi = 000000B94A4CF351)>0x00bbaf742781 , 0x03f2ebcbb281 <Code MAGLEV>, opt id 126, bytecode offset 2128, deopt exit 209, FP to SP delta 600, caller SP 0x00150d9fac30, pc 0x02072e092b06]
<JSFunction searchCpcOnlyFrontier (sfi = 000000E216ECCE39)> (target MAGLEV), mode: ConcurrencyMode::kConcurrent]
[bailout (kind: deopt-lazy, reason: (unknown)): begin. deoptimizing 0x00bbaf742781 <JSFunction searchCpcOnlyFrontier (sfi = 000000E216ECCE39)>, 0x01dded48c859 <Code MAGLEV>, opt id 196, bytecode offset 2128, deopt exit 186, FP to SP delta 576, caller SP 0x00150e1fa478, pc 0x02075e07d2bd]
[marking 0x00bbaf744281 <JSFunction subsetDensePrepared (sfi = 000000E216ED4A11)> for optimization to TURBOFAN_JS, ConcurrencyMode::kConcurrent, reason: hot and stable]
[marking 0x02bb47c265d9 <JSFunction connect4RbaCofactorBasis (sfi = 000002BB47C16B11)> for optimization to TURBOFAN_JS, ConcurrencyMode::kConcurrent, reason: hot and stable]
[marking 0x00bbaf744281 <JSFunction subsetDensePrepared (sfi = 000000E216ED4A11)> for optimization to TURBOFAN_JS, ConcurrencyMode::kConcurrent, reason: hot and stable]
[marking 0x00bbaf744281 <JSFunction subsetDensePrepared (sfi = 000000E216ED4A11)> for optimization to TURBOFAN_JS, ConcurrencyMode::kConcurrent, reason: hot and stable]
[marking 0x00bbaf744281 <JSFunction subsetDensePrepared (sfi = 000000E216ED4A11)> for optimization to TURBOFAN_JS, ConcurrencyMode::kConcurrent, reason: hot and stable]
[marking 0x00bbaf744281 <JSFunction subsetDensePrepared (sfi = 000000E216ED4A11)> for optimization to TURBOFAN_JS, ConcurrencyMode::kConcurrent, reason: hot and stable]
[marking 0x031f01987951 <JSFunction searchCpcOnlyFrontier (sfi = 000003D6DFF53E59)> for optimization to TURBOFAN_JS, ConcurrencyMode::kConcurrent, reason: hot and stable]
[marking 0x00bbaf744281 <JSFunction subsetDensePrepared (sfi = 000000E216ED4A11)> for optimization to TURBOFAN_JS, ConcurrencyMode::kConcurrent, reason: hot and stable]
[marking 0x00bbaf744281 <JSFunction subsetDensePrepared (sfi = 000000E216ED4A11)> for optimization to TURBOFAN_JS, ConcurrencyMode::kConcurrent, reason: hot and stable]
[completed compiling 0x00b43cde3d59 <JSFunction connect4RbaCanonicalize (sfi = 000000B43CDD4419)> (target TURBOFAN_JS) - took 0.003, 8.554, 0.057 ms]
[completed optimizing 0x00b43cde3d59 <JSFunction connect4RbaCanonicalize (sfi = 000000B43CDD4419)> (target TURBOFAN_JS)]
[marking 0x00bbaf744281 <JSFunction subsetDensePrepared (sfi = 000000E216ED4A11)> for optimization to TURBOFAN_JS, ConcurrencyMode::kConcurrent, reason: hot and stable]
[compiling method 0x00bbaf744281 <JSFunction subsetDensePrepared (sfi = 000000E216ED4A11)> (target TURBOFAN_JS), mode: ConcurrencyMode::kConcurrent]
[marking 0x02bb47c265d9 <JSFunction connect4RbaCofactorBasis (sfi = 000002BB47C16B11)> for optimization to TURBOFAN_JS, ConcurrencyMode::kConcurrent, reason: hot and stable]
[completed compiling 0x03d6dff71f39 <JSFunction storeConnect4RbaSharedExactCache32 (sfi = 000003D6DFF6C159)> (target TURBOFAN_JS) - took 0.001, 2.483, 0.030 ms]
[completed optimizing 0x03d6dff71f39 <JSFunction storeConnect4RbaSharedExactCache32 (sfi = 000003D6DFF6C159)> (target TURBOFAN_JS)]
[marking 0x02bb47c265d9 <JSFunction connect4RbaCofactorBasis (sfi = 000002BB47C16B11)> for optimization to TURBOFAN_JS, ConcurrencyMode::kConcurrent, reason: hot and stable]
[compiling method 0x02bb47c265d9 <JSFunction connect4RbaCofactorBasis (sfi = 000002BB47C16B11)> (target TURBOFAN_JS), mode: ConcurrencyMode::kConcurrent]
[completed compiling 0x031f01986251 <JSFunction permutePair3 (sfi = 000003D6DFF5BAC1)> (target TURBOFAN_JS) - took 0.002, 1.428, 0.016 ms]
[completed optimizing 0x031f01986251 <JSFunction permutePair3 (sfi = 000003D6DFF5BAC1)> (target TURBOFAN_JS)]
[bailout (kind: deopt-lazy, reason: (unknown)): begin. deoptimizing 0x02380fbc3159 <JSFunction searchCpcOnlyFrontier (sfi = 000000B94A4CF351)>, 0x03f2ebcbb281 <Code MAGLEV>, opt id 126, bytecode offset 2128, deopt exit 209, FP to SP delta 600, caller SP 0x00150d9faef8, pc 0x02072e092b06]
[bailout (kind: deopt-lazy, reason: (unknown)): begin. deoptimizing 0x02380fbc3159 <JSFunction searchCpcOnlyFrontier (sfi = 000000B94A4CF351)>, 0x03f2ebcbb281 <Code MAGLEV>, opt id 126, bytecode offset 2128, deopt exit 209, FP to SP delta 600, caller SP 0x00150d9fb1c0, pc 0x02072e092b06]
[completed compiling 0x00bbaf744281 <JSFunction subsetDensePrepared (sfi = 000000E216ED4A11)> (target TURBOFAN_JS) - took 0.005, 0.324, 0.034 ms]
[completed optimizing 0x00bbaf744281 <JSFunction subsetDensePrepared (sfi = 000000E216ED4A11)> (target TURBOFAN_JS)]
[marking 0x0185284ccbb9 <JSFunction playableCell (sfi = 0000031411087D89)> for optimization to TURBOFAN_JS, ConcurrencyMode::kConcurrent, reason: hot and stable]
[compiling method 0x0185284ccbb9 <JSFunction playableCell (sfi = 0000031411087D89)> (target TURBOFAN_JS), mode: ConcurrencyMode::kConcurrent]
[marking 0x031f01987951 <JSFunction searchCpcOnlyFrontier (sfi = 000003D6DFF53E59)> for optimization to TURBOFAN_JS, ConcurrencyMode::kConcurrent, reason: hot and stable]
[compiling method 0x031f01987951 <JSFunction searchCpcOnlyFrontier (sfi = 000003D6DFF53E59)> (target TURBOFAN_JS), mode: ConcurrencyMode::kConcurrent]
[completed compiling 0x03e33ddd2519 <JSFunction probeConnect4RbaExactCacheSlot32Frontier (sfi = 0000028BDDC8B669)> (target TURBOFAN_JS) - took 0.003, 4.285, 0.057 ms]
[completed optimizing 0x03e33ddd2519 <JSFunction probeConnect4RbaExactCacheSlot32Frontier (sfi = 0000028BDDC8B669)> (target TURBOFAN_JS)]
[marking 0x03d6dff70399 <JSFunction evaluateConnect4CpcNonterminal32 (sfi = 000003D6DFF63021)> for optimization to TURBOFAN_JS, ConcurrencyMode::kConcurrent, reason: hot and stable]
[compiling method 0x03d6dff70399 <JSFunction evaluateConnect4CpcNonterminal32 (sfi = 000003D6DFF63021)> (target TURBOFAN_JS), mode: ConcurrencyMode::kConcurrent]
[completed compiling 0x00b94a4eae49 <JSFunction connect4RbaCofactorKnownHeight (sfi = 000000B94A4DB4B9)> (target TURBOFAN_JS) - took 0.002, 13.676, 0.875 ms]
[completed optimizing 0x00b94a4eae49 <JSFunction connect4RbaCofactorKnownHeight (sfi = 000000B94A4DB4B9)> (target TURBOFAN_JS)]
[completed compiling 0x031411095b01 <JSFunction popcount3x32 (sfi = 000003141108C9E1)> (target TURBOFAN_JS) - took 0.003, 1.094, 0.012 ms]
[completed optimizing 0x031411095b01 <JSFunction popcount3x32 (sfi = 000003141108C9E1)> (target TURBOFAN_JS)]
[bailout (kind: deopt-lazy, reason: (unknown)): begin. deoptimizing 0x00bbaf742781 <JSFunction searchCpcOnlyFrontier (sfi = 000000E216ECCE39)>, 0x01dded48c859 <Code MAGLEV>, opt id 196, bytecode offset 2128, deopt exit 186, FP to SP delta 576, caller SP 0x00150e1fa728, pc 0x02075e07d2bd]
[bailout (kind: deopt-lazy, reason: (unknown)): begin. deoptimizing 0x01b422c44821 <JSFunction searchCpcOnlyFrontier (sfi = 000002BB47C0AA99)>, 0x02fde3586209 <Code MAGLEV>, opt id 83, bytecode offset 2128, deopt exit 198, FP to SP delta 600, caller SP 0x00150d1fa6a0, pc 0x0206fe02b79c]
[bailout (kind: deopt-lazy, reason: (unknown)): begin. deoptimizing 0x00bbaf742781 <JSFunction searchCpcOnlyFrontier (sfi = 000000E216ECCE39)>, 0x01dded48c859 <Code MAGLEV>, opt id 196, bytecode offset 2128, deopt exit 186, FP to SP delta 576, caller SP 0x00150e1fa9d8, pc 0x02075e07d2bd]
[bailout (kind: deopt-lazy, reason: (unknown)): begin. deoptimizing 0x00bbaf742781 <JSFunction searchCpcOnlyFrontier (sfi = 000000E216ECCE39)>, 0x01dded48c859 <Code MAGLEV>, opt id 196, bytecode offset 2128, deopt exit 186, FP to SP delta 576, caller SP 0x00150e1fac88, pc 0x02075e07d2bd]
[bailout (kind: deopt-lazy, reason: (unknown)): begin. deoptimizing 0x01b422c44821 <JSFunction searchCpcOnlyFrontier (sfi = 000002BB47C0AA99)>, 0x02fde3586209 [bailout (kind: deopt-lazy, reason: (unknown)): begin. deoptimizing <Code MAGLEV>0x00bbaf742781 , opt id 83, bytecode offset 2128, deopt exit 198, FP to SP delta 600, caller SP 0x00150d1fa968, pc 0x0206fe02b79c]
<JSFunction searchCpcOnlyFrontier (sfi = 000000E216ECCE39)>, 0x01dded48c859 <Code MAGLEV>, opt id 196, bytecode offset 2128, deopt exit 186, FP to SP delta 576, caller SP 0x00150e1faf38, pc 0x02075e07d2bd]
[bailout (kind: deopt-lazy, reason: (unknown)): begin. deoptimizing 0x01b422c44821 <JSFunction searchCpcOnlyFrontier (sfi = 000002BB47C0AA99)>, 0x02fde3586209 <Code MAGLEV>, opt id 83, bytecode offset 2128, deopt exit 198, FP to SP delta 600, caller SP 0x00150d1fac30, pc 0x0206fe02b79c]
[bailout (kind: deopt-lazy, reason: (unknown)): begin. deoptimizing 0x00bbaf742781 <JSFunction searchCpcOnlyFrontier (sfi = 000000E216ECCE39)>, 0x01dded48c859 <Code MAGLEV>, opt id 196, bytecode offset 2128, deopt exit 186, FP to SP delta 576, caller SP 0x00150e1fb1e8, pc 0x02075e07d2bd]
[bailout (kind: deopt-lazy, reason: (unknown)): begin. deoptimizing 0x01b422c44821 <JSFunction searchCpcOnlyFrontier (sfi = 000002BB47C0AA99)>, 0x02fde3586209 <Code MAGLEV>, opt id 83, bytecode offset 2128, deopt exit 198, FP to SP delta 600, caller SP 0x00150d1faef8, pc 0x0206fe02b79c]
[bailout (kind: deopt-lazy, reason: (unknown)): begin. deoptimizing 0x01b422c44821 <JSFunction searchCpcOnlyFrontier (sfi = 000002BB47C0AA99)>, 0x02fde3586209 <Code MAGLEV>, opt id 83, bytecode offset 2128, deopt exit 198, FP to SP delta 600, caller SP 0x00150d1fb1c0, pc 0x0206fe02b79c]
[bailout (kind: deopt-lazy, reason: (unknown)): begin. deoptimizing 0x01b422c44821 <JSFunction searchCpcOnlyFrontier (sfi = 000002BB47C0AA99)>, 0x02fde3586209 <Code MAGLEV>, opt id 83, bytecode offset 2128, deopt exit 198, FP to SP delta 600, caller SP 0x00150d1fb488, pc 0x0206fe02b79c]
[bailout (kind: deopt-eager, reason: Insufficient type feedback for binary operation): begin. deoptimizing 0x031f01986cb1 <JSFunction deriveForkPreemption32 (sfi = 000003D6DFF63189)>, 0x01d17d5552a9 <Code MAGLEV>, opt id 162, bytecode offset 582, deopt exit 87, FP to SP delta 232, caller SP 0x00150e9f8900, pc 0x02078e82fcfe]
[marking 0x01b422c63251 <JSFunction deriveForkPreemption32 (sfi = 000002BB47C19DB1)> for optimization to MAGLEV, ConcurrencyMode::kConcurrent, reason: hot and stable]
[compiling method 0x01b422c63251 <JSFunction deriveForkPreemption32 (sfi = 000002BB47C19DB1)> (target MAGLEV), mode: ConcurrencyMode::kConcurrent]
[marking 0x028bddca7301 <JSFunction connect4RbaCanonicalize (sfi = 0000028BDDC97969)> for optimization to TURBOFAN_JS, ConcurrencyMode::kConcurrent, reason: hot and stable]
[compiling method 0x028bddca7301 <JSFunction connect4RbaCanonicalize (sfi = 0000028BDDC97969)> (target TURBOFAN_JS), mode: ConcurrencyMode::kConcurrent]
[completed compiling 0x00b43cde6319 <JSFunction storeConnect4RbaSharedExactCache32 (sfi = 000000B43CDE0569)> (target TURBOFAN_JS) - took 0.003, 3.039, 0.041 ms]
[completed optimizing 0x00b43cde6319 <JSFunction storeConnect4RbaSharedExactCache32 (sfi = 000000B43CDE0569)> (target TURBOFAN_JS)]
[marking 0x0185284cd091 <JSFunction probeConnect4RbaExactCacheSlot32Frontier (sfi = 0000034CC2B78399)> for optimization to TURBOFAN_JS, ConcurrencyMode::kConcurrent, reason: hot and stable]
[compiling method 0x0185284cd091 <JSFunction probeConnect4RbaExactCacheSlot32Frontier (sfi = 0000034CC2B78399)> (target TURBOFAN_JS), mode: ConcurrencyMode::kConcurrent]
[marking 0x01b422c44821 <JSFunction searchCpcOnlyFrontier (sfi = 000002BB47C0AA99)> for optimization to MAGLEV, ConcurrencyMode::kConcurrent, reason: hot and stable]
[compiling method 0x01b422c44821 <JSFunction searchCpcOnlyFrontier (sfi = 000002BB47C0AA99)> (target MAGLEV), mode: ConcurrencyMode::kConcurrent]
[bailout (kind: deopt-eager, reason: overflow): begin. deoptimizing 0x031f01987951 <JSFunction searchCpcOnlyFrontier (sfi = 000003D6DFF53E59)>, 0x01d17d551459 <Code MAGLEV>, opt id 141, bytecode offset 1044, deopt exit 81, FP to SP delta 600, caller SP 0x00150e9f7ef0, pc 0x02078e86ee55]
[bailout (kind: deopt-lazy, reason: (unknown)): begin. deoptimizing 0x031f01987951 <JSFunction searchCpcOnlyFrontier (sfi = 000003D6DFF53E59)>, 0x01d17d551459 <Code MAGLEV>, opt id 141, bytecode offset 2128, deopt exit 208, FP to SP delta 600, caller SP 0x00150e9f81b8, pc 0x02078e86f051]
[bailout (kind: deopt-lazy, reason: (unknown)): begin. deoptimizing 0x031f01987951 <JSFunction searchCpcOnlyFrontier (sfi = 000003D6DFF53E59)>, 0x01d17d551459 <Code MAGLEV>, opt id 141, bytecode offset 2128, deopt exit 208, FP to SP delta 600, caller SP 0x00150e9f8480, pc 0x02078e86f051]
[bailout (kind: deopt-lazy, reason: (unknown)): begin. deoptimizing 0x031f01987951 <JSFunction searchCpcOnlyFrontier (sfi = 000003D6DFF53E59)>, 0x01d17d551459 <Code MAGLEV>, opt id 141, bytecode offset 2128, deopt exit 208, FP to SP delta 600, caller SP 0x00150e9f8748, pc 0x02078e86f051]
[bailout (kind: deopt-lazy, reason: (unknown)): begin. deoptimizing 0x031f01987951 <JSFunction searchCpcOnlyFrontier (sfi = 000003D6DFF53E59)>, 0x01d17d551459 <Code MAGLEV>, opt id 141, bytecode offset 2128, deopt exit 208, FP to SP delta 600, caller SP 0x00150e9f8a10, pc 0x02078e86f051]
[completed compiling 0x02bb47c265d9 <JSFunction connect4RbaCofactorBasis (sfi = 000002BB47C16B11)> (target TURBOFAN_JS) - took 0.003, 3.818, 0.028 ms[bailout (kind: deopt-lazy, reason: (unknown)): begin. deoptimizing ]
0x031f01987951 <JSFunction searchCpcOnlyFrontier (sfi = 000003D6DFF53E59)>, [completed optimizing 0x01d17d551459 <Code MAGLEV0x02bb47c265d9 >, opt id 141, bytecode offset 2128, deopt exit 208, FP to SP delta 600, caller SP 0x00150e9f8cd8, pc 0x02078e86f051]
<JSFunction connect4RbaCofactorBasis (sfi = 000002BB47C16B11)> (target TURBOFAN_JS)]
[bailout (kind: deopt-lazy, reason: (unknown)): begin. deoptimizing 0x031f01987951 <JSFunction searchCpcOnlyFrontier (sfi = 000003D6DFF53E59)>, 0x01d17d551459 <Code MAGLEV>, opt id 141, bytecode offset 2128, deopt exit 208, FP to SP delta 600, caller SP 0x00150e9f8fa0, pc 0x02078e86f051]
[bailout (kind: deopt-lazy, reason: (unknown)): begin. deoptimizing 0x031f01987951 <JSFunction searchCpcOnlyFrontier (sfi = 000003D6DFF53E59)>, 0x01d17d551459 <Code MAGLEV>, opt id 141, bytecode offset 2128, deopt exit 208, FP to SP delta 600, caller SP 0x00150e9f9268, pc 0x02078e86f051]
[bailout (kind: deopt-lazy, reason: (unknown)): begin. deoptimizing 0x031f01987951 <JSFunction searchCpcOnlyFrontier (sfi = 000003D6DFF53E59)>, 0x01d17d551459 <Code MAGLEV>, opt id 141, bytecode offset 2128, deopt exit 208, FP to SP delta 600, caller SP 0x00150e9f9530, pc 0x02078e86f051]
[bailout (kind: deopt-lazy, reason: (unknown)): begin. deoptimizing 0x031f01987951 <JSFunction searchCpcOnlyFrontier (sfi = 000003D6DFF53E59)>, 0x01d17d551459 <Code MAGLEV>, opt id 141, bytecode offset 2128, deopt exit 208, FP to SP delta 600, caller SP 0x00150e9f97f8, pc 0x02078e86f051]
[bailout (kind: deopt-lazy, reason: (unknown)): begin. deoptimizing 0x031f01987951 <JSFunction searchCpcOnlyFrontier (sfi = 000003D6DFF53E59)>, 0x01d17d551459 <Code MAGLEV>, opt id 141, bytecode offset 2128, deopt exit 208, FP to SP delta 600, caller SP 0x00150e9f9ac0, pc 0x02078e86f051]
[bailout (kind: deopt-lazy, reason: (unknown)): begin. deoptimizing 0x031f01987951 <JSFunction searchCpcOnlyFrontier (sfi = 000003D6DFF53E59)>, 0x01d17d551459 <Code MAGLEV>, opt id 141, bytecode offset 2128, deopt exit 208, FP to SP delta 600, caller SP 0x00150e9f9d88, pc 0x02078e86f051]
[completed compiling 0x01b422c46391 <JSFunction subsetDensePrepared (sfi = 000002BB47C12671)> (target TURBOFAN_JS) - took 0.002, 0.439, 0.006 ms]
[completed optimizing 0x01b422c46391 <JSFunction subsetDensePrepared (sfi = 000002BB47C12671)> (target TURBOFAN_JS)]
[bailout (kind: deopt-lazy, reason: (unknown)): begin. deoptimizing 0x031f01987951 <JSFunction searchCpcOnlyFrontier (sfi = 000003D6DFF53E59)>, 0x01d17d551459 <Code MAGLEV>, opt id 141, bytecode offset 2128, deopt exit 208, FP to SP delta 600, caller SP 0x00150e9fa050, pc 0x02078e86f051]
[marking dependent code 0x0352c7a00ba1 <Code MAGLEV> (0x019ea6be0bd1 <SharedFunctionInfo next>) (opt id 2) for deoptimization, reason: embedded weak objects cleared]
[marking 0x03d6dff6f979 <JSFunction connect4RbaCanonicalize (sfi = 000003D6DFF60009)> for optimization to TURBOFAN_JS, ConcurrencyMode::kConcurrent, reason: hot and stable]
[compiling method 0x03d6dff6f979 <JSFunction connect4RbaCanonicalize (sfi = 000003D6DFF60009)> (target TURBOFAN_JS), mode: ConcurrencyMode::kConcurrent]
[completed compiling 0x0185284ccbb9 <JSFunction playableCell (sfi = 0000031411087D89)> (target TURBOFAN_JS) - took 0.003, 0.436, 0.016 ms]
[completed optimizing 0x0185284ccbb9 <JSFunction playableCell (sfi = 0000031411087D89)> (target TURBOFAN_JS)]
[marking 0x031f01986cb1 <JSFunction deriveForkPreemption32 (sfi = 000003D6DFF63189)> for optimization to MAGLEV, ConcurrencyMode::kConcurrent, reason: hot and stable]
[compiling method 0x031f01986cb1 <JSFunction deriveForkPreemption32 (sfi = 000003D6DFF63189)> (target MAGLEV), mode: ConcurrencyMode::kConcurrent]
[4600:000002078E0F9000]      208 ms: Mark-Compact 7.9 (11.9) -> 6.4 (11.9) MB, pooled: 0.0 MB, 3.96 / 0.00 ms (average mu = 0.981, current mu = 0.981) allocation failure; GC in old space requested
[completed compiling 0x028bddca72c1 <JSFunction connect4RbaCofactorKnownHeight (sfi = 0000028BDDC97921)> (target TURBOFAN_JS) - took 0.003, 13.944, 4.081 ms]
[completed optimizing 0x028bddca72c1 <JSFunction connect4RbaCofactorKnownHeight (sfi = 0000028BDDC97921)> (target TURBOFAN_JS)]
[completed compiling 0x02ca64698ba1 <JSFunction probeConnect4RbaExactCacheSlot32Frontier (sfi = 000000E216ECCCD1)> (target TURBOFAN_JS) - took 0.003, 4.554, 0.036 ms]
[completed optimizing 0x02ca64698ba1 <JSFunction probeConnect4RbaExactCacheSlot32Frontier (sfi = 000000E216ECCCD1)> (target TURBOFAN_JS)]
[marking 0x00b43cde4779 <JSFunction evaluateConnect4CpcNonterminal32 (sfi = 000000B43CDD7431)> for optimization to TURBOFAN_JS, ConcurrencyMode::kConcurrent, reason: hot and stable]
[compiling method 0x00b43cde4779 <JSFunction evaluateConnect4CpcNonterminal32 (sfi = 000000B43CDD7431)> (target TURBOFAN_JS), mode: ConcurrencyMode::kConcurrent]
[completed compiling 0x00b94a4eb8a9 <JSFunction evaluateConnect4CpcNonterminal32 (sfi = 000000B94A4DE531)> (target TURBOFAN_JS) - took 0.004, 12.224, 0.076 ms]
[completed optimizing 0x00b94a4eb8a9 <JSFunction evaluateConnect4CpcNonterminal32 (sfi = 000000B94A4DE531)> (target TURBOFAN_JS)]
[bailout (kind: deopt-lazy, reason: (unknown)): begin. deoptimizing 0x031f01987951 <JSFunction searchCpcOnlyFrontier (sfi = 000003D6DFF53E59)>, 0x01d17d551459 <Code MAGLEV>, opt id 141, bytecode offset 2128, deopt exit 208, FP to SP delta 600, caller SP 0x00150e9fa318, pc 0x02078e86f051]
[marking 0x03e33ddd2081 <JSFunction cellMarked (sfi = 0000028BDDC9AA11)> for optimization to TURBOFAN_JS, ConcurrencyMode::kConcurrent, reason: hot and stable]
[compiling method 0x03e33ddd2081 <JSFunction cellMarked (sfi = 0000028BDDC9AA11)> (target TURBOFAN_JS), mode: ConcurrencyMode::kConcurrent]
[marking 0x031f01987951 <JSFunction searchCpcOnlyFrontier (sfi = 000003D6DFF53E59)> for optimization to MAGLEV, ConcurrencyMode::kConcurrent, reason: hot and stable]
[compiling method 0x031f01987951 <JSFunction searchCpcOnlyFrontier (sfi = 000003D6DFF53E59)> (target MAGLEV), mode: ConcurrencyMode::kConcurrent]
[marking 0x01b422c631d1 <JSFunction cellMarked (sfi = 000002BB47C19CD9)> for optimization to TURBOFAN_JS, ConcurrencyMode::kConcurrent, reason: hot and stable]
[compiling method 0x01b422c631d1 <JSFunction cellMarked (sfi = 000002BB47C19CD9)> (target TURBOFAN_JS), mode: ConcurrencyMode::kConcurrent]
[marking 0x03e33ddd2101 <JSFunction pairedResponseNoWin (sfi = 0000028BDDC9AB31)> for optimization to TURBOFAN_JS, ConcurrencyMode::kConcurrent, reason: hot and stable]
[compiling method 0x03e33ddd2101 <JSFunction pairedResponseNoWin (sfi = 0000028BDDC9AB31)> (target TURBOFAN_JS), mode: ConcurrencyMode::kConcurrent]
[marking 0x0185284cd151 <JSFunction absToRelativeFrontier (sfi = 0000034CC2B78471)> for optimization to MAGLEV, ConcurrencyMode::kConcurrent, reason: hot and stable]
[compiling method 0x0185284cd151 <JSFunction absToRelativeFrontier (sfi = 0000034CC2B78471)> (target MAGLEV), mode: ConcurrencyMode::kConcurrent]
[marking 0x017a836573d1 <JSFunction cellMarked (sfi = 000000B43CDD74C1)> for optimization to TURBOFAN_JS, ConcurrencyMode::kConcurrent, reason: hot and stable]
[compiling method 0x017a836573d1 <JSFunction cellMarked (sfi = 000000B43CDD74C1)> (target TURBOFAN_JS), mode: ConcurrencyMode::kConcurrent]
[marking 0x00b94a4ec6d1 <JSFunction evaluateConnect4LiveLine3x32 (sfi = 000000B94A4E0B41)> for optimization to TURBOFAN_JS, ConcurrencyMode::kConcurrent, reason: hot and stable]
[compiling method 0x00b94a4ec6d1 <JSFunction evaluateConnect4LiveLine3x32 (sfi = 000000B94A4E0B41)> (target TURBOFAN_JS), mode: ConcurrencyMode::kConcurrent]
[marking 0x01b422c630d1 <JSFunction prepareSubsetDense (sfi = 000002BB47C125E1)> for optimization to TURBOFAN_JS, ConcurrencyMode::kConcurrent, reason: hot and stable]
[marking 0x01c8a755e901 <JSFunction cellMarked (sfi = 000000B94A4DE5C1)> for optimization to TURBOFAN_JS, ConcurrencyMode::kConcurrent, reason: hot and stable]
[marking 0x01b422c630d1 <JSFunction prepareSubsetDense (sfi = 000002BB47C125E1)> for optimization to TURBOFAN_JS, ConcurrencyMode::kConcurrent, reason: hot and stable]
[bailout (kind: deopt-lazy, reason: (unknown)): begin. deoptimizing 0x031f01987951 <JSFunction searchCpcOnlyFrontier (sfi = 000003D6DFF53E59)>, 0x01d17d551459 <Code MAGLEV>, opt id 141, bytecode offset 2128, deopt exit 208, FP to SP delta 600, caller SP 0x00150e9fa5e0, pc 0x02078e86f051]
[bailout (kind: deopt-lazy, reason: (unknown)): begin. deoptimizing 0x031f01987951 <JSFunction searchCpcOnlyFrontier (sfi = 000003D6DFF53E59)>, 0x01d17d551459 <Code MAGLEV>, opt id 141, bytecode offset 2128, deopt exit 208, FP to SP delta 600, caller SP 0x00150e9fa8a8, pc 0x02078e86f051]
[marking 0x01b422c630d1 <JSFunction prepareSubsetDense (sfi = 000002BB47C125E1)> for optimization to TURBOFAN_JS, ConcurrencyMode::kConcurrent, reason: hot and stable]
[marking 0x01b422c630d1 <JSFunction prepareSubsetDense (sfi = 000002BB47C125E1)> for optimization to TURBOFAN_JS, ConcurrencyMode::kConcurrent, reason: hot and stable]
[marking 0x001e5390e639 <JSFunction searchCpcOnlyFrontier (sfi = 000000B43CDC8281)> for optimization to TURBOFAN_JS, ConcurrencyMode::kConcurrent, reason: hot and stable]
[marking 0x01b422c630d1 <JSFunction prepareSubsetDense (sfi = 000002BB47C125E1)> for optimization to TURBOFAN_JS, ConcurrencyMode::kConcurrent, reason: hot and stable]
[completed compiling 0x028bddca7d21 <JSFunction evaluateConnect4CpcNonterminal32 (sfi = 0000028BDDC9A981)> (target TURBOFAN_JS) - took 0.005, 15.935, 0.059 ms]
[completed optimizing 0x028bddca7d21 <JSFunction evaluateConnect4CpcNonterminal32 (sfi = 0000028BDDC9A981)> (target TURBOFAN_JS)]
[completed compiling 0x028bddca7301 <JSFunction connect4RbaCanonicalize (sfi = 0000028BDDC97969)> (target TURBOFAN_JS) - took 0.003, 8.000, 0.025 ms]
[completed optimizing 0x028bddca7301 <JSFunction connect4RbaCanonicalize (sfi = 0000028BDDC97969)> (target TURBOFAN_JS)]
[4600:00000204FDDF6000]      218 ms: Scavenge (during sweeping) 8.6 (11.6) -> 6.6 (11.6) MB, pooled: 0.0 MB, 0.43 / 0.00 ms (average mu = 0.938, current mu = 0.938) allocation failure; 
[marking 0x028bddca98c1 <JSFunction storeConnect4RbaSharedExactCache32 (sfi = 0000028BDDCA3AB9)> for optimization to TURBOFAN_JS, ConcurrencyMode::kConcurrent, reason: hot and stable]
[marking 0x01b422c630d1 <JSFunction prepareSubsetDense (sfi = 000002BB47C125E1)> for optimization to TURBOFAN_JS, ConcurrencyMode::kConcurrent, reason: hot and stable]
[compiling method 0x028bddca98c1 [compiling method <JSFunction storeConnect4RbaSharedExactCache32 (sfi = 0000028BDDCA3AB9)> (target TURBOFAN_JS)0x01b422c630d1, mode: ConcurrencyMode::kConcurrent]
 <JSFunction prepareSubsetDense (sfi = 000002BB47C125E1)> (target TURBOFAN_JS), mode: ConcurrencyMode::kConcurrent]
[marking 0x001e5390e639 <JSFunction searchCpcOnlyFrontier (sfi = 000000B43CDC8281)> for optimization to TURBOFAN_JS, ConcurrencyMode::kConcurrent, reason: hot and stable]
[marking 0x02ca646981c9 <JSFunction prepareSubsetDense (sfi = 000000E216ED4981)> for optimization to TURBOFAN_JS, ConcurrencyMode::kConcurrent, reason: hot and stable]
[completed compiling 0x03d6dff70399 <JSFunction evaluateConnect4CpcNonterminal32 (sfi = 000003D6DFF63021)> (target TURBOFAN_JS) - took 0.004, 13.502, 0.074 ms[marking ]
0x001e5390e639 [completed optimizing 0x03d6dff70399 <JSFunction searchCpcOnlyFrontier (sfi = 000000B43CDC8281)> for optimization to TURBOFAN_JS, ConcurrencyMode::kConcurrent, reason: hot and stable]
<JSFunction evaluateConnect4CpcNonterminal32 (sfi = 000003D6DFF63021)>[compiling method 0x001e5390e639  (target TURBOFAN_JS)<JSFunction searchCpcOnlyFrontier (sfi = 000000B43CDC8281)>]
 (target TURBOFAN_JS), mode: ConcurrencyMode::kConcurrent]
[marking 0x031411094b11 <JSFunction firstSetBitIndex32 (sfi = 00000314110891B9)> for optimization to MAGLEV, ConcurrencyMode::kConcurrent, reason: hot and stable]
[compiling method 0x031411094b11 <JSFunction firstSetBitIndex32 (sfi = 00000314110891B9)> (target MAGLEV), mode: ConcurrencyMode::kConcurrent]
[completed compiling 0x017a836573d1 <JSFunction cellMarked (sfi = 000000B43CDD74C1)> (target TURBOFAN_JS) - took 0.002, 0.426, 0.011 ms]
[completed optimizing 0x017a836573d1 <JSFunction cellMarked (sfi = 000000B43CDD74C1)> (target TURBOFAN_JS)]
[completed compiling 0x0185284cd091 <JSFunction probeConnect4RbaExactCacheSlot32Frontier (sfi = 0000034CC2B78399)> (target TURBOFAN_JS) - took 0.003, 5.024, 0.039 ms]
[completed optimizing 0x0185284cd091 <JSFunction probeConnect4RbaExactCacheSlot32Frontier (sfi = 0000034CC2B78399)> (target TURBOFAN_JS)]
[marking 0x02ca646981c9 <JSFunction prepareSubsetDense (sfi = 000000E216ED4981)> for optimization to TURBOFAN_JS, ConcurrencyMode::kConcurrent, reason: hot and stable]
[compiling method 0x02ca646981c9 <JSFunction prepareSubsetDense (sfi = 000000E216ED4981)> (target TURBOFAN_JS), mode: ConcurrencyMode::kConcurrent]
[completed compiling 0x01b422c630d1 <JSFunction prepareSubsetDense (sfi = 000002BB47C125E1)> (target TURBOFAN_JS) - took 0.001, 0.290, 0.010 ms]
[completed optimizing 0x01b422c630d1 <JSFunction prepareSubsetDense (sfi = 000002BB47C125E1)> (target TURBOFAN_JS)]
[completed compiling 0x03e33ddd2081 <JSFunction cellMarked (sfi = 0000028BDDC9AA11)> (target TURBOFAN_JS) - took 0.002, 0.292, 0.009 ms]
[completed optimizing 0x03e33ddd2081 <JSFunction cellMarked (sfi = 0000028BDDC9AA11)> (target TURBOFAN_JS)]
[completed compiling 0x028bddca98c1 <JSFunction storeConnect4RbaSharedExactCache32 (sfi = 0000028BDDCA3AB9)> (target TURBOFAN_JS) - took 0.003, 2.054, 0.026 ms]
[completed optimizing 0x028bddca98c1 <JSFunction storeConnect4RbaSharedExactCache32 (sfi = 0000028BDDCA3AB9)> (target TURBOFAN_JS)]
[completed compiling 0x00b94a4ec6d1 <JSFunction evaluateConnect4LiveLine3x32 (sfi = 000000B94A4E0B41)> (target TURBOFAN_JS) - took 0.004, 0.822, 0.022 ms]
[completed optimizing 0x00b94a4ec6d1 <JSFunction evaluateConnect4LiveLine3x32 (sfi = 000000B94A4E0B41)> (target TURBOFAN_JS)]
[marking 0x033e0cf90fe9 <JSFunction searchCpcOnlyFrontier (sfi = 0000028BDDC8B7D1)> for optimization to TURBOFAN_JS, ConcurrencyMode::kConcurrent, reason: hot and stable]
[compiling method 0x033e0cf90fe9 <JSFunction searchCpcOnlyFrontier (sfi = 0000028BDDC8B7D1)> (target TURBOFAN_JS), mode: ConcurrencyMode::kConcurrent]
[marking 0x017a836574d1 <JSFunction pairedResponseNoWin (sfi = 000000B43CDD75E1)> for optimization to TURBOFAN_JS, ConcurrencyMode::kConcurrent, reason: hot and stable]
[compiling method 0x017a836574d1 <JSFunction pairedResponseNoWin (sfi = 000000B43CDD75E1)> (target TURBOFAN_JS), mode: ConcurrencyMode::kConcurrent]
[bailout (kind: deopt-lazy, reason: (unknown)): begin. deoptimizing 0x02380fbc3159 <JSFunction searchCpcOnlyFrontier (sfi = 000000B94A4CF351)>, 0x03f2ebcbb281 <Code MAGLEV>, opt id 126, bytecode offset 2128, deopt exit 209, FP to SP delta 600, caller SP 0x00150d9fb488, pc 0x02072e092b06]
[completed compiling 0x03e33ddd2101 <JSFunction pairedResponseNoWin (sfi = 0000028BDDC9AB31)> (target TURBOFAN_JS) - took 0.002, 1.909, 0.014 ms]
[completed optimizing 0x03e33ddd2101 <JSFunction pairedResponseNoWin (sfi = 0000028BDDC9AB31)> (target TURBOFAN_JS)]
[completed compiling 0x01b422c631d1 <JSFunction cellMarked (sfi = 000002BB47C19CD9)> (target TURBOFAN_JS) - took 0.003, 0.219, 0.007 ms]
[completed optimizing 0x01b422c631d1 <JSFunction cellMarked (sfi = 000002BB47C19CD9)> (target TURBOFAN_JS)]
[completed compiling 0x03d6dff6f979 <JSFunction connect4RbaCanonicalize (sfi = 000003D6DFF60009)> (target TURBOFAN_JS) - took 0.004, 9.857, 0.041 ms]
[completed optimizing 0x03d6dff6f979 <JSFunction connect4RbaCanonicalize (sfi = 000003D6DFF60009)> (target TURBOFAN_JS)]
[completed compiling 0x02ca646981c9 <JSFunction prepareSubsetDense (sfi = 000000E216ED4981)> (target TURBOFAN_JS) - took 0.005, 0.275, 0.011 ms]
[completed optimizing 0x02ca646981c9 <JSFunction prepareSubsetDense (sfi = 000000E216ED4981)> (target TURBOFAN_JS)]
[marking 0x01c8a755e901 <JSFunction cellMarked (sfi = 000000B94A4DE5C1)> for optimization to TURBOFAN_JS, ConcurrencyMode::kConcurrent, reason: hot and stable]
[completed compiling 0x031f01987951 <JSFunction searchCpcOnlyFrontier (sfi = 000003D6DFF53E59)> (target TURBOFAN_JS)[compiling method  - took 0.003, 21.418, 0.103 ms]
0x01c8a755e901 <JSFunction cellMarked (sfi = 000000B94A4DE5C1)> (target TURBOFAN_JS), mode: ConcurrencyMode::kConcurrent]
[completed optimizing 0x031f01987951 <JSFunction searchCpcOnlyFrontier (sfi = 000003D6DFF53E59)> (target TURBOFAN_JS)]
[marking 0x028bddca5fc1 <JSFunction completeRootFrontierNode32 (sfi = 0000028BDDC8CD19)> for optimization to TURBOFAN_JS, ConcurrencyMode::kConcurrent, reason: hot and stable]
[compiling method 0x028bddca5fc1 <JSFunction completeRootFrontierNode32 (sfi = 0000028BDDC8CD19)> (target TURBOFAN_JS), mode: ConcurrencyMode::kConcurrent]
[completed compiling 0x017a836574d1 <JSFunction pairedResponseNoWin (sfi = 000000B43CDD75E1)> (target TURBOFAN_JS) - took 0.003, 1.944, 0.020 ms]
[completed optimizing 0x017a836574d1 <JSFunction pairedResponseNoWin (sfi = 000000B43CDD75E1)> (target TURBOFAN_JS)]
[completed compiling 0x01c8a755e901 <JSFunction cellMarked (sfi = 000000B94A4DE5C1)> (target TURBOFAN_JS) - took 0.003, 0.301, 0.011 ms]
[completed optimizing 0x01c8a755e901 <JSFunction cellMarked (sfi = 000000B94A4DE5C1)> (target TURBOFAN_JS)]
[completed compiling 0x028bddca5fc1 <JSFunction completeRootFrontierNode32 (sfi = 0000028BDDC8CD19)> (target TURBOFAN_JS) - took 0.002, 0.446, 0.008 ms]
[completed optimizing 0x028bddca5fc1 <JSFunction completeRootFrontierNode32 (sfi = 0000028BDDC8CD19)> (target TURBOFAN_JS)]
[marking 0x00b43cde2a19 <JSFunction completeRootFrontierNode32 (sfi = 000000B43CDC97C9)> for optimization to TURBOFAN_JS, ConcurrencyMode::kConcurrent, reason: hot and stable]
[compiling method 0x00b43cde2a19 <JSFunction completeRootFrontierNode32 (sfi = 000000B43CDC97C9)> (target TURBOFAN_JS), mode: ConcurrencyMode::kConcurrent]
[completed compiling 0x00b43cde4779 <JSFunction evaluateConnect4CpcNonterminal32 (sfi = 000000B43CDD7431)> (target TURBOFAN_JS) - took 0.003, 10.962, 0.064 ms]
[completed optimizing 0x00b43cde4779 <JSFunction evaluateConnect4CpcNonterminal32 (sfi = 000000B43CDD7431)> (target TURBOFAN_JS)]
[completed compiling 0x00b43cde2a19 <JSFunction completeRootFrontierNode32 (sfi = 000000B43CDC97C9)> (target TURBOFAN_JS) - took 0.003, 0.870, 0.008 ms]
[completed optimizing 0x00b43cde2a19 <JSFunction completeRootFrontierNode32 (sfi = 000000B43CDC97C9)> (target TURBOFAN_JS)]
[completed compiling 0x02ca646986c9 <JSFunction playableCell (sfi = 000000E216EDC0F1)> (target MAGLEV) - took 0.001, 0.104, 0.005 ms]
[completed compiling 0x00e216ee8959 <JSFunction connect4RbaCofactorKnownHeight (sfi = 000000E216ED8FA1)> (target MAGLEV) - took 0.000, 2.143, 0.013 ms]
[marking 0x031f01986bf1 <JSFunction cellMarked (sfi = 000003D6DFF630B1)> for optimization to TURBOFAN_JS, ConcurrencyMode::kConcurrent, reason: hot and stable]
[compiling method 0x031f01986bf1 <JSFunction cellMarked (sfi = 000003D6DFF630B1)> (target TURBOFAN_JS), mode: ConcurrencyMode::kConcurrent]
[marking 0x00b94a4e9b49 <JSFunction completeRootFrontierNode32 (sfi = 000000B94A4D0899)> for optimization to TURBOFAN_JS, ConcurrencyMode::kConcurrent, reason: hot and stable]
[compiling method 0x00b94a4e9b49 <JSFunction completeRootFrontierNode32 (sfi = 000000B94A4D0899)> (target TURBOFAN_JS), mode: ConcurrencyMode::kConcurrent]
[completed compiling 0x00bbaf742781 <JSFunction searchCpcOnlyFrontier (sfi = 000000E216ECCE39)> (target MAGLEV) - took 0.000, 2.835, 0.023 ms]
[4600:00000204FDB20000]      242 ms: Scavenge (during sweeping) 8.6 (10.6) -> 6.7 (10.6) MB, pooled: 0.0 MB, 0.15 / 0.00 ms (average mu = 0.947, current mu = 0.947) allocation failure; 
[completed compiling 0x031f01986c31 <JSFunction playableCell (sfi = 000003D6DFF630F9)> (target MAGLEV) - took 0.000, 0.093, 0.004 ms]
[completed compiling 0x02380fbc3159 <JSFunction searchCpcOnlyFrontier (sfi = 000000B94A4CF351)> (target MAGLEV) - took 0.000, 2.075, 0.022 ms]
[completed compiling 0x031f01986bf1 <JSFunction cellMarked (sfi = 000003D6DFF630B1)> (target TURBOFAN_JS) - took 0.003, 0.331, 0.013 ms]
[completed optimizing 0x031f01986bf1 <JSFunction cellMarked (sfi = 000003D6DFF630B1)> (target TURBOFAN_JS)]
[marking 0x00e216ee8959 <JSFunction connect4RbaCofactorKnownHeight (sfi = 000000E216ED8FA1)> for optimization to TURBOFAN_JS, ConcurrencyMode::kConcurrent, reason: hot and stable]
[compiling method 0x00e216ee8959 <JSFunction connect4RbaCofactorKnownHeight (sfi = 000000E216ED8FA1)> (target TURBOFAN_JS), mode: ConcurrencyMode::kConcurrent]
[completed compiling 0x00b94a4e9b49 <JSFunction completeRootFrontierNode32 (sfi = 000000B94A4D0899)> (target TURBOFAN_JS) - took 0.002, 0.439, 0.009 ms]
[completed optimizing 0x00b94a4e9b49 <JSFunction completeRootFrontierNode32 (sfi = 000000B94A4D0899)> (target TURBOFAN_JS)]
[completed compiling 0x031f01986cb1 <JSFunction deriveForkPreemption32 (sfi = 000003D6DFF63189)> (target MAGLEV) - took 0.000, 1.358, 0.013 ms]
[marking 0x02bb47c25399 <JSFunction completeRootFrontierNode32 (sfi = 000002BB47C0BFE1)> for optimization to TURBOFAN_JS, ConcurrencyMode::kConcurrent, reason: hot and stable]
[compiling method 0x02bb47c25399 <JSFunction completeRootFrontierNode32 (sfi = 000002BB47C0BFE1)> (target TURBOFAN_JS), mode: ConcurrencyMode::kConcurrent]
[aborted compiling 0x031f01987951 <JSFunction searchCpcOnlyFrontier (sfi = 000003D6DFF53E59)> (target MAGLEV) because: Job got cancelled]
[bailout (kind: deopt-lazy, reason: (unknown)): begin. deoptimizing 0x031f01987951 <JSFunction searchCpcOnlyFrontier (sfi = 000003D6DFF53E59)>, 0x01d17d551459 <Code MAGLEV>, opt id 141, bytecode offset 2128, deopt exit 208, FP to SP delta 600, caller SP 0x00150e9fab70, pc 0x02078e86f051]
[bailout (kind: deopt-lazy, reason: (unknown)): begin. deoptimizing 0x031f01987951 <JSFunction searchCpcOnlyFrontier (sfi = 000003D6DFF53E59)>, 0x01d17d551459 <Code MAGLEV>, opt id 141, bytecode offset 2128, deopt exit 208, FP to SP delta 600, caller SP 0x00150e9fae38, pc 0x02078e86f051]
[marking 0x03e33ddd25d9 <JSFunction absToRelativeFrontier (sfi = 0000028BDDC8B741)> for optimization to TURBOFAN_JS, ConcurrencyMode::kConcurrent, reason: hot and stable]
[compiling method 0x03e33ddd25d9 <JSFunction absToRelativeFrontier (sfi = 0000028BDDC8B741)> (target TURBOFAN_JS), mode: ConcurrencyMode::kConcurrent]
[completed compiling 0x02bb47c26699 <JSFunction connect4RbaCofactorKnownHeight (sfi = 000002BB47C16BE9)> (target MAGLEV) - took 0.000, 1.270, 0.012 ms]
[marking 0x02380fbc5379 <JSFunction absToRelativeFrontier (sfi = 000000B94A4CF2C1)> for optimization to TURBOFAN_JS, ConcurrencyMode::kConcurrent, reason: hot and stable]
[compiling method 0x02380fbc5379 <JSFunction absToRelativeFrontier (sfi = 000000B94A4CF2C1)> (target TURBOFAN_JS), mode: ConcurrencyMode::kConcurrent]
[marking 0x02380fbc55e9 <JSFunction storeConnect4RbaExactCacheSlot32Frontier (sfi = 000000B94A4CF231)> for optimization to TURBOFAN_JS, ConcurrencyMode::kConcurrent, reason: hot and stable]
[compiling method 0x02380fbc55e9 <JSFunction storeConnect4RbaExactCacheSlot32Frontier (sfi = 000000B94A4CF231)> (target TURBOFAN_JS), mode: ConcurrencyMode::kConcurrent]
[marking 0x02bb47c27f21 <JSFunction evaluateConnect4LiveLine3x32 (sfi = 000002BB47C1C259)> for optimization to TURBOFAN_JS, ConcurrencyMode::kConcurrent, reason: hot and stable]
[compiling method 0x02bb47c27f21 <JSFunction evaluateConnect4LiveLine3x32 (sfi = 000002BB47C1C259)> (target TURBOFAN_JS), mode: ConcurrencyMode::kConcurrent]
[completed compiling 0x01b422c63251 <JSFunction deriveForkPreemption32 (sfi = 000002BB47C19DB1)> (target MAGLEV) - took 0.000, 0.869, 0.009 ms]
[completed compiling 0x033e0cf90fe9 <JSFunction searchCpcOnlyFrontier (sfi = 0000028BDDC8B7D1)> (target TURBOFAN_JS) - took 0.003, 20.473, 0.108 ms]
[completed optimizing 0x033e0cf90fe9 <JSFunction searchCpcOnlyFrontier (sfi = 0000028BDDC8B7D1)> (target TURBOFAN_JS)]
[marking 0x017a836579a9 <JSFunction absToRelativeFrontier (sfi = 000000B43CDC81F1)> for optimization to TURBOFAN_JS, ConcurrencyMode::kConcurrent, reason: hot and stable]
[compiling method 0x017a836579a9 <JSFunction absToRelativeFrontier (sfi = 000000B43CDC81F1)> (target TURBOFAN_JS), mode: ConcurrencyMode::kConcurrent]
[completed compiling 0x001e5390e639 <JSFunction searchCpcOnlyFrontier (sfi = 000000B43CDC8281)> (target TURBOFAN_JS) - took 0.005, 21.571, 0.131 ms]
[completed optimizing 0x001e5390e639 <JSFunction searchCpcOnlyFrontier (sfi = 000000B43CDC8281)> (target TURBOFAN_JS)]
[marking 0x034038526bd9 <JSFunction absToRelativeFrontier (sfi = 000002BB47C0AA09)> for optimization to TURBOFAN_JS, ConcurrencyMode::kConcurrent, reason: hot and stable]
[compiling method 0x034038526bd9 <JSFunction absToRelativeFrontier (sfi = 000002BB47C0AA09)> (target TURBOFAN_JS), mode: ConcurrencyMode::kConcurrent]
[completed compiling 0x02bb47c25399 <JSFunction completeRootFrontierNode32 (sfi = 000002BB47C0BFE1)> (target TURBOFAN_JS) - took 0.004, 0.649, 0.013 ms]
[completed optimizing 0x02bb47c25399 <JSFunction completeRootFrontierNode32 (sfi = 000002BB47C0BFE1)> (target TURBOFAN_JS)]
[completed compiling 0x03e33ddd25d9 <JSFunction absToRelativeFrontier (sfi = 0000028BDDC8B741)> (target TURBOFAN_JS) - took 0.003, 0.343, 0.006 ms]
[completed optimizing 0x03e33ddd25d9 <JSFunction absToRelativeFrontier (sfi = 0000028BDDC8B741)> (target TURBOFAN_JS)]
[completed compiling 0x02380fbc5379 <JSFunction absToRelativeFrontier (sfi = 000000B94A4CF2C1)> (target TURBOFAN_JS) - took 0.002, 0.303, 0.010 ms]
[completed optimizing 0x02380fbc5379 <JSFunction absToRelativeFrontier (sfi = 000000B94A4CF2C1)> (target TURBOFAN_JS)]
[completed compiling 0x01b422c44821 <JSFunction searchCpcOnlyFrontier (sfi = 000002BB47C0AA99)> (target MAGLEV) - took 0.000, 2.522, 0.017 ms]
[marking 0x0084c86c1e11 <JSFunction searchCpcOnlyFrontier (sfi = 0000034CC2B78501)> for optimization to TURBOFAN_JS, ConcurrencyMode::kConcurrent, reason: hot and stable]
[compiling method 0x0084c86c1e11 <JSFunction searchCpcOnlyFrontier (sfi = 0000034CC2B78501)> (target TURBOFAN_JS), mode: ConcurrencyMode::kConcurrent]
[completed compiling 0x02bb47c27f21 <JSFunction evaluateConnect4LiveLine3x32 (sfi = 000002BB47C1C259)> (target TURBOFAN_JS) - took 0.002, 1.706, 0.020 ms]
[completed optimizing 0x02bb47c27f21 <JSFunction evaluateConnect4LiveLine3x32 (sfi = 000002BB47C1C259)> (target TURBOFAN_JS)]
[marking 0x02bb47c26699 <JSFunction connect4RbaCofactorKnownHeight (sfi = 000002BB47C16BE9)> for optimization to TURBOFAN_JS, ConcurrencyMode::kConcurrent, reason: hot and stable]
[compiling method 0x02bb47c26699 <JSFunction connect4RbaCofactorKnownHeight (sfi = 000002BB47C16BE9)> (target TURBOFAN_JS), mode: ConcurrencyMode::kConcurrent]
[completed compiling 0x034038526bd9 <JSFunction absToRelativeFrontier (sfi = 000002BB47C0AA09)> (target TURBOFAN_JS) - took 0.002, 0.212, 0.004 ms]
[completed optimizing 0x034038526bd9 <JSFunction absToRelativeFrontier (sfi = 000002BB47C0AA09)> (target TURBOFAN_JS)]
[completed compiling 0x017a836579a9 <JSFunction absToRelativeFrontier (sfi = 000000B43CDC81F1)> (target TURBOFAN_JS) - took 0.003, 0.357, 0.006 ms]
[completed optimizing 0x017a836579a9 <JSFunction absToRelativeFrontier (sfi = 000000B43CDC81F1)> (target TURBOFAN_JS)]
[marking 0x03d6dff6e639 <JSFunction completeRootFrontierNode32 (sfi = 000003D6DFF553A1)> for optimization to TURBOFAN_JS, ConcurrencyMode::kConcurrent, reason: hot and stable]
[compiling method 0x03d6dff6e639 <JSFunction completeRootFrontierNode32 (sfi = 000003D6DFF553A1)> (target TURBOFAN_JS), mode: ConcurrencyMode::kConcurrent]
[completed compiling 0x02380fbc55e9 <JSFunction storeConnect4RbaExactCacheSlot32Frontier (sfi = 000000B94A4CF231)> (target TURBOFAN_JS) - took 0.001, 4.293, 0.047 ms]
[completed optimizing 0x02380fbc55e9 <JSFunction storeConnect4RbaExactCacheSlot32Frontier (sfi = 000000B94A4CF231)> (target TURBOFAN_JS)]
[marking 0x02bb47c270f9 <JSFunction evaluateConnect4CpcNonterminal32 (sfi = 000002BB47C19C49)> for optimization to TURBOFAN_JS, ConcurrencyMode::kConcurrent, reason: hot and stable]
[compiling method 0x02bb47c270f9 <JSFunction evaluateConnect4CpcNonterminal32 (sfi = 000002BB47C19C49)> (target TURBOFAN_JS), mode: ConcurrencyMode::kConcurrent]
[completed compiling 0x03d6dff6e639 <JSFunction completeRootFrontierNode32 (sfi = 000003D6DFF553A1)> (target TURBOFAN_JS) - took 0.004, 0.426, 0.012 ms]
[completed optimizing 0x03d6dff6e639 <JSFunction completeRootFrontierNode32 (sfi = 000003D6DFF553A1)> (target TURBOFAN_JS)]
[completed compiling 0x00e216ee8959 <JSFunction connect4RbaCofactorKnownHeight (sfi = 000000E216ED8FA1)> (target TURBOFAN_JS) - took 0.003, 13.293, 0.045 ms]
[completed optimizing 0x00e216ee8959 <JSFunction connect4RbaCofactorKnownHeight (sfi = 000000E216ED8FA1)> (target TURBOFAN_JS)]
[marking 0x01b422c63291 <JSFunction pairedResponseNoWin (sfi = 000002BB47C19DF9)> for optimization to TURBOFAN_JS, ConcurrencyMode::kConcurrent, reason: hot and stable]
[compiling method 0x01b422c63291 <JSFunction pairedResponseNoWin (sfi = 000002BB47C19DF9)> (target TURBOFAN_JS), mode: ConcurrencyMode::kConcurrent]
[bailout (kind: deopt-lazy, reason: (unknown)): begin. deoptimizing 0x031f01987951 <JSFunction searchCpcOnlyFrontier (sfi = 000003D6DFF53E59)>, 0x01d17d551459 <Code MAGLEV>, opt id 141, bytecode offset 2128, deopt exit 208, FP to SP delta 600, caller SP 0x00150e9fb100, pc 0x02078e86f051]
[completed compiling 0x01b422c63291 <JSFunction pairedResponseNoWin (sfi = 000002BB47C19DF9)> (target TURBOFAN_JS) - took 0.004, 1.960, 0.023 ms]
[completed optimizing 0x01b422c63291 <JSFunction pairedResponseNoWin (sfi = 000002BB47C19DF9)> (target TURBOFAN_JS)]
[completed compiling 0x031411096b31 <JSFunction probeConnect4RbaSharedExactCache32 (sfi = 0000031411090DA1)> (target MAGLEV) - took 0.000, 0.408, 0.013 ms]
[completed compiling 0x031411094fd1 <JSFunction evaluateConnect4CpcNonterminal32 (sfi = 0000031411087CB1)> (target MAGLEV) - took 0.001, 0.691, 0.008 ms]
[completed compiling 0x031411096b71 <JSFunction storeConnect4RbaSharedExactCache32 (sfi = 0000031411090DE9)> (target MAGLEV) - took 0.001, 0.279, 0.006 ms]
[completed compiling 0x0185284cd151 <JSFunction absToRelativeFrontier (sfi = 0000034CC2B78471)> (target MAGLEV) - took 0.000, 0.052, 0.001 ms]
[completed compiling 0x031411094b11 <JSFunction firstSetBitIndex32 (sfi = 00000314110891B9)> (target MAGLEV) - took 0.000, 0.037, 0.001 ms]
[marking 0x02ca64698689 <JSFunction cellMarked (sfi = 000000E216EDC0A9)> for optimization to TURBOFAN_JS, ConcurrencyMode::kConcurrent, reason: hot and stable]
[compiling method 0x02ca64698689 <JSFunction cellMarked (sfi = 000000E216EDC0A9)> (target TURBOFAN_JS), mode: ConcurrencyMode::kConcurrent]
[completed compiling 0x02ca64698689 <JSFunction cellMarked (sfi = 000000E216EDC0A9)> (target TURBOFAN_JS) - took 0.003, 0.416, 0.009 ms]
[completed optimizing 0x02ca64698689 <JSFunction cellMarked (sfi = 000000E216EDC0A9)> (target TURBOFAN_JS)]
[4600:00000204FDBA1000]      264 ms: Incremental Mark-Compact 8.5 (12.9) -> 6.8 (12.4) MB, pooled: 0.5 MB, 1.04 / 0.00 ms (+ 0.2 ms in 9 steps since start of marking, biggest step 0.1 ms, walltime since start of marking 63 ms) (average mu = 0.995, current mu = 0.995) finalize incremental marking via stack guard; GC in old space requested
[completed compiling 0x02bb47c26699 <JSFunction connect4RbaCofactorKnownHeight (sfi = 000002BB47C16BE9)> (target TURBOFAN_JS) - took 0.001, 14.380, 0.078 ms]
[completed optimizing 0x02bb47c26699 <JSFunction connect4RbaCofactorKnownHeight (sfi = 000002BB47C16BE9)> (target TURBOFAN_JS)]
[completed compiling 0x02bb47c270f9 <JSFunction evaluateConnect4CpcNonterminal32 (sfi = 000002BB47C19C49)> (target TURBOFAN_JS) - took 0.003, 12.482, 0.034 ms]
[completed optimizing 0x02bb47c270f9 <JSFunction evaluateConnect4CpcNonterminal32 (sfi = 000002BB47C19C49)> (target TURBOFAN_JS)]
[marking 0x028bddca78e1 <JSFunction popcount32 (sfi = 0000028BDDC9BF19)> for optimization to TURBOFAN_JS, ConcurrencyMode::kConcurrent, reason: hot and stable]
[compiling method 0x028bddca78e1 <JSFunction popcount32 (sfi = 0000028BDDC9BF19)> (target TURBOFAN_JS), mode: ConcurrencyMode::kConcurrent]
[bailout (kind: deopt-lazy, reason: (unknown)): begin. deoptimizing 0x031f01987951 <JSFunction searchCpcOnlyFrontier (sfi = 000003D6DFF53E59)>, 0x01d17d551459 <Code MAGLEV>, opt id 141, bytecode offset 2128, deopt exit 208, FP to SP delta 600, caller SP 0x00150e9fb3c8, pc 0x02078e86f051]
[completed compiling 0x028bddca78e1 <JSFunction popcount32 (sfi = 0000028BDDC9BF19)> (target TURBOFAN_JS) - took 0.003, 0.425, 0.008 ms]
[completed optimizing 0x028bddca78e1 <JSFunction popcount32 (sfi = 0000028BDDC9BF19)> (target TURBOFAN_JS)]
[completed compiling 0x0084c86c1e11 <JSFunction searchCpcOnlyFrontier (sfi = 0000034CC2B78501)> (target TURBOFAN_JS) - took 0.003, 18.236, 0.098 ms]
[completed optimizing 0x0084c86c1e11 <JSFunction searchCpcOnlyFrontier (sfi = 0000034CC2B78501)> (target TURBOFAN_JS)]
[marking 0x02ca64698789 <JSFunction pairedResponseNoWin (sfi = 000000E216EDC1C9)> for optimization to TURBOFAN_JS, ConcurrencyMode::kConcurrent, reason: hot and stable]
[compiling method 0x02ca64698789 <JSFunction pairedResponseNoWin (sfi = 000000E216EDC1C9)> (target TURBOFAN_JS), mode: ConcurrencyMode::kConcurrent]
[marking 0x00e216ee7659 <JSFunction completeRootFrontierNode32 (sfi = 000000E216ECE381)> for optimization to TURBOFAN_JS, ConcurrencyMode::kConcurrent, reason: hot and stable]
[compiling method 0x00e216ee7659 <JSFunction completeRootFrontierNode32 (sfi = 000000E216ECE381)> (target TURBOFAN_JS), mode: ConcurrencyMode::kConcurrent]
[marking 0x02ca64698c61 <JSFunction absToRelativeFrontier (sfi = 000000E216ECCDA9)> for optimization to TURBOFAN_JS, ConcurrencyMode::kConcurrent, reason: hot and stable]
[compiling method 0x02ca64698c61 <JSFunction absToRelativeFrontier (sfi = 000000E216ECCDA9)> (target TURBOFAN_JS), mode: ConcurrencyMode::kConcurrent]
[marking 0x00e216ee93b9 <JSFunction evaluateConnect4CpcNonterminal32 (sfi = 000000E216EDC019)> for optimization to TURBOFAN_JS, ConcurrencyMode::kConcurrent, reason: hot and stable]
[compiling method 0x00e216ee93b9 <JSFunction evaluateConnect4CpcNonterminal32 (sfi = 000000E216EDC019)> (target TURBOFAN_JS), mode: ConcurrencyMode::kConcurrent]
[completed compiling 0x02ca64698c61 <JSFunction absToRelativeFrontier (sfi = 000000E216ECCDA9)> (target TURBOFAN_JS) - took 0.001, 0.366, 0.009 ms]
[completed optimizing 0x02ca64698c61 <JSFunction absToRelativeFrontier (sfi = 000000E216ECCDA9)> (target TURBOFAN_JS)]
[completed compiling 0x00e216ee7659 <JSFunction completeRootFrontierNode32 (sfi = 000000E216ECE381)> (target TURBOFAN_JS) - took 0.001, 0.639, 0.006 ms]
[completed optimizing 0x00e216ee7659 <JSFunction completeRootFrontierNode32 (sfi = 000000E216ECE381)> (target TURBOFAN_JS)]
[completed compiling 0x02ca64698789 <JSFunction pairedResponseNoWin (sfi = 000000E216EDC1C9)> (target TURBOFAN_JS) - took 0.003, 1.517, 0.017 ms]
[completed optimizing 0x02ca64698789 <JSFunction pairedResponseNoWin (sfi = 000000E216EDC1C9)> (target TURBOFAN_JS)]
[bailout (kind: deopt-eager, reason: overflow): begin. deoptimizing 0x01b422c44821 <JSFunction searchCpcOnlyFrontier (sfi = 000002BB47C0AA99)>, 0x01c487dc16e1 <Code MAGLEV>, opt id 207, bytecode offset 279, deopt exit 25, FP to SP delta 600, caller SP 0x00150d1f8808, pc 0x0206fe03ea24]
[bailout (kind: deopt-lazy, reason: (unknown)): begin. deoptimizing 0x01b422c44821 <JSFunction searchCpcOnlyFrontier (sfi = 000002BB47C0AA99)>, 0x01c487dc16e1 <Code MAGLEV>, opt id 207, bytecode offset 2128, deopt exit 208, FP to SP delta 600, caller SP 0x00150d1f8ad0, pc 0x0206fe03ed00]
[bailout (kind: deopt-lazy, reason: (unknown)): begin. deoptimizing 0x01b422c44821 <JSFunction searchCpcOnlyFrontier (sfi = 000002BB47C0AA99)>, 0x01c487dc16e1 <Code MAGLEV>, opt id 207, bytecode offset 2128, deopt exit 208, FP to SP delta 600, caller SP 0x00150d1f8d98, pc 0x0206fe03ed00]
[bailout (kind: deopt-lazy, reason: (unknown)): begin. deoptimizing 0x01b422c44821 <JSFunction searchCpcOnlyFrontier (sfi = 000002BB47C0AA99)>, 0x01c487dc16e1 <Code MAGLEV>, opt id 207, bytecode offset 2128, deopt exit 208, FP to SP delta 600, caller SP 0x00150d1f9060, pc 0x0206fe03ed00]
[bailout (kind: deopt-lazy, reason: (unknown)): begin. deoptimizing 0x01b422c44821 <JSFunction searchCpcOnlyFrontier (sfi = 000002BB47C0AA99)>, 0x01c487dc16e1 <Code MAGLEV>, opt id 207, bytecode offset 2128, deopt exit 208, FP to SP delta 600, caller SP 0x00150d1f9328, pc 0x0206fe03ed00]
[bailout (kind: deopt-lazy, reason: (unknown)): begin. deoptimizing 0x01b422c44821 <JSFunction searchCpcOnlyFrontier (sfi = 000002BB47C0AA99)>, 0x01c487dc16e1 <Code MAGLEV>, opt id 207, bytecode offset 2128, deopt exit 208, FP to SP delta 600, caller SP 0x00150d1f95f0, pc 0x0206fe03ed00]
[bailout (kind: deopt-lazy, reason: (unknown)): begin. deoptimizing 0x01b422c44821 <JSFunction searchCpcOnlyFrontier (sfi = 000002BB47C0AA99)>, 0x01c487dc16e1 <Code MAGLEV>, opt id 207, bytecode offset 2128, deopt exit 208, FP to SP delta 600, caller SP 0x00150d1f98b8, pc 0x0206fe03ed00]
[bailout (kind: deopt-lazy, reason: (unknown)): begin. deoptimizing 0x01b422c44821 <JSFunction searchCpcOnlyFrontier (sfi = 000002BB47C0AA99)>, 0x01c487dc16e1 <Code MAGLEV>, opt id 207, bytecode offset 2128, deopt exit 208, FP to SP delta 600, caller SP 0x00150d1f9b80, pc 0x0206fe03ed00]
[bailout (kind: deopt-lazy, reason: (unknown)): begin. deoptimizing 0x01b422c44821 <JSFunction searchCpcOnlyFrontier (sfi = 000002BB47C0AA99)>, 0x01c487dc16e1 <Code MAGLEV>, opt id 207, bytecode offset 2128, deopt exit 208, FP to SP delta 600, caller SP 0x00150d1f9e48, pc 0x0206fe03ed00]
[bailout (kind: deopt-lazy, reason: (unknown)): begin. deoptimizing 0x01b422c44821 <JSFunction searchCpcOnlyFrontier (sfi = 000002BB47C0AA99)>, 0x01c487dc16e1 <Code MAGLEV>, opt id 207, bytecode offset 2128, deopt exit 208, FP to SP delta 600, caller SP 0x00150d1fa110, pc 0x0206fe03ed00]
[marking 0x01b422c44821 <JSFunction searchCpcOnlyFrontier (sfi = 000002BB47C0AA99)> for optimization to MAGLEV, ConcurrencyMode::kConcurrent, reason: hot and stable]
[compiling method 0x01b422c44821 <JSFunction searchCpcOnlyFrontier (sfi = 000002BB47C0AA99)> (target MAGLEV), mode: ConcurrencyMode::kConcurrent]
[bailout (kind: deopt-lazy, reason: (unknown)): begin. deoptimizing 0x01b422c44821 <JSFunction searchCpcOnlyFrontier (sfi = 000002BB47C0AA99)>, 0x01c487dc16e1 <Code MAGLEV>, opt id 207, bytecode offset 2128, deopt exit 208, FP to SP delta 600, caller SP 0x00150d1fa3d8, pc 0x0206fe03ed00]
[bailout (kind: deopt-lazy, reason: (unknown)): begin. deoptimizing 0x01b422c44821 <JSFunction searchCpcOnlyFrontier (sfi = 000002BB47C0AA99)>, 0x01c487dc16e1 <Code MAGLEV>, opt id 207, bytecode offset 2128, deopt exit 208, FP to SP delta 600, caller SP 0x00150d1fa6a0, pc 0x0206fe03ed00]
[marking 0x00bbaf742781 <JSFunction searchCpcOnlyFrontier (sfi = 000000E216ECCE39)> for optimization to TURBOFAN_JS, ConcurrencyMode::kConcurrent, reason: hot and stable]
[compiling method 0x00bbaf742781 <JSFunction searchCpcOnlyFrontier (sfi = 000000E216ECCE39)> (target TURBOFAN_JS), mode: ConcurrencyMode::kConcurrent]
[completed compiling 0x01b422c44821 <JSFunction searchCpcOnlyFrontier (sfi = 000002BB47C0AA99)> (target MAGLEV) - took 0.001, 1.971, 0.019 ms]
[marking 0x02f48657e361 <JSFunction searchCpcOnlyFrontier (sfi = 000000B94A4CF351)> for optimization to TURBOFAN_JS, ConcurrencyMode::kConcurrent, reason: hot and stable]
[compiling method 0x02f48657e361 <JSFunction searchCpcOnlyFrontier (sfi = 000000B94A4CF351)> (target TURBOFAN_JS), mode: ConcurrencyMode::kConcurrent]
[marking 0x0185284ccc39 <JSFunction deriveForkPreemption32 (sfi = 0000031411087E19)> for optimization to TURBOFAN_JS, ConcurrencyMode::kConcurrent, reason: hot and stable]
[compiling method 0x0185284ccc39 <JSFunction deriveForkPreemption32 (sfi = 0000031411087E19)> (target TURBOFAN_JS), mode: ConcurrencyMode::kConcurrent]
[bailout (kind: deopt-lazy, reason: (unknown)): begin. deoptimizing 0x01b422c44821 <JSFunction searchCpcOnlyFrontier (sfi = 000002BB47C0AA99)>, 0x01c487dc16e1 <Code MAGLEV>, opt id 207, bytecode offset 2128, deopt exit 208, FP to SP delta 600, caller SP 0x00150d1fa968, pc 0x0206fe03ed00]
[marking 0x02bb47c26cb9 <JSFunction popcount32 (sfi = 000002BB47C1B1E1)> for optimization to TURBOFAN_JS, ConcurrencyMode::kConcurrent, reason: hot and stable]
[compiling method 0x02bb47c26cb9 <JSFunction popcount32 (sfi = 000002BB47C1B1E1)> (target TURBOFAN_JS), mode: ConcurrencyMode::kConcurrent]
[bailout (kind: deopt-lazy, reason: (unknown)): begin. deoptimizing 0x01b422c44821 <JSFunction searchCpcOnlyFrontier (sfi = 000002BB47C0AA99)>, 0x01c487dc16e1 <Code MAGLEV>, opt id 207, bytecode offset 2128, deopt exit 208, FP to SP delta 600, caller SP 0x00150d1fac30, pc 0x0206fe03ed00]
[bailout (kind: deopt-lazy, reason: (unknown)): begin. deoptimizing 0x01b422c44821 <JSFunction searchCpcOnlyFrontier (sfi = 000002BB47C0AA99)>, 0x01c487dc16e1 <Code MAGLEV>, opt id 207, bytecode offset 2128, deopt exit 208, FP to SP delta 600, caller SP 0x00150d1faef8, pc 0x0206fe03ed00]
[bailout (kind: deopt-lazy, reason: (unknown)): begin. deoptimizing 0x01b422c44821 <JSFunction searchCpcOnlyFrontier (sfi = 000002BB47C0AA99)>, 0x01c487dc16e1 <Code MAGLEV>, opt id 207, bytecode offset 2128, deopt exit 208, FP to SP delta 600, caller SP 0x00150d1fb1c0, pc 0x0206fe03ed00]
[completed compiling 0x00e216ee93b9 <JSFunction evaluateConnect4CpcNonterminal32 (sfi = 000000E216EDC019)> (target TURBOFAN_JS) - took 0.001, 11.455, 0.057 ms]
[completed optimizing 0x00e216ee93b9 <JSFunction evaluateConnect4CpcNonterminal32 (sfi = 000000E216EDC019)> (target TURBOFAN_JS)]
[completed compiling 0x02bb47c26cb9 <JSFunction popcount32 (sfi = 000002BB47C1B1E1)> (target TURBOFAN_JS) - took 0.001, 0.296, 0.007 ms]
[completed optimizing 0x02bb47c26cb9 <JSFunction popcount32 (sfi = 000002BB47C1B1E1)> (target TURBOFAN_JS)]
[bailout (kind: deopt-lazy, reason: (unknown)): begin. deoptimizing 0x01b422c44821 <JSFunction searchCpcOnlyFrontier (sfi = 000002BB47C0AA99)>, 0x01c487dc16e1 <Code MAGLEV>, opt id 207, bytecode offset 2128, deopt exit 208, FP to SP delta 600, caller SP 0x00150d1fb488, pc 0x0206fe03ed00]
[completed compiling 0x0185284ccc39 <JSFunction deriveForkPreemption32 (sfi = 0000031411087E19)> (target TURBOFAN_JS) - took 0.003, 3.768, 0.038 ms]
[completed optimizing 0x0185284ccc39 <JSFunction deriveForkPreemption32 (sfi = 0000031411087E19)> (target TURBOFAN_JS)]
[marking 0x034038526b59 <JSFunction storeConnect4RbaExactCacheSlot32Frontier (sfi = 000002BB47C0A979)> for optimization to TURBOFAN_JS, ConcurrencyMode::kConcurrent, reason: hot and stable]
[compiling method 0x034038526b59 <JSFunction storeConnect4RbaExactCacheSlot32Frontier (sfi = 000002BB47C0A979)> (target TURBOFAN_JS), mode: ConcurrencyMode::kConcurrent]
[completed compiling 0x034038526b59 <JSFunction storeConnect4RbaExactCacheSlot32Frontier (sfi = 000002BB47C0A979)> (target TURBOFAN_JS) - took 0.003, 4.160, 0.032 ms]
[completed optimizing 0x034038526b59 <JSFunction storeConnect4RbaExactCacheSlot32Frontier (sfi = 000002BB47C0A979)> (target TURBOFAN_JS)]
[marking 0x03e33ddd2559 <JSFunction storeConnect4RbaExactCacheSlot32Frontier (sfi = 0000028BDDC8B6B1)> for optimization to TURBOFAN_JS, ConcurrencyMode::kConcurrent, reason: hot and stable]
[compiling method 0x03e33ddd2559 <JSFunction storeConnect4RbaExactCacheSlot32Frontier (sfi = 0000028BDDC8B6B1)> (target TURBOFAN_JS), mode: ConcurrencyMode::kConcurrent]
[completed compiling 0x00bbaf742781 <JSFunction searchCpcOnlyFrontier (sfi = 000000E216ECCE39)> (target TURBOFAN_JS) - took 0.003, 18.202, 0.073 ms]
[completed optimizing 0x00bbaf742781 <JSFunction searchCpcOnlyFrontier (sfi = 000000E216ECCE39)> (target TURBOFAN_JS)]
[completed compiling 0x03e33ddd2559 <JSFunction storeConnect4RbaExactCacheSlot32Frontier (sfi = 0000028BDDC8B6B1)> (target TURBOFAN_JS) - took 0.003, 4.647, 0.031 ms]
[completed optimizing 0x03e33ddd2559 <JSFunction storeConnect4RbaExactCacheSlot32Frontier (sfi = 0000028BDDC8B6B1)> (target TURBOFAN_JS)]
[bailout (kind: deopt-eager, reason: Insufficient type feedback for call): begin. deoptimizing 0x03d6dff71f39 <JSFunction storeConnect4RbaSharedExactCache32 (sfi = 000003D6DFF6C159)>, 0x033b133e1389 <Code TURBOFAN_JS>, opt id 166, bytecode offset 125, deopt exit 23, FP to SP delta 120, caller SP 0x00150e9f8c38, pc 0x02078e877b64]
[marking 0x03d6dff71f39 <JSFunction storeConnect4RbaSharedExactCache32 (sfi = 000003D6DFF6C159)> for optimization to MAGLEV, ConcurrencyMode::kConcurrent, reason: hot and stable]
[compiling method 0x03d6dff71f39 <JSFunction storeConnect4RbaSharedExactCache32 (sfi = 000003D6DFF6C159)> (target MAGLEV), mode: ConcurrencyMode::kConcurrent]
[completed compiling 0x03d6dff71f39 <JSFunction storeConnect4RbaSharedExactCache32 (sfi = 000003D6DFF6C159)> (target MAGLEV) - took 0.001, 0.563, 0.010 ms]
[completed compiling 0x02f48657e361 <JSFunction searchCpcOnlyFrontier (sfi = 000000B94A4CF351)> (target TURBOFAN_JS) - took 0.002, 19.165, 0.089 ms]
[completed optimizing 0x02f48657e361 <JSFunction searchCpcOnlyFrontier (sfi = 000000B94A4CF351)> (target TURBOFAN_JS)]
[marking 0x031f01987851 <JSFunction storeConnect4RbaExactCacheSlot32Frontier (sfi = 000003D6DFF53D39)> for optimization to TURBOFAN_JS, ConcurrencyMode::kConcurrent, reason: hot and stable]
[compiling method 0x031f01987851 <JSFunction storeConnect4RbaExactCacheSlot32Frontier (sfi = 000003D6DFF53D39)> (target TURBOFAN_JS), mode: ConcurrencyMode::kConcurrent]
[bailout (kind: deopt-eager, reason: Insufficient type feedback for binary operation): begin. deoptimizing 0x031411094fd1 <JSFunction evaluateConnect4CpcNonterminal32 (sfi = 0000031411087CB1)>, 0x005fed2164f9 <Code MAGLEV>, opt id 232, bytecode offset 902, deopt exit 53, FP to SP delta 176, caller SP 0x00150c9fb2b0, pc 0x0204d352ced5]
[marking 0x02ca64698be1 <JSFunction storeConnect4RbaExactCacheSlot32Frontier (sfi = 000000E216ECCD19)> for optimization to TURBOFAN_JS, ConcurrencyMode::kConcurrent, reason: hot and stable]
[compiling method 0x02ca64698be1 <JSFunction storeConnect4RbaExactCacheSlot32Frontier (sfi = 000000E216ECCD19)> (target TURBOFAN_JS), mode: ConcurrencyMode::kConcurrent]
[marking 0x031411094fd1 <JSFunction evaluateConnect4CpcNonterminal32 (sfi = 0000031411087CB1)> for optimization to MAGLEV, ConcurrencyMode::kConcurrent, reason: hot and stable]
[compiling method 0x031411094fd1 <JSFunction evaluateConnect4CpcNonterminal32 (sfi = 0000031411087CB1)> (target MAGLEV), mode: ConcurrencyMode::kConcurrent]
[marking 0x00b94a4eb469 <JSFunction popcount32 (sfi = 000000B94A4DFAC9)> for optimization to TURBOFAN_JS, ConcurrencyMode::kConcurrent, reason: hot and stable]
[compiling method 0x00b94a4eb469 <JSFunction popcount32 (sfi = 000000B94A4DFAC9)> (target TURBOFAN_JS), mode: ConcurrencyMode::kConcurrent]
[completed compiling 0x00b94a4eb469 <JSFunction popcount32 (sfi = 000000B94A4DFAC9)> (target TURBOFAN_JS) - took 0.003, 0.375, 0.012 ms]
[completed optimizing 0x00b94a4eb469 <JSFunction popcount32 (sfi = 000000B94A4DFAC9)> (target TURBOFAN_JS)]
[completed compiling 0x031f01987851 <JSFunction storeConnect4RbaExactCacheSlot32Frontier (sfi = 000003D6DFF53D39)> (target TURBOFAN_JS) - took 0.002, 3.703, 0.038 ms]
[completed optimizing 0x031f01987851 <JSFunction storeConnect4RbaExactCacheSlot32Frontier (sfi = 000003D6DFF53D39)> (target TURBOFAN_JS)]
[completed compiling 0x031411094fd1 <JSFunction evaluateConnect4CpcNonterminal32 (sfi = 0000031411087CB1)> (target MAGLEV) - took 0.000, 1.226, 0.014 ms]
[completed compiling 0x02ca64698be1 <JSFunction storeConnect4RbaExactCacheSlot32Frontier (sfi = 000000E216ECCD19)> (target TURBOFAN_JS) - took 0.002, 2.628, 0.026 ms]
[completed optimizing 0x02ca64698be1 <JSFunction storeConnect4RbaExactCacheSlot32Frontier (sfi = 000000E216ECCD19)> (target TURBOFAN_JS)]
[marking 0x00e216ee8f79 <JSFunction popcount32 (sfi = 000000E216EDD5B1)> for optimization to TURBOFAN_JS, ConcurrencyMode::kConcurrent, reason: hot and stable]
[compiling method 0x00e216ee8f79 <JSFunction popcount32 (sfi = 000000E216EDD5B1)> (target TURBOFAN_JS), mode: ConcurrencyMode::kConcurrent]
[completed compiling 0x00e216ee8f79 <JSFunction popcount32 (sfi = 000000E216EDD5B1)> (target TURBOFAN_JS) - took 0.001, 0.234, 0.006 ms]
[completed optimizing 0x00e216ee8f79 <JSFunction popcount32 (sfi = 000000E216EDD5B1)> (target TURBOFAN_JS)]
[marking 0x00b43cde4339 <JSFunction popcount32 (sfi = 000000B43CDD89C9)> for optimization to TURBOFAN_JS, ConcurrencyMode::kConcurrent, reason: hot and stable]
[compiling method 0x00b43cde4339 <JSFunction popcount32 (sfi = 000000B43CDD89C9)> (target TURBOFAN_JS), mode: ConcurrencyMode::kConcurrent]
[marking 0x00b94a4eb3e9 <JSFunction firstSetBitIndex32 (sfi = 000000B94A4DFA39)> for optimization to TURBOFAN_JS, ConcurrencyMode::kConcurrent, reason: hot and stable]
[compiling method 0x00b94a4eb3e9 <JSFunction firstSetBitIndex32 (sfi = 000000B94A4DFA39)> (target TURBOFAN_JS), mode: ConcurrencyMode::kConcurrent]
[completed compiling 0x00b43cde4339 <JSFunction popcount32 (sfi = 000000B43CDD89C9)> (target TURBOFAN_JS) - took 0.002, 0.183, 0.008 ms]
[completed optimizing 0x00b43cde4339 <JSFunction popcount32 (sfi = 000000B43CDD89C9)> (target TURBOFAN_JS)]
[completed compiling 0x00b94a4eb3e9 <JSFunction firstSetBitIndex32 (sfi = 000000B94A4DFA39)> (target TURBOFAN_JS) - took 0.001, 0.240, 0.008 ms]
[completed optimizing 0x00b94a4eb3e9 <JSFunction firstSetBitIndex32 (sfi = 000000B94A4DFA39)> (target TURBOFAN_JS)]
[marking 0x03d6dff6ff59 <JSFunction popcount32 (sfi = 000003D6DFF645B9)> for optimization to TURBOFAN_JS, ConcurrencyMode::kConcurrent, reason: hot and stable]
[compiling method 0x03d6dff6ff59 <JSFunction popcount32 (sfi = 000003D6DFF645B9)> (target TURBOFAN_JS), mode: ConcurrencyMode::kConcurrent]
[completed compiling 0x03d6dff6ff59 <JSFunction popcount32 (sfi = 000003D6DFF645B9)> (target TURBOFAN_JS) - took 0.002, 0.173, 0.007 ms]
[completed optimizing 0x03d6dff6ff59 <JSFunction popcount32 (sfi = 000003D6DFF645B9)> (target TURBOFAN_JS)]
[marking 0x01b422c44821 <JSFunction searchCpcOnlyFrontier (sfi = 000002BB47C0AA99)> for optimization to TURBOFAN_JS, ConcurrencyMode::kConcurrent, reason: hot and stable]
[compiling method 0x01b422c44821 <JSFunction searchCpcOnlyFrontier (sfi = 000002BB47C0AA99)> (target TURBOFAN_JS), mode: ConcurrencyMode::kConcurrent]
[marking 0x017a83657929 <JSFunction storeConnect4RbaExactCacheSlot32Frontier (sfi = 000000B43CDC8161)> for optimization to TURBOFAN_JS, ConcurrencyMode::kConcurrent, reason: hot and stable]
[compiling method 0x017a83657929 <JSFunction storeConnect4RbaExactCacheSlot32Frontier (sfi = 000000B43CDC8161)> (target TURBOFAN_JS), mode: ConcurrencyMode::kConcurrent]
[marking 0x02ca64698649 <JSFunction coordHas (sfi = 000000E216EDC061)> for optimization to TURBOFAN_JS, ConcurrencyMode::kConcurrent, reason: hot and stable]
[compiling method 0x02ca64698649 <JSFunction coordHas (sfi = 000000E216EDC061)> (target TURBOFAN_JS), mode: ConcurrencyMode::kConcurrent]
[completed compiling 0x02ca64698649 <JSFunction coordHas (sfi = 000000E216EDC061)> (target TURBOFAN_JS) - took 0.002, 0.316, 0.005 ms]
[completed optimizing 0x02ca64698649 <JSFunction coordHas (sfi = 000000E216EDC061)> (target TURBOFAN_JS)]
[marking 0x031f01986bb1 <JSFunction coordHas (sfi = 000003D6DFF63069)> for optimization to TURBOFAN_JS, ConcurrencyMode::kConcurrent, reason: hot and stable]
[compiling method 0x031f01986bb1 <JSFunction coordHas (sfi = 000003D6DFF63069)> (target TURBOFAN_JS), mode: ConcurrencyMode::kConcurrent]
[completed compiling 0x031f01986bb1 <JSFunction coordHas (sfi = 000003D6DFF63069)> (target TURBOFAN_JS) - took 0.002, 0.341, 0.007 ms]
[completed optimizing 0x031f01986bb1 <JSFunction coordHas (sfi = 000003D6DFF63069)> (target TURBOFAN_JS)]
[completed compiling 0x017a83657929 <JSFunction storeConnect4RbaExactCacheSlot32Frontier (sfi = 000000B43CDC8161)> (target TURBOFAN_JS) - took 0.002, 3.422, 0.023 ms]
[completed optimizing 0x017a83657929 <JSFunction storeConnect4RbaExactCacheSlot32Frontier (sfi = 000000B43CDC8161)> (target TURBOFAN_JS)]
[marking 0x01b422c63191 <JSFunction coordHas (sfi = 000002BB47C19C91)> for optimization to TURBOFAN_JS, ConcurrencyMode::kConcurrent, reason: hot and stable]
[compiling method 0x01b422c63191 <JSFunction coordHas (sfi = 000002BB47C19C91)> (target TURBOFAN_JS), mode: ConcurrencyMode::kConcurrent]
[completed compiling 0x01b422c63191 <JSFunction coordHas (sfi = 000002BB47C19C91)> (target TURBOFAN_JS) - took 0.001, 0.323, 0.008 ms]
[completed optimizing 0x01b422c63191 <JSFunction coordHas (sfi = 000002BB47C19C91)> (target TURBOFAN_JS)]
[marking 0x01c8a755e8c1 <JSFunction coordHas (sfi = 000000B94A4DE579)> for optimization to TURBOFAN_JS, ConcurrencyMode::kConcurrent, reason: hot and stable]
[compiling method 0x01c8a755e8c1 <JSFunction coordHas (sfi = 000000B94A4DE579)> (target TURBOFAN_JS), mode: ConcurrencyMode::kConcurrent]
[completed compiling 0x01c8a755e8c1 <JSFunction coordHas (sfi = 000000B94A4DE579)> (target TURBOFAN_JS) - took 0.005, 0.455, 0.015 ms]
[completed optimizing 0x01c8a755e8c1 <JSFunction coordHas (sfi = 000000B94A4DE579)> (target TURBOFAN_JS)]
[completed compiling 0x01b422c44821 <JSFunction searchCpcOnlyFrontier (sfi = 000002BB47C0AA99)> (target TURBOFAN_JS) - took 0.003, 13.367, 0.099 ms]
[completed optimizing 0x01b422c44821 <JSFunction searchCpcOnlyFrontier (sfi = 000002BB47C0AA99)> (target TURBOFAN_JS)]
[marking 0x017a83657391 <JSFunction coordHas (sfi = 000000B43CDD7479)> for optimization to TURBOFAN_JS, ConcurrencyMode::kConcurrent, reason: hot and stable]
[compiling method 0x017a83657391 <JSFunction coordHas (sfi = 000000B43CDD7479)> (target TURBOFAN_JS), mode: ConcurrencyMode::kConcurrent]
[completed compiling 0x017a83657391 <JSFunction coordHas (sfi = 000000B43CDD7479)> (target TURBOFAN_JS) - took 0.004, 0.316, 0.009 ms]
[completed optimizing 0x017a83657391 <JSFunction coordHas (sfi = 000000B43CDD7479)> (target TURBOFAN_JS)]
[4600:00000204FDA9C000]      333 ms: Scavenge 8.8 (11.6) -> 7.6 (12.4) MB, pooled: 0.0 MB, 0.46 / 0.00 ms (average mu = 1.000, current mu = 1.000) allocation failure; 
[marking 0x02ca64698749 <JSFunction deriveForkPreemption32 (sfi = 000000E216EDC181)> for optimization to TURBOFAN_JS, ConcurrencyMode::kConcurrent, reason: hot and stable]
[compiling method 0x02ca64698749 <JSFunction deriveForkPreemption32 (sfi = 000000E216EDC181)> (target TURBOFAN_JS), mode: ConcurrencyMode::kConcurrent]
[4600:00000204FDC81000]      334 ms: Scavenge (during sweeping) 8.7 (11.1) -> 6.7 (11.1) MB, pooled: 0.0 MB, 0.25 / 0.00 ms (average mu = 0.975, current mu = 0.975) allocation failure; 
[4600:000002078E0C1000]      334 ms: Scavenge (during sweeping) 8.7 (10.6) -> 6.8 (10.6) MB, pooled: 0.0 MB, 0.10 / 0.00 ms (average mu = 0.933, current mu = 0.933) allocation failure; 
[bailout (kind: deopt-eager, reason: Insufficient type feedback for generic named access): begin. deoptimizing 0x033e0cf92cd1 <JSFunction deriveForkPreemption32 (sfi = 0000028BDDC9AAE9)>, 0x02125c6aeb59 <Code MAGLEV>, opt id 290, bytecode offset 696, deopt exit 89, FP to SP delta 232, caller SP 0x00150f9f9258, pc 0x0207ee83b366]
[completed compiling 0x02ca64698749 <JSFunction deriveForkPreemption32 (sfi = 000000E216EDC181)> (target TURBOFAN_JS) - took 0.003, 6.704, 0.053 ms]
[completed optimizing 0x02ca64698749 <JSFunction deriveForkPreemption32 (sfi = 000000E216EDC181)> (target TURBOFAN_JS)]
[marking 0x03ff53242341 <JSFunction pairedResponseNoWin (sfi = 0000031411087E61)> for optimization to TURBOFAN_JS, ConcurrencyMode::kConcurrent, reason: hot and stable]
[compiling method 0x03ff53242341 <JSFunction pairedResponseNoWin (sfi = 0000031411087E61)> (target TURBOFAN_JS), mode: ConcurrencyMode::kConcurrent]
[completed compiling 0x03ff53242341 <JSFunction pairedResponseNoWin (sfi = 0000031411087E61)> (target TURBOFAN_JS) - took 0.003, 2.276, 0.023 ms]
[completed optimizing 0x03ff53242341 <JSFunction pairedResponseNoWin (sfi = 0000031411087E61)> (target TURBOFAN_JS)]
[marking 0x033e0cf92cd1 <JSFunction deriveForkPreemption32 (sfi = 0000028BDDC9AAE9)> for optimization to MAGLEV, ConcurrencyMode::kConcurrent, reason: hot and stable]
[compiling method 0x033e0cf92cd1 <JSFunction deriveForkPreemption32 (sfi = 0000028BDDC9AAE9)> (target MAGLEV), mode: ConcurrencyMode::kConcurrent]
[completed compiling 0x033e0cf92cd1 <JSFunction deriveForkPreemption32 (sfi = 0000028BDDC9AAE9)> (target MAGLEV) - took 0.000, 1.194, 0.010 ms]
[marking 0x033e0cf92c91 <JSFunction coordHas (sfi = 0000028BDDC9A9C9)> for optimization to TURBOFAN_JS, ConcurrencyMode::kConcurrent, reason: hot and stable]
[compiling method 0x033e0cf92c91 <JSFunction coordHas (sfi = 0000028BDDC9A9C9)> (target TURBOFAN_JS), mode: ConcurrencyMode::kConcurrent]
[completed compiling 0x033e0cf92c91 <JSFunction coordHas (sfi = 0000028BDDC9A9C9)> (target TURBOFAN_JS) - took 0.002, 0.374, 0.007 ms]
[completed optimizing 0x033e0cf92c91 <JSFunction coordHas (sfi = 0000028BDDC9A9C9)> (target TURBOFAN_JS)]
[marking 0x031f01986cb1 <JSFunction deriveForkPreemption32 (sfi = 000003D6DFF63189)> for optimization to TURBOFAN_JS, ConcurrencyMode::kConcurrent, reason: hot and stable]
[compiling method 0x031f01986cb1 <JSFunction deriveForkPreemption32 (sfi = 000003D6DFF63189)> (target TURBOFAN_JS), mode: ConcurrencyMode::kConcurrent]
[marking 0x031411094fd1 <JSFunction evaluateConnect4CpcNonterminal32 (sfi = 0000031411087CB1)> for optimization to TURBOFAN_JS, ConcurrencyMode::kConcurrent, reason: hot and stable]
[compiling method 0x031411094fd1 <JSFunction evaluateConnect4CpcNonterminal32 (sfi = 0000031411087CB1)> (target TURBOFAN_JS), mode: ConcurrencyMode::kConcurrent]
[marking 0x01b422c63251 <JSFunction deriveForkPreemption32 (sfi = 000002BB47C19DB1)> for optimization to TURBOFAN_JS, ConcurrencyMode::kConcurrent, reason: hot and stable]
[compiling method 0x01b422c63251 <JSFunction deriveForkPreemption32 (sfi = 000002BB47C19DB1)> (target TURBOFAN_JS), mode: ConcurrencyMode::kConcurrent]
[completed compiling 0x031f01986cb1 <JSFunction deriveForkPreemption32 (sfi = 000003D6DFF63189)> (target TURBOFAN_JS) - took 0.004, 7.042, 0.044 ms]
[completed optimizing 0x031f01986cb1 <JSFunction deriveForkPreemption32 (sfi = 000003D6DFF63189)> (target TURBOFAN_JS)]
[completed compiling 0x031411094fd1 <JSFunction evaluateConnect4CpcNonterminal32 (sfi = 0000031411087CB1)> (target TURBOFAN_JS) - took 0.002, 7.911, 0.054 ms]
[completed optimizing 0x031411094fd1 <JSFunction evaluateConnect4CpcNonterminal32 (sfi = 0000031411087CB1)> (target TURBOFAN_JS)]
[completed compiling 0x01b422c63251 <JSFunction deriveForkPreemption32 (sfi = 000002BB47C19DB1)> (target TURBOFAN_JS) - took 0.003, 7.192, 0.050 ms]
[completed optimizing 0x01b422c63251 <JSFunction deriveForkPreemption32 (sfi = 000002BB47C19DB1)> (target TURBOFAN_JS)]
[marking 0x017a83657491 <JSFunction deriveForkPreemption32 (sfi = 000000B43CDD7599)> for optimization to TURBOFAN_JS, ConcurrencyMode::kConcurrent, reason: hot and stable]
[compiling method 0x017a83657491 <JSFunction deriveForkPreemption32 (sfi = 000000B43CDD7599)> (target TURBOFAN_JS), mode: ConcurrencyMode::kConcurrent]
[marking 0x031f019878d1 <JSFunction absToRelativeFrontier (sfi = 000003D6DFF53DC9)> for optimization to TURBOFAN_JS, ConcurrencyMode::kConcurrent, reason: hot and stable]
[compiling method 0x031f019878d1 <JSFunction absToRelativeFrontier (sfi = 000003D6DFF53DC9)> (target TURBOFAN_JS), mode: ConcurrencyMode::kConcurrent]
[completed compiling 0x031f019878d1 <JSFunction absToRelativeFrontier (sfi = 000003D6DFF53DC9)> (target TURBOFAN_JS) - took 0.002, 0.335, 0.008 ms]
[completed optimizing 0x031f019878d1 <JSFunction absToRelativeFrontier (sfi = 000003D6DFF53DC9)> (target TURBOFAN_JS)]
[completed compiling 0x017a83657491 <JSFunction deriveForkPreemption32 (sfi = 000000B43CDD7599)> (target TURBOFAN_JS) - took 0.003, 5.391, 0.037 ms]
[completed optimizing 0x017a83657491 <JSFunction deriveForkPreemption32 (sfi = 000000B43CDD7599)> (target TURBOFAN_JS)]
[marking 0x02ca646986c9 <JSFunction playableCell (sfi = 000000E216EDC0F1)> for optimization to TURBOFAN_JS, ConcurrencyMode::kConcurrent, reason: hot and stable]
[compiling method 0x02ca646986c9 <JSFunction playableCell (sfi = 000000E216EDC0F1)> (target TURBOFAN_JS), mode: ConcurrencyMode::kConcurrent]
[completed compiling 0x02ca646986c9 <JSFunction playableCell (sfi = 000000E216EDC0F1)> (target TURBOFAN_JS) - took 0.004, 0.565, 0.016 ms]
[completed optimizing 0x02ca646986c9 <JSFunction playableCell (sfi = 000000E216EDC0F1)> (target TURBOFAN_JS)]
[bailout (kind: deopt-eager, reason: Insufficient type feedback for generic named access): begin. deoptimizing 0x02ca64698749 <JSFunction deriveForkPreemption32 (sfi = 000000E216EDC181)>, 0x0296981cf1d1[bailout (kind: deopt-eager, reason: Insufficient type feedback for generic named access): begin. deoptimizing  <Code TURBOFAN_JS>, opt id 223, bytecode offset 696, deopt exit 48, FP to SP delta 184, caller SP 0x00150e1f9748, pc 0x02075e038aa5]
0x017a83657491 <JSFunction deriveForkPreemption32 (sfi = 000000B43CDD7599)>, 0x025115d1c489 <Code TURBOFAN_JS>, opt id 483, bytecode offset 696, deopt exit 48, FP to SP delta 168, caller SP 0x00150f1f9638, pc 0x0207ce888b34]
[bailout (kind: deopt-eager, reason: Insufficient type feedback for generic named access): begin. deoptimizing 0x031f01986cb1 <JSFunction deriveForkPreemption32 (sfi = 000003D6DFF63189)>, 0x033b133f8341 <Code TURBOFAN_JS>, opt id 181, bytecode offset 696, deopt exit 36, FP to SP delta 176, caller SP 0x00150e9f9618, pc 0x02078e8382f3]
[marking 0x02ca64698749 <JSFunction deriveForkPreemption32 (sfi = 000000E216EDC181)> for optimization to MAGLEV, ConcurrencyMode::kConcurrent, reason: hot and stable]
[compiling method 0x02ca64698749 <JSFunction deriveForkPreemption32 (sfi = 000000E216EDC181)> (target MAGLEV), mode: ConcurrencyMode::kConcurrent]
[marking 0x017a83657491 <JSFunction deriveForkPreemption32 (sfi = 000000B43CDD7599)> for optimization to MAGLEV, ConcurrencyMode::kConcurrent, reason: hot and stable]
[compiling method 0x017a83657491 <JSFunction deriveForkPreemption32 (sfi = 000000B43CDD7599)> (target MAGLEV), mode: ConcurrencyMode::kConcurrent]
[completed compiling 0x02ca64698749 <JSFunction deriveForkPreemption32 (sfi = 000000E216EDC181)> (target MAGLEV) - took 0.000, 1.359, 0.012 ms]
[completed compiling 0x017a83657491 <JSFunction deriveForkPreemption32 (sfi = 000000B43CDD7599)> (target MAGLEV) - took 0.001, 1.226, 0.010 ms]
[marking 0x031f01986cb1 <JSFunction deriveForkPreemption32 (sfi = 000003D6DFF63189)> for optimization to MAGLEV, ConcurrencyMode::kConcurrent, reason: hot and stable]
[compiling method 0x031f01986cb1 <JSFunction deriveForkPreemption32 (sfi = 000003D6DFF63189)> (target MAGLEV), mode: ConcurrencyMode::kConcurrent]
[completed compiling 0x031f01986cb1 <JSFunction deriveForkPreemption32 (sfi = 000003D6DFF63189)> (target MAGLEV) - took 0.000, 1.177, 0.012 ms]
[marking 0x031f01986c31 <JSFunction playableCell (sfi = 000003D6DFF630F9)> for optimization to TURBOFAN_JS, ConcurrencyMode::kConcurrent, reason: hot and stable]
[compiling method 0x031f01986c31 <JSFunction playableCell (sfi = 000003D6DFF630F9)> (target TURBOFAN_JS), mode: ConcurrencyMode::kConcurrent]
[completed compiling 0x031f01986c31 <JSFunction playableCell (sfi = 000003D6DFF630F9)> (target TURBOFAN_JS) - took 0.003, 0.551, 0.013 ms]
[completed optimizing 0x031f01986c31 <JSFunction playableCell (sfi = 000003D6DFF630F9)> (target TURBOFAN_JS)]
[marking 0x02ca64698749 <JSFunction deriveForkPreemption32 (sfi = 000000E216EDC181)> for optimization to TURBOFAN_JS, ConcurrencyMode::kConcurrent, reason: hot and stable]
[compiling method 0x02ca64698749 <JSFunction deriveForkPreemption32 (sfi = 000000E216EDC181)> (target TURBOFAN_JS), mode: ConcurrencyMode::kConcurrent]
[marking 0x031f01986cb1 <JSFunction deriveForkPreemption32 (sfi = 000003D6DFF63189)> for optimization to TURBOFAN_JS, ConcurrencyMode::kConcurrent, reason: hot and stable]
[compiling method 0x031f01986cb1 <JSFunction deriveForkPreemption32 (sfi = 000003D6DFF63189)> (target TURBOFAN_JS), mode: ConcurrencyMode::kConcurrent]
[marking 0x01c8a755e9c1 <JSFunction deriveForkPreemption32 (sfi = 000000B94A4DE699)> for optimization to TURBOFAN_JS, ConcurrencyMode::kConcurrent, reason: hot and stable]
[compiling method 0x01c8a755e9c1 <JSFunction deriveForkPreemption32 (sfi = 000000B94A4DE699)> (target TURBOFAN_JS), mode: ConcurrencyMode::kConcurrent]
[completed compiling 0x02ca64698749 <JSFunction deriveForkPreemption32 (sfi = 000000E216EDC181)> (target TURBOFAN_JS) - took 0.003, 6.423, 0.051 ms]
[completed optimizing 0x02ca64698749 <JSFunction deriveForkPreemption32 (sfi = 000000E216EDC181)> (target TURBOFAN_JS)]
[completed compiling 0x031f01986cb1 <JSFunction deriveForkPreemption32 (sfi = 000003D6DFF63189)> (target TURBOFAN_JS) - took 0.003, 4.355, 0.055 ms]
[completed optimizing 0x031f01986cb1 <JSFunction deriveForkPreemption32 (sfi = 000003D6DFF63189)> (target TURBOFAN_JS)]
[marking 0x033e0cf92cd1 <JSFunction deriveForkPreemption32 (sfi = 0000028BDDC9AAE9)> for optimization to TURBOFAN_JS, ConcurrencyMode::kConcurrent, reason: hot and stable]
[compiling method 0x033e0cf92cd1 <JSFunction deriveForkPreemption32 (sfi = 0000028BDDC9AAE9)> (target TURBOFAN_JS), mode: ConcurrencyMode::kConcurrent]
[completed compiling 0x01c8a755e9c1 <JSFunction deriveForkPreemption32 (sfi = 000000B94A4DE699)> (target TURBOFAN_JS) - took 0.003, 5.271, 0.037 ms]
[completed optimizing 0x01c8a755e9c1 <JSFunction deriveForkPreemption32 (sfi = 000000B94A4DE699)> (target TURBOFAN_JS)]
[completed compiling 0x033e0cf92cd1 <JSFunction deriveForkPreemption32 (sfi = 0000028BDDC9AAE9)> (target TURBOFAN_JS) - took 0.002, 5.567, 0.048 ms]
[completed optimizing 0x033e0cf92cd1 <JSFunction deriveForkPreemption32 (sfi = 0000028BDDC9AAE9)> (target TURBOFAN_JS)]
[4600:00000204FDDF6000]      465 ms: Scavenge (during sweeping) 8.8 (11.9) -> 6.9 (11.9) MB, pooled: 0.0 MB, 0.21 / 0.00 ms (average mu = 0.938, current mu = 0.938) allocation failure; 
[marking 0x017a83657411 <JSFunction playableCell (sfi = 000000B43CDD7509)> for optimization to TURBOFAN_JS, ConcurrencyMode::kConcurrent, reason: hot and stable]
[compiling method 0x017a83657411 <JSFunction playableCell (sfi = 000000B43CDD7509)> (target TURBOFAN_JS), mode: ConcurrencyMode::kConcurrent]
[completed compiling 0x017a83657411 <JSFunction playableCell (sfi = 000000B43CDD7509)> (target TURBOFAN_JS) - took 0.005, 0.574, 0.014 ms]
[completed optimizing 0x017a83657411 <JSFunction playableCell (sfi = 000000B43CDD7509)> (target TURBOFAN_JS)]
[4600:000002078E0F9000]      477 ms: Scavenge (during sweeping) 8.6 (12.1) -> 6.7 (12.1) MB, pooled: 0.0 MB, 0.11 / 0.00 ms (average mu = 0.981, current mu = 0.981) allocation failure; 
[marking 0x03ff53242611 <JSFunction storeConnect4RbaExactCacheSlot32Frontier (sfi = 0000034CC2B783E1)> for optimization to MAGLEV, ConcurrencyMode::kConcurrent, reason: hot and stable]
[compiling method 0x03ff53242611 <JSFunction storeConnect4RbaExactCacheSlot32Frontier (sfi = 0000034CC2B783E1)> (target MAGLEV), mode: ConcurrencyMode::kConcurrent]
[completed compiling 0x03ff53242611 <JSFunction storeConnect4RbaExactCacheSlot32Frontier (sfi = 0000034CC2B783E1)> (target MAGLEV) - took 0.001, 0.538, 0.007 ms]
[bailout (kind: deopt-eager, reason: Insufficient type feedback for compare operation): begin. deoptimizing 0x033e8831ac21 <JSFunction searchCpcOnlyFrontier (sfi = 0000034CC2B78501)>, 0x01297a51f541 <Code TURBOFAN_JS>, opt id 230, bytecode offset 2364, deopt exit 209, FP to SP delta 560, caller SP 0x00150c9fb808, pc 0x0204d35764be]
[bailout (kind: deopt-lazy, reason: (unknown)): begin. deoptimizing 0x033e8831ac21 <JSFunction searchCpcOnlyFrontier (sfi = 0000034CC2B78501)>, 0x01297a51f541 <Code TURBOFAN_JS>, opt id 230, bytecode offset 2128, deopt exit 249, FP to SP delta 560, caller SP 0x00150c9fbaa8, pc 0x0204d357655e]
[bailout (kind: deopt-lazy, reason: (unknown)): begin. deoptimizing 0x033e8831ac21 <JSFunction searchCpcOnlyFrontier (sfi = 0000034CC2B78501)>, 0x01297a51f541 <Code TURBOFAN_JS>, opt id 230, bytecode offset 2128, deopt exit 249, FP to SP delta 560, caller SP 0x00150c9fbd48, pc 0x0204d357655e]
[bailout (kind: deopt-lazy, reason: (unknown)): begin. deoptimizing 0x033e8831ac21 <JSFunction searchCpcOnlyFrontier (sfi = 0000034CC2B78501)>, 0x01297a51f541 <Code TURBOFAN_JS>, opt id 230, bytecode offset 2128, deopt exit 249, FP to SP delta 560, caller SP 0x00150c9fbfe8, pc 0x0204d357655e]
[marking 0x033e8831ac21 <JSFunction searchCpcOnlyFrontier (sfi = 0000034CC2B78501)> for optimization to MAGLEV, ConcurrencyMode::kConcurrent, reason: hot and stable]
[compiling method 0x033e8831ac21 <JSFunction searchCpcOnlyFrontier (sfi = 0000034CC2B78501)> (target MAGLEV), mode: ConcurrencyMode::kConcurrent]
[4600:00000204FDA9C000]      496 ms: Incremental Mark-Compact 8.0 (12.4) -> 6.4 (12.4) MB, pooled: 0.0 MB, 0.92 / 0.00 ms (+ 0.0 ms in 1 steps since start of marking, biggest step 0.0 ms, walltime since start of marking 14 ms) (average mu = 0.998, current mu = 0.998) finalize incremental marking via stack guard; GC in old space requested
[completed compiling 0x033e8831ac21 <JSFunction searchCpcOnlyFrontier (sfi = 0000034CC2B78501)> (target MAGLEV) - took 0.000, 3.545, 0.031 ms]
[4600:00000204FDB20000]      499 ms: Scavenge (during sweeping) 8.9 (12.6) -> 7.0 (12.6) MB, pooled: 0.0 MB, 0.14 / 0.00 ms (average mu = 0.947, current mu = 0.947) allocation failure; 
[marking 0x017a83657491 <JSFunction deriveForkPreemption32 (sfi = 000000B43CDD7599)> for optimization to TURBOFAN_JS, ConcurrencyMode::kConcurrent, reason: hot and stable]
[compiling method 0x017a83657491 <JSFunction deriveForkPreemption32 (sfi = 000000B43CDD7599)> (target TURBOFAN_JS), mode: ConcurrencyMode::kConcurrent]
[bailout (kind: deopt-lazy, reason: (unknown)): begin. deoptimizing 0x033e8831ac21 <JSFunction searchCpcOnlyFrontier (sfi = 0000034CC2B78501)>, 0x01297a51f541 <Code TURBOFAN_JS>, opt id 230, bytecode offset 2128, deopt exit 249, FP to SP delta 560, caller SP 0x00150c9fc288, pc 0x0204d357655e]
[completed compiling 0x017a83657491 <JSFunction deriveForkPreemption32 (sfi = 000000B43CDD7599)> (target TURBOFAN_JS) - took 0.006, 6.913, 0.052 ms]
[completed optimizing 0x017a83657491 <JSFunction deriveForkPreemption32 (sfi = 000000B43CDD7599)> (target TURBOFAN_JS)]
[marking 0x033e0cf92c51 <JSFunction playableCell (sfi = 0000028BDDC9AA59)> for optimization to TURBOFAN_JS, ConcurrencyMode::kConcurrent, reason: hot and stable]
[compiling method 0x033e0cf92c51 <JSFunction playableCell (sfi = 0000028BDDC9AA59)> (target TURBOFAN_JS), mode: ConcurrencyMode::kConcurrent]
[completed compiling 0x033e0cf92c51 <JSFunction playableCell (sfi = 0000028BDDC9AA59)> (target TURBOFAN_JS) - took 0.002, 0.482, 0.014 ms]
[completed optimizing 0x033e0cf92c51 <JSFunction playableCell (sfi = 0000028BDDC9AA59)> (target TURBOFAN_JS)]
[marking 0x031411093271 <JSFunction completeRootFrontierNode32 (sfi = 0000034CC2B79A49)> for optimization to TURBOFAN_JS, ConcurrencyMode::kConcurrent, reason: hot and stable]
[compiling method 0x031411093271 <JSFunction completeRootFrontierNode32 (sfi = 0000034CC2B79A49)> (target TURBOFAN_JS), mode: ConcurrencyMode::kConcurrent]
[completed compiling 0x031411093271 <JSFunction completeRootFrontierNode32 (sfi = 0000034CC2B79A49)> (target TURBOFAN_JS) - took 0.003, 0.500, 0.016 ms]
[completed optimizing 0x031411093271 <JSFunction completeRootFrontierNode32 (sfi = 0000034CC2B79A49)> (target TURBOFAN_JS)]
[4600:00000204FDBA1000]      549 ms: Scavenge (during sweeping) 8.8 (12.4) -> 6.9 (12.4) MB, pooled: 0.0 MB, 0.12 / 0.00 ms (average mu = 0.995, current mu = 0.995) allocation failure; 
[4600:00000204FDC81000]      564 ms: Scavenge (during sweeping) 8.7 (12.1) -> 6.8 (12.1) MB, pooled: 0.0 MB, 0.11 / 0.00 ms (average mu = 0.975, current mu = 0.975) allocation failure; 
[marking 0x033e8831ac21 <JSFunction searchCpcOnlyFrontier (sfi = 0000034CC2B78501)> for optimization to TURBOFAN_JS, ConcurrencyMode::kConcurrent, reason: hot and stable]
[compiling method 0x033e8831ac21 <JSFunction searchCpcOnlyFrontier (sfi = 0000034CC2B78501)> (target TURBOFAN_JS), mode: ConcurrencyMode::kConcurrent]
[4600:000002078E0C1000]      576 ms: Scavenge (during sweeping) 8.8 (12.6) -> 6.9 (12.6) MB, pooled: 0.0 MB, 0.11 / 0.00 ms (average mu = 0.933, current mu = 0.933) allocation failure; 
[bailout (kind: deopt-eager, reason: Insufficient type feedback for generic named access): begin. deoptimizing 0x01b422c63251 <JSFunction deriveForkPreemption32 (sfi = 000002BB47C19DB1)>, 0x02fde35a7fd9 <Code TURBOFAN_JS>, opt id 216, bytecode offset 696, deopt exit 36, FP to SP delta 176, caller SP 0x00150d1f9978, pc 0x0206fe08e433]
[marking 0x01b422c63251 <JSFunction deriveForkPreemption32 (sfi = 000002BB47C19DB1)> for optimization to MAGLEV, ConcurrencyMode::kConcurrent, reason: hot and stable]
[compiling method 0x01b422c63251 <JSFunction deriveForkPreemption32 (sfi = 000002BB47C19DB1)> (target MAGLEV), mode: ConcurrencyMode::kConcurrent]
[completed compiling 0x01b422c63251 <JSFunction deriveForkPreemption32 (sfi = 000002BB47C19DB1)> (target MAGLEV) - took 0.000, 1.685, 0.047 ms]
[completed compiling 0x033e8831ac21 <JSFunction searchCpcOnlyFrontier (sfi = 0000034CC2B78501)> (target TURBOFAN_JS) - took 0.007, 15.290, 0.078 ms]
[completed optimizing 0x033e8831ac21 <JSFunction searchCpcOnlyFrontier (sfi = 0000034CC2B78501)> (target TURBOFAN_JS)]
[marking 0x034038526701 <JSFunction playableCell (sfi = 000002BB47C19D21)> for optimization to TURBOFAN_JS, ConcurrencyMode::kConcurrent, reason: hot and stable]
[compiling method 0x034038526701 <JSFunction playableCell (sfi = 000002BB47C19D21)> (target TURBOFAN_JS), mode: ConcurrencyMode::kConcurrent]
[completed compiling 0x034038526701 <JSFunction playableCell (sfi = 000002BB47C19D21)> (target TURBOFAN_JS) - took 0.003, 0.579, 0.017 ms]
[completed optimizing 0x034038526701 <JSFunction playableCell (sfi = 000002BB47C19D21)> (target TURBOFAN_JS)]
[marking 0x01b422c63251 <JSFunction deriveForkPreemption32 (sfi = 000002BB47C19DB1)> for optimization to TURBOFAN_JS, ConcurrencyMode::kConcurrent, reason: hot and stable]
[compiling method 0x01b422c63251 <JSFunction deriveForkPreemption32 (sfi = 000002BB47C19DB1)> (target TURBOFAN_JS), mode: ConcurrencyMode::kConcurrent]
[completed compiling 0x01b422c63251 <JSFunction deriveForkPreemption32 (sfi = 000002BB47C19DB1)> (target TURBOFAN_JS) - took 0.004, 4.426, 0.059 ms]
[completed optimizing 0x01b422c63251 <JSFunction deriveForkPreemption32 (sfi = 000002BB47C19DB1)> (target TURBOFAN_JS)]
[4600:00000204FDDF6000]      710 ms: Scavenge (during sweeping) 8.9 (11.9) -> 6.9 (11.9) MB, pooled: 0.0 MB, 0.23 / 0.00 ms (average mu = 0.938, current mu = 0.938) allocation failure; 
[4600:000002078E0F9000]      724 ms: Scavenge (during sweeping) 8.6 (12.1) -> 6.6 (12.1) MB, pooled: 0.0 MB, 0.16 / 0.00 ms (average mu = 0.981, current mu = 0.981) allocation failure; 
[4600:00000204FDB20000]      757 ms: Scavenge (during sweeping) 9.0 (12.6) -> 7.1 (12.6) MB, pooled: 0.0 MB, 0.12 / 0.00 ms (average mu = 0.947, current mu = 0.947) allocation failure; 
[marking 0x031411094b91 <JSFunction popcount32 (sfi = 0000031411089249)> for optimization to MAGLEV, ConcurrencyMode::kConcurrent, reason: hot and stable]
[compiling method 0x031411094b91 <JSFunction popcount32 (sfi = 0000031411089249)> (target MAGLEV), mode: ConcurrencyMode::kConcurrent]
[completed compiling 0x031411094b91 <JSFunction popcount32 (sfi = 0000031411089249)> (target MAGLEV) - took 0.000, 0.168, 0.004 ms]
[4600:00000204FDC81000]      782 ms: Scavenge (during sweeping) 8.7 (12.1) -> 6.8 (12.1) MB, pooled: 0.0 MB, 0.10 / 0.00 ms (average mu = 0.975, current mu = 0.975) allocation failure; 
[4600:000002078E0C1000]      821 ms: Scavenge (during sweeping) 8.8 (12.6) -> 6.8 (12.6) MB, pooled: 0.0 MB, 0.15 / 0.00 ms (average mu = 0.933, current mu = 0.933) allocation failure; 
[marking 0x01c8a755e941 <JSFunction playableCell (sfi = 000000B94A4DE609)> for optimization to TURBOFAN_JS, ConcurrencyMode::kConcurrent, reason: hot and stable]
[compiling method 0x01c8a755e941 <JSFunction playableCell (sfi = 000000B94A4DE609)> (target TURBOFAN_JS), mode: ConcurrencyMode::kConcurrent]
[completed compiling 0x01c8a755e941 <JSFunction playableCell (sfi = 000000B94A4DE609)> (target TURBOFAN_JS) - took 0.005, 0.562, 0.020 ms]
[completed optimizing 0x01c8a755e941 <JSFunction playableCell (sfi = 000000B94A4DE609)> (target TURBOFAN_JS)]
[4600:00000204FDBA1000]      829 ms: Scavenge (during sweeping) 8.8 (12.4) -> 6.9 (12.4) MB, pooled: 0.0 MB, 0.09 / 0.00 ms (average mu = 0.995, current mu = 0.995) allocation failure; 
[marking 0x03ff53242651 <JSFunction relativeToAbsFrontier (sfi = 0000034CC2B784B9)> for optimization to MAGLEV, ConcurrencyMode::kConcurrent, reason: hot and stable]
[compiling method 0x03ff53242651 <JSFunction relativeToAbsFrontier (sfi = 0000034CC2B784B9)> (target MAGLEV), mode: ConcurrencyMode::kConcurrent]
[completed compiling 0x03ff53242651 <JSFunction relativeToAbsFrontier (sfi = 0000034CC2B784B9)> (target MAGLEV) - took 0.001, 0.132, 0.002 ms]
[4600:00000204FDDF6000]      980 ms: Scavenge (during sweeping) 8.9 (11.9) -> 6.9 (11.9) MB, pooled: 0.0 MB, 0.14 / 0.00 ms (average mu = 0.938, current mu = 0.938) allocation failure; 
[4600:000002078E0F9000]     1002 ms: Scavenge (during sweeping) 8.6 (12.1) -> 6.6 (12.1) MB, pooled: 0.0 MB, 0.14 / 0.00 ms (average mu = 0.981, current mu = 0.981) allocation failure; 
[4600:00000204FDB20000]     1014 ms: Scavenge (during sweeping) 9.0 (12.6) -> 7.0 (12.6) MB, pooled: 0.0 MB, 0.14 / 0.00 ms (average mu = 0.947, current mu = 0.947) allocation failure; 
[4600:00000204FDBA1000]     1051 ms: Scavenge (during sweeping) 8.8 (12.4) -> 6.8 (12.4) MB, pooled: 0.0 MB, 0.12 / 0.00 ms (average mu = 0.995, current mu = 0.995) allocation failure; 
[4600:000002078E0C1000]     1084 ms: Scavenge (during sweeping) 8.8 (12.6) -> 6.8 (12.6) MB, pooled: 0.0 MB, 0.10 / 0.00 ms (average mu = 0.933, current mu = 0.933) allocation failure; 
[4600:00000204FDC81000]     1089 ms: Scavenge (during sweeping) 8.8 (12.1) -> 6.8 (12.1) MB, pooled: 0.0 MB, 0.12 / 0.00 ms (average mu = 0.975, current mu = 0.975) allocation failure; 
[bailout (kind: deopt-eager, reason: Insufficient type feedback for generic named access): begin. deoptimizing 0x01c8a755e9c1 <JSFunction deriveForkPreemption32 (sfi = 000000B94A4DE699)>, 0x01f64ce987b9 <Code TURBOFAN_JS>, opt id 140, bytecode offset 696, deopt exit 48, FP to SP delta 184, caller SP 0x00150d9f8f68, pc 0x02072e02c7e5]
[marking 0x01c8a755e9c1 <JSFunction deriveForkPreemption32 (sfi = 000000B94A4DE699)> for optimization to MAGLEV, ConcurrencyMode::kConcurrent, reason: hot and stable]
[compiling method 0x01c8a755e9c1 <JSFunction deriveForkPreemption32 (sfi = 000000B94A4DE699)> (target MAGLEV), mode: ConcurrencyMode::kConcurrent]
[completed compiling 0x01c8a755e9c1 <JSFunction deriveForkPreemption32 (sfi = 000000B94A4DE699)> (target MAGLEV) - took 0.000, 1.226, 0.013 ms]
[4600:00000204FDDF6000]     1184 ms: Scavenge (during sweeping) 8.9 (11.9) -> 6.9 (11.9) MB, pooled: 0.0 MB, 0.10 / 0.00 ms (average mu = 0.938, current mu = 0.938) allocation failure; 
[marking 0x01c8a755e9c1 <JSFunction deriveForkPreemption32 (sfi = 000000B94A4DE699)> for optimization to TURBOFAN_JS, ConcurrencyMode::kConcurrent, reason: hot and stable]
[compiling method 0x01c8a755e9c1 <JSFunction deriveForkPreemption32 (sfi = 000000B94A4DE699)> (target TURBOFAN_JS), mode: ConcurrencyMode::kConcurrent]
[completed compiling 0x01c8a755e9c1 <JSFunction deriveForkPreemption32 (sfi = 000000B94A4DE699)> (target TURBOFAN_JS) - took 0.007, 7.048, 0.060 ms]
[completed optimizing 0x01c8a755e9c1 <JSFunction deriveForkPreemption32 (sfi = 000000B94A4DE699)> (target TURBOFAN_JS)]
[4600:000002078E0F9000]     1269 ms: Scavenge (during sweeping) 8.6 (12.1) -> 6.6 (12.1) MB, pooled: 0.0 MB, 0.14 / 0.00 ms (average mu = 0.981, current mu = 0.981) allocation failure; 
[4600:00000204FDB20000]     1291 ms: Scavenge (during sweeping) 9.0 (12.6) -> 7.0 (12.6) MB, pooled: 0.0 MB, 0.10 / 0.00 ms (average mu = 0.947, current mu = 0.947) allocation failure; 
[4600:00000204FDBA1000]     1297 ms: Scavenge (during sweeping) 8.9 (12.4) -> 7.0 (12.4) MB, pooled: 0.0 MB, 0.12 / 0.00 ms (average mu = 0.995, current mu = 0.995) allocation failure; 
[4600:000002078E0C1000]     1336 ms: Scavenge (during sweeping) 8.8 (12.6) -> 6.8 (12.6) MB, pooled: 0.0 MB, 0.09 / 0.00 ms (average mu = 0.933, current mu = 0.933) allocation failure; 
[4600:00000204FDC81000]     1359 ms: Scavenge (during sweeping) 8.8 (12.1) -> 6.8 (12.1) MB, pooled: 0.0 MB, 0.12 / 0.00 ms (average mu = 0.975, current mu = 0.975) allocation failure; 
[4600:00000204FDA9C000]     1368 ms: Scavenge (during sweeping) 8.5 (12.4) -> 6.5 (12.4) MB, pooled: 0.0 MB, 0.11 / 0.00 ms (average mu = 0.998, current mu = 0.998) allocation failure; 
[4600:00000204FDDF6000]     1419 ms: Scavenge (during sweeping) 8.9 (11.9) -> 6.9 (11.9) MB, pooled: 0.0 MB, 0.10 / 0.00 ms (average mu = 0.938, current mu = 0.938) allocation failure; 
[4600:000002078E0F9000]     1518 ms: Scavenge (during sweeping) 8.6 (12.1) -> 6.6 (12.1) MB, pooled: 0.0 MB, 0.09 / 0.00 ms (average mu = 0.981, current mu = 0.981) allocation failure; 
[4600:000002078E0C1000]     1536 ms: Scavenge (during sweeping) 8.8 (12.6) -> 6.8 (12.6) MB, pooled: 0.0 MB, 0.09 / 0.00 ms (average mu = 0.933, current mu = 0.933) allocation failure; 
[4600:00000204FDBA1000]     1550 ms: Scavenge (during sweeping) 8.9 (12.4) -> 6.9 (12.4) MB, pooled: 0.0 MB, 0.15 / 0.00 ms (average mu = 0.995, current mu = 0.995) allocation failure; 
[4600:00000204FDB20000]     1552 ms: Scavenge (during sweeping) 9.0 (12.6) -> 7.0 (12.6) MB, pooled: 0.0 MB, 0.08 / 0.00 ms (average mu = 0.947, current mu = 0.947) allocation failure; 
[4600:00000204FDC81000]     1584 ms: Scavenge (during sweeping) 8.8 (12.1) -> 6.8 (12.1) MB, pooled: 0.0 MB, 0.09 / 0.00 ms (average mu = 0.975, current mu = 0.975) allocation failure; 
[4600:00000204FDDF6000]     1671 ms: Scavenge (during sweeping) 8.9 (11.9) -> 6.9 (11.9) MB, pooled: 0.0 MB, 0.10 / 0.00 ms (average mu = 0.938, current mu = 0.938) allocation failure; 
[4600:000002078E0F9000]     1745 ms: Scavenge (during sweeping) 8.6 (12.1) -> 6.6 (12.1) MB, pooled: 0.0 MB, 0.09 / 0.00 ms (average mu = 0.981, current mu = 0.981) allocation failure; 
[4600:00000204FDB20000]     1758 ms: Scavenge (during sweeping) 9.0 (12.6) -> 7.0 (12.6) MB, pooled: 0.0 MB, 0.09 / 0.00 ms (average mu = 0.947, current mu = 0.947) allocation failure; 
[4600:000002078E0C1000]     1773 ms: Scavenge (during sweeping) 8.8 (12.6) -> 6.8 (12.6) MB, pooled: 0.0 MB, 0.12 / 0.00 ms (average mu = 0.933, current mu = 0.933) allocation failure; 
[4600:00000204FDBA1000]     1803 ms: Scavenge (during sweeping) 8.9 (12.4) -> 6.9 (12.4) MB, pooled: 0.0 MB, 0.09 / 0.00 ms (average mu = 0.995, current mu = 0.995) allocation failure; 
[4600:00000204FDC81000]     1836 ms: Scavenge (during sweeping) 8.8 (12.1) -> 6.8 (12.1) MB, pooled: 0.0 MB, 0.09 / 0.00 ms (average mu = 0.975, current mu = 0.975) allocation failure; 
[marking 0x03ff532425d1 <JSFunction absToRelativeFrontier (sfi = 0000034CC2B78471)> for optimization to TURBOFAN_JS, ConcurrencyMode::kConcurrent, reason: hot and stable]
[compiling method 0x03ff532425d1 <JSFunction absToRelativeFrontier (sfi = 0000034CC2B78471)> (target TURBOFAN_JS), mode: ConcurrencyMode::kConcurrent]
[completed compiling 0x03ff532425d1 <JSFunction absToRelativeFrontier (sfi = 0000034CC2B78471)> (target TURBOFAN_JS) - took 0.006, 0.310, 0.019 ms]
[completed optimizing 0x03ff532425d1 <JSFunction absToRelativeFrontier (sfi = 0000034CC2B78471)> (target TURBOFAN_JS)]
[4600:00000204FDDF6000]     1903 ms: Scavenge (during sweeping) 8.9 (11.9) -> 6.9 (11.9) MB, pooled: 0.0 MB, 0.13 / 0.00 ms (average mu = 0.938, current mu = 0.938) allocation failure; 
[4600:000002078E0F9000]     1985 ms: Scavenge (during sweeping) 8.6 (12.1) -> 6.6 (12.1) MB, pooled: 0.0 MB, 0.10 / 0.00 ms (average mu = 0.981, current mu = 0.981) allocation failure; 
[4600:000002078E0C1000]     2002 ms: Scavenge (during sweeping) 8.8 (12.6) -> 6.8 (12.6) MB, pooled: 0.0 MB, 0.09 / 0.00 ms (average mu = 0.933, current mu = 0.933) allocation failure; 
[4600:00000204FDB20000]     2059 ms: Scavenge (during sweeping) 9.0 (12.6) -> 7.0 (12.6) MB, pooled: 0.0 MB, 0.10 / 0.00 ms (average mu = 0.947, current mu = 0.947) allocation failure; 
[4600:00000204FDBA1000]     2078 ms: Scavenge (during sweeping) 8.9 (12.4) -> 6.9 (12.4) MB, pooled: 0.0 MB, 0.10 / 0.00 ms (average mu = 0.995, current mu = 0.995) allocation failure; 
[4600:00000204FDC81000]     2137 ms: Scavenge (during sweeping) 8.8 (12.1) -> 6.8 (12.1) MB, pooled: 0.0 MB, 0.15 / 0.00 ms (average mu = 0.975, current mu = 0.975) allocation failure; 
[4600:00000204FDDF6000]     2154 ms: Scavenge (during sweeping) 8.9 (11.9) -> 6.9 (11.9) MB, pooled: 0.0 MB, 0.09 / 0.00 ms (average mu = 0.938, current mu = 0.938) allocation failure; 
[4600:00000204FDA9C000]     2198 ms: Scavenge (during sweeping) 8.5 (12.4) -> 6.5 (12.4) MB, pooled: 0.0 MB, 0.13 / 0.00 ms (average mu = 0.998, current mu = 0.998) allocation failure; 
[4600:000002078E0C1000]     2242 ms: Scavenge (during sweeping) 8.8 (12.6) -> 6.8 (12.6) MB, pooled: 0.0 MB, 0.09 / 0.00 ms (average mu = 0.933, current mu = 0.933) allocation failure; 
[bailout (kind: deopt-eager, reason: Insufficient type feedback for generic keyed access): begin. deoptimizing 0x031411094fd1 <JSFunction evaluateConnect4CpcNonterminal32 (sfi = 0000031411087CB1)>, 0x01297a527911 <Code TURBOFAN_JS>, opt id 239, bytecode offset 1177, deopt exit 172, FP to SP delta 240, caller SP 0x00150c9fb028, pc 0x0204d357ee48]
[bailout (kind: deopt-eager, reason: Insufficient type feedback for generic named access): begin. deoptimizing 0x033e8831ac21 <JSFunction searchCpcOnlyFrontier (sfi = 0000034CC2B78501)>, 0x01297a529501 <Code TURBOFAN_JS>, opt id 243, bytecode offset 298, deopt exit 240, FP to SP delta 560, caller SP 0x00150c9fb2c8, pc 0x0204d353aa62]
[bailout (kind: deopt-lazy, reason: (unknown)): begin. deoptimizing 0x033e8831ac21 <JSFunction searchCpcOnlyFrontier (sfi = 0000034CC2B78501)>, 0x01297a529501 <Code TURBOFAN_JS>, opt id 243, bytecode offset 2128, deopt exit 253, FP to SP delta 560, caller SP 0x00150c9fb568, pc 0x0204d353aa96]
[bailout (kind: deopt-lazy, reason: (unknown)): begin. deoptimizing 0x033e8831ac21 <JSFunction searchCpcOnlyFrontier (sfi = 0000034CC2B78501)>, 0x01297a529501 <Code TURBOFAN_JS>, opt id 243, bytecode offset 2128, deopt exit 253, FP to SP delta 560, caller SP 0x00150c9fb808, pc 0x0204d353aa96]
[bailout (kind: deopt-lazy, reason: (unknown)): begin. deoptimizing 0x033e8831ac21 <JSFunction searchCpcOnlyFrontier (sfi = 0000034CC2B78501)>, 0x01297a529501 <Code TURBOFAN_JS>, opt id 243, bytecode offset 2128, deopt exit 253, FP to SP delta 560, caller SP 0x00150c9fbaa8, pc 0x0204d353aa96]
[marking 0x031411094fd1 <JSFunction evaluateConnect4CpcNonterminal32 (sfi = 0000031411087CB1)> for optimization to MAGLEV, ConcurrencyMode::kConcurrent, reason: hot and stable]
[compiling method 0x031411094fd1 <JSFunction evaluateConnect4CpcNonterminal32 (sfi = 0000031411087CB1)> (target MAGLEV), mode: ConcurrencyMode::kConcurrent]
[completed compiling 0x031411094fd1 <JSFunction evaluateConnect4CpcNonterminal32 (sfi = 0000031411087CB1)> (target MAGLEV) - took 0.001, 1.058, 0.015 ms]
[marking 0x033e8831ac21 <JSFunction searchCpcOnlyFrontier (sfi = 0000034CC2B78501)> for optimization to MAGLEV, ConcurrencyMode::kConcurrent, reason: hot and stable]
[compiling method 0x033e8831ac21 <JSFunction searchCpcOnlyFrontier (sfi = 0000034CC2B78501)> (target MAGLEV), mode: ConcurrencyMode::kConcurrent]
[completed compiling 0x033e8831ac21 <JSFunction searchCpcOnlyFrontier (sfi = 0000034CC2B78501)> (target MAGLEV) - took 0.000, 2.378, 0.022 ms]
[bailout (kind: deopt-lazy, reason: (unknown)): begin. deoptimizing 0x033e8831ac21 <JSFunction searchCpcOnlyFrontier (sfi = 0000034CC2B78501)>, 0x01297a529501 <Code TURBOFAN_JS>, opt id 243, bytecode offset 2128, deopt exit 253, FP to SP delta 560, caller SP 0x00150c9fbd48, pc 0x0204d353aa96]
[4600:000002078E0F9000]     2264 ms: Scavenge (during sweeping) 8.6 (12.1) -> 6.6 (12.1) MB, pooled: 0.0 MB, 0.09 / 0.00 ms (average mu = 0.981, current mu = 0.981) allocation failure; 
[bailout (kind: deopt-lazy, reason: (unknown)): begin. deoptimizing 0x033e8831ac21 <JSFunction searchCpcOnlyFrontier (sfi = 0000034CC2B78501)>, 0x01297a529501 <Code TURBOFAN_JS>, opt id 243, bytecode offset 2128, deopt exit 253, FP to SP delta 560, caller SP 0x00150c9fbfe8, pc 0x0204d353aa96]
[4600:00000204FDBA1000]     2307 ms: Scavenge (during sweeping) 8.9 (12.4) -> 6.9 (12.4) MB, pooled: 0.0 MB, 0.12 / 0.00 ms (average mu = 0.995, current mu = 0.995) allocation failure; 
[marking 0x031411094fd1 <JSFunction evaluateConnect4CpcNonterminal32 (sfi = 0000031411087CB1)> for optimization to TURBOFAN_JS, ConcurrencyMode::kConcurrent, reason: hot and stable]
[compiling method 0x031411094fd1 <JSFunction evaluateConnect4CpcNonterminal32 (sfi = 0000031411087CB1)> (target TURBOFAN_JS), mode: ConcurrencyMode::kConcurrent]
[completed compiling 0x031411094fd1 <JSFunction evaluateConnect4CpcNonterminal32 (sfi = 0000031411087CB1)> (target TURBOFAN_JS) - took 0.004, 7.722, 0.074 ms]
[completed optimizing 0x031411094fd1 <JSFunction evaluateConnect4CpcNonterminal32 (sfi = 0000031411087CB1)> (target TURBOFAN_JS)]
[marking 0x033e8831ac21 <JSFunction searchCpcOnlyFrontier (sfi = 0000034CC2B78501)> for optimization to TURBOFAN_JS, ConcurrencyMode::kConcurrent, reason: hot and stable]
[compiling method 0x033e8831ac21 <JSFunction searchCpcOnlyFrontier (sfi = 0000034CC2B78501)> (target TURBOFAN_JS), mode: ConcurrencyMode::kConcurrent]
[4600:00000204FDB20000]     2359 ms: Scavenge (during sweeping) 9.0 (12.6) -> 7.0 (12.6) MB, pooled: 0.0 MB, 0.09 / 0.00 ms (average mu = 0.947, current mu = 0.947) allocation failure; 
[completed compiling 0x033e8831ac21 <JSFunction searchCpcOnlyFrontier (sfi = 0000034CC2B78501)> (target TURBOFAN_JS) - took 0.004, 13.680, 0.093 ms]
[completed optimizing 0x033e8831ac21 <JSFunction searchCpcOnlyFrontier (sfi = 0000034CC2B78501)> (target TURBOFAN_JS)]
[4600:00000204FDDF6000]     2414 ms: Scavenge (during sweeping) 8.9 (11.9) -> 6.9 (11.9) MB, pooled: 0.0 MB, 0.10 / 0.00 ms (average mu = 0.938, current mu = 0.938) allocation failure; 
[4600:00000204FDC81000]     2418 ms: Scavenge (during sweeping) 8.8 (12.1) -> 6.8 (12.1) MB, pooled: 0.0 MB, 0.14 / 0.00 ms (average mu = 0.975, current mu = 0.975) allocation failure; 
[bailout (kind: deopt-lazy, reason: (unknown)): begin. deoptimizing 0x033e8831ac21 <JSFunction searchCpcOnlyFrontier (sfi = 0000034CC2B78501)>, 0x01297a529501 <Code TURBOFAN_JS>, opt id 243, bytecode offset 2128, deopt exit 253, FP to SP delta 560, caller SP 0x00150c9fc288, pc 0x0204d353aa96]
[marking 0x031411096b71 <JSFunction storeConnect4RbaSharedExactCache32 (sfi = 0000031411090DE9)> for optimization to TURBOFAN_JS, ConcurrencyMode::kConcurrent, reason: hot and stable]
[compiling method 0x031411096b71 <JSFunction storeConnect4RbaSharedExactCache32 (sfi = 0000031411090DE9)> (target TURBOFAN_JS), mode: ConcurrencyMode::kConcurrent]
[completed compiling 0x031411096b71 <JSFunction storeConnect4RbaSharedExactCache32 (sfi = 0000031411090DE9)> (target TURBOFAN_JS) - took 0.007, 1.516, 0.036 ms]
[completed optimizing 0x031411096b71 <JSFunction storeConnect4RbaSharedExactCache32 (sfi = 0000031411090DE9)> (target TURBOFAN_JS)]
[4600:000002078E0F9000]     2497 ms: Scavenge (during sweeping) 8.6 (12.1) -> 6.6 (12.1) MB, pooled: 0.0 MB, 0.09 / 0.00 ms (average mu = 0.981, current mu = 0.981) allocation failure; 
[4600:000002078E0C1000]     2499 ms: Scavenge (during sweeping) 8.8 (12.6) -> 6.8 (12.6) MB, pooled: 0.0 MB, 0.08 / 0.00 ms (average mu = 0.933, current mu = 0.933) allocation failure; 
[4600:00000204FDBA1000]     2586 ms: Scavenge (during sweeping) 8.9 (12.4) -> 6.9 (12.4) MB, pooled: 0.0 MB, 0.12 / 0.00 ms (average mu = 0.995, current mu = 0.995) allocation failure; 
[4600:00000204FDB20000]     2613 ms: Scavenge (during sweeping) 9.0 (12.6) -> 7.0 (12.6) MB, pooled: 0.0 MB, 0.10 / 0.00 ms (average mu = 0.947, current mu = 0.947) allocation failure; 
[4600:00000204FDC81000]     2665 ms: Scavenge (during sweeping) 8.8 (12.1) -> 6.8 (12.1) MB, pooled: 0.0 MB, 0.09 / 0.00 ms (average mu = 0.975, current mu = 0.975) allocation failure; 
[marking 0x031411094b11 <JSFunction firstSetBitIndex32 (sfi = 00000314110891B9)> for optimization to TURBOFAN_JS, ConcurrencyMode::kConcurrent, reason: hot and stable]
[compiling method 0x031411094b11 <JSFunction firstSetBitIndex32 (sfi = 00000314110891B9)> (target TURBOFAN_JS), mode: ConcurrencyMode::kConcurrent]
[completed compiling 0x031411094b11 <JSFunction firstSetBitIndex32 (sfi = 00000314110891B9)> (target TURBOFAN_JS) - took 0.005, 0.426, 0.016 ms]
[completed optimizing 0x031411094b11 <JSFunction firstSetBitIndex32 (sfi = 00000314110891B9)> (target TURBOFAN_JS)]
[4600:00000204FDDF6000]     2709 ms: Scavenge (during sweeping) 8.9 (11.9) -> 6.9 (11.9) MB, pooled: 0.0 MB, 0.10 / 0.00 ms (average mu = 0.938, current mu = 0.938) allocation failure; 
[4600:000002078E0F9000]     2725 ms: Scavenge (during sweeping) 8.6 (12.1) -> 6.6 (12.1) MB, pooled: 0.0 MB, 0.09 / 0.00 ms (average mu = 0.981, current mu = 0.981) allocation failure; 
[4600:000002078E0C1000]     2792 ms: Scavenge (during sweeping) 8.8 (12.6) -> 6.8 (12.6) MB, pooled: 0.0 MB, 0.09 / 0.00 ms (average mu = 0.933, current mu = 0.933) allocation failure; 
[4600:00000204FDB20000]     2842 ms: Scavenge (during sweeping) 9.0 (12.6) -> 7.0 (12.6) MB, pooled: 0.0 MB, 0.10 / 0.00 ms (average mu = 0.947, current mu = 0.947) allocation failure; 
[4600:00000204FDBA1000]     2843 ms: Scavenge (during sweeping) 8.9 (12.4) -> 6.9 (12.4) MB, pooled: 0.0 MB, 0.08 / 0.00 ms (average mu = 0.995, current mu = 0.995) allocation failure; 
[4600:00000204FDC81000]     2884 ms: Scavenge (during sweeping) 8.8 (12.1) -> 6.8 (12.1) MB, pooled: 0.0 MB, 0.12 / 0.00 ms (average mu = 0.975, current mu = 0.975) allocation failure; 
[marking 0x007ce66d0f81 <JSFunction hasHooks (sfi = 00000155A4BE08A1)> for optimization to MAGLEV, ConcurrencyMode::kConcurrent, reason: hot and stable]
[compiling method 0x007ce66d0f81 <JSFunction hasHooks (sfi = 00000155A4BE08A1)> (target MAGLEV), mode: ConcurrencyMode::kConcurrent]
[completed compiling 0x007ce66d0f81 <JSFunction hasHooks (sfi = 00000155A4BE08A1)> (target MAGLEV) - took 0.000, 0.140, 0.003 ms]
[4600:00000204FDDF6000]     2927 ms: Scavenge (during sweeping) 8.9 (11.9) -> 6.9 (11.9) MB, pooled: 0.0 MB, 0.10 / 0.00 ms (average mu = 0.938, current mu = 0.938) allocation failure; 
[4600:000002078E0F9000]     3005 ms: Scavenge (during sweeping) 8.6 (12.1) -> 6.6 (12.1) MB, pooled: 0.0 MB, 0.10 / 0.00 ms (average mu = 0.981, current mu = 0.981) allocation failure; 
[4600:000002078E0C1000]     3056 ms: Scavenge (during sweeping) 8.8 (12.6) -> 6.8 (12.6) MB, pooled: 0.0 MB, 0.09 / 0.00 ms (average mu = 0.933, current mu = 0.933) allocation failure; 
[4600:00000204FDA9C000]     3078 ms: Scavenge (during sweeping) 8.6 (12.6) -> 6.7 (12.6) MB, pooled: 0.0 MB, 0.13 / 0.00 ms (average mu = 0.998, current mu = 0.998) allocation failure; 
[4600:00000204FDB20000]     3097 ms: Scavenge (during sweeping) 9.0 (12.6) -> 7.0 (12.6) MB, pooled: 0.0 MB, 0.10 / 0.00 ms (average mu = 0.947, current mu = 0.947) allocation failure; 
[4600:00000204FDBA1000]     3101 ms: Scavenge (during sweeping) 8.9 (12.4) -> 6.9 (12.4) MB, pooled: 0.0 MB, 0.08 / 0.00 ms (average mu = 0.995, current mu = 0.995) allocation failure; 
[4600:00000204FDC81000]     3167 ms: Scavenge (during sweeping) 8.8 (12.1) -> 6.8 (12.1) MB, pooled: 0.0 MB, 0.09 / 0.00 ms (average mu = 0.975, current mu = 0.975) allocation failure; 
[4600:00000204FDDF6000]     3177 ms: Scavenge (during sweeping) 8.9 (11.9) -> 6.9 (11.9) MB, pooled: 0.0 MB, 0.12 / 0.00 ms (average mu = 0.938, current mu = 0.938) allocation failure; 
[4600:000002078E0F9000]     3247 ms: Scavenge (during sweeping) 8.6 (12.1) -> 6.6 (12.1) MB, pooled: 0.0 MB, 0.09 / 0.00 ms (average mu = 0.981, current mu = 0.981) allocation failure; 
[4600:00000204FDB20000]     3363 ms: Scavenge (during sweeping) 9.0 (12.6) -> 7.0 (12.6) MB, pooled: 0.0 MB, 0.10 / 0.00 ms (average mu = 0.947, current mu = 0.947) allocation failure; 
[4600:00000204FDBA1000]     3369 ms: Scavenge (during sweeping) 8.9 (12.4) -> 6.9 (12.4) MB, pooled: 0.0 MB, 0.08 / 0.00 ms (average mu = 0.995, current mu = 0.995) allocation failure; 
[4600:000002078E0C1000]     3369 ms: Scavenge (during sweeping) 8.8 (12.6) -> 6.8 (12.6) MB, pooled: 0.0 MB, 0.09 / 0.00 ms (average mu = 0.933, current mu = 0.933) allocation failure; 
[4600:00000204FDC81000]     3436 ms: Scavenge (during sweeping) 8.8 (12.1) -> 6.8 (12.1) MB, pooled: 0.0 MB, 0.16 / 0.00 ms (average mu = 0.975, current mu = 0.975) allocation failure; 
[4600:00000204FDDF6000]     3438 ms: Scavenge (during sweeping) 8.9 (11.9) -> 6.9 (11.9) MB, pooled: 0.0 MB, 0.08 / 0.00 ms (average mu = 0.938, current mu = 0.938) allocation failure; 
[bailout (kind: deopt-eager, reason: Insufficient type feedback for binary operation): begin. deoptimizing 0x03ff53242301 <JSFunction deriveForkPreemption32 (sfi = 0000031411087E19)>, 0x01297a5217b1 <Code TURBOFAN_JS>, opt id 236, bytecode offset 548, deopt exit 12, FP to SP delta 240, caller SP 0x00150c9faee8, pc 0x0204d3577ac0]
[marking 0x03ff53242301 <JSFunction deriveForkPreemption32 (sfi = 0000031411087E19)> for optimization to MAGLEV, ConcurrencyMode::kConcurrent, reason: hot and stable]
[compiling method 0x03ff53242301 <JSFunction deriveForkPreemption32 (sfi = 0000031411087E19)> (target MAGLEV), mode: ConcurrencyMode::kConcurrent]
[completed compiling 0x03ff53242301 <JSFunction deriveForkPreemption32 (sfi = 0000031411087E19)> (target MAGLEV) - took 0.001, 1.257, 0.010 ms]
[4600:000002078E0F9000]     3482 ms: Scavenge (during sweeping) 8.6 (12.1) -> 6.6 (12.1) MB, pooled: 0.0 MB, 0.09 / 0.00 ms (average mu = 0.981, current mu = 0.981) allocation failure; 
[marking 0x007ce66e5171 <JSFunction peek (sfi = 00000155A4BEB551)> for optimization to MAGLEV, ConcurrencyMode::kConcurrent, reason: hot and stable]
[marking 0x007ce66e6501 <JSFunction peek (sfi = 00000155A4BEBE89)> for optimization to MAGLEV, ConcurrencyMode::kConcurrent, reason: hot and stable]
[marking 0x03ff53242301 <JSFunction deriveForkPreemption32 (sfi = 0000031411087E19)> for optimization to TURBOFAN_JS, ConcurrencyMode::kConcurrent, reason: hot and stable]
[compiling method 0x03ff53242301 <JSFunction deriveForkPreemption32 (sfi = 0000031411087E19)> (target TURBOFAN_JS), mode: ConcurrencyMode::kConcurrent]
[completed compiling 0x03ff53242301 <JSFunction deriveForkPreemption32 (sfi = 0000031411087E19)> (target TURBOFAN_JS) - took 0.006, 3.681, 0.051 ms]
[completed optimizing 0x03ff53242301 <JSFunction deriveForkPreemption32 (sfi = 0000031411087E19)> (target TURBOFAN_JS)]
[compiling method 0x007ce66e6501 <JSFunction peek (sfi = 00000155A4BEBE89)> (target MAGLEV), mode: ConcurrencyMode::kConcurrent]
[compiling method 0x007ce66e5171 <JSFunction peek (sfi = 00000155A4BEB551)> (target MAGLEV), mode: ConcurrencyMode::kConcurrent]
[completed compiling 0x007ce66e5171 <JSFunction peek (sfi = 00000155A4BEB551)> (target MAGLEV) - took 0.000, 0.119, 0.008 ms]
[completed compiling 0x007ce66e6501 <JSFunction peek (sfi = 00000155A4BEBE89)> (target MAGLEV) - took 0.001, 0.155, 0.003 ms]
[4600:00000204FDB20000]     3646 ms: Scavenge (during sweeping) 9.0 (12.6) -> 7.0 (12.6) MB, pooled: 0.0 MB, 0.09 / 0.00 ms (average mu = 0.947, current mu = 0.947) allocation failure; 
[4600:000002078E0C1000]     3651 ms: Scavenge (during sweeping) 8.8 (12.6) -> 6.8 (12.6) MB, pooled: 0.0 MB, 0.08 / 0.00 ms (average mu = 0.933, current mu = 0.933) allocation failure; 
[4600:00000204FDBA1000]     3659 ms: Scavenge (during sweeping) 8.9 (12.4) -> 6.9 (12.4) MB, pooled: 0.0 MB, 0.08 / 0.00 ms (average mu = 0.995, current mu = 0.995) allocation failure; 
[4600:00000204FDC81000]     3714 ms: Scavenge (during sweeping) 8.8 (12.1) -> 6.8 (12.1) MB, pooled: 0.0 MB, 0.09 / 0.00 ms (average mu = 0.975, current mu = 0.975) allocation failure; 
[4600:00000204FDDF6000]     3733 ms: Scavenge (during sweeping) 8.9 (11.9) -> 6.9 (11.9) MB, pooled: 0.0 MB, 0.10 / 0.00 ms (average mu = 0.938, current mu = 0.938) allocation failure; 
[4600:000002078E0F9000]     3755 ms: Scavenge (during sweeping) 8.6 (12.1) -> 6.6 (12.1) MB, pooled: 0.0 MB, 0.12 / 0.00 ms (average mu = 0.981, current mu = 0.981) allocation failure; 
[4600:00000204FDA9C000]     3900 ms: Scavenge (during sweeping) 8.7 (12.6) -> 6.7 (12.6) MB, pooled: 0.0 MB, 0.17 / 0.00 ms (average mu = 0.998, current mu = 0.998) allocation failure; 
[4600:000002078E0C1000]     3912 ms: Scavenge (during sweeping) 8.8 (12.6) -> 6.8 (12.6) MB, pooled: 0.0 MB, 0.10 / 0.00 ms (average mu = 0.933, current mu = 0.933) allocation failure; 
[4600:00000204FDBA1000]     3937 ms: Scavenge (during sweeping) 8.9 (12.4) -> 6.9 (12.4) MB, pooled: 0.0 MB, 0.09 / 0.00 ms (average mu = 0.995, current mu = 0.995) allocation failure; 
[4600:00000204FDB20000]     3944 ms: Scavenge (during sweeping) 9.0 (12.6) -> 7.0 (12.6) MB, pooled: 0.0 MB, 0.08 / 0.00 ms (average mu = 0.947, current mu = 0.947) allocation failure; 
[4600:00000204FDC81000]     4003 ms: Scavenge (during sweeping) 8.8 (12.1) -> 6.8 (12.1) MB, pooled: 0.0 MB, 0.12 / 0.00 ms (average mu = 0.975, current mu = 0.975) allocation failure; 
[4600:00000204FDDF6000]     4003 ms: Scavenge (during sweeping) 8.9 (11.9) -> 6.9 (11.9) MB, pooled: 0.0 MB, 0.08 / 0.00 ms (average mu = 0.938, current mu = 0.938) allocation failure; 
[4600:000002078E0F9000]     4024 ms: Scavenge (during sweeping) 8.6 (12.1) -> 6.6 (12.1) MB, pooled: 0.0 MB, 0.09 / 0.00 ms (average mu = 0.981, current mu = 0.981) allocation failure; 
[4600:000002078E0C1000]     4217 ms: Scavenge (during sweeping) 8.8 (12.6) -> 6.8 (12.6) MB, pooled: 0.0 MB, 0.12 / 0.00 ms (average mu = 0.933, current mu = 0.933) allocation failure; 
[4600:00000204FDBA1000]     4225 ms: Scavenge (during sweeping) 8.9 (12.4) -> 6.9 (12.4) MB, pooled: 0.0 MB, 0.09 / 0.00 ms (average mu = 0.995, current mu = 0.995) allocation failure; 
[4600:00000204FDB20000]     4244 ms: Scavenge (during sweeping) 9.0 (12.6) -> 7.0 (12.6) MB, pooled: 0.0 MB, 0.09 / 0.00 ms (average mu = 0.947, current mu = 0.947) allocation failure; 
[4600:00000204FDC81000]     4286 ms: Scavenge (during sweeping) 8.8 (12.1) -> 6.8 (12.1) MB, pooled: 0.0 MB, 0.09 / 0.00 ms (average mu = 0.975, current mu = 0.975) allocation failure; 
[4600:00000204FDDF6000]     4301 ms: Scavenge (during sweeping) 8.9 (11.9) -> 6.9 (11.9) MB, pooled: 0.0 MB, 0.09 / 0.00 ms (average mu = 0.938, current mu = 0.938) allocation failure; 
[4600:000002078E0F9000]     4335 ms: Scavenge (during sweeping) 8.6 (12.1) -> 6.6 (12.1) MB, pooled: 0.0 MB, 0.09 / 0.00 ms (average mu = 0.981, current mu = 0.981) allocation failure; 
[4600:000002078E0C1000]     4503 ms: Scavenge (during sweeping) 8.8 (12.6) -> 6.8 (12.6) MB, pooled: 0.0 MB, 0.09 / 0.00 ms (average mu = 0.933, current mu = 0.933) allocation failure; 
[4600:00000204FDB20000]     4512 ms: Scavenge (during sweeping) 9.0 (12.6) -> 7.0 (12.6) MB, pooled: 0.0 MB, 0.11 / 0.00 ms (average mu = 0.947, current mu = 0.947) allocation failure; 
[4600:00000204FDBA1000]     4519 ms: Scavenge (during sweeping) 8.9 (12.4) -> 6.9 (12.4) MB, pooled: 0.0 MB, 0.07 / 0.00 ms (average mu = 0.995, current mu = 0.995) allocation failure; 
[4600:00000204FDC81000]     4558 ms: Scavenge (during sweeping) 8.8 (12.1) -> 6.8 (12.1) MB, pooled: 0.0 MB, 0.09 / 0.00 ms (average mu = 0.975, current mu = 0.975) allocation failure; 
[4600:00000204FDDF6000]     4583 ms: Scavenge (during sweeping) 8.9 (11.9) -> 6.9 (11.9) MB, pooled: 0.0 MB, 0.09 / 0.00 ms (average mu = 0.938, current mu = 0.938) allocation failure; 
[4600:000002078E0F9000]     4620 ms: Scavenge (during sweeping) 8.6 (12.1) -> 6.6 (12.1) MB, pooled: 0.0 MB, 0.10 / 0.00 ms (average mu = 0.981, current mu = 0.981) allocation failure; 
[marking 0x03888483a119 <JSFunction processTimers (sfi = 00000155A4BDE331)> for optimization to MAGLEV, ConcurrencyMode::kConcurrent, reason: hot and stable]
[compiling method 0x03888483a119 <JSFunction processTimers (sfi = 00000155A4BDE331)> (target MAGLEV), mode: ConcurrencyMode::kConcurrent]
[completed compiling 0x03888483a119 <JSFunction processTimers (sfi = 00000155A4BDE331)> (target MAGLEV) - took 0.000, 0.467, 0.026 ms]
[4600:00000204FDA9C000]     4725 ms: Scavenge (during sweeping) 8.7 (12.6) -> 6.7 (12.6) MB, pooled: 0.0 MB, 0.17 / 0.00 ms (average mu = 0.998, current mu = 0.998) allocation failure; 
[4600:00000204FDB20000]     4737 ms: Scavenge (during sweeping) 9.0 (12.6) -> 7.0 (12.6) MB, pooled: 0.0 MB, 0.08 / 0.00 ms (average mu = 0.947, current mu = 0.947) allocation failure; 
[4600:000002078E0C1000]     4755 ms: Scavenge (during sweeping) 8.8 (12.6) -> 6.8 (12.6) MB, pooled: 0.0 MB, 0.09 / 0.00 ms (average mu = 0.933, current mu = 0.933) allocation failure; 
[4600:00000204FDC81000]     4759 ms: Scavenge (during sweeping) 8.8 (12.1) -> 6.8 (12.1) MB, pooled: 0.0 MB, 0.08 / 0.00 ms (average mu = 0.975, current mu = 0.975) allocation failure; 
[4600:00000204FDBA1000]     4776 ms: Scavenge (during sweeping) 8.9 (12.4) -> 6.9 (12.4) MB, pooled: 0.0 MB, 0.08 / 0.00 ms (average mu = 0.995, current mu = 0.995) allocation failure; 
[4600:00000204FDDF6000]     4810 ms: Scavenge (during sweeping) 8.9 (11.9) -> 6.9 (11.9) MB, pooled: 0.0 MB, 0.10 / 0.00 ms (average mu = 0.938, current mu = 0.938) allocation failure; 
[4600:000002078E0F9000]     4882 ms: Scavenge (during sweeping) 8.6 (12.1) -> 6.6 (12.1) MB, pooled: 0.0 MB, 0.09 / 0.00 ms (average mu = 0.981, current mu = 0.981) allocation failure; 
[4600:00000204FDC81000]     4926 ms: Scavenge (during sweeping) 8.8 (12.1) -> 6.8 (12.1) MB, pooled: 0.0 MB, 0.10 / 0.00 ms (average mu = 0.975, current mu = 0.975) allocation failure; 
[4600:00000204FDB20000]     4946 ms: Scavenge (during sweeping) 9.0 (12.6) -> 7.0 (12.6) MB, pooled: 0.0 MB, 0.13 / 0.00 ms (average mu = 0.947, current mu = 0.947) allocation failure; 
[4600:00000204FDDF6000]     4997 ms: Scavenge (during sweeping) 8.9 (11.9) -> 6.9 (11.9) MB, pooled: 0.0 MB, 0.10 / 0.00 ms (average mu = 0.938, current mu = 0.938) allocation failure; 
[4600:000002078E0C1000]     5039 ms: Scavenge (during sweeping) 8.8 (12.6) -> 6.8 (12.6) MB, pooled: 0.0 MB, 0.09 / 0.00 ms (average mu = 0.933, current mu = 0.933) allocation failure; 
[4600:00000204FDBA1000]     5070 ms: Scavenge (during sweeping) 8.9 (12.4) -> 6.9 (12.4) MB, pooled: 0.0 MB, 0.10 / 0.00 ms (average mu = 0.995, current mu = 0.995) allocation failure; 
[4600:00000204FDC81000]     5099 ms: Scavenge (during sweeping) 8.8 (12.1) -> 6.8 (12.1) MB, pooled: 0.0 MB, 0.10 / 0.00 ms (average mu = 0.975, current mu = 0.975) allocation failure; 
[4600:000002078E0F9000]     5123 ms: Scavenge (during sweeping) 8.6 (12.1) -> 6.6 (12.1) MB, pooled: 0.0 MB, 0.10 / 0.00 ms (average mu = 0.981, current mu = 0.981) allocation failure; 
[4600:00000204FDDF6000]     5190 ms: Scavenge (during sweeping) 8.9 (11.9) -> 6.9 (11.9) MB, pooled: 0.0 MB, 0.09 / 0.00 ms (average mu = 0.938, current mu = 0.938) allocation failure; 
[4600:00000204FDB20000]     5196 ms: Scavenge (during sweeping) 9.0 (12.6) -> 7.0 (12.6) MB, pooled: 0.0 MB, 0.08 / 0.00 ms (average mu = 0.947, current mu = 0.947) allocation failure; 
[marking 0x031411094b91 <JSFunction popcount32 (sfi = 0000031411089249)> for optimization to TURBOFAN_JS, ConcurrencyMode::kConcurrent, reason: hot and stable]
[compiling method 0x031411094b91 <JSFunction popcount32 (sfi = 0000031411089249)> (target TURBOFAN_JS), mode: ConcurrencyMode::kConcurrent]
[completed compiling 0x031411094b91 <JSFunction popcount32 (sfi = 0000031411089249)> (target TURBOFAN_JS) - took 0.005, 0.398, 0.019 ms]
[completed optimizing 0x031411094b91 <JSFunction popcount32 (sfi = 0000031411089249)> (target TURBOFAN_JS)]
[4600:000002078E0C1000]     5272 ms: Scavenge (during sweeping) 8.8 (12.6) -> 6.8 (12.6) MB, pooled: 0.0 MB, 0.13 / 0.00 ms (average mu = 0.933, current mu = 0.933) allocation failure; 
[4600:00000204FDC81000]     5291 ms: Scavenge (during sweeping) 8.8 (12.1) -> 6.8 (12.1) MB, pooled: 0.0 MB, 0.09 / 0.00 ms (average mu = 0.975, current mu = 0.975) allocation failure; 
[4600:00000204FDBA1000]     5333 ms: Scavenge (during sweeping) 8.9 (12.4) -> 6.9 (12.4) MB, pooled: 0.0 MB, 0.09 / 0.00 ms (average mu = 0.995, current mu = 0.995) allocation failure; 
[marking 0x007ce66e5869 <JSFunction exchange (sfi = 00000155A4BF7391)> for optimization to MAGLEV, ConcurrencyMode::kConcurrent, reason: hot and stable]
[marking 0x007ce66d1139 <JSFunction emitBeforeScript (sfi = 00000155A4BE0E19)> for optimization to MAGLEV, ConcurrencyMode::kConcurrent, reason: hot and stable]
[marking 0x007ce66d1361 <JSFunction emitAfterScript (sfi = 00000155A4BE0EE1)> for optimization to MAGLEV, ConcurrencyMode::kConcurrent, reason: hot and stable]
[marking 0x007ce66e5819 <JSFunction set (sfi = 00000155A4BF72E1)> for optimization to MAGLEV, ConcurrencyMode::kConcurrent, reason: hot {"selectedProfile":"isomax-six-deep-one-wide-i5-12600k-20260927","execution":{"api":"runLazySmpConnect4Rba32","launcher":"tools/run-isomax.mjs","wideWorker":0,"deepWorkers":[1,2,3,4,5,6],"frontierStride":2,"releaseAtUnresolvedRootActions":1},"config":{"workers":7,"sharedCacheCapacity":4194304,"localCacheCapacity":1048576,"sharedSampleMask":0,"rootFrontier":true,"moves":"353335714","timeoutMs":30000},"status":"EXACT","rootWdl":-1,"move":4,"winner":2,"winnerMetrics":{"nodes":4495223,"cutoffs":1483826,"cacheHits":1207304,"cpcExact":162829,"cpcBounds":1009818,"cpcRestrictions":811377,"cpcForced":1295474,"cpcPrecursors":15553,"cpcProjectedForks":0,"frontCalls":0,"frontExact":0,"frontFailures":0,"frontSteps":0,"frontActionExact":0,"cofactors":4576677},"nodeCounts":[1593240,4696935,4495223,4942966,4633108,4368423,4179812],"workerTiming":[[121.789,0],[123.8424,0],[121.3925,5741.1039],[123.1142,0],[129.1687,0],[122.9185,0],[124.8003,0]],"frontierMetrics":[[0,0,0,0],[0,0,0,0],[1,0,0,6],[0,0,0,0],[0,0,0,0],[0,0,0,0],[0,0,0,0]],"sharedCacheHits":5132927,"sharedCacheStores":2138487,"sharedCacheStoreContention":20696,"sharedSampleMask":0,"completedWorkers":[0,0,1,0,0,0,0],"reflected":1,"elapsedMs":5696.7749,"errorCode":0,"errors":[],"cleanup":true,"workersExited":7,"requestedWorkers":7,"workersUsed":7,"sharedBytes":270203293,"wallMs":5698.966,"cpuMs":40422,"bootstrapCycles":"257129824","setupCycles":"38241144","solveCycles":"149395261129","totalCycles":"149690632097","totalNodes":28909707,"nodeCountsExact":true,"cyclesPerNode":5167.65047563436,"nodesPerSecond":5072798.644526042,"firstStartMs":66.7414,"startSkewMs":7.776200000000003,"firstSearchToResultMs":5619.7114,"afterResultMs":12.57089999999971,"cachePayloadBytes":716177420,"rss":404078592,"processPeakRssBytes":870309888}
and stable]
[4600:000002078E0F9000]     5345 ms: Scavenge (during sweeping) 8.6 (12.1) -> 6.6 (12.1) MB, pooled: 0.0 MB, 0.09 / 0.00 ms (average mu = 0.981, current mu = 0.981) allocation failure; 
[compiling method 0x007ce66e5869 <JSFunction exchange (sfi = 00000155A4BF7391)> (target MAGLEV), mode: ConcurrencyMode::kConcurrent]
[compiling method 0x007ce66d1139 <JSFunction emitBeforeScript (sfi = 00000155A4BE0E19)> (target MAGLEV), mode: ConcurrencyMode::kConcurrent]
[compiling method 0x007ce66d1361 <JSFunction emitAfterScript (sfi = 00000155A4BE0EE1)> (target MAGLEV), mode: ConcurrencyMode::kConcurrent]
[compiling method 0x007ce66e5819 <JSFunction set (sfi = 00000155A4BF72E1)> (target MAGLEV), mode: ConcurrencyMode::kConcurrent]
[completed compiling 0x007ce66e5869 <JSFunction exchange (sfi = 00000155A4BF7391)> (target MAGLEV) - took 0.000, 0.080, 0.003 ms]
[completed compiling 0x007ce66d1361 <JSFunction emitAfterScript (sfi = 00000155A4BE0EE1)> (target MAGLEV) - took 0.000, 0.094, 0.006 ms]
[completed compiling 0x007ce66e5819 <JSFunction set (sfi = 00000155A4BF72E1)> (target MAGLEV) - took 0.000, 0.027, 0.000 ms]
[completed compiling 0x007ce66d1139 <JSFunction emitBeforeScript (sfi = 00000155A4BE0E19)> (target MAGLEV) - took 0.000, 0.222, 0.002 ms]
[4600:00000204FDDF6000]     5418 ms: Scavenge (during sweeping) 8.9 (11.9) -> 6.9 (11.9) MB, pooled: 0.0 MB, 0.10 / 0.00 ms (average mu = 0.938, current mu = 0.938) allocation failure; 
[4600:00000204FDB20000]     5442 ms: Scavenge (during sweeping) 9.0 (12.6) -> 7.0 (12.6) MB, pooled: 0.0 MB, 0.10 / 0.00 ms (average mu = 0.947, current mu = 0.947) allocation failure; 
[4600:00000204FDC81000]     5464 ms: Scavenge (during sweeping) 8.8 (12.1) -> 6.8 (12.1) MB, pooled: 0.0 MB, 0.09 / 0.00 ms (average mu = 0.975, current mu = 0.975) allocation failure; 
[4600:000002078E0C1000]     5538 ms: Scavenge (during sweeping) 8.8 (12.6) -> 6.8 (12.6) MB, pooled: 0.0 MB, 0.10 / 0.00 ms (average mu = 0.933, current mu = 0.933) allocation failure; 
[4600:00000204FDBA1000]     5547 ms: Scavenge (during sweeping) 8.9 (12.4) -> 6.9 (12.4) MB, pooled: 0.0 MB, 0.08 / 0.00 ms (average mu = 0.995, current mu = 0.995) allocation failure; 
[4600:00000204FDA9C000]     5564 ms: Scavenge (during sweeping) 8.7 (12.6) -> 6.7 (12.6) MB, pooled: 0.0 MB, 0.09 / 0.00 ms (average mu = 0.998, current mu = 0.998) allocation failure; 
[4600:000002078E0F9000]     5610 ms: Scavenge (during sweeping) 8.6 (12.1) -> 6.6 (12.1) MB, pooled: 0.0 MB, 0.09 / 0.00 ms (average mu = 0.981, current mu = 0.981) allocation failure; 
[4600:00000204FDDF6000]     5647 ms: Scavenge (during sweeping) 8.9 (11.9) -> 6.9 (11.9) MB, pooled: 0.0 MB, 0.13 / 0.00 ms (average mu = 0.938, current mu = 0.938) allocation failure; 
[4600:00000204FDC81000]     5654 ms: Scavenge (during sweeping) 8.8 (12.1) -> 6.8 (12.1) MB, pooled: 0.0 MB, 0.11 / 0.00 ms (average mu = 0.975, current mu = 0.975) allocation failure; 
[4600:00000204FDB20000]     5684 ms: Scavenge (during sweeping) 8.7 (12.6) -> 7.0 (12.6) MB, pooled: 0.0 MB, 0.11 / 0.00 ms (average mu = 0.947, current mu = 0.947) allocation failure; 

(node:4600) ExperimentalWarning: FFI is an experimental feature and might change at any time
(Use `node --trace-warnings ...` to show where the warning was created)
