[marking 0x039b413bff19 <JSFunction isPathSeparator (sfi = 00000151DE71C381)> for optimization to MAGLEV, ConcurrencyMode::kConcurrent, reason: hot and stable]
[compiling method 0x039b413bff19 <JSFunction isPathSeparator (sfi = 00000151DE71C381)> (target MAGLEV), mode: ConcurrencyMode::kConcurrent]
[completed compiling 0x039b413bff19 <JSFunction isPathSeparator (sfi = 00000151DE71C381)> (target MAGLEV) - took 0.001, 0.252, 0.004 ms]
[marking 0x01e9d91800c1 <JSFunction normalizeString (sfi = 00000151DE71C659)> for optimization to MAGLEV, ConcurrencyMode::kConcurrent, reason: hot and stable]
[compiling method 0x01e9d91800c1 <JSFunction normalizeString (sfi = 00000151DE71C659)> (target MAGLEV), mode: ConcurrencyMode::kConcurrent]
[completed compiling 0x01e9d91800c1 <JSFunction normalizeString (sfi = 00000151DE71C659)> (target MAGLEV) - took 0.000, 0.494, 0.007 ms]
[marking 0x01e9d919bd61 <JSFunction nextPart (sfi = 00000151DE735451)> for optimization to MAGLEV, ConcurrencyMode::kConcurrent, reason: hot and stable]
[compiling method 0x01e9d919bd61 <JSFunction nextPart (sfi = 00000151DE735451)> (target MAGLEV), mode: ConcurrencyMode::kConcurrent]
[marking 0x01e9d918b001 <JSFunction getPathFromURLWin32 (sfi = 00000151DE723E19)> for optimization to MAGLEV, ConcurrencyMode::kConcurrent, reason: hot and stable]
[completed compiling 0x01e9d919bd61 <JSFunction nextPart (sfi = 00000151DE735451)> (target MAGLEV) - took 0.000, 0.129, 0.001 ms]
[compiling method 0x01e9d918b001 <JSFunction getPathFromURLWin32 (sfi = 00000151DE723E19)> (target MAGLEV), mode: ConcurrencyMode::kConcurrent]
[completed compiling 0x01e9d918b001 <JSFunction getPathFromURLWin32 (sfi = 00000151DE723E19)> (target MAGLEV) - took 0.000, 0.279, 0.004 ms]
[22880:000002298BB4C000]       45 ms: Scavenge 5.7 (6.6) -> 5.1 (7.1) MB, pooled: 0.0 MB, 13.70 / 0.00 ms (average mu = 1.000, current mu = 1.000) allocation failure; 
[marking 0x02f61f67a499 <JSFunction (sfi = 0000017B9BF61F19)> for optimization to MAGLEV, ConcurrencyMode::kConcurrent, reason: hot and stable]
[compiling method 0x02f61f67a499 <JSFunction (sfi = 0000017B9BF61F19)> (target MAGLEV), mode: ConcurrencyMode::kConcurrent]
[completed compiling 0x02f61f67a499 <JSFunction (sfi = 0000017B9BF61F19)> (target MAGLEV) - took 0.000, 0.074, 0.001 ms]
[marking 0x01e9d91889a1 <JSFunction #ensureSearchParamsUpdated (sfi = 00000151DE721CF1)> for optimization to MAGLEV, ConcurrencyMode::kConcurrent, reason: hot and stable]
[compiling method 0x01e9d91889a1 <JSFunction #ensureSearchParamsUpdated (sfi = 00000151DE721CF1)> (target MAGLEV), mode: ConcurrencyMode::kConcurrent]
[completed compiling 0x01e9d91889a1 <JSFunction #ensureSearchParamsUpdated (sfi = 00000151DE721CF1)> (target MAGLEV) - took 0.000, 0.087, 0.003 ms]
[marking 0x02f61f666979 <JSFunction get protocol (sfi = 00000151DE722251)> for optimization to MAGLEV, ConcurrencyMode::kConcurrent, reason: hot and stable]
[compiling method 0x02f61f666979 <JSFunction get protocol (sfi = 00000151DE722251)> (target MAGLEV), mode: ConcurrencyMode::kConcurrent]
[completed compiling 0x02f61f666979 <JSFunction get protocol (sfi = 00000151DE722251)> (target MAGLEV) - took 0.000, 0.045, 0.002 ms]
[marking 0x0337b2074979 <JSFunction assert (sfi = 0000017B9BF5AA61)> for optimization to MAGLEV, ConcurrencyMode::kConcurrent, reason: hot and stable]
[compiling method 0x0337b2074979 <JSFunction assert (sfi = 0000017B9BF5AA61)> (target MAGLEV), mode: ConcurrencyMode::kConcurrent]
[completed compiling 0x0337b2074979 <JSFunction assert (sfi = 0000017B9BF5AA61)> (target MAGLEV) - took 0.000, 0.033, 0.001 ms]
[22880:000002298BB4C000]       53 ms: Scavenge 5.8 (7.6) -> 5.4 (8.1) MB, pooled: 0.0 MB, 0.32 / 0.00 ms (average mu = 1.000, current mu = 1.000) allocation failure; 
[marking 0x0334551a9559 <JSFunction (sfi = 000002430ADB01C1)> for optimization to MAGLEV, ConcurrencyMode::kConcurrent, reason: hot and stable]
[compiling method 0x0334551a99e9 <JSFunction (sfi = 000002430ADB01C1)> (target MAGLEV), mode: ConcurrencyMode::kConcurrent]
[marking 0x0182b1c96419 <JSFunction keyOf (sfi = 000002430ADB0179)> for optimization to MAGLEV, ConcurrencyMode::kConcurrent, reason: hot and stable]
[completed compiling 0x0334551a99e9 <JSFunction (sfi = 000002430ADB01C1)> (target MAGLEV) - took 0.000, 0.042, 0.001 ms]
[compiling method 0x0182b1c96419 <JSFunction keyOf (sfi = 000002430ADB0179)> (target MAGLEV), mode: ConcurrencyMode::kConcurrent]
[completed compiling 0x0182b1c96419 <JSFunction keyOf (sfi = 000002430ADB0179)> (target MAGLEV) - took 0.000, 0.067, 0.002 ms]
[22880:000002298BB4C000]       56 ms: Scavenge 6.3 (8.1) -> 5.7 (8.6) MB, pooled: 0.0 MB, 0.17 / 0.00 ms (average mu = 1.000, current mu = 1.000) allocation failure; 
[marking 0x036b15549661 <JSFunction (sfi = 000002430ADB0209)> for optimization to MAGLEV, ConcurrencyMode::kConcurrent, reason: hot and stable]
[compiling method 0x036b15549661 <JSFunction (sfi = 000002430ADB0209)> (target MAGLEV), mode: ConcurrencyMode::kConcurrent]
[completed compiling 0x036b15549661 <JSFunction (sfi = 000002430ADB0209)> (target MAGLEV) - took 0.000, 0.128, 0.001 ms]
[marking 0x01d80d472f81 <JSFunction (sfi = 000002430ADB0251)> for optimization to MAGLEV, ConcurrencyMode::kConcurrent, reason: hot and stable]
[compiling method 0x01d80d473411 <JSFunction (sfi = 000002430ADB0251)> (target MAGLEV), mode: ConcurrencyMode::kConcurrent]
[completed compiling 0x01d80d473411 <JSFunction (sfi = 000002430ADB0251)> (target MAGLEV) - took 0.000, 0.024, 0.000 ms]
[marking 0x006a1b218c71 <JSFunction (sfi = 000002430ADB0299)> for optimization to MAGLEV, ConcurrencyMode::kConcurrent, reason: hot and stable]
[compiling method 0x006a1b219291 <JSFunction (sfi = 000002430ADB0299)> (target MAGLEV), mode: ConcurrencyMode::kConcurrent]
[completed compiling 0x006a1b219291 <JSFunction (sfi = 000002430ADB0299)> (target MAGLEV) - took 0.000, 0.059, 0.001 ms]
[22880:000002298BB4C000]       58 ms: Scavenge 7.5 (9.6) -> 5.8 (9.9) MB, pooled: 0.0 MB, 0.16 / 0.00 ms (average mu = 1.000, current mu = 1.000) allocation failure; 
[marking 0x0182b1c81d59 <JSFunction (sfi = 000002430ADB02E1)> for optimization to MAGLEV, ConcurrencyMode::kConcurrent, reason: hot and stable]
[compiling method 0x0182b1c81d59 <JSFunction (sfi = 000002430ADB02E1)> (target MAGLEV), mode: ConcurrencyMode::kConcurrent]
[completed compiling 0x0182b1c81d59 <JSFunction (sfi = 000002430ADB02E1)> (target MAGLEV) - took 0.000, 0.018, 0.001 ms]
[marking 0x00a98f377db1 <JSFunction prepareConnect4RbaGeometry (sfi = 000000039D791739)> for optimization to MAGLEV, ConcurrencyMode::kConcurrent, reason: hot and stable]
[compiling method 0x00a98f377db1 <JSFunction prepareConnect4RbaGeometry (sfi = 000000039D791739)> (target MAGLEV) OSR, mode: ConcurrencyMode::kConcurrent]
[completed compiling 0x00a98f377db1 <JSFunction prepareConnect4RbaGeometry (sfi = 000000039D791739)> (target MAGLEV) OSR - took 0.000, 0.600, 0.002 ms]
[compiling method 0x00a98f377db1 <JSFunction prepareConnect4RbaGeometry (sfi = 000000039D791739)> (target TURBOFAN_JS) OSR, mode: ConcurrencyMode::kConcurrent]
[completed compiling 0x00a98f377db1 <JSFunction prepareConnect4RbaGeometry (sfi = 000000039D791739)> (target TURBOFAN_JS) OSR - took 0.005, 2.421, 0.043 ms]
[completed optimizing 0x00a98f377db1 <JSFunction prepareConnect4RbaGeometry (sfi = 000000039D791739)> (target TURBOFAN_JS) OSR]
[bailout (kind: deopt-eager, reason: prepare for on stack replacement (OSR)): begin. deoptimizing 0x00a98f377db1 <JSFunction prepareConnect4RbaGeometry (sfi = 000000039D791739)>, 0x00405f14fe29 <Code MAGLEV>, opt id 14, bytecode offset 3095, deopt exit 34, FP to SP delta 1056, caller SP 0x0060011feb40, pc 0x02299438f08c]
[bailout (kind: deopt-eager, reason: Insufficient type feedback for binary operation): begin. deoptimizing 0x00a98f377db1 <JSFunction prepareConnect4RbaGeometry (sfi = 000000039D791739)>, 0x00405f150a19 <Code TURBOFAN_JS>, opt id 15, bytecode offset 3113, deopt exit 26, FP to SP delta 1168, caller SP 0x0060011feb40, pc 0x02299438f7bc]
[compiling method 0x00a98f377db1 <JSFunction prepareConnect4RbaGeometry (sfi = 000000039D791739)> (target MAGLEV) OSR, mode: ConcurrencyMode::kConcurrent]
[completed compiling 0x00a98f377db1 <JSFunction prepareConnect4RbaGeometry (sfi = 000000039D791739)> (target MAGLEV) OSR - took 0.000, 0.776, 0.003 ms]
[marking 0x00b75e305a69 <JSFunction subsetDensePrepared (sfi = 000000039D799D49)> for optimization to MAGLEV, ConcurrencyMode::kConcurrent, reason: hot and stable]
[compiling method 0x00b75e305a69 <JSFunction subsetDensePrepared (sfi = 000000039D799D49)> (target MAGLEV), mode: ConcurrencyMode::kConcurrent]
[completed compiling 0x00b75e305a69 <JSFunction subsetDensePrepared (sfi = 000000039D799D49)> (target MAGLEV) - took 0.000, 0.058, 0.002 ms]
[marking 0x00a98f378201 <JSFunction emitSortedSetBits32 (sfi = 000000039D7945D9)> for optimization to MAGLEV, ConcurrencyMode::kConcurrent, reason: hot and stable]
[marking 0x00b75e305969 <JSFunction removeDensePrepared (sfi = 000000039D799C29)> for optimization to MAGLEV, ConcurrencyMode::kConcurrent, reason: hot and stable]
[compiling method 0x00b75e305969 <JSFunction removeDensePrepared (sfi = 000000039D799C29)> (target MAGLEV), mode: ConcurrencyMode::kConcurrent]
[compiling method 0x00a98f378201 <JSFunction emitSortedSetBits32 (sfi = 000000039D7945D9)> (target MAGLEV), mode: ConcurrencyMode::kConcurrent]
[marking 0x00a98f378939 <JSFunction connect4RbaCofactorKnownHeight (sfi = 000000039D7935A9)> for optimization to MAGLEV, ConcurrencyMode::kConcurrent, reason: hot and stable]
[marking 0x00b75e3059e9 <JSFunction prepareSubsetDense (sfi = 000000039D799CB9)> for optimization to MAGLEV, ConcurrencyMode::kConcurrent, reason: hot and stable]
[compiling method 0x00b75e3059e9 <JSFunction prepareSubsetDense (sfi = 000000039D799CB9)> (target MAGLEV), mode: ConcurrencyMode::kConcurrent]
[completed compiling 0x00b75e305969 <JSFunction removeDensePrepared (sfi = 000000039D799C29)> (target MAGLEV) - took 0.000, 0.052, 0.003 ms]
[completed compiling 0x00b75e3059e9 <JSFunction prepareSubsetDense (sfi = 000000039D799CB9)> (target MAGLEV) - took 0.000, 0.053, 0.001 ms]
[completed compiling 0x00a98f378201 <JSFunction emitSortedSetBits32 (sfi = 000000039D7945D9)> (target MAGLEV) - took 0.000, 0.186, 0.001 ms]
[marking 0x0337b2078b51 <JSFunction wrappedFn (sfi = 0000017B9BF55F39)> for optimization to MAGLEV, ConcurrencyMode::kConcurrent, reason: hot and stable]
[compiling method 0x0337b2078a81 <JSFunction wrappedFn (sfi = 0000017B9BF55F39)> (target MAGLEV), mode: ConcurrencyMode::kConcurrent]
[completed compiling 0x0337b2078a81 <JSFunction wrappedFn (sfi = 0000017B9BF55F39)> (target MAGLEV) - took 0.000, 0.110, 0.002 ms]
[marking 0x01e9d91a3e59 <JSFunction noop (sfi = 0000017B9BF74BF1)> for optimization to MAGLEV, ConcurrencyMode::kConcurrent, reason: hot and stable]
[compiling method 0x01e9d91a3e59 <JSFunction noop (sfi = 0000017B9BF74BF1)> (target MAGLEV), mode: ConcurrencyMode::kConcurrent]
[completed compiling 0x01e9d91a3e59 <JSFunction noop (sfi = 0000017B9BF74BF1)> (target MAGLEV) - took 0.001, 0.043, 0.001 ms]
[marking 0x019a0a74d541 <JSFunction getNewKey (sfi = 000003AE0BEDDC21)> for optimization to MAGLEV, ConcurrencyMode::kConcurrent, reason: hot and stable]
[compiling method 0x019a0a74d541 <JSFunction getNewKey (sfi = 000003AE0BEDDC21)> (target MAGLEV), mode: ConcurrencyMode::kConcurrent]
[completed compiling 0x019a0a74d541 <JSFunction getNewKey (sfi = 000003AE0BEDDC21)> (target MAGLEV) - took 0.000, 0.173, 0.004 ms]
[marking 0x0013b140d541 <JSFunction getNewKey (sfi = 000002E657A9DC21)> for optimization to MAGLEV, ConcurrencyMode::kConcurrent, reason: hot and stable]
[compiling method 0x0013b140d541 <JSFunction getNewKey (sfi = 000002E657A9DC21)> (target MAGLEV), mode: ConcurrencyMode::kConcurrent]
[completed compiling 0x0013b140d541 <JSFunction getNewKey (sfi = 000002E657A9DC21)> (target MAGLEV) - took 0.000, 0.174, 0.004 ms]
[marking 0x01a9a378d541 <JSFunction getNewKey (sfi = 000000FD82EDDC21)> for optimization to MAGLEV, ConcurrencyMode::kConcurrent, reason: hot and stable]
[compiling method 0x01a9a378d541 <JSFunction getNewKey (sfi = 000000FD82EDDC21)> (target MAGLEV), mode: ConcurrencyMode::kConcurrent]
[22880:00000229C459A000]        9 ms: Scavenge 3.6 (4.1) -> 2.8 (4.6) MB, pooled: 0.0 MB, 0.34 / 0.00 ms (average mu = 1.000, current mu = 1.000) allocation failure; 
[marking 0x036f0e54d541 <JSFunction getNewKey (sfi = 0000011A72EDDC21)> for optimization to MAGLEV, ConcurrencyMode::kConcurrent, reason: hot and stable]
[completed compiling 0x01a9a378d541 <JSFunction getNewKey (sfi = 000000FD82EDDC21)> (target MAGLEV) - took 0.000, 0.203, 0.003 ms]
[compiling method 0x036f0e54d541 <JSFunction getNewKey (sfi = 0000011A72EDDC21)> (target MAGLEV), mode: ConcurrencyMode::kConcurrent]
[completed compiling 0x036f0e54d541 <JSFunction getNewKey (sfi = 0000011A72EDDC21)> (target MAGLEV) - took 0.000, 0.179, 0.003 ms]
[22880:00000229C46EB000]       10 ms: Scavenge 3.6 (4.1) -> 2.9 (4.6) MB, pooled: 0.0 MB, 0.36 / 0.00 ms (average mu = 1.000, current mu = 1.000) allocation failure; 
[marking 0x036d55b0d541 <JSFunction getNewKey (sfi = 000002BB37E1DC21)> for optimization to MAGLEV, ConcurrencyMode::kConcurrent, reason: hot and stable]
[compiling method 0x036d55b0d541 <JSFunction getNewKey (sfi = 000002BB37E1DC21)> (target MAGLEV), mode: ConcurrencyMode::kConcurrent]
[22880:00000229C47B0000]       10 ms: Scavenge 3.6 (4.1) -> 2.9 (4.6) MB, pooled: 0.0 MB, 0.28 / 0.00 ms (average mu = 1.000, current mu = 1.000) allocation failure; 
[completed compiling 0x036d55b0d541 <JSFunction getNewKey (sfi = 000002BB37E1DC21)> (target MAGLEV) - took 0.000, 0.197, 0.003 ms]
[22880:00000229C4673000]       11 ms: Scavenge 3.6 (4.1) -> 2.8 (4.6) MB, pooled: 0.0 MB, 0.26 / 0.00 ms (average mu = 1.000, current mu = 1.000) allocation failure; 
[marking 0x00cbc4a8d541 <JSFunction getNewKey (sfi = 00000050D3ADDC21)> for optimization to MAGLEV, ConcurrencyMode::kConcurrent, reason: hot and stable]
[compiling method 0x00cbc4a8d541 <JSFunction getNewKey (sfi = 00000050D3ADDC21)> (target MAGLEV), mode: ConcurrencyMode::kConcurrent]
[completed compiling 0x00cbc4a8d541 <JSFunction getNewKey (sfi = 00000050D3ADDC21)> (target MAGLEV) - took 0.000, 0.264, 0.004 ms]
[marking 0x0291016cd541 <JSFunction getNewKey (sfi = 000001ECD9F1DC21)> for optimization to MAGLEV, ConcurrencyMode::kConcurrent, reason: hot and stable]
[compiling method 0x0291016cd541 <JSFunction getNewKey (sfi = 000001ECD9F1DC21)> (target MAGLEV), mode: ConcurrencyMode::kConcurrent]
[completed compiling 0x0291016cd541 <JSFunction getNewKey (sfi = 000001ECD9F1DC21)> (target MAGLEV) - took 0.000, 0.165, 0.004 ms]
[22880:00000229C4928000]       11 ms: Scavenge 3.6 (4.1) -> 2.8 (4.6) MB, pooled: 0.0 MB, 0.28 / 0.00 ms (average mu = 1.000, current mu = 1.000) allocation failure; 
[22880:0000022C82C03000]       10 ms: Scavenge 3.6 (4.1) -> 2.9 (4.6) MB, pooled: 0.0 MB, 0.28 / 0.00 ms (average mu = 1.000, current mu = 1.000) allocation failure; 
[22880:00000229C459A000]       14 ms: Scavenge 3.8 (5.6) -> 3.5 (6.4) MB, pooled: 0.0 MB, 0.33 / 0.00 ms (average mu = 1.000, current mu = 1.000) allocation failure; 
[22880:0000022C82CD6000]       11 ms: Scavenge 3.6 (4.1) -> 2.9 (4.6) MB, pooled: 0.0 MB, 0.26 / 0.00 ms (average mu = 1.000, current mu = 1.000) allocation failure; 
[22880:00000229C46EB000]       13 ms: Scavenge 3.8 (5.6) -> 3.4 (6.1) MB, pooled: 0.0 MB, 0.32 / 0.00 ms (average mu = 1.000, current mu = 1.000) allocation failure; 
[22880:0000022C82C03000]       12 ms: Scavenge 3.8 (5.6) -> 3.5 (6.1) MB, pooled: 0.0 MB, 0.33 / 0.00 ms (average mu = 1.000, current mu = 1.000) allocation failure; 
[22880:00000229C47B0000]       14 ms: Scavenge 3.8 (5.6) -> 3.5 (6.1) MB, pooled: 0.0 MB, 0.37 / 0.00 ms (average mu = 1.000, current mu = 1.000) allocation failure; 
[22880:00000229C4673000]       15 ms: Scavenge 3.8 (5.6) -> 3.5 (6.1) MB, pooled: 0.0 MB, 0.40 / 0.00 ms (average mu = 1.000, current mu = 1.000) allocation failure; 
[22880:00000229C4928000]       14 ms: Scavenge 3.8 (5.6) -> 3.6 (6.1) MB, pooled: 0.0 MB, 0.40 / 0.00 ms (average mu = 1.000, current mu = 1.000) allocation failure; 
[22880:0000022C82CD6000]       13 ms: Scavenge 3.8 (5.6) -> 3.5 (6.1) MB, pooled: 0.0 MB, 0.37 / 0.00 ms (average mu = 1.000, current mu = 1.000) allocation failure; 
[marking 0x03d670f56231[marking  <JSFunction (sfi = 000003F55C2D3BC1)>0x0044083d5949  for optimization to MAGLEV, ConcurrencyMode::kConcurrent, reason: hot and stable]
[marking <JSFunction (sfi = 00000126C9802D21)> for optimization to MAGLEV, ConcurrencyMode::kConcurrent, reason: hot and stable]
0x0102e339a959 <JSFunction (sfi = 000000B0AF681591)> for optimization to MAGLEV, ConcurrencyMode::kConcurrent, reason: hot and stable]
[compiling method [compiling method 0x0102e339a959 0x0044083d5949 <JSFunction (sfi = 000000B0AF681591)> (target MAGLEV), mode: ConcurrencyMode::kConcurrent]
<JSFunction (sfi = 00000126C9802D21)>[compiling method  (target MAGLEV), mode: ConcurrencyMode::kConcurrent0x03d670f56231]
 <JSFunction (sfi = 000003F55C2D3BC1)> (target MAGLEV), mode: ConcurrencyMode::kConcurrent]
[marking 0x03a056a9a959 <JSFunction (sfi = 0000039545433BC9)> for optimization to MAGLEV, ConcurrencyMode::kConcurrent, reason: hot and stable]
[compiling method 0x03a056a9a959 <JSFunction (sfi = 0000039545433BC9)> (target MAGLEV), mode: ConcurrencyMode::kConcurrent]
[completed compiling 0x0044083d5949 <JSFunction (sfi = 00000126C9802D21)> (target MAGLEV) - took 0.000, 0.019, 0.002 ms]
[completed compiling 0x0102e339a959 <JSFunction (sfi = 000000B0AF681591)> (target MAGLEV) - took 0.000, 0.078, 0.002 ms]
[completed compiling 0x03d670f56231 <JSFunction (sfi = 000003F55C2D3BC1)> (target MAGLEV) - took 0.000, 0.088, 0.001 ms]
[completed compiling 0x03a056a9a959 <JSFunction (sfi = 0000039545433BC9)> (target MAGLEV) - took 0.000, 0.031, 0.001 ms[marking ]
0x00de63ada279 <JSFunction (sfi = 0000016001B812D1)> for optimization to MAGLEV, ConcurrencyMode::kConcurrent, reason: hot and stable]
[compiling method 0x00de63ada279 <JSFunction (sfi = 0000016001B812D1)> (target MAGLEV), mode: ConcurrencyMode::kConcurrent]
[marking 0x0312bb7db009 <JSFunction (sfi = 000001E9C4A33BC9)> for optimization to MAGLEV, ConcurrencyMode::kConcurrent, reason: hot and stable]
[compiling method 0x0312bb7db009 <JSFunction (sfi = 000001E9C4A33BC9)> (target MAGLEV), mode: ConcurrencyMode::kConcurrent]
[completed compiling 0x00de63ada279 <JSFunction (sfi = 0000016001B812D1)> (target MAGLEV) - took 0.000, 0.085, 0.001 ms]
[marking 0x03697b15c151 <JSFunction (sfi = 0000017AE5AC1FC9)> for optimization to MAGLEV, ConcurrencyMode::kConcurrent, reason: hot and stable]
[compiling method 0x03697b15c151 <JSFunction (sfi = 0000017AE5AC1FC9)> (target MAGLEV), mode: ConcurrencyMode::kConcurrent]
[completed compiling 0x03697b15c151 <JSFunction (sfi = 0000017AE5AC1FC9)> (target MAGLEV) - took 0.000, 0.058, 0.001 ms[completed compiling ]
0x0312bb7db009 <JSFunction (sfi = 000001E9C4A33BC9)> (target MAGLEV) - took 0.000, 0.158, 0.001 ms]
[22880:00000229C4928000]       22 ms: Scavenge 4.6 (6.6) -> 4.3 (7.4) MB, pooled: 0.0 MB, 0.41 / 0.00 ms (average mu = 1.000, current mu = 1.000) allocation failure; 
[22880:00000229C47B0000]       23 ms: Scavenge 4.5 (6.6) -> 4.3 (7.4) MB, pooled: 0.0 MB, 0.48 / 0.00 ms (average mu = 1.000, current mu = 1.000) allocation failure; 
[22880:0000022C82C03000]       21 ms: Scavenge 4.6 (6.6) -> 4.3 (7.1) MB, pooled: 0.0 MB, 0.37 / 0.00 ms (average mu = 1.000, current mu = 1.000) allocation failure; 
[22880:0000022C82CD6000]       21 ms: Scavenge 4.6 (6.6) -> 4.3 (7.4) MB, pooled: 0.0 MB, 0.40 / 0.00 ms (average mu = 1.000, current mu = 1.000) allocation failure; 
[22880:00000229C459A000]       24 ms: Scavenge 4.5 (6.6) -> 4.3 (7.4) MB, pooled: 0.0 MB, 0.38 / 0.00 ms (average mu = 1.000, current mu = 1.000) allocation failure; 
[22880:00000229C4673000]       24 ms: Scavenge 4.5 (6.6) -> 4.3 (7.4) MB, pooled: 0.0 MB, 0.48 / 0.00 ms (average mu = 1.000, current mu = 1.000) allocation failure; 
[22880:00000229C46EB000]       24 ms: Scavenge 4.5 (6.6) -> 4.3 (7.1) MB, pooled: 0.0 MB, 0.50 / 0.00 ms (average mu = 1.000, current mu = 1.000) allocation failure; 
[marking 0x017ae5ac04f9 <JSFunction next (sfi = 000002E657AA0BD1)> for optimization to MAGLEV, ConcurrencyMode::kConcurrent, reason: hot and stable]
[compiling method 0x017ae5ac04f9 <JSFunction next (sfi = 000002E657AA0BD1)> (target MAGLEV), mode: ConcurrencyMode::kConcurrent]
[marking 0x0126c98005b9 <JSFunction next (sfi = 000003AE0BEE0BD1)> for optimization to MAGLEV, ConcurrencyMode::kConcurrent, reason: hot and stable]
[compiling method 0x0126c98005b9 <JSFunction next (sfi = 000003AE0BEE0BD1)> (target MAGLEV), mode: ConcurrencyMode::kConcurrent]
[marking 0x016001b80691 <JSFunction next (sfi = 000001ECD9F20BD1)> for optimization to MAGLEV, ConcurrencyMode::kConcurrent, reason: hot and stable]
[marking 0x00b0af6809f1 [compiling method 0x016001b80691 <JSFunction next (sfi = 000000FD82EE0BD1)><JSFunction next (sfi = 000001ECD9F20BD1)> for optimization to MAGLEV, ConcurrencyMode::kConcurrent, reason: hot and stable]
 (target MAGLEV), mode: ConcurrencyMode::kConcurrent]
[compiling method 0x00b0af6809f1 <JSFunction next (sfi = 000000FD82EE0BD1)> (target MAGLEV), mode: ConcurrencyMode::kConcurrent]
[completed compiling 0x0126c98005b9 <JSFunction next (sfi = 000003AE0BEE0BD1)> (target MAGLEV) - took 0.000, 0.057, 0.002 ms]
[completed compiling 0x016001b80691 <JSFunction next (sfi = 000001ECD9F20BD1)> (target MAGLEV) - took 0.000, 0.041, 0.002 ms[completed compiling ]
0x00b0af6809f1 <JSFunction next (sfi = 000000FD82EE0BD1)> (target MAGLEV)[marking  - took 0.001, 0.040, 0.002 ms0x03d052000f59]
 [completed compiling 0x017ae5ac04f9<JSFunction next (sfi = 000002BB37E20BD1)>  for optimization to MAGLEV, ConcurrencyMode::kConcurrent, reason: hot and stable]
<JSFunction next (sfi = 000002E657AA0BD1)> (target MAGLEV) - took 0.001, 0.097, 0.002 ms]
[compiling method 0x03d052000f59 <JSFunction next (sfi = 000002BB37E20BD1)> (target MAGLEV), mode: ConcurrencyMode::kConcurrent]
[completed compiling 0x03d052000f59 <JSFunction next (sfi = 000002BB37E20BD1)> (target MAGLEV) - took 0.001, 0.074, 0.002 ms]
[marking 0x03f55c2c0691 <JSFunction next (sfi = 0000011A72EE0BD1)> for optimization to MAGLEV, ConcurrencyMode::kConcurrent, reason: hot and stable]
[compiling method 0x03f55c2c0691 <JSFunction next (sfi = 0000011A72EE0BD1)> (target MAGLEV), mode: ConcurrencyMode::kConcurrent]
[marking 0x00e390240691 <JSFunction next (sfi = 00000050D3AE0BD1)> for optimization to MAGLEV, ConcurrencyMode::kConcurrent, reason: hot and stable]
[compiling method 0x00e390240691 <JSFunction next (sfi = 00000050D3AE0BD1)> (target MAGLEV), mode: ConcurrencyMode::kConcurrent]
[completed compiling 0x03f55c2c0691 <JSFunction next (sfi = 0000011A72EE0BD1)> (target MAGLEV) - took 0.001, 0.050, 0.002 ms]
[completed compiling 0x00e390240691 <JSFunction next (sfi = 00000050D3AE0BD1)> (target MAGLEV) - took 0.000, 0.034, 0.002 ms]
[marking 0x035bc952c229 <JSFunction isPathSeparator (sfi = 000001FF5D1B2539)> for optimization to MAGLEV, ConcurrencyMode::kConcurrent, reason: hot and stable]
[compiling method 0x035bc952c229 <JSFunction isPathSeparator (sfi = 000001FF5D1B2539)> (target MAGLEV), mode: ConcurrencyMode::kConcurrent]
[marking 0x01587bc16d81 <JSFunction isPathSeparator (sfi = 00000333799DD101)> for optimization to MAGLEV, ConcurrencyMode::kConcurrent, reason: hot and stable]
[marking [compiling method 0x01587bc16d81 <JSFunction isPathSeparator (sfi = 00000333799DD101)> (target MAGLEV), mode: ConcurrencyMode::kConcurrent]
0x02b138996de1 <JSFunction isPathSeparator (sfi = 000000866EBBD9E9)> for optimization to MAGLEV, ConcurrencyMode::kConcurrent, reason: hot and stable]
[compiling method 0x02b138996de1 <JSFunction isPathSeparator (sfi = 000000866EBBD9E9)> (target MAGLEV), mode: ConcurrencyMode::kConcurrent]
[completed compiling 0x035bc952c229 <JSFunction isPathSeparator (sfi = 000001FF5D1B2539)> (target MAGLEV) - took 0.000, 0.088, 0.002 ms]
[completed compiling 0x01587bc16d81 <JSFunction isPathSeparator (sfi = 00000333799DD101)> (target MAGLEV) - took 0.000, 0.069, 0.001 ms]
[completed compiling 0x02b138996de1 <JSFunction isPathSeparator (sfi = 000000866EBBD9E9)> (target MAGLEV) - took 0.000, 0.078, 0.001 ms]
[marking [marking 0x03d46b0259610x01e3a2b22851  <JSFunction isPathSeparator (sfi = 000003E3A42AC549)><JSFunction isPathSeparator (sfi = 000001AEFD57CA31)> for optimization to MAGLEV, ConcurrencyMode::kConcurrent, reason: hot and stable]
[compiling method  for optimization to MAGLEV, ConcurrencyMode::kConcurrent, reason: hot and stable0x01e3a2b22851 ]
<JSFunction isPathSeparator (sfi = 000001AEFD57CA31)> (target MAGLEV), mode: ConcurrencyMode::kConcurrent]
[compiling method 0x03d46b025961 <JSFunction isPathSeparator (sfi = 000003E3A42AC549)> (target MAGLEV), mode: ConcurrencyMode::kConcurrent]
[completed compiling 0x01e3a2b22851 <JSFunction isPathSeparator (sfi = 000001AEFD57CA31)> (target MAGLEV) - took 0.001, 0.031, 0.000 ms]
[completed compiling 0x03d46b025961 <JSFunction isPathSeparator (sfi = 000003E3A42AC549)> (target MAGLEV) - took 0.000, 0.054, 0.000 ms]
[marking [marking 0x035dcad658a90x027cd3f56349  <JSFunction isPathSeparator (sfi = 000002DAE34A5D61)><JSFunction isPathSeparator (sfi = 000001EB9B2538C9)> for optimization to MAGLEV, ConcurrencyMode::kConcurrent, reason: hot and stable for optimization to MAGLEV, ConcurrencyMode::kConcurrent, reason: hot and stable]
]
[compiling method [compiling method 0x027cd3f563490x035dcad658a9  <JSFunction isPathSeparator (sfi = 000002DAE34A5D61)> (target MAGLEV)<JSFunction isPathSeparator (sfi = 000001EB9B2538C9)>, mode: ConcurrencyMode::kConcurrent]
 (target MAGLEV), mode: ConcurrencyMode::kConcurrent]
[completed compiling 0x027cd3f56349 <JSFunction isPathSeparator (sfi = 000001EB9B2538C9)> (target MAGLEV) - took 0.000, 0.058, 0.001 ms]
[completed compiling 0x035dcad658a9 <JSFunction isPathSeparator (sfi = 000002DAE34A5D61)> (target MAGLEV) - took 0.000, 0.044, 0.001 ms]
[marking 0x035bc952c329 <JSFunction normalizeString (sfi = 000001FF5D1B2659)> for optimization to MAGLEV, ConcurrencyMode::kConcurrent, reason: hot and stable]
[marking 0x01587bc16e81 <JSFunction normalizeString (sfi = 00000333799DD221)> for optimization to MAGLEV, ConcurrencyMode::kConcurrent, reason: hot and stable]
[marking 0x02b138996ee1 <JSFunction normalizeString (sfi = 000000866EBBDB09)> for optimization to MAGLEV, ConcurrencyMode::kConcurrent, reason: hot and stable]
[marking 0x03d46b025a61 <JSFunction normalizeString (sfi = 000003E3A42AC669)> for optimization to MAGLEV, ConcurrencyMode::kConcurrent, reason: hot and stable]
[marking 0x01e3a2b22951 <JSFunction normalizeString (sfi = 000001AEFD57CB51)> for optimization to MAGLEV, ConcurrencyMode::kConcurrent, reason: hot and stable]
[marking 0x027cd3f56449 <JSFunction normalizeString (sfi = 000001EB9B2539E9)> for optimization to MAGLEV, ConcurrencyMode::kConcurrent, reason: hot and stable]
[marking 0x035dcad659a9 <JSFunction normalizeString (sfi = 000002DAE34A5E81)> for optimization to MAGLEV, ConcurrencyMode::kConcurrent, reason: hot and stable]
[compiling method 0x03d46b025a61 <JSFunction normalizeString (sfi = 000003E3A42AC669)>[compiling method  (target MAGLEV), mode: ConcurrencyMode::kConcurrent]
[compiling method 0x02b138996ee1 0x035bc952c329 <JSFunction normalizeString (sfi = 000000866EBBDB09)> (target MAGLEV), mode: ConcurrencyMode::kConcurrent]
<JSFunction normalizeString (sfi = 000001FF5D1B2659)> (target MAGLEV), mode: ConcurrencyMode::kConcurrent]
[compiling method 0x01587bc16e81 <JSFunction normalizeString (sfi = 00000333799DD221)> (target MAGLEV), mode: ConcurrencyMode::kConcurrent]
[compiling method 0x035dcad659a9 <JSFunction normalizeString (sfi = 000002DAE34A5E81)> (target MAGLEV), mode: ConcurrencyMode::kConcurrent]
[completed compiling 0x02b138996ee1 <JSFunction normalizeString (sfi = 000000866EBBDB09)> (target MAGLEV) - took 0.000, 0.457, 0.002 ms]
[compiling method 0x027cd3f56449 <JSFunction normalizeString (sfi = 000001EB9B2539E9)> (target MAGLEV), mode: ConcurrencyMode::kConcurrent]
[completed compiling 0x03d46b025a61 <JSFunction normalizeString (sfi = 000003E3A42AC669)> (target MAGLEV) - took 0.000, 0.486, 0.002 ms]
[completed compiling 0x01587bc16e81 [completed compiling <JSFunction normalizeString (sfi = 00000333799DD221)> (target MAGLEV)0x035bc952c329  - took 0.000, 0.439, 0.002 ms<JSFunction normalizeString (sfi = 000001FF5D1B2659)>]
 (target MAGLEV) - took 0.000, 0.476, 0.001 ms]
[compiling method 0x01e3a2b22951 <JSFunction normalizeString (sfi = 000001AEFD57CB51)> (target MAGLEV), mode: ConcurrencyMode::kConcurrent]
[completed compiling 0x035dcad659a9 <JSFunction normalizeString (sfi = 000002DAE34A5E81)> (target MAGLEV) - took 0.000, 0.414, 0.001 ms]
[completed compiling 0x027cd3f56449 <JSFunction normalizeString (sfi = 000001EB9B2539E9)> (target MAGLEV) - took 0.000, 0.334, 0.001 ms]
[completed compiling 0x01e3a2b22951 <JSFunction normalizeString (sfi = 000001AEFD57CB51)> (target MAGLEV) - took 0.000, 0.359, 0.001 ms]
[marking 0x01f72a173659 <JSFunction nextPart (sfi = 00000128AE9CEB39)> for optimization to MAGLEV, ConcurrencyMode::kConcurrent, reason: hot and stable]
[marking 0x0354f0573c79 <JSFunction nextPart (sfi = 0000024D8A6A7F29)> for optimization to MAGLEV, ConcurrencyMode::kConcurrent, reason: hot and stable]
[marking 0x0165fa942461 <JSFunction nextPart (sfi = 000003FBC8704239)> for optimization to MAGLEV, ConcurrencyMode::kConcurrent, reason: hot and stable]
[marking 0x03a0ef2ff119 <JSFunction nextPart (sfi = 000001D469981C31)> for optimization to MAGLEV, ConcurrencyMode::kConcurrent, reason: hot and stable]
[compiling method 0x01f72a173659 <JSFunction nextPart (sfi = 00000128AE9CEB39)> (target MAGLEV), mode: ConcurrencyMode::kConcurrent]
[completed compiling 0x01f72a173659 <JSFunction nextPart (sfi = 00000128AE9CEB39)> (target MAGLEV) - took 0.000, 0.139, 0.001 ms]
[marking 0x02b6d94c28f9 <JSFunction nextPart (sfi = 0000030DC33B7E29)> for optimization to MAGLEV, ConcurrencyMode::kConcurrent, reason: hot and stable]
[compiling method 0x0354f0573c79 <JSFunction nextPart (sfi = 0000024D8A6A7F29)> (target MAGLEV), mode: ConcurrencyMode::kConcurrent]
[compiling method 0x0165fa942461 <JSFunction nextPart (sfi = 000003FBC8704239)> (target MAGLEV), mode: ConcurrencyMode::kConcurrent]
[marking 0x01587bc18bf9 <JSFunction getPathFromURLWin32 (sfi = 00000333799E4389)> for optimization to MAGLEV, ConcurrencyMode::kConcurrent, reason: hot and stable]
[completed compiling 0x0354f0573c79 <JSFunction nextPart (sfi = 0000024D8A6A7F29)> (target MAGLEV) - took 0.000, 0.158, 0.001 ms]
[completed compiling 0x0165fa942461 <JSFunction nextPart (sfi = 000003FBC8704239)> (target MAGLEV) - took 0.000, 0.150, 0.000 ms]
[compiling method 0x01587bc18bf9 <JSFunction getPathFromURLWin32 (sfi = 00000333799E4389)> (target MAGLEV), mode: ConcurrencyMode::kConcurrent]
[compiling method 0x03a0ef2ff119 <JSFunction nextPart (sfi = 000001D469981C31)> (target MAGLEV), mode: ConcurrencyMode::kConcurrent]
[marking 0x02b138998c59 <JSFunction getPathFromURLWin32 (sfi = 0000024D8A685ED9)> for optimization to MAGLEV, ConcurrencyMode::kConcurrent, reason: hot and stable]
[marking 0x03d46b0277d9 <JSFunction getPathFromURLWin32 (sfi = 000003E3A42B37D1)> for optimization to MAGLEV, ConcurrencyMode::kConcurrent, reason: hot and stable]
[completed compiling 0x03a0ef2ff119 <JSFunction nextPart (sfi = 000001D469981C31)> (target MAGLEV) - took 0.000, 0.138, 0.001 ms]
[marking 0x014acd789111 <JSFunction nextPart (sfi = 00000018508DC1D9)> for optimization to MAGLEV, ConcurrencyMode::kConcurrent, reason: hot and stable]
[completed compiling 0x01587bc18bf9 <JSFunction getPathFromURLWin32 (sfi = 00000333799E4389)> (target MAGLEV) - took 0.001, 0.338, 0.006 ms]
[marking 0x024d51972c59 <JSFunction nextPart (sfi = 000001EB9B27CB69)> for optimization to MAGLEV, ConcurrencyMode::kConcurrent, reason: hot and stable]
[compiling method 0x02b6d94c28f9 <JSFunction nextPart (sfi = 0000030DC33B7E29)> (target MAGLEV), mode: ConcurrencyMode::kConcurrent]
[marking 0x01e3a2b246c9 <JSFunction getPathFromURLWin32 (sfi = 000002007CF21901)> for optimization to MAGLEV, ConcurrencyMode::kConcurrent, reason: hot and stable]
[compiling method 0x03d46b0277d9 <JSFunction getPathFromURLWin32 (sfi = 000003E3A42B37D1)> (target MAGLEV), mode: ConcurrencyMode::kConcurrent]
[compiling method 0x02b138998c59 <JSFunction getPathFromURLWin32 (sfi = 0000024D8A685ED9)> (target MAGLEV), mode: ConcurrencyMode::kConcurrent]
[completed compiling 0x02b6d94c28f9 <JSFunction nextPart (sfi = 0000030DC33B7E29)> (target MAGLEV) - took 0.001, 0.151, 0.001 ms]
[compiling method 0x01e3a2b246c9 <JSFunction getPathFromURLWin32 (sfi = 000002007CF21901)> (target MAGLEV), mode: ConcurrencyMode::kConcurrent]
[completed compiling 0x03d46b0277d9 <JSFunction getPathFromURLWin32 (sfi = 000003E3A42B37D1)> (target MAGLEV) - took 0.000, 0.297, 0.005 ms]
[marking 0x035dcad67721 <JSFunction getPathFromURLWin32 (sfi = 000002DAE34ACFE9)> for optimization to MAGLEV, ConcurrencyMode::kConcurrent, reason: hot and stable]
[completed compiling 0x02b138998c59 <JSFunction getPathFromURLWin32 (sfi = 0000024D8A685ED9)> (target MAGLEV) - took 0.001, 0.339, 0.003 ms]
[completed compiling 0x01e3a2b246c9 <JSFunction getPathFromURLWin32 (sfi = 000002007CF21901)> (target MAGLEV) - took 0.000, 0.329, 0.008 ms]
[compiling method 0x014acd789111 <JSFunction nextPart (sfi = 00000018508DC1D9)> (target MAGLEV), mode: ConcurrencyMode::kConcurrent]
[compiling method 0x035dcad67721 <JSFunction getPathFromURLWin32 (sfi = 000002DAE34ACFE9)> (target MAGLEV), mode: ConcurrencyMode::kConcurrent]
[compiling method 0x024d51972c59 <JSFunction nextPart (sfi = 000001EB9B27CB69)> (target MAGLEV), mode: ConcurrencyMode::kConcurrent]
[completed compiling 0x014acd789111 <JSFunction nextPart (sfi = 00000018508DC1D9)> (target MAGLEV) - took 0.000, 0.156, 0.001 ms]
[completed compiling 0x024d51972c59 <JSFunction nextPart (sfi = 000001EB9B27CB69)> (target MAGLEV) - took 0.001, 0.145, 0.001 ms]
[marking 0x035bc952e0a1 <JSFunction getPathFromURLWin32 (sfi = 000001FF5D1B97C1)> for optimization to MAGLEV, ConcurrencyMode::kConcurrent, reason: hot and stable]
[completed compiling 0x035dcad67721 <JSFunction getPathFromURLWin32 (sfi = 000002DAE34ACFE9)> (target MAGLEV) - took 0.001, 0.337, 0.005 ms]
[marking 0x027cd3f581c1 <JSFunction getPathFromURLWin32 (sfi = 000001EB9B25AB51)> for optimization to MAGLEV, ConcurrencyMode::kConcurrent, reason: hot and stable]
[compiling method 0x035bc952e0a1 <JSFunction getPathFromURLWin32 (sfi = 000001FF5D1B97C1)> (target MAGLEV), mode: ConcurrencyMode::kConcurrent]
[compiling method 0x027cd3f581c1 <JSFunction getPathFromURLWin32 (sfi = 000001EB9B25AB51)> (target MAGLEV), mode: ConcurrencyMode::kConcurrent]
[completed compiling 0x035bc952e0a1 <JSFunction getPathFromURLWin32 (sfi = 000001FF5D1B97C1)> (target MAGLEV) - took 0.001, 0.336, 0.005 ms]
[completed compiling 0x027cd3f581c1 <JSFunction getPathFromURLWin32 (sfi = 000001EB9B25AB51)> (target MAGLEV) - took 0.001, 0.292, 0.004 ms]
[marking 0x0212c4628269 <JSFunction prepareWorkerBehaviorLoad32 (sfi = 00000212C4608579)> for optimization to MAGLEV, ConcurrencyMode::kConcurrent, reason: hot and stable]
[compiling method 0x0212c4628269 <JSFunction prepareWorkerBehaviorLoad32 (sfi = 00000212C4608579)> (target MAGLEV) OSR, mode: ConcurrencyMode::kConcurrent]
[completed compiling 0x0212c4628269 <JSFunction prepareWorkerBehaviorLoad32 (sfi = 00000212C4608579)> (target MAGLEV) OSR - took 0.000, 0.214, 0.003 ms]
[compiling method 0x0212c4628269 <JSFunction prepareWorkerBehaviorLoad32 (sfi = 00000212C4608579)> (target TURBOFAN_JS) OSR, mode: ConcurrencyMode::kConcurrent]
[marking 0x016ef3264ee1 <JSFunction prepareWorkerBehaviorLoad32 (sfi = 0000016EF32451C1)> for optimization to MAGLEV, ConcurrencyMode::kConcurrent, reason: hot and stable]
[compiling method 0x016ef3264ee1 <JSFunction prepareWorkerBehaviorLoad32 (sfi = 0000016EF32451C1)> (target MAGLEV) OSR, mode: ConcurrencyMode::kConcurrent]
[completed compiling 0x0212c4628269 <JSFunction prepareWorkerBehaviorLoad32 (sfi = 00000212C4608579)> (target TURBOFAN_JS) OSR - took 0.003, 0.829, 0.007 ms]
[completed optimizing 0x0212c4628269 <JSFunction prepareWorkerBehaviorLoad32 (sfi = 00000212C4608579)> (target TURBOFAN_JS) OSR]
[completed compiling 0x016ef3264ee1 <JSFunction prepareWorkerBehaviorLoad32 (sfi = 0000016EF32451C1)> (target MAGLEV) OSR - took 0.000, 0.930, 0.002 ms]
[marking 0x02358b991191 <JSFunction prepareWorkerBehaviorLoad32 (sfi = 0000015FF3870EC9)> for optimization to MAGLEV, ConcurrencyMode::kConcurrent, reason: hot and stable]
[compiling method 0x02358b991191 <JSFunction prepareWorkerBehaviorLoad32 (sfi = 0000015FF3870EC9)> (target MAGLEV) OSR, mode: ConcurrencyMode::kConcurrent]
[completed compiling 0x02358b991191 <JSFunction prepareWorkerBehaviorLoad32 (sfi = 0000015FF3870EC9)> (target MAGLEV) OSR - took 0.000, 0.166, 0.002 ms]
[compiling method 0x02358b991191 <JSFunction prepareWorkerBehaviorLoad32 (sfi = 0000015FF3870EC9)> (target TURBOFAN_JS) OSR, mode: ConcurrencyMode::kConcurrent]
[marking 0x0362c72dfd61 <JSFunction prepareWorkerBehaviorLoad32 (sfi = 00000092AB13FDD1)> for optimization to MAGLEV, ConcurrencyMode::kConcurrent, reason: hot and stable]
[marking 0x024884421479 <JSFunction prepareWorkerBehaviorLoad32 (sfi = 00000248844017F9)> for optimization to MAGLEV, ConcurrencyMode::kConcurrent, reason: hot and stable[compiling method ]
0x0362c72dfd61 <JSFunction prepareWorkerBehaviorLoad32 (sfi = 00000092AB13FDD1)> (target MAGLEV) OSR, mode: ConcurrencyMode::kConcurrent]
[marking 0x02b8dce18819 <JSFunction subsetDensePrepared (sfi = 00000212C4615B39)> for optimization to MAGLEV, ConcurrencyMode::kConcurrent, reason: hot and stable]
[compiling method 0x02b8dce18819 <JSFunction subsetDensePrepared (sfi = 00000212C4615B39)> (target MAGLEV), mode: ConcurrencyMode::kConcurrent]
[compiling method 0x024884421479 <JSFunction prepareWorkerBehaviorLoad32 (sfi = 00000248844017F9)> (target MAGLEV) OSR, mode: ConcurrencyMode::kConcurrent]
[22880:0000022C82CD6000]       62 ms: Scavenge 8.0 (9.9) -> 7.1 (10.6) MB, pooled: 0.0 MB, 0.52 / 0.00 ms (average mu = 1.000, current mu = 1.000) allocation failure; 
[completed compiling 0x02358b991191 <JSFunction prepareWorkerBehaviorLoad32 (sfi = 0000015FF3870EC9)> (target TURBOFAN_JS) OSR - took 0.001, 0.680, 0.007 ms]
[completed optimizing 0x02358b991191 <JSFunction prepareWorkerBehaviorLoad32 (sfi = 0000015FF3870EC9)> (target TURBOFAN_JS) OSR]
[completed compiling 0x024884421479 <JSFunction prepareWorkerBehaviorLoad32 (sfi = 00000248844017F9)> (target MAGLEV) OSR - took 0.000, 0.149, 0.002 ms[completed compiling ]
0x0362c72dfd61 <JSFunction prepareWorkerBehaviorLoad32 (sfi = 00000092AB13FDD1)> (target MAGLEV) OSR - took 0.000, 0.135, 0.002 ms]
[compiling method 0x024884421479 <JSFunction prepareWorkerBehaviorLoad32 (sfi = 00000248844017F9)> (target TURBOFAN_JS) OSR, mode: ConcurrencyMode::kConcurrent]
[compiling method 0x0362c72dfd61 <JSFunction prepareWorkerBehaviorLoad32 (sfi = 00000092AB13FDD1)> (target TURBOFAN_JS) OSR, mode: ConcurrencyMode::kConcurrent]
[marking 0x006fec3e8941 <JSFunction prepareWorkerBehaviorLoad32 (sfi = 0000006FEC3C8B39)> for optimization to MAGLEV, ConcurrencyMode::kConcurrent, reason: hot and stable]
[compiling method 0x006fec3e8941 <JSFunction prepareWorkerBehaviorLoad32 (sfi = 0000006FEC3C8B39)> (target MAGLEV) OSR, mode: ConcurrencyMode::kConcurrent]
[completed compiling 0x024884421479 <JSFunction prepareWorkerBehaviorLoad32 (sfi = 00000248844017F9)> (target TURBOFAN_JS) OSR - took 0.011, 0.790, 0.009 ms]
[completed optimizing 0x024884421479 <JSFunction prepareWorkerBehaviorLoad32 (sfi = 00000248844017F9)> (target TURBOFAN_JS) OSR]
[completed compiling 0x0362c72dfd61 <JSFunction prepareWorkerBehaviorLoad32 (sfi = 00000092AB13FDD1)> (target TURBOFAN_JS) OSR - took 0.001, 0.856, 0.005 ms]
[completed optimizing 0x0362c72dfd61 <JSFunction prepareWorkerBehaviorLoad32 (sfi = 00000092AB13FDD1)> (target TURBOFAN_JS) OSR]
[marking 0x03f5f489ed71 <JSFunction prepareWorkerBehaviorLoad32 (sfi = 000000EF9663EF71)> for optimization to MAGLEV, ConcurrencyMode::kConcurrent, reason: hot and stable]
[compiling method 0x03f5f489ed71 <JSFunction prepareWorkerBehaviorLoad32 (sfi = 000000EF9663EF71)> (target MAGLEV) OSR, mode: ConcurrencyMode::kConcurrent]
[22880:00000229C46EB000]       66 ms: Scavenge 7.9 (9.9) -> 6.9 (10.1) MB, pooled: 0.0 MB, 0.86 / 0.00 ms (average mu = 1.000, current mu = 1.000) allocation failure; 
[marking 0x026e68e66901 <JSFunction subsetDensePrepared (sfi = 0000016EF3252781)> for optimization to MAGLEV, ConcurrencyMode::kConcurrent, reason: hot and stable]
[compiling method 0x026e68e66901 <JSFunction subsetDensePrepared (sfi = 0000016EF3252781)> (target MAGLEV), mode: ConcurrencyMode::kConcurrent]
[marking dependent code 0x00f07aa80ba1 <Code MAGLEV> (0x02bb37e20bd1 <SharedFunctionInfo next>) (opt id 2) for deoptimization, reason: embedded weak objects cleared]
[22880:00000229C47B0000]       66 ms: Scavenge 8.0 (10.1) -> 7.0 (10.6) MB, pooled: 0.0 MB, 0.83 / 0.00 ms (average mu = 1.000, current mu = 1.000) allocation failure; 
[completed compiling 0x006fec3e8941 <JSFunction prepareWorkerBehaviorLoad32 (sfi = 0000006FEC3C8B39)> (target MAGLEV) OSR - took 0.000, 0.149, 0.003 ms]
[compiling method 0x006fec3e8941 <JSFunction prepareWorkerBehaviorLoad32 (sfi = 0000006FEC3C8B39)> (target TURBOFAN_JS) OSR, mode: ConcurrencyMode::kConcurrent]
[completed compiling 0x026e68e66901 <JSFunction subsetDensePrepared (sfi = 0000016EF3252781)> (target MAGLEV) - took 0.000, 0.054, 0.005 ms]
[marking 0x0174ba0596f9 <JSFunction subsetDensePrepared (sfi = 0000015FF387E469)> for optimization to MAGLEV, ConcurrencyMode::kConcurrent, reason: hot and stable]
[compiling method 0x0174ba0596f9 <JSFunction subsetDensePrepared (sfi = 0000015FF387E469)> (target MAGLEV), mode: ConcurrencyMode::kConcurrent]
[marking 0x016ef32663f1 <JSFunction emitSortedSetBits32 (sfi = 0000016EF3257C91)> for optimization to MAGLEV, ConcurrencyMode::kConcurrent, reason: hot and stable]
[marking 0x016ef32667b1 <JSFunction connect4RbaCofactorKnownHeight (sfi = 0000016EF3256D51)> for optimization to MAGLEV, ConcurrencyMode::kConcurrent, reason: hot and stable]
[compiling method 0x016ef32663f1 <JSFunction emitSortedSetBits32 (sfi = 0000016EF3257C91)> (target MAGLEV), mode: ConcurrencyMode::kConcurrent]
[compiling method 0x016ef32667b1 <JSFunction connect4RbaCofactorKnownHeight (sfi = 0000016EF3256D51)> (target MAGLEV), mode: ConcurrencyMode::kConcurrent]
[marking 0x026e68e66801 <JSFunction removeDensePrepared (sfi = 0000016EF3252661)> for optimization to MAGLEV, ConcurrencyMode::kConcurrent, reason: hot and stable]
[compiling method 0x026e68e66801 <JSFunction removeDensePrepared (sfi = 0000016EF3252661)> (target MAGLEV), mode: ConcurrencyMode::kConcurrent]
[22880:00000229C4928000]       67 ms: Mark-Compact 8.0 (9.9) -> 6.0 (10.4) MB, pooled: 0.0 MB, 3.26 / 0.00 ms (average mu = 0.951, current mu = 0.951) background allocation failure; GC in old space requested
[completed compiling 0x023e389ce421 <JSFunction subsetDensePrepared (sfi = 00000212C4615B39)> (target MAGLEV) - took 0.000, 3.493, 0.003 ms]
[completed compiling 0x006fec3e8941 <JSFunction prepareWorkerBehaviorLoad32 (sfi = 0000006FEC3C8B39)> (target TURBOFAN_JS) OSR - took 0.004, 0.549, 0.009 ms]
[completed optimizing 0x006fec3e8941 <JSFunction prepareWorkerBehaviorLoad32 (sfi = 0000006FEC3C8B39)> (target TURBOFAN_JS) OSR]
[marking 0x02358b992a61 <JSFunction connect4RbaCofactorKnownHeight (sfi = 000002358B983071)> for optimization to MAGLEV, ConcurrencyMode::kConcurrent, reason: hot and stable]
[compiling method 0x02358b992a61 <JSFunction connect4RbaCofactorKnownHeight (sfi = 000002358B983071)> (target MAGLEV), mode: ConcurrencyMode::kConcurrent]
[marking 0x02358b9926a1 <JSFunction emitSortedSetBits32 (sfi = 000002358B983FB1)> for optimization to MAGLEV, ConcurrencyMode::kConcurrent, reason: hot and stable]
[compiling method 0x02358b9926a1 <JSFunction emitSortedSetBits32 (sfi = 000002358B983FB1)> (target MAGLEV), mode: ConcurrencyMode::kConcurrent]
[marking 0x026e68e66881 <JSFunction prepareSubsetDense (sfi = 0000016EF32526F1)> for optimization to MAGLEV, ConcurrencyMode::kConcurrent, reason: hot and stable]
[compiling method 0x026e68e66881 <JSFunction prepareSubsetDense (sfi = 0000016EF32526F1)> (target MAGLEV), mode: ConcurrencyMode::kConcurrent]
[marking 0x0174ba0595f9 <JSFunction removeDensePrepared (sfi = 0000015FF387E349)> for optimization to MAGLEV, ConcurrencyMode::kConcurrent, reason: hot and stable]
[compiling method 0x0174ba0595f9 <JSFunction removeDensePrepared (sfi = 0000015FF387E349)> (target MAGLEV), mode: ConcurrencyMode::kConcurrent]
[marking 0x016ef32657a9 <JSFunction mixSpan32Locator32 (sfi = 0000016EF324FA71)> for optimization to MAGLEV, ConcurrencyMode::kConcurrent, reason: hot and stable]
[marking 0x0212c4629779 <JSFunction emitSortedSetBits32 (sfi = 00000212C461B031)> for optimization to MAGLEV, ConcurrencyMode::kConcurrent, reason: hot and stable]
[marking 0x0212c4629b39 <JSFunction connect4RbaCofactorKnownHeight (sfi = 00000212C461A0F1)> for optimization to MAGLEV, ConcurrencyMode::kConcurrent, reason: hot and stable]
[compiling method 0x016ef32657a9 <JSFunction mixSpan32Locator32 (sfi = 0000016EF324FA71)> (target MAGLEV), mode: ConcurrencyMode::kConcurrent]
[compiling method 0x0212c4629779 <JSFunction emitSortedSetBits32 (sfi = 00000212C461B031)> (target MAGLEV), mode: ConcurrencyMode::kConcurrent]
[compiling method 0x0212c4629b39 <JSFunction connect4RbaCofactorKnownHeight (sfi = 00000212C461A0F1)> (target MAGLEV), mode: ConcurrencyMode::kConcurrent]
[marking 0x023e389ce321 [marking <JSFunction removeDensePrepared (sfi = 00000212C4615A19)> for optimization to MAGLEV, ConcurrencyMode::kConcurrent, reason: hot and stable]
0x007730018659 [compiling method 0x023e389ce321 <JSFunction removeDensePrepared (sfi = 00000212C4615A19)> (target MAGLEV), mode: ConcurrencyMode::kConcurrent]
<JSFunction subsetDensePrepared (sfi = 00000362C72CD521)> for optimization to MAGLEV, ConcurrencyMode::kConcurrent, reason: hot and stable]
[compiling method 0x007730018659 <JSFunction subsetDensePrepared (sfi = 00000362C72CD521)> (target MAGLEV), mode: ConcurrencyMode::kConcurrent]
[marking 0x0174ba059679 <JSFunction prepareSubsetDense (sfi = 0000015FF387E3D9)> for optimization to MAGLEV, ConcurrencyMode::kConcurrent, reason: hot and stable]
[compiling method 0x0174ba059679 <JSFunction prepareSubsetDense (sfi = 0000015FF387E3D9)> (target MAGLEV), mode: ConcurrencyMode::kConcurrent]
[marking 0x02358b991a59 <JSFunction mixSpan32Locator32 (sfi = 0000015FF387B759)> for optimization to MAGLEV, ConcurrencyMode::kConcurrent, reason: hot and stable]
[marking 0x016ef32666f1 <JSFunction connect4RbaCofactorBasis (sfi = 0000016EF3256C79)> for optimization to MAGLEV, ConcurrencyMode::kConcurrent, reason: hot and stable]
[compiling method 0x02358b991a59 <JSFunction mixSpan32Locator32 (sfi = 0000015FF387B759)> (target MAGLEV), mode: ConcurrencyMode::kConcurrent]
[marking 0x023e389ce3a1 <JSFunction prepareSubsetDense (sfi = 00000212C4615AA9)> for optimization to MAGLEV, ConcurrencyMode::kConcurrent, reason: hot and stable]
[compiling method 0x023e389ce3a1 <JSFunction prepareSubsetDense (sfi = 00000212C4615AA9)> (target MAGLEV), mode: ConcurrencyMode::kConcurrent]
[compiling method 0x016ef32666f1 <JSFunction connect4RbaCofactorBasis (sfi = 0000016EF3256C79)> (target MAGLEV), mode: ConcurrencyMode::kConcurrent]
[marking 0x033cbded87b9 <JSFunction subsetDensePrepared (sfi = 000003F5F488C5E1)> for optimization to MAGLEV, ConcurrencyMode::kConcurrent, reason: hot and stable]
[compiling method 0x033cbded87b9 <JSFunction subsetDensePrepared (sfi = 000003F5F488C5E1)> (target MAGLEV), mode: ConcurrencyMode::kConcurrent]
[marking 0x0212c4628b31 <JSFunction mixSpan32Locator32 (sfi = 00000212C4612E29)> for optimization to MAGLEV, ConcurrencyMode::kConcurrent, reason: hot and stable]
[compiling method 0x0212c4628b31 <JSFunction mixSpan32Locator32 (sfi = 00000212C4612E29)> (target MAGLEV), mode: ConcurrencyMode::kConcurrent]
[marking 0x0212c4628af1 <JSFunction publishSpan32 (sfi = 00000212C4612DE1)> for optimization to MAGLEV, ConcurrencyMode::kConcurrent, reason: hot and stable]
[marking 0x02358b9929a1 <JSFunction connect4RbaCofactorBasis (sfi = 000002358B982F99)> for optimization to MAGLEV, ConcurrencyMode::kConcurrent, reason: hot and stable]
[marking 0x016ef3265769 <JSFunction publishSpan32 (sfi = 0000016EF324FA29)> for optimization to MAGLEV, ConcurrencyMode::kConcurrent, reason: hot and stable]
[compiling method 0x0212c4628af1 [compiling method <JSFunction publishSpan32 (sfi = 00000212C4612DE1)> (target MAGLEV), mode: ConcurrencyMode::kConcurrent[completed compiling ]
0x016ef3265769 <JSFunction publishSpan32 (sfi = 0000016EF324FA29)>[marking dependent code  (target MAGLEV), mode: ConcurrencyMode::kConcurrent]
0x01c66fa00ba1 <Code MAGLEV> (0x011a72ee0bd1[compiling method  0x02358b9929a1 <SharedFunctionInfo next>) (opt id 2) for deoptimization, reason: embedded weak objects cleared]
<JSFunction connect4RbaCofactorBasis (sfi = 000002358B982F99)> (target MAGLEV), mode: ConcurrencyMode::kConcurrent]
0x007730018659 <JSFunction subsetDensePrepared (sfi = 00000362C72CD521)> (target MAGLEV) - took 0.000, 0.098, 0.010 ms]
[marking 0x0212c4629a79 <JSFunction connect4RbaCofactorBasis (sfi = 00000212C461A019)> for optimization to MAGLEV, ConcurrencyMode::kConcurrent, reason: hot and stable]
[compiling method 0x0212c4629a79 <JSFunction connect4RbaCofactorBasis (sfi = 00000212C461A019)> (target MAGLEV), mode: ConcurrencyMode::kConcurrent]
[marking 0x02358b991a19 <JSFunction publishSpan32 (sfi = 0000015FF387B711)> for optimization to MAGLEV, ConcurrencyMode::kConcurrent, reason: hot and stable]
[compiling method 0x02358b991a19 <JSFunction publishSpan32 (sfi = 0000015FF387B711)> (target MAGLEV), mode: ConcurrencyMode::kConcurrent]
[marking 0x0362c72e1271 <JSFunction emitSortedSetBits32 (sfi = 00000362C72D2A19)> for optimization to MAGLEV, ConcurrencyMode::kConcurrent, reason: hot and stable]
[marking 0x0362c72e1631 <JSFunction connect4RbaCofactorKnownHeight (sfi = 00000362C72D1AD9)> for optimization to MAGLEV, ConcurrencyMode::kConcurrent, reason: hot and stable]
[compiling method 0x0362c72e1271 <JSFunction emitSortedSetBits32 (sfi = 00000362C72D2A19)> (target MAGLEV), mode: ConcurrencyMode::kConcurrent]
[compiling method 0x0362c72e1631 <JSFunction connect4RbaCofactorKnownHeight (sfi = 00000362C72D1AD9)> (target MAGLEV), mode: ConcurrencyMode::kConcurrent]
[marking 0x007730018559 <JSFunction removeDensePrepared (sfi = 00000362C72CD401)> for optimization to MAGLEV, ConcurrencyMode::kConcurrent, reason: hot and stable]
[compiling method 0x007730018559 <JSFunction removeDensePrepared (sfi = 00000362C72CD401)> (target MAGLEV), mode: ConcurrencyMode::kConcurrent]
[marking 0x0163a9067f71 <JSFunction subsetDensePrepared (sfi = 0000006FEC3D6119)> for optimization to MAGLEV, ConcurrencyMode::kConcurrent, reason: hot and stable]
[compiling method 0x0163a9067f71 <JSFunction subsetDensePrepared (sfi = 0000006FEC3D6119)> (target MAGLEV), mode: ConcurrencyMode::kConcurrent]
[marking 0x0077300185d9 <JSFunction prepareSubsetDense (sfi = 00000362C72CD491)> for optimization to MAGLEV, ConcurrencyMode::kConcurrent, reason: hot and stable]
[compiling method 0x0077300185d9 <JSFunction prepareSubsetDense (sfi = 00000362C72CD491)> (target MAGLEV), mode: ConcurrencyMode::kConcurrent]
[marking 0x0362c72e0629 <JSFunction mixSpan32Locator32 (sfi = 00000362C72CA811)> for optimization to MAGLEV, ConcurrencyMode::kConcurrent, reason: hot and stable]
[compiling method 0x0362c72e0629 <JSFunction mixSpan32Locator32 (sfi = 00000362C72CA811)> (target MAGLEV), mode: ConcurrencyMode::kConcurrent]
[marking 0x0362c72e05e9 <JSFunction publishSpan32 (sfi = 00000362C72CA7C9)> for optimization to MAGLEV, ConcurrencyMode::kConcurrent, reason: hot and stable]
[marking 0x0362c72e1571 <JSFunction connect4RbaCofactorBasis (sfi = 00000362C72D1A01)> for optimization to MAGLEV, ConcurrencyMode::kConcurrent, reason: hot and stable]
[compiling method 0x0362c72e05e9 <JSFunction publishSpan32 (sfi = 00000362C72CA7C9)> (target MAGLEV), mode: ConcurrencyMode::kConcurrent]
[compiling method 0x0362c72e1571 <JSFunction connect4RbaCofactorBasis (sfi = 00000362C72D1A01)> (target MAGLEV), mode: ConcurrencyMode::kConcurrent]
[marking 0x023e389ce4a1 <JSFunction permutePair3 (sfi = 00000212C4615BC9)> for optimization to MAGLEV, ConcurrencyMode::kConcurrent, reason: hot and stable]
[compiling method 0x023e389ce4a1 <JSFunction permutePair3 (sfi = 00000212C4615BC9)> (target MAGLEV), mode: ConcurrencyMode::kConcurrent]
[marking 0x023e389ceec1 <JSFunction collectSingletonProfiles (sfi = 00000212C461D2A9)> for optimization to MAGLEV, ConcurrencyMode::kConcurrent, reason: hot and stable]
[compiling method 0x023e389ceec1 <JSFunction collectSingletonProfiles (sfi = 00000212C461D2A9)> (target MAGLEV), mode: ConcurrencyMode::kConcurrent]
[22880:00000229C4673000]       71 ms: Mark-Compact 8.0 (10.1) -> 6.0 (10.1) MB, pooled: 0.0 MB, 3.69 / 0.00 ms (average mu = 0.948, current mu = 0.948) background allocation failure; GC in old space requested
[marking 0x0174ba059779 <JSFunction permutePair3 (sfi = 0000015FF387E4F9)> for optimization to MAGLEV, ConcurrencyMode::kConcurrent, reason: hot and stable]
[marking 0x026e68e66e01 <JSFunction collectSingletonProfiles (sfi = 0000016EF3259F09)> for optimization to MAGLEV, ConcurrencyMode::kConcurrent, reason: hot and stable]
[compiling method 0x026e68e66e01 <JSFunction collectSingletonProfiles (sfi = 0000016EF3259F09)> (target MAGLEV), mode: ConcurrencyMode::kConcurrent]
[marking dependent code 0x03c44e100ba1 <Code MAGLEV> (0x03ae0bee0bd1 <SharedFunctionInfo next>) (opt id 2) for deoptimization, reason: embedded weak objects cleared]
[marking 0x023e389ce421 <JSFunction subsetDensePrepared (sfi = 00000212C4615B39)> for optimization to TURBOFAN_JS, ConcurrencyMode::kConcurrent, reason: hot and stable]
[completed compiling [compiling method 0x023e389ce421 0x016ef32663f1 <JSFunction subsetDensePrepared (sfi = 00000212C4615B39)> (target TURBOFAN_JS), mode: ConcurrencyMode::kConcurrent]
<JSFunction emitSortedSetBits32 (sfi = 0000016EF3257C91)> (target MAGLEV) - took 0.001, 0.234, 0.007 ms]
[marking 0x0174ba059bf9 <JSFunction collectSingletonProfiles (sfi = 000002358B986211)> for optimization to MAGLEV, ConcurrencyMode::kConcurrent, reason: hot and stable]
[22880:0000022C82C03000]       70 ms: Scavenge 8.1 (10.6) -> 7.1 (11.1) MB, pooled: 0.0 MB, 0.49 / 0.00 ms (average mu = 1.000, current mu = 1.000) allocation failure; 
[completed compiling 0x0174ba0596f9 <JSFunction subsetDensePrepared (sfi = 0000015FF387E469)> (target MAGLEV) - took 0.000, 0.091, 0.003 ms]
[compiling method 0x0174ba059bf9 <JSFunction collectSingletonProfiles (sfi = 000002358B986211)> (target MAGLEV), mode: ConcurrencyMode::kConcurrent]
[marking 0x026e68e66981 <JSFunction permutePair3 (sfi = 0000016EF3252811)> for optimization to MAGLEV, ConcurrencyMode::kConcurrent, reason: hot and stable]
[marking 0x024d8a683ac9 <JSFunction subsetDensePrepared (sfi = 000002488440EDB9)> for optimization to MAGLEV, ConcurrencyMode::kConcurrent, reason: hot and stable]
[compiling method 0x024d8a683ac9 <JSFunction subsetDensePrepared (sfi = 000002488440EDB9)> (target MAGLEV), mode: ConcurrencyMode::kConcurrent]
[marking 0x006fec3e9e51 <JSFunction emitSortedSetBits32 (sfi = 0000006FEC3DB611)> for optimization to MAGLEV, ConcurrencyMode::kConcurrent, reason: hot and stable]
[marking 0x006fec3ea211 <JSFunction connect4RbaCofactorKnownHeight (sfi = 0000006FEC3DA6D1)> for optimization to MAGLEV, ConcurrencyMode::kConcurrent, reason: hot and stable]
[completed compiling 0x023e389ce421 <JSFunction subsetDensePrepared (sfi = 00000212C4615B39)> (target TURBOFAN_JS) - took 0.002, 0.472, 0.012 ms]
[completed optimizing 0x023e389ce421 <JSFunction subsetDensePrepared (sfi = 00000212C4615B39)> (target TURBOFAN_JS)]
[compiling method 0x006fec3e9e51 <JSFunction emitSortedSetBits32 (sfi = 0000006FEC3DB611)> (target MAGLEV), mode: ConcurrencyMode::kConcurrent]
[marking 0x0212c462b341 <JSFunction advanceConnect4LiveLineState32 (sfi = 00000212C461F729)> for optimization to MAGLEV, ConcurrencyMode::kConcurrent, reason: hot and stable]
[compiling method 0x006fec3ea211 <JSFunction connect4RbaCofactorKnownHeight (sfi = 0000006FEC3DA6D1)> (target MAGLEV), mode: ConcurrencyMode::kConcurrent]
[compiling method 0x0212c462b341 <JSFunction advanceConnect4LiveLineState32 (sfi = 00000212C461F729)> (target MAGLEV), mode: ConcurrencyMode::kConcurrent]
[compiling method 0x0174ba059779 <JSFunction permutePair3 (sfi = 0000015FF387E4F9)> (target MAGLEV), mode: ConcurrencyMode::kConcurrent]
[marking 0x007730018659 <JSFunction subsetDensePrepared (sfi = 00000362C72CD521)> for optimization to TURBOFAN_JS, ConcurrencyMode::kConcurrent, reason: hot and stable]
[compiling method 0x007730018659 <JSFunction subsetDensePrepared (sfi = 00000362C72CD521)> (target TURBOFAN_JS), mode: ConcurrencyMode::kConcurrent]
[marking 0x007730018b59 <JSFunction collectSingletonProfiles (sfi = 00000362C72D4C79)> for optimization to MAGLEV, ConcurrencyMode::kConcurrent, reason: hot and stable]
[compiling method 0x007730018b59 <JSFunction collectSingletonProfiles (sfi = 00000362C72D4C79)> (target MAGLEV), mode: ConcurrencyMode::kConcurrent]
[marking 0x00cbc4aac8c1 <JSFunction removeDensePrepared (sfi = 0000006FEC3D5FF9)> for optimization to MAGLEV, ConcurrencyMode::kConcurrent, reason: hot and stable]
[compiling method 0x026e68e66981 [compiling method 0x00cbc4aac8c1 <JSFunction permutePair3 (sfi = 0000016EF3252811)> (target MAGLEV), mode: ConcurrencyMode::kConcurrent]
<JSFunction removeDensePrepared (sfi = 0000006FEC3D5FF9)> (target MAGLEV), mode: ConcurrencyMode::kConcurrent]
[marking 0x026e68e66901 <JSFunction subsetDensePrepared (sfi = 0000016EF3252781)> for optimization to TURBOFAN_JS, ConcurrencyMode::kConcurrent, reason: hot and stable]
[compiling method 0x026e68e66901 <JSFunction subsetDensePrepared (sfi = 0000016EF3252781)> (target TURBOFAN_JS), mode: ConcurrencyMode::kConcurrent]
[completed compiling 0x0212c4629779 <JSFunction emitSortedSetBits32 (sfi = 00000212C461B031)> (target MAGLEV) - took 0.000, 0.204, 0.003 ms]
[marking 0x006fec3e91c9 <JSFunction publishSpan32 (sfi = 0000006FEC3D33C1)> for optimization to MAGLEV, ConcurrencyMode::kConcurrent, reason: hot and stable]
[marking 0x02358b994269 <JSFunction advanceConnect4LiveLineState32 (sfi = 000002358B988691)> for optimization to MAGLEV, ConcurrencyMode::kConcurrent, reason: hot and stable]
[compiling method 0x02358b994269 <JSFunction advanceConnect4LiveLineState32 (sfi = 000002358B988691)> (target MAGLEV), mode: ConcurrencyMode::kConcurrent]
[compiling method 0x006fec3e91c9 <JSFunction publishSpan32 (sfi = 0000006FEC3D33C1)> (target MAGLEV), mode: ConcurrencyMode::kConcurrent]
[marking 0x016ef3267fb9 <JSFunction advanceConnect4LiveLineState32 (sfi = 0000016EF325C389)> for optimization to MAGLEV, ConcurrencyMode::kConcurrent, reason: hot and stable]
[marking 0x00cbc4aac901 <JSFunction prepareSubsetDense (sfi = 0000006FEC3D6089)> for optimization to MAGLEV, ConcurrencyMode::kConcurrent, reason: hot and stable]
[compiling method 0x00cbc4aac901 <JSFunction prepareSubsetDense (sfi = 0000006FEC3D6089)> (target MAGLEV), mode: ConcurrencyMode::kConcurrent[compiling method ]
0x016ef3267fb9 <JSFunction advanceConnect4LiveLineState32 (sfi = 0000016EF325C389)> (target MAGLEV), mode: ConcurrencyMode::kConcurrent]
[marking 0x0362c72e2e39 <JSFunction advanceConnect4LiveLineState32 (sfi = 00000362C72D70F9)> for optimization to MAGLEV, ConcurrencyMode::kConcurrent, reason: hot and stable[marking ]
0x006fec3e9209 <JSFunction mixSpan32Locator32 (sfi = 0000006FEC3D3409)> for optimization to MAGLEV, ConcurrencyMode::kConcurrent, reason: hot and stable]
[22880:00000229C459A000]       74 ms: Mark-Compact 8.0 (9.9) -> 6.0 (10.4) MB, pooled: 0.0 MB, 3.81 / 0.00 ms (average mu = 0.948, current mu = 0.948) background allocation failure; GC in old space requested
[compiling method 0x0362c72e2e39 <JSFunction advanceConnect4LiveLineState32 (sfi = 00000362C72D70F9)> (target MAGLEV), mode: ConcurrencyMode::kConcurrent]
[marking 0x024884422989 <JSFunction emitSortedSetBits32 (sfi = 00000248844142B1)> for optimization to MAGLEV, ConcurrencyMode::kConcurrent, reason: hot and stable]
[completed compiling 0x03f5f489ed71 <JSFunction prepareWorkerBehaviorLoad32 (sfi = 000000EF9663EF71)> (target MAGLEV) OSR - took 0.000, 4.062, 0.003 ms]
[marking 0x024884422d49 <JSFunction connect4RbaCofactorKnownHeight (sfi = 0000024884413371)> for optimization to MAGLEV, ConcurrencyMode::kConcurrent, reason: hot and stable]
[compiling method 0x006fec3e9209 <JSFunction mixSpan32Locator32 (sfi = 0000006FEC3D3409)> (target MAGLEV), mode: ConcurrencyMode::kConcurrent]
[completed compiling 0x03e59bd0e421 <JSFunction subsetDensePrepared (sfi = 000003F5F488C5E1)> (target MAGLEV) - took 0.000, 0.067, 0.005 ms]
[compiling method 0x024884422989 <JSFunction emitSortedSetBits32 (sfi = 00000248844142B1)> (target MAGLEV), mode: ConcurrencyMode::kConcurrent]
[compiling method 0x024884422d49 <JSFunction connect4RbaCofactorKnownHeight (sfi = 0000024884413371)> (target MAGLEV), mode: ConcurrencyMode::kConcurrent]
[completed compiling 0x016ef32667b1 <JSFunction connect4RbaCofactorKnownHeight (sfi = 0000016EF3256D51)> (target MAGLEV) - took 0.000, 2.071, 0.010 ms]
[completed compiling 0x026e68e66801 <JSFunction removeDensePrepared (sfi = 0000016EF3252661)> (target MAGLEV) - took 0.001, 0.055, 0.002 ms]
[completed compiling 0x026e68e66881 <JSFunction prepareSubsetDense (sfi = 0000016EF32526F1)> (target MAGLEV) - took 0.000, 0.032, 0.001 ms]
[marking 0x006fec3ea151 <JSFunction connect4RbaCofactorBasis (sfi = 0000006FEC3DA5F9)> for optimization to MAGLEV, ConcurrencyMode::kConcurrent, reason: hot and stable]
[compiling method 0x006fec3ea151 <JSFunction connect4RbaCofactorBasis (sfi = 0000006FEC3DA5F9)> (target MAGLEV), mode: ConcurrencyMode::kConcurrent]
[marking 0x03f5f48a0641 <JSFunction connect4RbaCofactorKnownHeight (sfi = 000003F5F4890B81)> for optimization to MAGLEV, ConcurrencyMode::kConcurrent, reason: hot and stable]
[marking 0x024d8a6839c9 <JSFunction removeDensePrepared (sfi = 000002488440EC99)> for optimization to MAGLEV, ConcurrencyMode::kConcurrent, reason: hot and stable]
[compiling method 0x024d8a6839c9 <JSFunction removeDensePrepared (sfi = 000002488440EC99)> (target MAGLEV), mode: ConcurrencyMode::kConcurrent]
[compiling method 0x03f5f48a0641 <JSFunction connect4RbaCofactorKnownHeight (sfi = 000003F5F4890B81)> (target MAGLEV), mode: ConcurrencyMode::kConcurrent]
[marking 0x03f5f48a0281 <JSFunction emitSortedSetBits32 (sfi = 000003F5F4891AC1)> for optimization to MAGLEV, ConcurrencyMode::kConcurrent, reason: hot and stable]
[compiling method 0x03f5f48a0281 <JSFunction emitSortedSetBits32 (sfi = 000003F5F4891AC1)> (target MAGLEV), mode: ConcurrencyMode::kConcurrent]
[completed compiling 0x016ef32657a9 <JSFunction mixSpan32Locator32 (sfi = 0000016EF324FA71)> (target MAGLEV) - took 0.000, 0.185, 0.002 ms]
[marking 0x03e59bd0e321 <JSFunction removeDensePrepared (sfi = 000003F5F488C4C1)> for optimization to MAGLEV, ConcurrencyMode::kConcurrent, reason: hot and stable]
[compiling method 0x03e59bd0e321 <JSFunction removeDensePrepared (sfi = 000003F5F488C4C1)> (target MAGLEV), mode: ConcurrencyMode::kConcurrent]
[marking 0x0077300186d9 <JSFunction permutePair3 (sfi = 00000362C72CD5B1)> for optimization to MAGLEV, ConcurrencyMode::kConcurrent, reason: hot and stable]
[marking 0x0212c462c139 <JSFunction storeConnect4RbaSharedExactCache32 (sfi = 00000212C4626331)> for optimization to MAGLEV, ConcurrencyMode::kConcurrent, reason: hot and stable]
[compiling method 0x0077300186d9 <JSFunction permutePair3 (sfi = 00000362C72CD5B1)> (target MAGLEV), mode: ConcurrencyMode::kConcurrent]
[marking 0x03e59bd0e3a1 <JSFunction prepareSubsetDense (sfi = 000003F5F488C551)> for optimization to MAGLEV, ConcurrencyMode::kConcurrent, reason: hot and stable]
[compiling method 0x03e59bd0e3a1 <JSFunction prepareSubsetDense (sfi = 000003F5F488C551)> (target MAGLEV), mode: ConcurrencyMode::kConcurrent]
[compiling method 0x0212c462c139 <JSFunction storeConnect4RbaSharedExactCache32 (sfi = 00000212C4626331)> (target MAGLEV), mode: ConcurrencyMode::kConcurrent]
[completed compiling 0x0212c4629b39 <JSFunction connect4RbaCofactorKnownHeight (sfi = 00000212C461A0F1)> (target MAGLEV) - took 0.000, 1.779, 0.010 ms]
[completed compiling 0x023e389ce321 <JSFunction removeDensePrepared (sfi = 00000212C4615A19)> (target MAGLEV) - took 0.000, 0.047, 0.002 ms]
[completed compiling 0x023e389ce3a1 <JSFunction prepareSubsetDense (sfi = 00000212C4615AA9)> (target MAGLEV) - took 0.000, 0.024, 0.001 ms]
[marking 0x024d8a683a49 <JSFunction prepareSubsetDense (sfi = 000002488440ED29)> for optimization to MAGLEV, ConcurrencyMode::kConcurrent, reason: hot and stable]
[compiling method 0x024d8a683a49 <JSFunction prepareSubsetDense (sfi = 000002488440ED29)> (target MAGLEV), mode: ConcurrencyMode::kConcurrent[completed compiling ]
0x016ef32666f1 <JSFunction connect4RbaCofactorBasis (sfi = 0000016EF3256C79)> (target MAGLEV) - took 0.000, 0.641, 0.005 ms]
[completed compiling 0x0212c4628b31 <JSFunction mixSpan32Locator32 (sfi = 00000212C4612E29)> (target MAGLEV) - took 0.000, 0.120, 0.001 ms]
[marking 0x03f5f48a0581 <JSFunction connect4RbaCofactorBasis (sfi = 000003F5F4890AA9)> for optimization to MAGLEV, ConcurrencyMode::kConcurrent, reason: hot and stable]
[completed compiling 0x016ef3265769 <JSFunction publishSpan32 (sfi = 0000016EF324FA29)> (target MAGLEV) - took 0.000, 0.133, 0.001 ms]
[completed compiling 0x0212c4628af1 <JSFunction publishSpan32 (sfi = 00000212C4612DE1)> (target MAGLEV) - took 0.000, 0.073, 0.001 ms]
[marking 0x024884421d01 <JSFunction publishSpan32 (sfi = 000002488440C061)> for optimization to MAGLEV, ConcurrencyMode::kConcurrent, reason: hot and stable]
[marking 0x024884421d41 <JSFunction mixSpan32Locator32 (sfi = 000002488440C0A9)> for optimization to MAGLEV, ConcurrencyMode::kConcurrent, reason: hot and stable]
[compiling method 0x03f5f48a0581 <JSFunction connect4RbaCofactorBasis (sfi = 000003F5F4890AA9)> (target MAGLEV), mode: ConcurrencyMode::kConcurrent]
[marking 0x016ef3268db1 <JSFunction storeConnect4RbaSharedExactCache32 (sfi = 0000016EF3262F91)> for optimization to MAGLEV, ConcurrencyMode::kConcurrent, reason: hot and stable]
[marking 0x03f5f489f639 <JSFunction mixSpan32Locator32 (sfi = 000003F5F48898D1)> for optimization to MAGLEV, ConcurrencyMode::kConcurrent, reason: hot and stable]
[compiling method 0x016ef3268db1 <JSFunction storeConnect4RbaSharedExactCache32 (sfi = 0000016EF3262F91)> (target MAGLEV), mode: ConcurrencyMode::kConcurrent]
[marking 0x016ef32667f1 <JSFunction connect4RbaCanonicalize (sfi = 0000016EF3256D99)> for optimization to MAGLEV, ConcurrencyMode::kConcurrent, reason: hot and stable]
[compiling method 0x024884421d41 <JSFunction mixSpan32Locator32 (sfi = 000002488440C0A9)> (target MAGLEV), mode: ConcurrencyMode::kConcurrent]
[compiling method 0x03f5f489f639 <JSFunction mixSpan32Locator32 (sfi = 000003F5F48898D1)> (target MAGLEV), mode: ConcurrencyMode::kConcurrent]
[compiling method 0x016ef32667f1 <JSFunction connect4RbaCanonicalize (sfi = 0000016EF3256D99)> (target MAGLEV), mode: ConcurrencyMode::kConcurrent]
[marking 0x024884422c89 <JSFunction connect4RbaCofactorBasis (sfi = 0000024884413299)> for optimization to MAGLEV, ConcurrencyMode::kConcurrent, reason: hot and stable]
[marking 0x03f5f489f5f9 <JSFunction publishSpan32 (sfi = 000003F5F4889889)> for optimization to MAGLEV, ConcurrencyMode::kConcurrent, reason: hot and stable]
[compiling method 0x03f5f489f5f9 <JSFunction publishSpan32 (sfi = 000003F5F4889889)> (target MAGLEV), mode: ConcurrencyMode::kConcurrent]
[compiling method 0x024884422c89 <JSFunction connect4RbaCofactorBasis (sfi = 0000024884413299)> (target MAGLEV), mode: ConcurrencyMode::kConcurrent]
[completed compiling [marking 0x0212c4629a79 0x03e59bd0e421 <JSFunction subsetDensePrepared (sfi = 000003F5F488C5E1)> for optimization to TURBOFAN_JS, ConcurrencyMode::kConcurrent, reason: hot and stable]
<JSFunction connect4RbaCofactorBasis (sfi = 00000212C461A019)> (target MAGLEV) - took 0.000, 0.389, 0.004 ms]
[compiling method 0x03e59bd0e421 <JSFunction subsetDensePrepared (sfi = 000003F5F488C5E1)> (target TURBOFAN_JS), mode: ConcurrencyMode::kConcurrent]
[completed compiling 0x023e389ce4a1 <JSFunction permutePair3 (sfi = 00000212C4615BC9)> (target MAGLEV) - took 0.000, 0.245, 0.001 ms]
[compiling method 0x024884421d01 <JSFunction publishSpan32 (sfi = 000002488440C061)> (target MAGLEV), mode: ConcurrencyMode::kConcurrent]
[completed compiling 0x026e68e66e01 <JSFunction collectSingletonProfiles (sfi = 0000016EF3259F09)> (target MAGLEV) - took 0.000, 0.795, 0.005 ms]
[marking 0x0212c4629b79 <JSFunction connect4RbaCanonicalize (sfi = 00000212C461A139)> for optimization to MAGLEV, ConcurrencyMode::kConcurrent, reason: hot and stable]
[compiling method 0x0212c4629b79 <JSFunction connect4RbaCanonicalize (sfi = 00000212C461A139)> (target MAGLEV), mode: ConcurrencyMode::kConcurrent]
[marking 0x016ef3267d41 <JSFunction popcount3x32 (sfi = 0000016EF325EB59)> for optimization to MAGLEV, ConcurrencyMode::kConcurrent, reason: hot and stable]
[marking 0x016ef3268039 <JSFunction evaluateConnect4LiveLine3x32 (sfi = 0000016EF325C419)> for optimization to MAGLEV, ConcurrencyMode::kConcurrent, reason: hot and stable]
[completed compiling 0x026e68e66981 <JSFunction permutePair3 (sfi = 0000016EF3252811)> (target MAGLEV) - took 0.000, 0.359, 0.001 ms]
[compiling method [completed compiling 0x016ef3268039 0x023e389ceec1 <JSFunction evaluateConnect4LiveLine3x32 (sfi = 0000016EF325C419)> (target MAGLEV)<JSFunction collectSingletonProfiles (sfi = 00000212C461D2A9)>, mode: ConcurrencyMode::kConcurrent]
 (target MAGLEV) - took 0.000, 0.521, 0.005 ms]
[compiling method 0x016ef3267d41 [marking <JSFunction popcount3x32 (sfi = 0000016EF325EB59)> (target MAGLEV)0x0212c462b0c9 , mode: ConcurrencyMode::kConcurrent]
<JSFunction popcount3x32 (sfi = 00000212C4621EF9)> for optimization to MAGLEV, ConcurrencyMode::kConcurrent, reason: hot and stable]
[marking 0x0212c462b3c1 <JSFunction evaluateConnect4LiveLine3x32 (sfi = 00000212C461F7B9)> for optimization to MAGLEV, ConcurrencyMode::kConcurrent, reason: hot and stable]
[compiling method 0x0212c462b3c1 <JSFunction evaluateConnect4LiveLine3x32 (sfi = 00000212C461F7B9)> (target MAGLEV), mode: ConcurrencyMode::kConcurrent]
[compiling method 0x0212c462b0c9 <JSFunction popcount3x32 (sfi = 00000212C4621EF9)> (target MAGLEV), mode: ConcurrencyMode::kConcurrent]
[completed compiling 0x0212c462b341 <JSFunction advanceConnect4LiveLineState32 (sfi = 00000212C461F729)> (target MAGLEV) - took 0.000, 0.178, 0.001 ms]
[completed compiling 0x016ef3267fb9 <JSFunction advanceConnect4LiveLineState32 (sfi = 0000016EF325C389)> (target MAGLEV) - took 0.000, 0.221, 0.002 ms]
[completed compiling 0x0212c462c139 <JSFunction storeConnect4RbaSharedExactCache32 (sfi = 00000212C4626331)> (target MAGLEV) - took 0.000, 0.332, 0.005 ms]
[marking [completed compiling 0x0362c72e3c31 0x016ef3268db1 <JSFunction storeConnect4RbaSharedExactCache32 (sfi = 00000362C72DDD19)><JSFunction storeConnect4RbaSharedExactCache32 (sfi = 0000016EF3262F91)> for optimization to MAGLEV, ConcurrencyMode::kConcurrent, reason: hot and stable (target MAGLEV) - took 0.000, 0.508, 0.006 ms]
]
[marking 0x028b251dfc49 <JSFunction collectSingletonProfiles (sfi = 0000006FEC3DD871)> for optimization to MAGLEV, ConcurrencyMode::kConcurrent, reason: hot and stable]
[marking 0x03e59bd0e4a1 <JSFunction permutePair3 (sfi = 000003F5F488C671)> for optimization to MAGLEV, ConcurrencyMode::kConcurrent, reason: hot and stable]
[compiling method 0x028b251dfc49 <JSFunction collectSingletonProfiles (sfi = 0000006FEC3DD871)> (target MAGLEV), mode: ConcurrencyMode::kConcurrent]
[compiling method 0x0362c72e3c31 <JSFunction storeConnect4RbaSharedExactCache32 (sfi = 00000362C72DDD19)> (target MAGLEV), mode: ConcurrencyMode::kConcurrent]
[compiling method 0x03e59bd0e4a1 <JSFunction permutePair3 (sfi = 000003F5F488C671)> (target MAGLEV), mode: ConcurrencyMode::kConcurrent]
[completed compiling 0x0212c4629b79 <JSFunction connect4RbaCanonicalize (sfi = 00000212C461A139)> (target MAGLEV) - took 0.000, 0.863, 0.010 ms]
[marking 0x00cbc4aac941 <JSFunction permutePair3 (sfi = 0000006FEC3D61A9)> for optimization to MAGLEV, ConcurrencyMode::kConcurrent, reason: hot and stable]
[completed compiling 0x0212c462b3c1 <JSFunction evaluateConnect4LiveLine3x32 (sfi = 00000212C461F7B9)> (target MAGLEV) - took 0.000, 0.106, 0.003 ms]
[compiling method 0x00cbc4aac941 <JSFunction permutePair3 (sfi = 0000006FEC3D61A9)> (target MAGLEV), mode: ConcurrencyMode::kConcurrent]
[completed compiling 0x0212c462b0c9 <JSFunction popcount3x32 (sfi = 00000212C4621EF9)> (target MAGLEV) - took 0.000, 0.094, 0.002 ms]
[completed compiling 0x016ef32667f1 <JSFunction connect4RbaCanonicalize (sfi = 0000016EF3256D99)> (target MAGLEV) - took 0.001, 1.593, 0.011 ms]
[completed compiling 0x016ef3268039 <JSFunction evaluateConnect4LiveLine3x32 (sfi = 0000016EF325C419)> (target MAGLEV) - took 0.000, 0.098, 0.002 ms]
[completed compiling 0x016ef3267d41 <JSFunction popcount3x32 (sfi = 0000016EF325EB59)> (target MAGLEV) - took 0.000, 0.088, 0.002 ms]
[marking 0x024d8a683b49 <JSFunction permutePair3 (sfi = 000002488440EE49)> for optimization to MAGLEV, ConcurrencyMode::kConcurrent, reason: hot and stable]
[marking 0x026e68e673d9 <JSFunction searchCpcOnlyFrontier (sfi = 0000016EF324AB49)> for optimization to MAGLEV, ConcurrencyMode::kConcurrent, reason: hot and stable]
[compiling method 0x026e68e673d9 <JSFunction searchCpcOnlyFrontier (sfi = 0000016EF324AB49)> (target MAGLEV), mode: ConcurrencyMode::kConcurrent]
[marking 0x023e389cfa61 <JSFunction probeConnect4RbaExactCacheSlot32Frontier (sfi = 00000212C460DD99)> for optimization to MAGLEV, ConcurrencyMode::kConcurrent, reason: hot and stable]
[compiling method 0x023e389cfa61 <JSFunction probeConnect4RbaExactCacheSlot32Frontier (sfi = 00000212C460DD99)> (target MAGLEV), mode: ConcurrencyMode::kConcurrent]
[compiling method 0x024d8a683b49 <JSFunction permutePair3 (sfi = 000002488440EE49)> (target MAGLEV), mode: ConcurrencyMode::kConcurrent]
[marking 0x0362c72e1671 <JSFunction connect4RbaCanonicalize (sfi = 00000362C72D1B21)> for optimization to MAGLEV, ConcurrencyMode::kConcurrent, reason: hot and stable]
[compiling method 0x0362c72e1671 <JSFunction connect4RbaCanonicalize (sfi = 00000362C72D1B21)> (target MAGLEV), mode: ConcurrencyMode::kConcurrent]
[marking 0x026e68e67299 <JSFunction probeConnect4RbaExactCacheSlot32Frontier (sfi = 0000016EF324A9E1)> for optimization to MAGLEV, ConcurrencyMode::kConcurrent, reason: hot and stable]
[compiling method 0x026e68e67299 <JSFunction probeConnect4RbaExactCacheSlot32Frontier (sfi = 0000016EF324A9E1)> (target MAGLEV), mode: ConcurrencyMode::kConcurrent]
[marking 0x016ef3268d71 <JSFunction probeConnect4RbaSharedExactCache32 (sfi = 0000016EF3262F49)> for optimization to MAGLEV, ConcurrencyMode::kConcurrent, reason: hot and stable]
[compiling method 0x016ef3268d71 <JSFunction probeConnect4RbaSharedExactCache32 (sfi = 0000016EF3262F49)> (target MAGLEV), mode: ConcurrencyMode::kConcurrent]
[marking dependent code 0x01c4a1900ba1 <Code MAGLEV> (0x02e657aa0bd1 <SharedFunctionInfo next>) (opt id 2) for deoptimization, reason: embedded weak objects cleared]
[marking 0x016ef32663f1 <JSFunction emitSortedSetBits32 (sfi = 0000016EF3257C91)> for optimization to TURBOFAN_JS, ConcurrencyMode::kConcurrent, reason: hot and stable]
[marking [compiling method 0x016ef32663f1 0x03e59bd0ee01<JSFunction emitSortedSetBits32 (sfi = 0000016EF3257C91)>  (target TURBOFAN_JS), mode: ConcurrencyMode::kConcurrent]
<JSFunction coordHas (sfi = 000003F5F4893C49)> for optimization to MAGLEV, ConcurrencyMode::kConcurrent, reason: hot and stable]
[compiling method 0x03e59bd0ee01 <JSFunction coordHas (sfi = 000003F5F4893C49)> (target MAGLEV), mode: ConcurrencyMode::kConcurrent]
[marking 0x03f5f48a0681 <JSFunction connect4RbaCanonicalize (sfi = 000003F5F4890BC9)> for optimization to MAGLEV, ConcurrencyMode::kConcurrent, reason: hot and stable]
[compiling method 0x03f5f48a0681 <JSFunction connect4RbaCanonicalize (sfi = 000003F5F4890BC9)> (target MAGLEV), mode: ConcurrencyMode::kConcurrent]
[bailout (kind: deopt-eager, reason: Insufficient type feedback for call): begin. deoptimizing 0x016ef3268db1 <JSFunction storeConnect4RbaSharedExactCache32 (sfi = 0000016EF3262F91)>, 0x018cd8057af9 <Code MAGLEV>, opt id 20, bytecode offset 52, deopt exit 23, FP to SP delta 144, caller SP 0x00600a1f97e8, pc 0x022ce3323a7d]
[marking 0x0212c4629779 <JSFunction emitSortedSetBits32 (sfi = 00000212C461B031)> for optimization to TURBOFAN_JS, ConcurrencyMode::kConcurrent, reason: hot and stable]
[compiling method 0x0212c4629779 <JSFunction emitSortedSetBits32 (sfi = 00000212C461B031)> (target TURBOFAN_JS), mode: ConcurrencyMode::kConcurrent]
[marking 0x023e389cfba1 <JSFunction searchCpcOnlyFrontier (sfi = 00000212C460DF01)> for optimization to MAGLEV, ConcurrencyMode::kConcurrent, reason: hot and stable]
[marking [compiling method 0x006fec3eba19 0x023e389cfba1 <JSFunction searchCpcOnlyFrontier (sfi = 00000212C460DF01)> (target MAGLEV), mode: ConcurrencyMode::kConcurrent]
<JSFunction advanceConnect4LiveLineState32 (sfi = 0000006FEC3DFCF1)>[marking 0x000b99636d71 <JSFunction collectSingletonProfiles (sfi = 0000024884416511)> for optimization to MAGLEV, ConcurrencyMode::kConcurrent, reason: hot and stable]
 for optimization to MAGLEV, ConcurrencyMode::kConcurrent, reason: hot and stable]
[marking 0x0362c72e2bc1 <JSFunction popcount3x32 (sfi = 00000362C72D98E1)> for optimization to MAGLEV, ConcurrencyMode::kConcurrent, reason: hot and stable]
[marking 0x0362c72e2eb9 <JSFunction evaluateConnect4LiveLine3x32 (sfi = 00000362C72D7189)> for optimization to MAGLEV, ConcurrencyMode::kConcurrent, reason: hot and stable]
[22880:00000229C46EB000]       80 ms: Mark-Compact 7.2 (10.1) -> 6.0 (10.4) MB, pooled: 0.0 MB, 6.63 / 0.00 ms (average mu = 0.917, current mu = 0.917) background allocation failure; GC in old space requested
[compiling method 0x000b99636d71 <JSFunction collectSingletonProfiles (sfi = 0000024884416511)> (target MAGLEV), mode: ConcurrencyMode::kConcurrent]
[compiling method 0x006fec3eba19 <JSFunction advanceConnect4LiveLineState32 (sfi = 0000006FEC3DFCF1)> (target MAGLEV), mode: ConcurrencyMode::kConcurrent]
[completed compiling 0x02358b9926a1 <JSFunction emitSortedSetBits32 (sfi = 000002358B983FB1)> (target MAGLEV) - took 0.000, 6.848, 0.006 ms]
[completed compiling 0x0174ba0595f9 <JSFunction removeDensePrepared (sfi = 0000015FF387E349)> (target MAGLEV) - took 0.000, 0.097, 0.002 ms]
[completed compiling 0x0174ba059679 <JSFunction prepareSubsetDense (sfi = 0000015FF387E3D9)> (target MAGLEV) - took 0.000, 0.057, 0.001 ms]
[marking 0x0212c462c0f9 <JSFunction probeConnect4RbaSharedExactCache32 (sfi = 00000212C46262E9)> for optimization to MAGLEV, ConcurrencyMode::kConcurrent, reason: hot and stable]
[compiling method 0x0212c462c0f9 <JSFunction probeConnect4RbaSharedExactCache32 (sfi = 00000212C46262E9)> (target MAGLEV), mode: ConcurrencyMode::kConcurrent]
[completed compiling 0x02358b991a59 <JSFunction mixSpan32Locator32 (sfi = 0000015FF387B759)> (target MAGLEV) - took 0.000, 0.187, 0.004 ms]
[compiling method 0x0362c72e2eb9 <JSFunction evaluateConnect4LiveLine3x32 (sfi = 00000362C72D7189)> (target MAGLEV), mode: ConcurrencyMode::kConcurrent]
[marking [compiling method 0x0362c72e2bc1 0x023e389cfaa1 <JSFunction popcount3x32 (sfi = 00000362C72D98E1)> (target MAGLEV), mode: ConcurrencyMode::kConcurrent]
<JSFunction storeConnect4RbaExactCacheSlot32Frontier (sfi = 00000212C460DDE1)> for optimization to MAGLEV, ConcurrencyMode::kConcurrent, reason: hot and stable]
[compiling method 0x023e389cfaa1 <JSFunction storeConnect4RbaExactCacheSlot32Frontier (sfi = 00000212C460DDE1)> (target MAGLEV), mode: ConcurrencyMode::kConcurrent]
[completed compiling 0x02358b992a61 <JSFunction connect4RbaCofactorKnownHeight (sfi = 000002358B983071)> (target MAGLEV) - took 0.000, 9.149, 0.007 ms]
[marking 0x024884424551 <JSFunction advanceConnect4LiveLineState32 (sfi = 0000024884418991)> for optimization to MAGLEV, ConcurrencyMode::kConcurrent, reason: hot and stable]
[completed compiling 0x02358b991a19 <JSFunction publishSpan32 (sfi = 0000015FF387B711)> (target MAGLEV) - took 0.000, 0.131, 0.001 ms]
[compiling method 0x024884424551 <JSFunction advanceConnect4LiveLineState32 (sfi = 0000024884418991)> (target MAGLEV), mode: ConcurrencyMode::kConcurrent]
[marking 0x026e68e672d9 <JSFunction storeConnect4RbaExactCacheSlot32Frontier (sfi = 0000016EF324AA29)> for optimization to MAGLEV, ConcurrencyMode::kConcurrent, reason: hot and stable]
[compiling method 0x026e68e672d9 <JSFunction storeConnect4RbaExactCacheSlot32Frontier (sfi = 0000016EF324AA29)> (target MAGLEV), mode: ConcurrencyMode::kConcurrent]
[completed compiling 0x02358b9929a1 <JSFunction connect4RbaCofactorBasis (sfi = 000002358B982F99)> (target MAGLEV) - took 0.000, 0.567, 0.004 ms]
[completed compiling 0x026e68e673d9 <JSFunction searchCpcOnlyFrontier (sfi = 0000016EF324AB49)> (target MAGLEV) - took 0.000, 2.303, 0.024 ms]
[completed compiling 0x0174ba059779 <JSFunction permutePair3 (sfi = 0000015FF387E4F9)> (target MAGLEV) - took 0.001, 0.375, 0.001 ms]
[completed compiling 0x0174ba059bf9 <JSFunction collectSingletonProfiles (sfi = 000002358B986211)> (target MAGLEV) - took 0.000, 0.675, 0.004 ms]
[marking 0x0362c72e3bf1 <JSFunction probeConnect4RbaSharedExactCache32 (sfi = 00000362C72DDCD1)> for optimization to MAGLEV, ConcurrencyMode::kConcurrent, reason: hot and stable]
[marking 0x023e389cfb21 <JSFunction absToRelativeFrontier (sfi = 00000212C460DE71)> for optimization to MAGLEV, ConcurrencyMode::kConcurrent, reason: hot and stable]
[compiling method 0x0362c72e3bf1 <JSFunction probeConnect4RbaSharedExactCache32 (sfi = 00000362C72DDCD1)> (target MAGLEV), mode: ConcurrencyMode::kConcurrent]
[completed compiling [compiling method 0x026e68e67299 0x023e389cfb21 <JSFunction probeConnect4RbaExactCacheSlot32Frontier (sfi = 0000016EF324A9E1)> (target MAGLEV) - took 0.000, 0.271, 0.008 ms<JSFunction absToRelativeFrontier (sfi = 00000212C460DE71)>]
 (target MAGLEV), mode: ConcurrencyMode::kConcurrent]
[completed compiling 0x02358b994269 <JSFunction advanceConnect4LiveLineState32 (sfi = 000002358B988691)> (target MAGLEV) - took 0.000, 0.243, 0.003 ms]
[marking 0x026e68e67359 <JSFunction absToRelativeFrontier (sfi = 0000016EF324AAB9)> for optimization to MAGLEV, ConcurrencyMode::kConcurrent, reason: hot and stable]
[compiling method [marking 0x026e68e67359 0x024884425309 <JSFunction absToRelativeFrontier (sfi = 0000016EF324AAB9)> (target MAGLEV), mode: ConcurrencyMode::kConcurrent<JSFunction probeConnect4RbaSharedExactCache32 (sfi = 000002488441F551)>]
 for optimization to MAGLEV, ConcurrencyMode::kConcurrent, reason: hot and stable]
[compiling method 0x024884425309 <JSFunction probeConnect4RbaSharedExactCache32 (sfi = 000002488441F551)> (target MAGLEV), mode: ConcurrencyMode::kConcurrent]
[marking 0x02358b995021 <JSFunction probeConnect4RbaSharedExactCache32 (sfi = 000002358B98F251)> for optimization to MAGLEV, ConcurrencyMode::kConcurrent, reason: hot and stable]
[compiling method 0x02358b995021 <JSFunction probeConnect4RbaSharedExactCache32 (sfi = 000002358B98F251)> (target MAGLEV), mode: ConcurrencyMode::kConcurrent]
[marking 0x02358b995061 <JSFunction storeConnect4RbaSharedExactCache32 (sfi = 000002358B98F299)> for optimization to MAGLEV, ConcurrencyMode::kConcurrent, reason: hot and stable]
[compiling method 0x02358b995061 <JSFunction storeConnect4RbaSharedExactCache32 (sfi = 000002358B98F299)> (target MAGLEV), mode: ConcurrencyMode::kConcurrent]
[marking 0x02358b993ff1 <JSFunction popcount3x32 (sfi = 000002358B98AE61)> for optimization to MAGLEV, ConcurrencyMode::kConcurrent, reason: hot and stable]
[marking 0x02358b9942e9 <JSFunction evaluateConnect4LiveLine3x32 (sfi = 000002358B988721)> for optimization to MAGLEV, ConcurrencyMode::kConcurrent, reason: hot and stable]
[compiling method 0x02358b9942e9 <JSFunction evaluateConnect4LiveLine3x32 (sfi = 000002358B988721)> (target MAGLEV), mode: ConcurrencyMode::kConcurrent]
[compiling method 0x02358b993ff1 <JSFunction popcount3x32 (sfi = 000002358B98AE61)> (target MAGLEV), mode: ConcurrencyMode::kConcurrent]
[completed compiling 0x02358b995021 <JSFunction probeConnect4RbaSharedExactCache32 (sfi = 000002358B98F251)> (target MAGLEV) - took 0.000, 0.455, 0.007 ms]
[bailout (kind: deopt-eager, reason: Insufficient type feedback for generic named access): begin. deoptimizing 0x026e68e673d9 <JSFunction searchCpcOnlyFrontier (sfi = 0000016EF324AB49)>, 0x018cd8060ba1 <Code MAGLEV>, opt id 25, bytecode offset 292, deopt exit 168, FP to SP delta 592, caller SP 0x00600a1f9c98, pc 0x022ce332b6ac]
[marking 0x03e59bd0eec1 [completed compiling <JSFunction collectSingletonProfiles (sfi = 000003F5F4893D21)> for optimization to MAGLEV, ConcurrencyMode::kConcurrent, reason: hot and stable]
[marking 0x016ef3268d71 <JSFunction probeConnect4RbaSharedExactCache32 (sfi = 0000016EF3262F49)>0x0212c462a599 (target MAGLEV)  - took 0.000, 0.984, 0.009 ms<JSFunction evaluateConnect4CpcNonterminal32 (sfi = 00000212C461D189)>]
 for optimization to MAGLEV, ConcurrencyMode::kConcurrent, reason: hot and stable]
[compiling method 0x0212c462a599 <JSFunction evaluateConnect4CpcNonterminal32 (sfi = 00000212C461D189)> (target MAGLEV), mode: ConcurrencyMode::kConcurrent]
[compiling method 0x03e59bd0eec1 <JSFunction collectSingletonProfiles (sfi = 000003F5F4893D21)> (target MAGLEV), mode: ConcurrencyMode::kConcurrent]
[completed compiling 0x026e68e672d9 <JSFunction storeConnect4RbaExactCacheSlot32Frontier (sfi = 0000016EF324AA29)> (target MAGLEV) - took 0.000, 0.311, 0.007 ms]
[completed compiling 0x02358b995061 <JSFunction storeConnect4RbaSharedExactCache32 (sfi = 000002358B98F299)> (target MAGLEV) - took 0.000, 0.421, 0.006 ms]
[completed compiling 0x026e68e67359 <JSFunction absToRelativeFrontier (sfi = 0000016EF324AAB9)> (target MAGLEV) - took 0.000, 0.067, 0.001 ms]
[marking 0x03e59bd0ee41 <JSFunction cellMarked (sfi = 000003F5F4893C91)> for optimization to MAGLEV, ConcurrencyMode::kConcurrent, reason: hot and stable]
[marking 0x02358b992aa1 <JSFunction connect4RbaCanonicalize (sfi = 000002358B9830B9)> for optimization to MAGLEV, ConcurrencyMode::kConcurrent, reason: hot and stable]
[compiling method 0x02358b992aa1 <JSFunction connect4RbaCanonicalize (sfi = 000002358B9830B9)> (target MAGLEV), mode: ConcurrencyMode::kConcurrent]
[compiling method 0x03e59bd0ee41 <JSFunction cellMarked (sfi = 000003F5F4893C91)> (target MAGLEV), mode: ConcurrencyMode::kConcurrent]
[completed compiling 0x02358b9942e9 <JSFunction evaluateConnect4LiveLine3x32 (sfi = 000002358B988721)> (target MAGLEV) - took 0.000, 0.118, 0.003 ms]
[completed compiling 0x02358b993ff1 <JSFunction popcount3x32 (sfi = 000002358B98AE61)> (target MAGLEV) - took 0.000, 0.092, 0.001 ms]
[marking 0x016ef32657a9 <JSFunction mixSpan32Locator32 (sfi = 0000016EF324FA71)> for optimization to TURBOFAN_JS, ConcurrencyMode::kConcurrent, reason: hot and stable]
[completed compiling 0x023e389cfa61 [compiling method 0x016ef32657a9 <JSFunction mixSpan32Locator32 (sfi = 0000016EF324FA71)> (target TURBOFAN_JS), mode: ConcurrencyMode::kConcurrent<JSFunction probeConnect4RbaExactCacheSlot32Frontier (sfi = 00000212C460DD99)>]
 (target MAGLEV) - took 0.000, 0.449, 0.009 ms]
[marking 0x03f5f48a1e49 <JSFunction advanceConnect4LiveLineState32 (sfi = 000003F5F48961A1)> for optimization to MAGLEV, ConcurrencyMode::kConcurrent, reason: hot and stable]
[compiling method 0x03f5f48a1e49 <JSFunction advanceConnect4LiveLineState32 (sfi = 000003F5F48961A1)> (target MAGLEV), mode: ConcurrencyMode::kConcurrent]
[marking 0x026e68e66d81 <JSFunction cellMarked (sfi = 0000016EF3259E79)> for optimization to MAGLEV, ConcurrencyMode::kConcurrent, reason: hot and stable]
[compiling method 0x026e68e66d81 <JSFunction cellMarked (sfi = 0000016EF3259E79)> (target MAGLEV), mode: ConcurrencyMode::kConcurrent]
[marking 0x016ef32667b1 <JSFunction connect4RbaCofactorKnownHeight (sfi = 0000016EF3256D51)> for optimization to TURBOFAN_JS, ConcurrencyMode::kConcurrent, reason: hot and stable]
[compiling method 0x016ef32667b1 <JSFunction connect4RbaCofactorKnownHeight (sfi = 0000016EF3256D51)> (target TURBOFAN_JS), mode: ConcurrencyMode::kConcurrent]
[bailout (kind: deopt-lazy, reason: (unknown)): begin. deoptimizing 0x026e68e673d9 <JSFunction searchCpcOnlyFrontier (sfi = 0000016EF324AB49)>, 0x018cd8060ba1 <Code MAGLEV>, opt id 25, bytecode offset 2072, deopt exit 199, FP to SP delta 592, caller SP 0x00600a1f9f58, pc 0x022ce332b728]
[marking 0x0077300184d9 <JSFunction prepareRemoveDense (sfi = 00000362C72CD371)> for optimization to MAGLEV, ConcurrencyMode::kConcurrent, reason: hot and stable]
[compiling method 0x0077300184d9 <JSFunction prepareRemoveDense (sfi = 00000362C72CD371)> (target MAGLEV), mode: ConcurrencyMode::kConcurrent]
[marking 0x006fec3ea251 <JSFunction connect4RbaCanonicalize (sfi = 0000006FEC3DA719)> for optimization to MAGLEV, ConcurrencyMode::kConcurrent, reason: hot and stable]
[marking 0x0174ba0599c1 <JSFunction compareReflectedSupport (sfi = 000002358B983101)> for optimization to MAGLEV, ConcurrencyMode::kConcurrent, reason: hot and stable[completed compiling ]
0x026e68e66d81 [compiling method 0x0174ba0599c1 <JSFunction compareReflectedSupport (sfi = 000002358B983101)> (target MAGLEV), mode: ConcurrencyMode::kConcurrent]
<JSFunction cellMarked (sfi = 0000016EF3259E79)> (target MAGLEV) - took 0.000, 0.084, 0.004 ms]
[compiling method 0x006fec3ea251 <JSFunction connect4RbaCanonicalize (sfi = 0000006FEC3DA719)> (target MAGLEV), mode: ConcurrencyMode::kConcurrent]
[marking 0x0212c4629b39 <JSFunction connect4RbaCofactorKnownHeight (sfi = 00000212C461A0F1)> for optimization to TURBOFAN_JS, ConcurrencyMode::kConcurrent, reason: hot and stable]
[compiling method 0x0212c4629b39 <JSFunction connect4RbaCofactorKnownHeight (sfi = 00000212C461A0F1)> (target TURBOFAN_JS), mode: ConcurrencyMode::kConcurrent]
[marking 0x026e68e66e81 <JSFunction pairedResponseNoWin (sfi = 0000016EF3259F99)> for optimization to MAGLEV, ConcurrencyMode::kConcurrent, reason: hot and stable]
[marking 0x007730018921 [compiling method <JSFunction compareReflectedSupport (sfi = 00000362C72D1B69)> for optimization to MAGLEV, ConcurrencyMode::kConcurrent, reason: hot and stable]
0x026e68e66e81 <JSFunction pairedResponseNoWin (sfi = 0000016EF3259F99)> (target MAGLEV), mode: ConcurrencyMode::kConcurrent]
[compiling method 0x007730018921 <JSFunction compareReflectedSupport (sfi = 00000362C72D1B69)> (target MAGLEV), mode: ConcurrencyMode::kConcurrent]
[marking 0x0174ba05a091 <JSFunction probeConnect4RbaExactCacheSlot32Frontier (sfi = 0000015FF38766C9)> for optimization to MAGLEV, ConcurrencyMode::kConcurrent, reason: hot and stable]
[compiling method 0x0174ba05a091 <JSFunction probeConnect4RbaExactCacheSlot32Frontier (sfi = 0000015FF38766C9)> (target MAGLEV), mode: ConcurrencyMode::kConcurrent]
[completed compiling 0x0174ba0599c1 <JSFunction compareReflectedSupport (sfi = 000002358B983101)> (target MAGLEV) - took 0.000, 0.220, 0.002 ms]
[marking 0x0212c4628b31 <JSFunction mixSpan32Locator32 (sfi = 00000212C4612E29)> for optimization to TURBOFAN_JS, ConcurrencyMode::kConcurrent, reason: hot and stable]
[bailout (kind: deopt-lazy, reason: (unknown)): begin. deoptimizing 0x026e68e673d9 <JSFunction searchCpcOnlyFrontier (sfi = 0000016EF324AB49)>, 0x018cd8060ba1 <Code MAGLEV>, opt id 25, bytecode offset 2072, deopt exit 199, FP to SP delta 592, caller SP 0x00600a1fa218, pc 0x022ce332b728]
[marking 0x007730018ff1 <JSFunction probeConnect4RbaExactCacheSlot32Frontier (sfi = 00000362C72C5781)> for optimization to MAGLEV, ConcurrencyMode::kConcurrent, reason: hot and stable]
[marking 0x006fec3ec811 <JSFunction storeConnect4RbaSharedExactCache32 (sfi = 0000006FEC3E68F9)> for optimization to MAGLEV, ConcurrencyMode::kConcurrent, reason: hot and stable]
[compiling method 0x007730018ff1 <JSFunction probeConnect4RbaExactCacheSlot32Frontier (sfi = 00000362C72C5781)> (target MAGLEV), mode: ConcurrencyMode::kConcurrent]
[compiling method 0x006fec3ec811 <JSFunction storeConnect4RbaSharedExactCache32 (sfi = 0000006FEC3E68F9)> (target MAGLEV), mode: ConcurrencyMode::kConcurrent]
[completed compiling 0x0174ba05a091 <JSFunction probeConnect4RbaExactCacheSlot32Frontier (sfi = 0000015FF38766C9)> (target MAGLEV) - took 0.000, 0.443, 0.004 ms]
[marking 0x023e389cfb61 <JSFunction relativeToAbsFrontier (sfi = 00000212C460DEB9)> for optimization to MAGLEV, ConcurrencyMode::kConcurrent, reason: hot and stable]
[marking 0x023e389cee41 <JSFunction cellMarked (sfi = 00000212C461D219)> for optimization to MAGLEV, ConcurrencyMode::kConcurrent, reason: hot and stable]
[compiling method 0x023e389cee41 <JSFunction cellMarked (sfi = 00000212C461D219)> (target MAGLEV), mode: ConcurrencyMode::kConcurrent]
[compiling method 0x023e389cfb61 <JSFunction relativeToAbsFrontier (sfi = 00000212C460DEB9)> (target MAGLEV), mode: ConcurrencyMode::kConcurrent]
[completed compiling [marking 0x0174ba05a1d1 0x03f5f48a0641 <JSFunction searchCpcOnlyFrontier (sfi = 0000015FF3876831)> for optimization to MAGLEV, ConcurrencyMode::kConcurrent, reason: hot and stable<JSFunction connect4RbaCofactorKnownHeight (sfi = 000003F5F4890B81)>]
 (target MAGLEV) - took 0.000, 3.880, 0.010 ms]
[compiling method 0x0174ba05a1d1 <JSFunction searchCpcOnlyFrontier (sfi = 0000015FF3876831)> (target MAGLEV), mode: ConcurrencyMode::kConcurrent]
[marking 0x0212c4628b31 <JSFunction mixSpan32Locator32 (sfi = 00000212C4612E29)> for optimization to TURBOFAN_JS, ConcurrencyMode::kConcurrent, reason: hot and stable]
[completed compiling 0x0362c72e1271 <JSFunction emitSortedSetBits32 (sfi = 00000362C72D2A19)> (target MAGLEV) - took 0.000, 0.216, 0.004 ms]
[completed compiling 0x03f5f48a0281 <JSFunction emitSortedSetBits32 (sfi = 000003F5F4891AC1)> (target MAGLEV) - took 0.000, 0.210, 0.003 ms]
[completed compiling 0x02358b992aa1 <JSFunction connect4RbaCanonicalize (sfi = 000002358B9830B9)> (target MAGLEV) - took 0.000, 2.066, 0.005 ms]
[completed compiling 0x03e59bd0e321 <JSFunction removeDensePrepared (sfi = 000003F5F488C4C1)> (target MAGLEV) - took 0.000, 0.056, 0.001 ms]
[marking 0x016ef32654b1 <JSFunction completeRootFrontierNode32 (sfi = 0000016EF324C0A1)> for optimization to MAGLEV, ConcurrencyMode::kConcurrent, reason: hot and stable]
[compiling method 0x016ef32654b1 <JSFunction completeRootFrontierNode32 (sfi = 0000016EF324C0A1)> (target MAGLEV), mode: ConcurrencyMode::kConcurrent]
[completed compiling 0x03e59bd0e3a1 <JSFunction prepareSubsetDense (sfi = 000003F5F488C551)> (target MAGLEV) - took 0.000, 0.061, 0.001 ms]
[marking 0x026e68e67399 <JSFunction relativeToAbsFrontier (sfi = 0000016EF324AB01)> for optimization to MAGLEV, ConcurrencyMode::kConcurrent, reason: hot and stable]
[marking 0x02358b9926a1 <JSFunction emitSortedSetBits32 (sfi = 000002358B983FB1)> for optimization to TURBOFAN_JS, ConcurrencyMode::kConcurrent, reason: hot and stable]
[compiling method 0x026e68e67399 <JSFunction relativeToAbsFrontier (sfi = 0000016EF324AB01)> (target MAGLEV), mode: ConcurrencyMode::kConcurrent]
[marking 0x02358b9926a1 <JSFunction emitSortedSetBits32 (sfi = 000002358B983FB1)> for optimization to TURBOFAN_JS, ConcurrencyMode::kConcurrent, reason: hot and stable]
[marking 0x0212c4628b31 <JSFunction mixSpan32Locator32 (sfi = 00000212C4612E29)> for optimization to TURBOFAN_JS, ConcurrencyMode::kConcurrent, reason: hot and stable]
[marking 0x0174ba05a151 <JSFunction absToRelativeFrontier (sfi = 0000015FF38767A1)> for optimization to MAGLEV, ConcurrencyMode::kConcurrent, reason: hot and stable]
[marking 0x02358b9926a1 <JSFunction emitSortedSetBits32 (sfi = 000002358B983FB1)> for optimization to TURBOFAN_JS, ConcurrencyMode::kConcurrent, reason: hot and stable]
[compiling method 0x0174ba05a151 <JSFunction absToRelativeFrontier (sfi = 0000015FF38767A1)> (target MAGLEV), mode: ConcurrencyMode::kConcurrent]
[marking 0x006fec3eb7a1 <JSFunction popcount3x32 (sfi = 0000006FEC3E24C1)> for optimization to MAGLEV, ConcurrencyMode::kConcurrent, reason: hot and stable]
[marking 0x006fec3eba99 <JSFunction evaluateConnect4LiveLine3x32 (sfi = 0000006FEC3DFD81)> for optimization to MAGLEV, ConcurrencyMode::kConcurrent, reason: hot and stable]
[compiling method 0x006fec3eba99 <JSFunction evaluateConnect4LiveLine3x32 (sfi = 0000006FEC3DFD81)> (target MAGLEV), mode: ConcurrencyMode::kConcurrent]
[compiling method 0x006fec3eb7a1 <JSFunction popcount3x32 (sfi = 0000006FEC3E24C1)> (target MAGLEV), mode: ConcurrencyMode::kConcurrent]
[marking 0x0174ba05a0d1 <JSFunction storeConnect4RbaExactCacheSlot32Frontier (sfi = 0000015FF3876711)> for optimization to MAGLEV, ConcurrencyMode::kConcurrent, reason: hot and stable]
[compiling method 0x0174ba05a0d1 <JSFunction storeConnect4RbaExactCacheSlot32Frontier (sfi = 0000015FF3876711)> (target MAGLEV), mode: ConcurrencyMode::kConcurrent]
[marking 0x02358b9926a1 <JSFunction emitSortedSetBits32 (sfi = 000002358B983FB1)> for optimization to TURBOFAN_JS, ConcurrencyMode::kConcurrent, reason: hot and stable]
[completed compiling 0x03f5f48a0581 <JSFunction connect4RbaCofactorBasis (sfi = 000003F5F4890AA9)> (target MAGLEV) - took 0.000, 0.674, 0.003 ms]
[marking 0x02358b9926a1 [marking <JSFunction emitSortedSetBits32 (sfi = 000002358B983FB1)> for optimization to TURBOFAN_JS, ConcurrencyMode::kConcurrent, reason: hot and stable]
0x016ef3268db1[marking  0x024884422d89 <JSFunction storeConnect4RbaSharedExactCache32 (sfi = 0000016EF3262F91)> for optimization to MAGLEV, ConcurrencyMode::kConcurrent, reason: hot and stable]
<JSFunction connect4RbaCanonicalize (sfi = 00000248844133B9)> for optimization to MAGLEV, ConcurrencyMode::kConcurrent, reason: hot and stable]
[marking 0x0212c4628b31 <JSFunction mixSpan32Locator32 (sfi = 00000212C4612E29)> for optimization to TURBOFAN_JS, ConcurrencyMode::kConcurrent, reason: hot and stable]
[compiling method 0x016ef3268db1 <JSFunction storeConnect4RbaSharedExactCache32 (sfi = 0000016EF3262F91)> (target MAGLEV), mode: ConcurrencyMode::kConcurrent]
[compiling method 0x024884422d89 <JSFunction connect4RbaCanonicalize (sfi = 00000248844133B9)> (target MAGLEV), mode: ConcurrencyMode::kConcurrent]
[completed compiling 0x03f5f489f639 <JSFunction mixSpan32Locator32 (sfi = 000003F5F48898D1)> (target MAGLEV) - took 0.000, 0.191, 0.002 ms]
[marking 0x02358b9926a1 <JSFunction emitSortedSetBits32 (sfi = 000002358B983FB1)> for optimization to TURBOFAN_JS, ConcurrencyMode::kConcurrent, reason: hot and stable]
[completed compiling 0x03f5f489f5f9 <JSFunction publishSpan32 (sfi = 000003F5F4889889)> (target MAGLEV) - took 0.000, 0.123, 0.001 ms]
[marking [marking 0x02358b9926a1 <JSFunction emitSortedSetBits32 (sfi = 000002358B983FB1)> for optimization to TURBOFAN_JS, ConcurrencyMode::kConcurrent, reason: hot and stable]
0x0212c4628839 <JSFunction completeRootFrontierNode32 (sfi = 00000212C460F459)> for optimization to MAGLEV, ConcurrencyMode::kConcurrent, reason: hot and stable]
[compiling method 0x0212c4628839 <JSFunction completeRootFrontierNode32 (sfi = 00000212C460F459)> (target MAGLEV), mode: ConcurrencyMode::kConcurrent]
[marking 0x02358b9926a1 <JSFunction emitSortedSetBits32 (sfi = 000002358B983FB1)> for optimization to TURBOFAN_JS, ConcurrencyMode::kConcurrent, reason: hot and stable]
[marking 0x007730019131 <JSFunction searchCpcOnlyFrontier (sfi = 00000362C72C58E9)> for optimization to MAGLEV, ConcurrencyMode::kConcurrent, reason: hot and stable]
[marking 0x0212c4628b31 <JSFunction mixSpan32Locator32 (sfi = 00000212C4612E29)> for optimization to TURBOFAN_JS, ConcurrencyMode::kConcurrent, reason: hot and stable]
[compiling method 0x007730019131 <JSFunction searchCpcOnlyFrontier (sfi = 00000362C72C58E9)> (target MAGLEV), mode: ConcurrencyMode::kConcurrent]
[completed compiling 0x03e59bd0e4a1 <JSFunction permutePair3 (sfi = 000003F5F488C671)> (target MAGLEV) - took 0.000, 0.391, 0.001 ms]
[marking 0x02358b9926a1 <JSFunction emitSortedSetBits32 (sfi = 000002358B983FB1)> for optimization to TURBOFAN_JS, ConcurrencyMode::kConcurrent, reason: hot and stable]
[marking 0x0248844242d9 <JSFunction popcount3x32 (sfi = 000002488441B161)> for optimization to MAGLEV, ConcurrencyMode::kConcurrent, reason: hot and stable]
[marking 0x0248844245d1 <JSFunction evaluateConnect4LiveLine3x32 (sfi = 0000024884418A21)> for optimization to MAGLEV, ConcurrencyMode::kConcurrent, reason: hot and stable]
[compiling method 0x0248844245d1 <JSFunction evaluateConnect4LiveLine3x32 (sfi = 0000024884418A21)> (target MAGLEV), mode: ConcurrencyMode::kConcurrent]
[compiling method 0x0248844242d9 <JSFunction popcount3x32 (sfi = 000002488441B161)> (target MAGLEV), mode: ConcurrencyMode::kConcurrent]
[completed compiling 0x03e59bd0ee01 <JSFunction coordHas (sfi = 000003F5F4893C49)> (target MAGLEV) - took 0.000, 0.126, 0.001 ms]
[marking 0x02358b9926a1 <JSFunction emitSortedSetBits32 (sfi = 000002358B983FB1)> for optimization to TURBOFAN_JS, ConcurrencyMode::kConcurrent, reason: hot and stable]
[marking 0x0077300190b1 <JSFunction absToRelativeFrontier (sfi = 00000362C72C5859)> for optimization to MAGLEV, ConcurrencyMode::kConcurrent, reason: hot and stable]
[compiling method 0x0077300190b1 <JSFunction absToRelativeFrontier (sfi = 00000362C72C5859)> (target MAGLEV), mode: ConcurrencyMode::kConcurrent]
[marking 0x02358b9926a1 <JSFunction emitSortedSetBits32 (sfi = 000002358B983FB1)> for optimization to TURBOFAN_JS, ConcurrencyMode::kConcurrent, reason: hot and stable]
[marking 0x0212c4628b31 <JSFunction mixSpan32Locator32 (sfi = 00000212C4612E29)> for optimization to TURBOFAN_JS, ConcurrencyMode::kConcurrent, reason: hot and stable]
[marking 0x02358b9926a1 <JSFunction emitSortedSetBits32 (sfi = 000002358B983FB1)> for optimization to TURBOFAN_JS, ConcurrencyMode::kConcurrent, reason: hot and stable]
[marking 0x03e59bd0e9b9 <JSFunction compareReflectedSupport (sfi = 000003F5F4890C11)> for optimization to MAGLEV, ConcurrencyMode::kConcurrent, reason: hot and stable]
[compiling method 0x03e59bd0e9b9 <JSFunction compareReflectedSupport (sfi = 000003F5F4890C11)> (target MAGLEV), mode: ConcurrencyMode::kConcurrent]
[completed compiling 0x023e389cfba1 <JSFunction searchCpcOnlyFrontier (sfi = 00000212C460DF01)> (target MAGLEV) - took 0.000, 4.069, 0.022 ms[marking ]
0x0174ba05a191 <JSFunction relativeToAbsFrontier (sfi = 0000015FF38767E9)> for optimization to MAGLEV, ConcurrencyMode::kConcurrent, reason: hot and stable]
[compiling method 0x0174ba05a191 <JSFunction relativeToAbsFrontier (sfi = 0000015FF38767E9)> (target MAGLEV), mode: ConcurrencyMode::kConcurrent]
[marking 0x02358b9926a1 <JSFunction emitSortedSetBits32 (sfi = 000002358B983FB1)> for optimization to TURBOFAN_JS, ConcurrencyMode::kConcurrent, reason: hot and stable]
[marking 0x03e59bd0ef01 <JSFunction deriveForkPreemption32 (sfi = 000003F5F4893D69)> for optimization to MAGLEV, ConcurrencyMode::kConcurrent, reason: hot and stable]
[compiling method 0x03e59bd0ef01 <JSFunction deriveForkPreemption32 (sfi = 000003F5F4893D69)> (target MAGLEV), mode: ConcurrencyMode::kConcurrent]
[marking 0x03f5f48a0641 <JSFunction connect4RbaCofactorKnownHeight (sfi = 000003F5F4890B81)> for optimization to TURBOFAN_JS, ConcurrencyMode::kConcurrent, reason: hot and stable]
[marking 0x03e59bd0ee81 <JSFunction playableCell (sfi = 000003F5F4893CD9)> for optimization to MAGLEV, ConcurrencyMode::kConcurrent, reason: hot and stable]
[marking 0x02358b9926a1 <JSFunction emitSortedSetBits32 (sfi = 000002358B983FB1)> for optimization to TURBOFAN_JS, ConcurrencyMode::kConcurrent, reason: hot and stable]
[compiling method 0x03e59bd0ee81 <JSFunction playableCell (sfi = 000003F5F4893CD9)> (target MAGLEV), mode: ConcurrencyMode::kConcurrent]
[marking 0x03f5f48a0641 <JSFunction connect4RbaCofactorKnownHeight (sfi = 000003F5F4890B81)> for optimization to TURBOFAN_JS, ConcurrencyMode::kConcurrent, reason: hot and stable]
[bailout (kind: deopt-lazy, reason: (unknown)): begin. deoptimizing 0x026e68e673d9 <JSFunction searchCpcOnlyFrontier (sfi = 0000016EF324AB49)>, 0x018cd8060ba1 <Code MAGLEV>, opt id 25, bytecode offset 2072, deopt exit 199, FP to SP delta 592, caller SP 0x00600a1fa4d8, pc 0x022ce332b728]
[marking 0x03f5f48a0641 <JSFunction connect4RbaCofactorKnownHeight (sfi = 000003F5F4890B81)> for optimization to TURBOFAN_JS, ConcurrencyMode::kConcurrent, reason: hot and stable]
[marking 0x02358b9926a1 <JSFunction emitSortedSetBits32 (sfi = 000002358B983FB1)> for optimization to TURBOFAN_JS, ConcurrencyMode::kConcurrent, reason: hot and stable]
[marking 0x03f5f48a0641 <JSFunction connect4RbaCofactorKnownHeight (sfi = 000003F5F4890B81)> for optimization to TURBOFAN_JS, ConcurrencyMode::kConcurrent, reason: hot and stable]
[marking 0x0212c4628b31 <JSFunction mixSpan32Locator32 (sfi = 00000212C4612E29)> for optimization to TURBOFAN_JS, ConcurrencyMode::kConcurrent, reason: hot and stable]
[completed compiling [marking 0x0212c462c0f90x02358b9926a1  <JSFunction emitSortedSetBits32 (sfi = 000002358B983FB1)> for optimization to TURBOFAN_JS, ConcurrencyMode::kConcurrent, reason: hot and stable]
<JSFunction probeConnect4RbaSharedExactCache32 (sfi = 00000212C46262E9)> (target MAGLEV) - took 0.000, 0.535, 0.013 ms]
[marking 0x03f5f48a0641 <JSFunction connect4RbaCofactorKnownHeight (sfi = 000003F5F4890B81)> for optimization to TURBOFAN_JS, ConcurrencyMode::kConcurrent, reason: hot and stable]
[completed compiling 0x0362c72e1631 <JSFunction connect4RbaCofactorKnownHeight (sfi = 00000362C72D1AD9)> (target MAGLEV) - took 0.000, 2.703, 0.009 ms]
[marking [completed compiling 0x03f5f48a0641 <JSFunction connect4RbaCofactorKnownHeight (sfi = 000003F5F4890B81)> for optimization to TURBOFAN_JS, ConcurrencyMode::kConcurrent, reason: hot and stable]
0x007730018559 [marking <JSFunction removeDensePrepared (sfi = 00000362C72CD401)>0x02358b9926a1 <JSFunction emitSortedSetBits32 (sfi = 000002358B983FB1)> for optimization to TURBOFAN_JS, ConcurrencyMode::kConcurrent, reason: hot and stable]
 (target MAGLEV) - took 0.000, 0.072, 0.003 ms]
[completed compiling 0x0077300185d9 <JSFunction prepareSubsetDense (sfi = 00000362C72CD491)> (target MAGLEV) - took 0.000, 0.068, 0.003 ms]
[marking 0x03f5f48a0641 <JSFunction connect4RbaCofactorKnownHeight (sfi = 000003F5F4890B81)> for optimization to TURBOFAN_JS, ConcurrencyMode::kConcurrent, reason: hot and stable]
[completed compiling 0x03f5f48a0681 <JSFunction connect4RbaCanonicalize (sfi = 000003F5F4890BC9)> (target MAGLEV) - took 0.001, 1.311, 0.008 ms]
[completed compiling 0x0362c72e0629 <JSFunction mixSpan32Locator32 (sfi = 00000362C72CA811)> (target MAGLEV) - took 0.000, 0.152, 0.004 ms]
[marking 0x02358b9926a1 <JSFunction emitSortedSetBits32 (sfi = 000002358B983FB1)> for optimization to TURBOFAN_JS, ConcurrencyMode::kConcurrent, reason: hot and stable]
[completed compiling 0x023e389cfaa1 <JSFunction storeConnect4RbaExactCacheSlot32Frontier (sfi = 00000212C460DDE1)> (target MAGLEV) - took 0.000, 0.380, 0.005 ms]
[completed compiling 0x0362c72e05e9 <JSFunction publishSpan32 (sfi = 00000362C72CA7C9)> (target MAGLEV) - took 0.000, 0.109, 0.002 ms]
[completed compiling 0x023e389cfb21 <JSFunction absToRelativeFrontier (sfi = 00000212C460DE71)> (target MAGLEV) - took 0.001, 0.072, 0.001 ms]
[marking 0x02358b991761 <JSFunction completeRootFrontierNode32 (sfi = 0000015FF3877D89)> for optimization to MAGLEV, ConcurrencyMode::kConcurrent, reason: hot and stable]
[compiling method 0x02358b991761 <JSFunction completeRootFrontierNode32 (sfi = 0000015FF3877D89)> (target MAGLEV), mode: ConcurrencyMode::kConcurrent]
[marking 0x02358b9926a1 <JSFunction emitSortedSetBits32 (sfi = 000002358B983FB1)> for optimization to TURBOFAN_JS, ConcurrencyMode::kConcurrent, reason: hot and stable]
[marking 0x02358b992a61 <JSFunction connect4RbaCofactorKnownHeight (sfi = 000002358B983071)> for optimization to TURBOFAN_JS, ConcurrencyMode::kConcurrent, reason: hot and stable]
[marking 0x02358b9926a1 <JSFunction emitSortedSetBits32 (sfi = 000002358B983FB1)> for optimization to TURBOFAN_JS, ConcurrencyMode::kConcurrent, reason: hot and stable]
[marking 0x03f5f48a0641 <JSFunction connect4RbaCofactorKnownHeight (sfi = 000003F5F4890B81)> for optimization to TURBOFAN_JS, ConcurrencyMode::kConcurrent, reason: hot and stable]
[marking 0x02358b992a61 <JSFunction connect4RbaCofactorKnownHeight (sfi = 000002358B983071)> for optimization to TURBOFAN_JS, ConcurrencyMode::kConcurrent, reason: hot and stable]
[marking 0x016ef3266d51 <JSFunction firstSetBitIndex32 (sfi = 0000016EF325B301)> for optimization to MAGLEV, ConcurrencyMode::kConcurrent, reason: hot and stable]
[compiling method 0x016ef3266d51 <JSFunction firstSetBitIndex32 (sfi = 0000016EF325B301)> (target MAGLEV), mode: ConcurrencyMode::kConcurrent]
[completed compiling 0x0174ba05a1d1 <JSFunction searchCpcOnlyFrontier (sfi = 0000015FF3876831)> (target MAGLEV) - took 0.000, 3.392, 0.014 ms]
[completed compiling 0x0174ba05a151 <JSFunction absToRelativeFrontier (sfi = 0000015FF38767A1)> (target MAGLEV) - took 0.000, 0.056, 0.000 ms]
[marking 0x02358b9926a1 <JSFunction emitSortedSetBits32 (sfi = 000002358B983FB1)> for optimization to TURBOFAN_JS, ConcurrencyMode::kConcurrent, reason: hot and stable]
[marking 0x0174ba059b79 <JSFunction cellMarked (sfi = 000002358B986181)> for optimization to MAGLEV, ConcurrencyMode::kConcurrent, reason: hot and stable]
[marking 0x03f5f48a0641 <JSFunction connect4RbaCofactorKnownHeight (sfi = 000003F5F4890B81)> for optimization to TURBOFAN_JS, ConcurrencyMode::kConcurrent, reason: hot and stable]
[compiling method 0x0174ba059b79 <JSFunction cellMarked (sfi = 000002358B986181)> (target MAGLEV), mode: ConcurrencyMode::kConcurrent]
[completed compiling 0x03e59bd0eec1 <JSFunction collectSingletonProfiles (sfi = 000003F5F4893D21)> (target MAGLEV) - took 0.000, 0.649, 0.009 ms[marking ]
0x02358b9926a1 <JSFunction emitSortedSetBits32 (sfi = 000002358B983FB1)> for optimization to TURBOFAN_JS, ConcurrencyMode::kConcurrent, reason: hot and stable]
[marking 0x02358b992a61 <JSFunction connect4RbaCofactorKnownHeight (sfi = 000002358B983071)> for optimization to TURBOFAN_JS, ConcurrencyMode::kConcurrent, reason: hot and stable]
[completed compiling 0x03e59bd0ee41 <JSFunction cellMarked (sfi = 000003F5F4893C91)> (target MAGLEV) - took 0.000, 0.061, 0.002 ms]
[completed compiling 0x0174ba05a0d1 <JSFunction storeConnect4RbaExactCacheSlot32Frontier (sfi = 0000015FF3876711)> (target MAGLEV) - took 0.000, 0.209, 0.004 ms]
[completed compiling 0x0174ba05a191 <JSFunction relativeToAbsFrontier (sfi = 0000015FF38767E9)> (target MAGLEV) - took 0.000, 0.042, 0.000 ms]
[marking 0x023e389cef41 <JSFunction pairedResponseNoWin (sfi = 00000212C461D339)> for optimization to MAGLEV, ConcurrencyMode::kConcurrent, reason: hot and stable[marking ]
0x02358b9926a1 <JSFunction emitSortedSetBits32 (sfi = 000002358B983FB1)> for optimization to TURBOFAN_JS, ConcurrencyMode::kConcurrent, reason: hot and stable]
[completed compiling 0x02358b991761 <JSFunction completeRootFrontierNode32 (sfi = 0000015FF3877D89)> (target MAGLEV) - took 0.000, 0.066, 0.001 ms]
[marking 0x03f5f48a0281 <JSFunction emitSortedSetBits32 (sfi = 000003F5F4891AC1)> for optimization to TURBOFAN_JS, ConcurrencyMode::kConcurrent, reason: hot and stable]
[compiling method 0x023e389cef41 <JSFunction pairedResponseNoWin (sfi = 00000212C461D339)> (target MAGLEV), mode: ConcurrencyMode::kConcurrent]
[marking 0x03f5f48a0641 <JSFunction connect4RbaCofactorKnownHeight (sfi = 000003F5F4890B81)> for optimization to TURBOFAN_JS, ConcurrencyMode::kConcurrent, reason: hot and stable]
[completed compiling 0x0174ba059b79 <JSFunction cellMarked (sfi = 000002358B986181)> (target MAGLEV) - took 0.000, 0.045, 0.001 ms]
[completed compiling 0x03f5f48a1e49[completed compiling  0x0362c72e1571 <JSFunction advanceConnect4LiveLineState32 (sfi = 000003F5F48961A1)> (target MAGLEV) - took 0.000, 0.174, 0.004 ms<JSFunction connect4RbaCofactorBasis (sfi = 00000362C72D1A01)>]
 (target MAGLEV) - took 0.000, 0.758, 0.006 ms]
[marking 0x02358b992a61 <JSFunction connect4RbaCofactorKnownHeight (sfi = 000002358B983071)> for optimization to TURBOFAN_JS, ConcurrencyMode::kConcurrent, reason: hot and stable]
[marking 0x02358b9926a1 [completed compiling <JSFunction emitSortedSetBits32 (sfi = 000002358B983FB1)> for optimization to TURBOFAN_JS, ConcurrencyMode::kConcurrent, reason: hot and stable]
0x03e59bd0e9b9 <JSFunction compareReflectedSupport (sfi = 000003F5F4890C11)> (target MAGLEV) - took 0.000, 0.132, 0.007 ms]
[marking 0x03f5f48a0641 <JSFunction connect4RbaCofactorKnownHeight (sfi = 000003F5F4890B81)> for optimization to TURBOFAN_JS, ConcurrencyMode::kConcurrent, reason: hot and stable]
[marking 0x03f5f48a0281 <JSFunction emitSortedSetBits32 (sfi = 000003F5F4891AC1)> for optimization to TURBOFAN_JS, ConcurrencyMode::kConcurrent, reason: hot and stable]
[marking 0x02358b9926a1 <JSFunction emitSortedSetBits32 (sfi = 000002358B983FB1)> for optimization to TURBOFAN_JS, ConcurrencyMode::kConcurrent, reason: hot and stable]
[marking 0x02358b992a61 <JSFunction connect4RbaCofactorKnownHeight (sfi = 000002358B983071)> for optimization to TURBOFAN_JS, ConcurrencyMode::kConcurrent, reason: hot and stable]
[marking 0x03f5f48a1bd1 <JSFunction popcount3x32 (sfi = 000003F5F4898971)> for optimization to MAGLEV, ConcurrencyMode::kConcurrent, reason: hot and stable]
[marking 0x03f5f48a1ec9 <JSFunction evaluateConnect4LiveLine3x32 (sfi = 000003F5F4896231)> for optimization to MAGLEV, ConcurrencyMode::kConcurrent, reason: hot and stable]
[compiling method 0x03f5f48a1ec9 <JSFunction evaluateConnect4LiveLine3x32 (sfi = 000003F5F4896231)> (target MAGLEV), mode: ConcurrencyMode::kConcurrent]
[compiling method 0x03f5f48a1bd1 <JSFunction popcount3x32 (sfi = 000003F5F4898971)> (target MAGLEV)[marking , mode: ConcurrencyMode::kConcurrent]
0x02358b9926a1 <JSFunction emitSortedSetBits32 (sfi = 000002358B983FB1)> for optimization to TURBOFAN_JS, ConcurrencyMode::kConcurrent, reason: hot and stable]
[marking 0x03f5f48a0641 <JSFunction connect4RbaCofactorKnownHeight (sfi = 000003F5F4890B81)> for optimization to TURBOFAN_JS, ConcurrencyMode::kConcurrent, reason: hot and stable]
[marking 0x03e59bd0fa61 <JSFunction probeConnect4RbaExactCacheSlot32Frontier (sfi = 000003F5F4884841)> for optimization to MAGLEV, ConcurrencyMode::kConcurrent, reason: hot and stable]
[completed compiling [compiling method 0x03e59bd0fa61 0x024d8a683ac9 <JSFunction probeConnect4RbaExactCacheSlot32Frontier (sfi = 000003F5F4884841)> (target MAGLEV), mode: ConcurrencyMode::kConcurrent]
<JSFunction subsetDensePrepared (sfi = 000002488440EDB9)> (target MAGLEV) - took 0.000, 0.043, 0.005 ms]
[marking 0x03f5f48a0281 <JSFunction emitSortedSetBits32 (sfi = 000003F5F4891AC1)> for optimization to TURBOFAN_JS, ConcurrencyMode::kConcurrent, reason: hot and stable]
[marking 0x03f5f48a0641 <JSFunction connect4RbaCofactorKnownHeight (sfi = 000003F5F4890B81)> for optimization to TURBOFAN_JS, ConcurrencyMode::kConcurrent, reason: hot and stable]
[marking 0x02358b9926a1 <JSFunction emitSortedSetBits32 (sfi = 000002358B983FB1)> for optimization to TURBOFAN_JS, ConcurrencyMode::kConcurrent, reason: hot and stable]
[marking 0x03f5f48a0281 <JSFunction emitSortedSetBits32 (sfi = 000003F5F4891AC1)> for optimization to TURBOFAN_JS, ConcurrencyMode::kConcurrent, reason: hot and stable]
[marking 0x03f5f48a0641 <JSFunction connect4RbaCofactorKnownHeight (sfi = 000003F5F4890B81)> for optimization to TURBOFAN_JS, ConcurrencyMode::kConcurrent, reason: hot and stable]
[completed compiling 0x024884422989 <JSFunction emitSortedSetBits32 (sfi = 00000248844142B1)> (target MAGLEV) - took 0.000, 0.186, 0.008 ms]
[marking 0x02358b992a61 <JSFunction connect4RbaCofactorKnownHeight (sfi = 000002358B983071)> for optimization to TURBOFAN_JS, ConcurrencyMode::kConcurrent, reason: hot and stable]
[marking 0x02358b9926a1 <JSFunction emitSortedSetBits32 (sfi = 000002358B983FB1)> for optimization to TURBOFAN_JS, ConcurrencyMode::kConcurrent, reason: hot and stable]
[marking 0x03f5f48a0641 <JSFunction connect4RbaCofactorKnownHeight (sfi = 000003F5F4890B81)> for optimization to TURBOFAN_JS, ConcurrencyMode::kConcurrent, reason: hot and stable]
[marking 0x03f5f48a0281 <JSFunction emitSortedSetBits32 (sfi = 000003F5F4891AC1)> for optimization to TURBOFAN_JS, ConcurrencyMode::kConcurrent, reason: hot and stable]
[marking 0x02358b9926a1 <JSFunction emitSortedSetBits32 (sfi = 000002358B983FB1)> for optimization to TURBOFAN_JS, ConcurrencyMode::kConcurrent, reason: hot and stable]
[marking 0x016ef3267211 <JSFunction evaluateConnect4CpcNonterminal32 (sfi = 0000016EF3259DE9)> for optimization to MAGLEV, ConcurrencyMode::kConcurrent, reason: hot and stable]
[compiling method 0x016ef3267211 <JSFunction evaluateConnect4CpcNonterminal32 (sfi = 0000016EF3259DE9)> (target MAGLEV), mode: ConcurrencyMode::kConcurrent]
[marking 0x03f5f48a0641 <JSFunction connect4RbaCofactorKnownHeight (sfi = 000003F5F4890B81)> for optimization to TURBOFAN_JS, ConcurrencyMode::kConcurrent, reason: hot and stable]
[marking 0x03f5f48a0281 <JSFunction emitSortedSetBits32 (sfi = 000003F5F4891AC1)> for optimization to TURBOFAN_JS, ConcurrencyMode::kConcurrent, reason: hot and stable]
[marking [marking 0x03f5f48a06410x02358b992a61  <JSFunction connect4RbaCofactorKnownHeight (sfi = 000003F5F4890B81)><JSFunction connect4RbaCofactorKnownHeight (sfi = 000002358B983071)> for optimization to TURBOFAN_JS, ConcurrencyMode::kConcurrent, reason: hot and stable]
 for optimization to TURBOFAN_JS, ConcurrencyMode::kConcurrent, reason: hot and stable]
[marking 0x02358b9926a1 <JSFunction emitSortedSetBits32 (sfi = 000002358B983FB1)> for optimization to TURBOFAN_JS, ConcurrencyMode::kConcurrent, reason: hot and stable]
[marking 0x016ef32666f1 <JSFunction connect4RbaCofactorBasis (sfi = 0000016EF3256C79)> for optimization to TURBOFAN_JS, ConcurrencyMode::kConcurrent, reason: hot and stable]
[marking 0x03f5f48a0281 <JSFunction emitSortedSetBits32 (sfi = 000003F5F4891AC1)> for optimization to TURBOFAN_JS, ConcurrencyMode::kConcurrent, reason: hot and stable]
[marking 0x03f5f48a0641 <JSFunction connect4RbaCofactorKnownHeight (sfi = 000003F5F4890B81)> for optimization to TURBOFAN_JS, ConcurrencyMode::kConcurrent, reason: hot and stable]
[marking 0x02358b9926a1 <JSFunction emitSortedSetBits32 (sfi = 000002358B983FB1)> for optimization to TURBOFAN_JS, ConcurrencyMode::kConcurrent, reason: hot and stable]
[marking 0x03f5f48a0281 <JSFunction emitSortedSetBits32 (sfi = 000003F5F4891AC1)> for optimization to TURBOFAN_JS, ConcurrencyMode::kConcurrent, reason: hot and stable]
[marking 0x02358b9934c1 <JSFunction evaluateConnect4CpcNonterminal32 (sfi = 000002358B9860F1)> for optimization to MAGLEV, ConcurrencyMode::kConcurrent, reason: hot and stable]
[compiling method 0x02358b9934c1 <JSFunction evaluateConnect4CpcNonterminal32 (sfi = 000002358B9860F1)> (target MAGLEV), mode: ConcurrencyMode::kConcurrent]
[marking 0x03f5f48a0641 <JSFunction connect4RbaCofactorKnownHeight (sfi = 000003F5F4890B81)> for optimization to TURBOFAN_JS, ConcurrencyMode::kConcurrent, reason: hot and stable]
[completed compiling 0x007730018b59 <JSFunction collectSingletonProfiles (sfi = 00000362C72D4C79)> (target MAGLEV) - took 0.000, 1.194, 0.009 ms]
[marking 0x02358b992a61 <JSFunction connect4RbaCofactorKnownHeight (sfi = 000002358B983071)> for optimization to TURBOFAN_JS, ConcurrencyMode::kConcurrent, reason: hot and stable]
[marking 0x03f5f48a0281 <JSFunction emitSortedSetBits32 (sfi = 000003F5F4891AC1)> for optimization to TURBOFAN_JS, ConcurrencyMode::kConcurrent, reason: hot and stable]
[completed compiling 0x0212c462a599 <JSFunction evaluateConnect4CpcNonterminal32 (sfi = 00000212C461D189)> (target MAGLEV) - took 0.000, 2.008, 0.012 ms]
[marking 0x02358b9926a1 <JSFunction emitSortedSetBits32 (sfi = 000002358B983FB1)> for optimization to TURBOFAN_JS, ConcurrencyMode::kConcurrent, reason: hot and stable[marking ]
0x03f5f48a0641 <JSFunction connect4RbaCofactorKnownHeight (sfi = 000003F5F4890B81)> for optimization to TURBOFAN_JS, ConcurrencyMode::kConcurrent, reason: hot and stable]
[completed compiling 0x023e389cee41 <JSFunction cellMarked (sfi = 00000212C461D219)> (target MAGLEV) - took 0.001, 0.056, 0.001 ms]
[marking 0x03f5f48a0281 <JSFunction emitSortedSetBits32 (sfi = 000003F5F4891AC1)> for optimization to TURBOFAN_JS, ConcurrencyMode::kConcurrent, reason: hot and stable]
[marking 0x03f5f48a0641 <JSFunction connect4RbaCofactorKnownHeight (sfi = 000003F5F4890B81)> for optimization to TURBOFAN_JS, ConcurrencyMode::kConcurrent, reason: hot and stable]
[completed compiling 0x023e389cfb61 <JSFunction relativeToAbsFrontier (sfi = 00000212C460DEB9)> (target MAGLEV) - took 0.000, 0.070, 0.001 ms]
[completed compiling 0x0362c72e2e39 <JSFunction advanceConnect4LiveLineState32 (sfi = 00000362C72D70F9)> (target MAGLEV) - took 0.000, 0.227, 0.003 ms]
[marking 0x02358b9926a1 <JSFunction emitSortedSetBits32 (sfi = 000002358B983FB1)> for optimization to TURBOFAN_JS, ConcurrencyMode::kConcurrent, reason: hot and stable]
[marking 0x02358b992a61 [marking <JSFunction connect4RbaCofactorKnownHeight (sfi = 000002358B983071)> for optimization to TURBOFAN_JS, ConcurrencyMode::kConcurrent, reason: hot and stable]
0x03f5f48a0641 <JSFunction connect4RbaCofactorKnownHeight (sfi = 000003F5F4890B81)> for optimization to TURBOFAN_JS, ConcurrencyMode::kConcurrent, reason: hot and stable]
[marking 0x03f5f48a0281 <JSFunction emitSortedSetBits32 (sfi = 000003F5F4891AC1)> for optimization to TURBOFAN_JS, ConcurrencyMode::kConcurrent, reason: hot and stable]
[completed compiling 0x0212c4628839 <JSFunction completeRootFrontierNode32 (sfi = 00000212C460F459)> (target MAGLEV) - took 0.000, 0.133, 0.004 ms]
[marking 0x03f5f48a0641 <JSFunction connect4RbaCofactorKnownHeight (sfi = 000003F5F4890B81)> for optimization to TURBOFAN_JS, ConcurrencyMode::kConcurrent, reason: hot and stable]
[marking 0x03f5f48a0281 <JSFunction emitSortedSetBits32 (sfi = 000003F5F4891AC1)> for optimization to TURBOFAN_JS, ConcurrencyMode::kConcurrent, reason: hot and stable]
[marking 0x02358b9926a1 <JSFunction emitSortedSetBits32 (sfi = 000002358B983FB1)> for optimization to TURBOFAN_JS, ConcurrencyMode::kConcurrent, reason: hot and stable]
[marking 0x016ef32666f1 <JSFunction connect4RbaCofactorBasis (sfi = 0000016EF3256C79)> for optimization to TURBOFAN_JS, ConcurrencyMode::kConcurrent, reason: hot and stable]
[marking 0x028b251dfa11 <JSFunction compareReflectedSupport (sfi = 0000006FEC3DA761)> for optimization to MAGLEV, ConcurrencyMode::kConcurrent, reason: hot and stable]
[marking 0x02358b992a61 <JSFunction connect4RbaCofactorKnownHeight (sfi = 000002358B983071)> for optimization to TURBOFAN_JS, ConcurrencyMode::kConcurrent, reason: hot and stable]
[compiling method 0x028b251dfa11 [marking <JSFunction compareReflectedSupport (sfi = 0000006FEC3DA761)> (target MAGLEV), mode: ConcurrencyMode::kConcurrent0x03f5f48a0641 ]
<JSFunction connect4RbaCofactorKnownHeight (sfi = 000003F5F4890B81)> for optimization to TURBOFAN_JS, ConcurrencyMode::kConcurrent, reason: hot and stable]
[marking 0x02358b9926a1 <JSFunction emitSortedSetBits32 (sfi = 000002358B983FB1)> for optimization to TURBOFAN_JS, ConcurrencyMode::kConcurrent, reason: hot and stable]
[marking 0x03f5f48a0281 <JSFunction emitSortedSetBits32 (sfi = 000003F5F4891AC1)> for optimization to TURBOFAN_JS, ConcurrencyMode::kConcurrent, reason: hot and stable]
[marking 0x03f5f48a0641 <JSFunction connect4RbaCofactorKnownHeight (sfi = 000003F5F4890B81)> for optimization to TURBOFAN_JS, ConcurrencyMode::kConcurrent, reason: hot and stable]
[marking 0x02358b992a61 <JSFunction connect4RbaCofactorKnownHeight (sfi = 000002358B983071)> for optimization to TURBOFAN_JS, ConcurrencyMode::kConcurrent, reason: hot and stable]
[completed compiling [marking 0x0077300186d9 0x02358b9926a1 <JSFunction emitSortedSetBits32 (sfi = 000002358B983FB1)> for optimization to TURBOFAN_JS, ConcurrencyMode::kConcurrent, reason: hot and stable]
<JSFunction permutePair3 (sfi = 00000362C72CD5B1)> (target MAGLEV) - took 0.000, 0.436, 0.002 ms[marking ]
0x03f5f48a0641 <JSFunction connect4RbaCofactorKnownHeight (sfi = 000003F5F4890B81)> for optimization to TURBOFAN_JS, ConcurrencyMode::kConcurrent, reason: hot and stable]
[marking 0x03f5f48a0281 <JSFunction emitSortedSetBits32 (sfi = 000003F5F4891AC1)> for optimization to TURBOFAN_JS, ConcurrencyMode::kConcurrent, reason: hot and stable]
[completed compiling 0x03e59bd0ef01 <JSFunction deriveForkPreemption32 (sfi = 000003F5F4893D69)> (target MAGLEV) - took 0.001, 1.780, 0.006 ms]
[marking 0x03f5f48a0641 <JSFunction connect4RbaCofactorKnownHeight (sfi = 000003F5F4890B81)> for optimization to TURBOFAN_JS, ConcurrencyMode::kConcurrent, reason: hot and stable]
[marking 0x02358b9926a1 <JSFunction emitSortedSetBits32 (sfi = 000002358B983FB1)> for optimization to TURBOFAN_JS, ConcurrencyMode::kConcurrent, reason: hot and stable]
[completed compiling 0x023e389cef41 <JSFunction pairedResponseNoWin (sfi = 00000212C461D339)> (target MAGLEV) - took 0.000, 0.480, 0.008 ms]
[marking 0x016ef32666f1 <JSFunction connect4RbaCofactorBasis (sfi = 0000016EF3256C79)> for optimization to TURBOFAN_JS, ConcurrencyMode::kConcurrent, reason: hot and stable]
[marking 0x03f5f48a0281 <JSFunction emitSortedSetBits32 (sfi = 000003F5F4891AC1)> for optimization to TURBOFAN_JS, ConcurrencyMode::kConcurrent, reason: hot and stable]
[completed compiling 0x03e59bd0ee81 <JSFunction playableCell (sfi = 000003F5F4893CD9)> (target MAGLEV) - took 0.000, 0.135, 0.002 ms]
[marking 0x02358b992a61 <JSFunction connect4RbaCofactorKnownHeight (sfi = 000002358B983071)> for optimization to TURBOFAN_JS, ConcurrencyMode::kConcurrent, reason: hot and stable]
[marking 0x0212c4629a79 <JSFunction connect4RbaCofactorBasis (sfi = 00000212C461A019)> for optimization to TURBOFAN_JS, ConcurrencyMode::kConcurrent, reason: hot and stable]
[marking 0x03f5f48a0641 <JSFunction connect4RbaCofactorKnownHeight (sfi = 000003F5F4890B81)> for optimization to TURBOFAN_JS, ConcurrencyMode::kConcurrent, reason: hot and stable]
[marking 0x02358b9926a1 <JSFunction emitSortedSetBits32 (sfi = 000002358B983FB1)> for optimization to TURBOFAN_JS, ConcurrencyMode::kConcurrent, reason: hot and stable]
[completed compiling 0x03f5f48a1ec9 <JSFunction evaluateConnect4LiveLine3x32 (sfi = 000003F5F4896231)> (target MAGLEV) - took 0.000, 0.116, 0.002 ms]
[marking 0x026e68e673d9 <JSFunction searchCpcOnlyFrontier (sfi = 0000016EF324AB49)> for optimization to MAGLEV, ConcurrencyMode::kConcurrent, reason: hot and stable]
[compiling method 0x026e68e673d9 <JSFunction searchCpcOnlyFrontier (sfi = 0000016EF324AB49)> (target MAGLEV), mode: ConcurrencyMode::kConcurrent]
[marking 0x03f5f48a0281 <JSFunction emitSortedSetBits32 (sfi = 000003F5F4891AC1)> for optimization to TURBOFAN_JS, ConcurrencyMode::kConcurrent, reason: hot and stable]
[marking 0x02358b9926a1 <JSFunction emitSortedSetBits32 (sfi = 000002358B983FB1)> for optimization to TURBOFAN_JS, ConcurrencyMode::kConcurrent, reason: hot and stable]
[marking 0x02358b992a61 <JSFunction connect4RbaCofactorKnownHeight (sfi = 000002358B983071)> for optimization to TURBOFAN_JS, ConcurrencyMode::kConcurrent, reason: hot and stable]
[marking 0x02358b9926a1 <JSFunction emitSortedSetBits32 (sfi = 000002358B983FB1)> for optimization to TURBOFAN_JS, ConcurrencyMode::kConcurrent, reason: hot and stable]
[marking 0x02358b992a61 <JSFunction connect4RbaCofactorKnownHeight (sfi = 000002358B983071)> for optimization to TURBOFAN_JS, ConcurrencyMode::kConcurrent, reason: hot and stable]
[marking 0x016ef32666f1 [marking <JSFunction connect4RbaCofactorBasis (sfi = 0000016EF3256C79)>0x02358b9926a1  for optimization to TURBOFAN_JS, ConcurrencyMode::kConcurrent, reason: hot and stable]
<JSFunction emitSortedSetBits32 (sfi = 000002358B983FB1)> for optimization to TURBOFAN_JS, ConcurrencyMode::kConcurrent, reason: hot and stable]
[marking 0x02358b9926a1 <JSFunction emitSortedSetBits32 (sfi = 000002358B983FB1)> for optimization to TURBOFAN_JS, ConcurrencyMode::kConcurrent, reason: hot and stable]
[marking 0x03f5f48a0641 <JSFunction connect4RbaCofactorKnownHeight (sfi = 000003F5F4890B81)> for optimization to TURBOFAN_JS, ConcurrencyMode::kConcurrent, reason: hot and stable]
[completed compiling [marking 0x03f5f48a1bd1 <JSFunction popcount3x32 (sfi = 000003F5F4898971)> (target MAGLEV) - took 0.000, 0.587, 0.003 ms0x0212c4629a79]
 <JSFunction connect4RbaCofactorBasis (sfi = 00000212C461A019)> for optimization to TURBOFAN_JS, ConcurrencyMode::kConcurrent, reason: hot and stable]
[marking 0x0362c72e1271 <JSFunction emitSortedSetBits32 (sfi = 00000362C72D2A19)> for optimization to TURBOFAN_JS, ConcurrencyMode::kConcurrent, reason: hot and stable]
[marking 0x02358b992a61 <JSFunction connect4RbaCofactorKnownHeight (sfi = 000002358B983071)> for optimization to TURBOFAN_JS, ConcurrencyMode::kConcurrent, reason: hot and stable]
[completed compiling 0x0362c72e3c31 <JSFunction storeConnect4RbaSharedExactCache32 (sfi = 00000362C72DDD19)> (target MAGLEV) - took 0.000, 0.959, 0.006 ms]
[marking 0x02358b9926a1 <JSFunction emitSortedSetBits32 (sfi = 000002358B983FB1)> for optimization to TURBOFAN_JS, ConcurrencyMode::kConcurrent, reason: hot and stable]
[completed compiling 0x03e59bd0fa61 [bailout (kind: deopt-eager, reason: Insufficient type feedback for generic keyed access): begin. deoptimizing <JSFunction probeConnect4RbaExactCacheSlot32Frontier (sfi = 000003F5F4884841)> (target MAGLEV) - took 0.000, 0.152, 0.004 ms0x0212c462a599]
 <JSFunction evaluateConnect4CpcNonterminal32 (sfi = 00000212C461D189)>, 0x03dfe5787a79 <Code MAGLEV>, opt id 39, bytecode offset 306, deopt exit 60, FP to SP delta 192, caller SP 0x0060091f9040, pc 0x022c83373578]
[completed compiling 0x024884422d49 <JSFunction connect4RbaCofactorKnownHeight (sfi = 0000024884413371)> (target MAGLEV) - took 0.000, 2.231, 0.011 ms]
[marking 0x02358b9926a1 <JSFunction emitSortedSetBits32 (sfi = 000002358B983FB1)>[marking  for optimization to TURBOFAN_JS, ConcurrencyMode::kConcurrent, reason: hot and stable]
0x03f5f48a0641 <JSFunction connect4RbaCofactorKnownHeight (sfi = 000003F5F4890B81)>[marking 0x02358b992a61  for optimization to TURBOFAN_JS, ConcurrencyMode::kConcurrent, reason: hot and stable[bailout (kind: deopt-eager, reason: Insufficient type feedback for generic named access): begin. deoptimizing <JSFunction connect4RbaCofactorKnownHeight (sfi = 000002358B983071)>]
 for optimization to TURBOFAN_JS, ConcurrencyMode::kConcurrent, reason: hot and stable]
0x023e389cfba1 [completed compiling 0x026e68e66e81 <JSFunction searchCpcOnlyFrontier (sfi = 00000212C460DF01)>, 0x03dfe57841f9 <Code MAGLEV<JSFunction pairedResponseNoWin (sfi = 0000016EF3259F99)>> (target MAGLEV), opt id 34, bytecode offset 292, deopt exit 168, FP to SP delta 600, caller SP 0x0060091f9308, pc 0x022c8336f5c2]
 - took 0.000, 0.298, 0.006 ms]
[marking 0x02358b9929a1 <JSFunction connect4RbaCofactorBasis (sfi = 000002358B982F99)> for optimization to TURBOFAN_JS, ConcurrencyMode::kConcurrent, reason: hot and stable]
[completed compiling 0x024d8a6839c9 <JSFunction removeDensePrepared (sfi = 000002488440EC99)> (target MAGLEV) - took 0.000, 0.073, 0.002 ms]
[marking 0x0362c72e1271 <JSFunction emitSortedSetBits32 (sfi = 00000362C72D2A19)> for optimization to TURBOFAN_JS, ConcurrencyMode::kConcurrent, reason: hot and stable]
[marking 0x03f5f48a0281 <JSFunction emitSortedSetBits32 (sfi = 000003F5F4891AC1)> for optimization to TURBOFAN_JS, ConcurrencyMode::kConcurrent, reason: hot and stable]
[completed compiling 0x024d8a683a49 [completed compiling <JSFunction prepareSubsetDense (sfi = 000002488440ED29)>0x016ef32654b1  (target MAGLEV) - took 0.000, 0.042, 0.001 ms]
<JSFunction completeRootFrontierNode32 (sfi = 0000016EF324C0A1)> (target MAGLEV) - took 0.000, 0.058, 0.002 ms]
[bailout (kind: deopt-lazy, reason: (unknown)): begin. deoptimizing 0x023e389cfba1 <JSFunction searchCpcOnlyFrontier (sfi = 00000212C460DF01)>, 0x03dfe57841f9 <Code MAGLEV>, opt id 34, bytecode offset 2072, deopt exit 199, FP to SP delta 600, caller SP 0x0060091f95d0, pc 0x022c8336f63e]
[completed compiling 0x026e68e67399 <JSFunction relativeToAbsFrontier (sfi = 0000016EF324AB01)> (target MAGLEV) - took 0.000, 0.031, 0.000 ms]
[marking 0x0174ba059c79 <JSFunction pairedResponseNoWin (sfi = 000002358B9862A1)> for optimization to MAGLEV, ConcurrencyMode::kConcurrent, reason: hot and stable]
[marking 0x02358b9926a1 <JSFunction emitSortedSetBits32 (sfi = 000002358B983FB1)> for optimization to TURBOFAN_JS, ConcurrencyMode::kConcurrent, reason: hot and stable]
[bailout (kind: deopt-lazy, reason: (unknown)): begin. deoptimizing 0x023e389cfba1 <JSFunction searchCpcOnlyFrontier (sfi = 00000212C460DF01)>, 0x03dfe57841f9 <Code MAGLEV>, opt id 34, bytecode offset 2072, deopt exit 199, FP to SP delta 600, caller SP 0x0060091f9898, pc 0x022c8336f63e]
[compiling method 0x0174ba059c79 <JSFunction pairedResponseNoWin (sfi = 000002358B9862A1)> (target MAGLEV), mode: ConcurrencyMode::kConcurrent]
[bailout (kind: deopt-lazy, reason: (unknown)): begin. deoptimizing 0x023e389cfba1 <JSFunction searchCpcOnlyFrontier (sfi = 00000212C460DF01)>, 0x03dfe57841f9 <Code MAGLEV>, opt id 34, bytecode offset 2072, deopt exit 199, FP to SP delta 600, caller SP 0x0060091f9b60, pc 0x022c8336f63e]
[marking 0x03f5f48a0641 <JSFunction connect4RbaCofactorKnownHeight (sfi = 000003F5F4890B81)> for optimization to TURBOFAN_JS, ConcurrencyMode::kConcurrent, reason: hot and stable]
[bailout (kind: deopt-lazy, reason: (unknown)): begin. deoptimizing 0x023e389cfba1 <JSFunction searchCpcOnlyFrontier (sfi = 00000212C460DF01)>, 0x03dfe57841f9 <Code MAGLEV>, opt id 34, bytecode offset 2072, deopt exit 199, FP to SP delta 600, caller SP 0x0060091f9e28, pc 0x022c8336f63e]
[marking 0x0362c72e1271 <JSFunction emitSortedSetBits32 (sfi = 00000362C72D2A19)> for optimization to TURBOFAN_JS, ConcurrencyMode::kConcurrent, reason: hot and stable]
[marking 0x02358b992a61 <JSFunction connect4RbaCofactorKnownHeight (sfi = 000002358B983071)> for optimization to TURBOFAN_JS, ConcurrencyMode::kConcurrent, reason: hot and stable]
[marking 0x016ef32666f1 <JSFunction connect4RbaCofactorBasis (sfi = 0000016EF3256C79)>[completed compiling  for optimization to TURBOFAN_JS, ConcurrencyMode::kConcurrent, reason: hot and stable]
0x024884421d41 <JSFunction mixSpan32Locator32 (sfi = 000002488440C0A9)> (target MAGLEV) - took 0.000, 0.174, 0.003 ms]
[marking 0x02358b9926a1 <JSFunction emitSortedSetBits32 (sfi = 000002358B983FB1)> for optimization to TURBOFAN_JS, ConcurrencyMode::kConcurrent, reason: hot and stable]
[marking 0x03f5f48a0281 <JSFunction emitSortedSetBits32 (sfi = 000003F5F4891AC1)> for optimization to TURBOFAN_JS, ConcurrencyMode::kConcurrent, reason: hot and stable]
[marking 0x03f5f48a0641 <JSFunction connect4RbaCofactorKnownHeight (sfi = 000003F5F4890B81)> for optimization to TURBOFAN_JS, ConcurrencyMode::kConcurrent, reason: hot and stable]
[marking 0x0362c72e2091 <JSFunction evaluateConnect4CpcNonterminal32 (sfi = 00000362C72D4B59)> for optimization to MAGLEV, ConcurrencyMode::kConcurrent, reason: hot and stable]
[compiling method 0x0362c72e2091 <JSFunction evaluateConnect4CpcNonterminal32 (sfi = 00000362C72D4B59)> (target MAGLEV), mode: ConcurrencyMode::kConcurrent]
[marking 0x02358b9926a1 <JSFunction emitSortedSetBits32 (sfi = 000002358B983FB1)> for optimization to TURBOFAN_JS, ConcurrencyMode::kConcurrent, reason: hot and stable]
[marking 0x02358b9929a1 <JSFunction connect4RbaCofactorBasis (sfi = 000002358B982F99)> for optimization to TURBOFAN_JS, ConcurrencyMode::kConcurrent, reason: hot and stable]
[marking 0x0362c72e1271 <JSFunction emitSortedSetBits32 (sfi = 00000362C72D2A19)> for optimization to TURBOFAN_JS, ConcurrencyMode::kConcurrent, reason: hot and stable]
[marking 0x024884425349 <JSFunction storeConnect4RbaSharedExactCache32 (sfi = 000002488441F599)> for optimization to MAGLEV, ConcurrencyMode::kConcurrent, reason: hot and stable]
[marking 0x02358b992a61 <JSFunction connect4RbaCofactorKnownHeight (sfi = 000002358B983071)>[compiling method  for optimization to TURBOFAN_JS, ConcurrencyMode::kConcurrent, reason: hot and stable]
0x024884425349 <JSFunction storeConnect4RbaSharedExactCache32 (sfi = 000002488441F599)> (target MAGLEV), mode: ConcurrencyMode::kConcurrent]
[marking 0x03f5f48a0641 <JSFunction connect4RbaCofactorKnownHeight (sfi = 000003F5F4890B81)> for optimization to TURBOFAN_JS, ConcurrencyMode::kConcurrent, reason: hot and stable]
[marking 0x03f5f48a0281 <JSFunction emitSortedSetBits32 (sfi = 000003F5F4891AC1)> for optimization to TURBOFAN_JS, ConcurrencyMode::kConcurrent, reason: hot and stable]
[marking 0x02358b9926a1 <JSFunction emitSortedSetBits32 (sfi = 000002358B983FB1)> for optimization to TURBOFAN_JS, ConcurrencyMode::kConcurrent, reason: hot and stable]
[marking 0x0362c72e1271 <JSFunction emitSortedSetBits32 (sfi = 00000362C72D2A19)> for optimization to TURBOFAN_JS, ConcurrencyMode::kConcurrent, reason: hot and stable]
[marking 0x03f5f48a0641 <JSFunction connect4RbaCofactorKnownHeight (sfi = 000003F5F4890B81)> for optimization to TURBOFAN_JS, ConcurrencyMode::kConcurrent, reason: hot and stable]
[marking 0x02358b9926a1 <JSFunction emitSortedSetBits32 (sfi = 000002358B983FB1)> for optimization to TURBOFAN_JS, ConcurrencyMode::kConcurrent, reason: hot and stable]
[marking 0x02358b992a61 <JSFunction connect4RbaCofactorKnownHeight (sfi = 000002358B983071)> for optimization to TURBOFAN_JS, ConcurrencyMode::kConcurrent, reason: hot and stable]
[marking [marking 0x0362c72e1271 0x03f5f48a0281 <JSFunction emitSortedSetBits32 (sfi = 00000362C72D2A19)> for optimization to TURBOFAN_JS, ConcurrencyMode::kConcurrent, reason: hot and stable]
<JSFunction emitSortedSetBits32 (sfi = 000003F5F4891AC1)> for optimization to TURBOFAN_JS, ConcurrencyMode::kConcurrent, reason: hot and stable]
[marking 0x0362c72e0331 <JSFunction completeRootFrontierNode32 (sfi = 00000362C72C6E41)> for optimization to MAGLEV, ConcurrencyMode::kConcurrent, reason: hot and stable]
[compiling method 0x0362c72e0331 <JSFunction completeRootFrontierNode32 (sfi = 00000362C72C6E41)> (target MAGLEV), mode: ConcurrencyMode::kConcurrent]
[marking 0x007730019031 [marking <JSFunction storeConnect4RbaExactCacheSlot32Frontier (sfi = 00000362C72C57C9)> for optimization to MAGLEV, ConcurrencyMode::kConcurrent, reason: hot and stable]
[bailout (kind: deopt-lazy, reason: (unknown)): begin. deoptimizing [compiling method 0x007730019031 0x023e389cfba1 <JSFunction storeConnect4RbaExactCacheSlot32Frontier (sfi = 00000362C72C57C9)>0x03f5f48a0641 (target MAGLEV), mode: ConcurrencyMode::kConcurrent]
 <JSFunction searchCpcOnlyFrontier (sfi = 00000212C460DF01)>, 0x03dfe57841f9 <Code MAGLEV>, opt id 34, bytecode offset 2072, deopt exit 199, FP to SP delta 600, caller SP 0x0060091fa0f0, pc 0x022c8336f63e]
<JSFunction connect4RbaCofactorKnownHeight (sfi = 000003F5F4890B81)> for optimization to TURBOFAN_JS, ConcurrencyMode::kConcurrent, reason: hot and stable]
[marking 0x00cbc4a82781 <JSFunction searchCpcOnlyFrontier (sfi = 0000006FEC3CE4E1)> for optimization to MAGLEV, ConcurrencyMode::kConcurrent, reason: hot and stable]
[marking 0x02358b9926a1 <JSFunction emitSortedSetBits32 (sfi = 000002358B983FB1)> for optimization to TURBOFAN_JS, ConcurrencyMode::kConcurrent, reason: hot and stable]
[bailout (kind: deopt-lazy, reason: (unknown)): begin. deoptimizing 0x023e389cfba1 <JSFunction searchCpcOnlyFrontier (sfi = 00000212C460DF01)>, 0x03dfe57841f9 <Code MAGLEV>, opt id 34, bytecode offset 2072, deopt exit 199, FP to SP delta 600, caller SP 0x0060091fa3b8, pc 0x022c8336f63e]
[marking 0x02358b9929a1 <JSFunction connect4RbaCofactorBasis (sfi = 000002358B982F99)> for optimization to TURBOFAN_JS, ConcurrencyMode::kConcurrent, reason: hot and stable]
[compiling method 0x00cbc4a82781 <JSFunction searchCpcOnlyFrontier (sfi = 0000006FEC3CE4E1)> (target MAGLEV), mode: ConcurrencyMode::kConcurrent]
[marking 0x000b9963a9d9 <JSFunction compareReflectedSupport (sfi = 0000024884413401)> for optimization to MAGLEV, ConcurrencyMode::kConcurrent, reason: hot and stable]
[compiling method 0x000b9963a9d9 <JSFunction compareReflectedSupport (sfi = 0000024884413401)> (target MAGLEV), mode: ConcurrencyMode::kConcurrent]
[marking 0x02358b992a61 <JSFunction connect4RbaCofactorKnownHeight (sfi = 000002358B983071)> for optimization to TURBOFAN_JS, ConcurrencyMode::kConcurrent, reason: hot and stable]
[marking 0x0362c72e1271 <JSFunction emitSortedSetBits32 (sfi = 00000362C72D2A19)> for optimization to TURBOFAN_JS, ConcurrencyMode::kConcurrent, reason: hot and stable]
[marking 0x02358b9926a1 <JSFunction emitSortedSetBits32 (sfi = 000002358B983FB1)> for optimization to TURBOFAN_JS, ConcurrencyMode::kConcurrent, reason: hot and stable]
[marking 0x03f5f48a0281 <JSFunction emitSortedSetBits32 (sfi = 000003F5F4891AC1)> for optimization to TURBOFAN_JS, ConcurrencyMode::kConcurrent, reason: hot and stable]
[marking 0x03f5f48a0641 <JSFunction connect4RbaCofactorKnownHeight (sfi = 000003F5F4890B81)> for optimization to TURBOFAN_JS, ConcurrencyMode::kConcurrent, reason: hot and stable]
[marking 0x0212c4629a79 <JSFunction connect4RbaCofactorBasis (sfi = 00000212C461A019)> for optimization to TURBOFAN_JS, ConcurrencyMode::kConcurrent, reason: hot and stable]
[marking 0x024d8a6bdad9 <JSFunction prepareRemoveDense (sfi = 000002488440EC09)> for optimization to MAGLEV, ConcurrencyMode::kConcurrent, reason: hot and stable]
[compiling method 0x024d8a6bdad9 <JSFunction prepareRemoveDense (sfi = 000002488440EC09)> (target MAGLEV), mode: ConcurrencyMode::kConcurrent]
[marking 0x0077300190f1 <JSFunction relativeToAbsFrontier (sfi = 00000362C72C58A1)> for optimization to MAGLEV, ConcurrencyMode::kConcurrent, reason: hot and stable]
[compiling method 0x0077300190f1 <JSFunction relativeToAbsFrontier (sfi = 00000362C72C58A1)> (target MAGLEV), mode: ConcurrencyMode::kConcurrent]
[marking 0x02358b9926a1 <JSFunction emitSortedSetBits32 (sfi = 000002358B983FB1)> for optimization to TURBOFAN_JS, ConcurrencyMode::kConcurrent, reason: hot and stable]
[marking 0x00cbc4aac881 <JSFunction prepareRemoveDense (sfi = 0000006FEC3D5F69)> for optimization to MAGLEV, ConcurrencyMode::kConcurrent, reason: hot and stable]
[marking 0x0212c4628b31 <JSFunction mixSpan32Locator32 (sfi = 00000212C4612E29)> for optimization to TURBOFAN_JS, ConcurrencyMode::kConcurrent, reason: hot and stable[marking ]
[marking 0x0362c72e1271 0x03f5f48a0641<JSFunction emitSortedSetBits32 (sfi = 00000362C72D2A19)>  for optimization to TURBOFAN_JS, ConcurrencyMode::kConcurrent, reason: hot and stable]
<JSFunction connect4RbaCofactorKnownHeight (sfi = 000003F5F4890B81)> for optimization to TURBOFAN_JS, ConcurrencyMode::kConcurrent, reason: hot and stable]
[bailout (kind: deopt-eager, reason: Insufficient type feedback for binary operation): begin. deoptimizing 0x023e389cef41 <JSFunction pairedResponseNoWin (sfi = 00000212C461D339)>, 0x03dfe57891d9 <Code MAGLEV>, opt id 43, bytecode offset 171, deopt exit 32, FP to SP delta 160, caller SP 0x0060091f7a20, pc 0x022c83374be2]
[compiling method 0x00cbc4aac881 <JSFunction prepareRemoveDense (sfi = 0000006FEC3D5F69)> (target MAGLEV), mode: ConcurrencyMode::kConcurrent]
[marking 0x03f5f48a0281 <JSFunction emitSortedSetBits32 (sfi = 000003F5F4891AC1)> for optimization to TURBOFAN_JS, ConcurrencyMode::kConcurrent, reason: hot and stable]
[marking 0x02358b992a61 <JSFunction connect4RbaCofactorKnownHeight (sfi = 000002358B983071)> for optimization to TURBOFAN_JS, ConcurrencyMode::kConcurrent, reason: hot and stable]
[marking 0x02358b9926a1 <JSFunction emitSortedSetBits32 (sfi = 000002358B983FB1)> for optimization to TURBOFAN_JS, ConcurrencyMode::kConcurrent, reason: hot and stable]
[marking 0x03f5f48a0641 <JSFunction connect4RbaCofactorKnownHeight (sfi = 000003F5F4890B81)> for optimization to TURBOFAN_JS, ConcurrencyMode::kConcurrent, reason: hot and stable]
[marking 0x0362c72e1271 <JSFunction emitSortedSetBits32 (sfi = 00000362C72D2A19)> for optimization to TURBOFAN_JS, ConcurrencyMode::kConcurrent, reason: hot and stable]
[marking 0x02358b9929a1 <JSFunction connect4RbaCofactorBasis (sfi = 000002358B982F99)> for optimization to TURBOFAN_JS, ConcurrencyMode::kConcurrent, reason: hot and stable]
[marking 0x007730018ad9 <JSFunction cellMarked (sfi = 00000362C72D4BE9)> for optimization to MAGLEV, ConcurrencyMode::kConcurrent, reason: hot and stable]
[compiling method 0x007730018ad9 <JSFunction cellMarked (sfi = 00000362C72D4BE9)> (target MAGLEV), mode: ConcurrencyMode::kConcurrent]
[completed compiling [marking 0x024884422c89 0x03f5f48a0281 <JSFunction connect4RbaCofactorBasis (sfi = 0000024884413299)> (target MAGLEV) - took 0.000, 1.257, 0.006 ms]
<JSFunction emitSortedSetBits32 (sfi = 000003F5F4891AC1)> for optimization to TURBOFAN_JS, ConcurrencyMode::kConcurrent, reason: hot and stable]
[marking 0x02358b9926a1 <JSFunction emitSortedSetBits32 (sfi = 000002358B983FB1)> for optimization to TURBOFAN_JS, ConcurrencyMode::kConcurrent, reason: hot and stable]
[marking 0x03f5f48a0641 <JSFunction connect4RbaCofactorKnownHeight (sfi = 000003F5F4890B81)> for optimization to TURBOFAN_JS, ConcurrencyMode::kConcurrent, reason: hot and stable]
[marking 0x02358b992a61 <JSFunction connect4RbaCofactorKnownHeight (sfi = 000002358B983071)> for optimization to TURBOFAN_JS, ConcurrencyMode::kConcurrent, reason: hot and stable]
[completed compiling 0x024884421d01 <JSFunction publishSpan32 (sfi = 000002488440C061)> (target MAGLEV) - took 0.000, 0.123, 0.001 ms]
[marking 0x03f5f48a0281 [marking 0x02358b9926a1 <JSFunction emitSortedSetBits32 (sfi = 000003F5F4891AC1)> for optimization to TURBOFAN_JS, ConcurrencyMode::kConcurrent, reason: hot and stable<JSFunction emitSortedSetBits32 (sfi = 000002358B983FB1)>]
 for optimization to TURBOFAN_JS, ConcurrencyMode::kConcurrent, reason: hot and stable]
[marking 0x03f5f48a0641 <JSFunction connect4RbaCofactorKnownHeight (sfi = 000003F5F4890B81)> for optimization to TURBOFAN_JS, ConcurrencyMode::kConcurrent, reason: hot and stable]
[marking 0x02358b9926a1 <JSFunction emitSortedSetBits32 (sfi = 000002358B983FB1)> for optimization to TURBOFAN_JS, ConcurrencyMode::kConcurrent, reason: hot and stable]
[bailout (kind: deopt-eager, reason: Insufficient type feedback for generic named access): begin. deoptimizing 0x03e59bd0fa61 <JSFunction probeConnect4RbaExactCacheSlot32Frontier (sfi = 000003F5F4884841)>, 0x03d2c1ada041 <Code MAGLEV>, opt id 73, bytecode offset 0, deopt exit 5, FP to SP delta 32, caller SP 0x0060071fba58, pc 0x022bd2b1a84e]
[marking 0x03f5f48a0641 <JSFunction connect4RbaCofactorKnownHeight (sfi = 000003F5F4890B81)> for optimization to TURBOFAN_JS, ConcurrencyMode::kConcurrent, reason: hot and stable]
[marking 0x03f5f48a0281 <JSFunction emitSortedSetBits32 (sfi = 000003F5F4891AC1)> for optimization to TURBOFAN_JS, ConcurrencyMode::kConcurrent, reason: hot and stable]
[marking 0x000b9962bf09 <JSFunction searchCpcOnlyFrontier (sfi = 0000024884407181)> for optimization to MAGLEV, ConcurrencyMode::kConcurrent, reason: hot and stable]
[marking 0x02358b992a61 [compiling method <JSFunction connect4RbaCofactorKnownHeight (sfi = 000002358B983071)>0x000b9962bf09  for optimization to TURBOFAN_JS, ConcurrencyMode::kConcurrent, reason: hot and stable]
<JSFunction searchCpcOnlyFrontier (sfi = 0000024884407181)> (target MAGLEV), mode: ConcurrencyMode::kConcurrent]
[marking 0x0362c72e1271 <JSFunction emitSortedSetBits32 (sfi = 00000362C72D2A19)> for optimization to TURBOFAN_JS, ConcurrencyMode::kConcurrent, reason: hot and stable]
[marking 0x02358b9929a1 [completed compiling 0x0362c72e1671 <JSFunction connect4RbaCofactorBasis (sfi = 000002358B982F99)> for optimization to TURBOFAN_JS, ConcurrencyMode::kConcurrent, reason: hot and stable]
<JSFunction connect4RbaCanonicalize (sfi = 00000362C72D1B21)> (target MAGLEV) - took 0.000, 2.109, 0.012 ms[marking ]
0x0212c4628b31 <JSFunction mixSpan32Locator32 (sfi = 00000212C4612E29)> for optimization to TURBOFAN_JS, ConcurrencyMode::kConcurrent, reason: hot and stable]
[marking 0x03f5f48a0641 <JSFunction connect4RbaCofactorKnownHeight (sfi = 000003F5F4890B81)> for optimization to TURBOFAN_JS, ConcurrencyMode::kConcurrent, reason: hot and stable]
[marking 0x0212c4629a79 <JSFunction connect4RbaCofactorBasis (sfi = 00000212C461A019)> for optimization to TURBOFAN_JS, ConcurrencyMode::kConcurrent, reason: hot and stable]
[marking 0x02358b9926a1 <JSFunction emitSortedSetBits32 (sfi = 000002358B983FB1)> for optimization to TURBOFAN_JS, ConcurrencyMode::kConcurrent, reason: hot and stable]
[completed compiling 0x024d8a683b49 <JSFunction permutePair3 (sfi = 000002488440EE49)> (target MAGLEV) - took 0.000, 0.441, 0.002 ms]
[marking 0x03f5f48a0281 <JSFunction emitSortedSetBits32 (sfi = 000003F5F4891AC1)> for optimization to TURBOFAN_JS, ConcurrencyMode::kConcurrent, reason: hot and stable]
[completed compiling 0x0362c72e2eb9 <JSFunction evaluateConnect4LiveLine3x32 (sfi = 00000362C72D7189)> (target MAGLEV) - took 0.001, 0.148, 0.004 ms]
[marking 0x03f5f48a0641 <JSFunction connect4RbaCofactorKnownHeight (sfi = 000003F5F4890B81)> for optimization to TURBOFAN_JS, ConcurrencyMode::kConcurrent, reason: hot and stable]
[marking 0x02358b9926a1 <JSFunction emitSortedSetBits32 (sfi = 000002358B983FB1)> for optimization to TURBOFAN_JS, ConcurrencyMode::kConcurrent, reason: hot and stable]
[marking 0x03f5f48a0281 <JSFunction emitSortedSetBits32 (sfi = 000003F5F4891AC1)> for optimization to TURBOFAN_JS, ConcurrencyMode::kConcurrent, reason: hot and stable]
[completed compiling 0x0362c72e2bc1 <JSFunction popcount3x32 (sfi = 00000362C72D98E1)> (target MAGLEV) - took 0.000, 0.161, 0.003 ms]
[marking 0x03f5f48a0641 <JSFunction connect4RbaCofactorKnownHeight (sfi = 000003F5F4890B81)> for optimization to TURBOFAN_JS, ConcurrencyMode::kConcurrent, reason: hot and stable]
[marking 0x02358b992a61 <JSFunction connect4RbaCofactorKnownHeight (sfi = 000002358B983071)> for optimization to TURBOFAN_JS, ConcurrencyMode::kConcurrent, reason: hot and stable]
[marking 0x0362c72e1271 <JSFunction emitSortedSetBits32 (sfi = 00000362C72D2A19)> for optimization to TURBOFAN_JS, ConcurrencyMode::kConcurrent, reason: hot and stable]
[marking 0x02358b9926a1 <JSFunction emitSortedSetBits32 (sfi = 000002358B983FB1)> for optimization to TURBOFAN_JS, ConcurrencyMode::kConcurrent, reason: hot and stable]
[marking 0x03f5f48a0641 <JSFunction connect4RbaCofactorKnownHeight (sfi = 000003F5F4890B81)> for optimization to TURBOFAN_JS, ConcurrencyMode::kConcurrent, reason: hot and stable]
[marking 0x03f5f48a0281 <JSFunction emitSortedSetBits32 (sfi = 000003F5F4891AC1)> for optimization to TURBOFAN_JS, ConcurrencyMode::kConcurrent, reason: hot and stable]
[marking 0x0362c72e1271 <JSFunction emitSortedSetBits32 (sfi = 00000362C72D2A19)> for optimization to TURBOFAN_JS, ConcurrencyMode::kConcurrent, reason: hot and stable]
[marking 0x02358b9929a1 <JSFunction connect4RbaCofactorBasis (sfi = 000002358B982F99)> for optimization to TURBOFAN_JS, ConcurrencyMode::kConcurrent, reason: hot and stable]
[marking 0x03f5f48a0641 [marking <JSFunction connect4RbaCofactorKnownHeight (sfi = 000003F5F4890B81)>0x02358b9926a1 for optimization to TURBOFAN_JS, ConcurrencyMode::kConcurrent, reason: hot and stable]
 <JSFunction emitSortedSetBits32 (sfi = 000002358B983FB1)> for optimization to TURBOFAN_JS, ConcurrencyMode::kConcurrent, reason: hot and stable]
[marking 0x03f5f48a0281 <JSFunction emitSortedSetBits32 (sfi = 000003F5F4891AC1)> for optimization to TURBOFAN_JS, ConcurrencyMode::kConcurrent, reason: hot and stable]
[marking 0x0212c4628b31 <JSFunction mixSpan32Locator32 (sfi = 00000212C4612E29)> for optimization to TURBOFAN_JS, ConcurrencyMode::kConcurrent, reason: hot and stable]
[marking 0x02358b992a61 <JSFunction connect4RbaCofactorKnownHeight (sfi = 000002358B983071)> for optimization to TURBOFAN_JS, ConcurrencyMode::kConcurrent, reason: hot and stable]
[marking 0x03f5f48a0641 <JSFunction connect4RbaCofactorKnownHeight (sfi = 000003F5F4890B81)> for optimization to TURBOFAN_JS, ConcurrencyMode::kConcurrent, reason: hot and stable]
[marking 0x0362c72e1271 <JSFunction emitSortedSetBits32 (sfi = 00000362C72D2A19)> for optimization to TURBOFAN_JS, ConcurrencyMode::kConcurrent, reason: hot and stable]
[marking 0x0212c4629a79 [marking 0x02358b9926a1 <JSFunction connect4RbaCofactorBasis (sfi = 00000212C461A019)> for optimization to TURBOFAN_JS, ConcurrencyMode::kConcurrent, reason: hot and stable<JSFunction emitSortedSetBits32 (sfi = 000002358B983FB1)>]
 for optimization to TURBOFAN_JS, ConcurrencyMode::kConcurrent, reason: hot and stable]
[completed compiling 0x0362c72e3bf1 <JSFunction probeConnect4RbaSharedExactCache32 (sfi = 00000362C72DDCD1)> (target MAGLEV) - took 0.000, 0.550, 0.007 ms]
[completed compiling 0x000b99636d71 <JSFunction collectSingletonProfiles (sfi = 0000024884416511)> (target MAGLEV) - took 0.000, 0.796, 0.010 ms]
[completed compiling 0x0077300184d9 <JSFunction prepareRemoveDense (sfi = 00000362C72CD371)> (target MAGLEV) - took 0.000, 0.063, 0.002 ms]
[marking 0x03f5f48a0641 <JSFunction connect4RbaCofactorKnownHeight (sfi = 000003F5F4890B81)> for optimization to TURBOFAN_JS, ConcurrencyMode::kConcurrent, reason: hot and stable]
[marking 0x03f5f48a0281 <JSFunction emitSortedSetBits32 (sfi = 000003F5F4891AC1)> for optimization to TURBOFAN_JS, ConcurrencyMode::kConcurrent, reason: hot and stable]
[marking 0x02358b9926a1 <JSFunction emitSortedSetBits32 (sfi = 000002358B983FB1)> for optimization to TURBOFAN_JS, ConcurrencyMode::kConcurrent, reason: hot and stable]
[marking 0x0362c72e1271 <JSFunction emitSortedSetBits32 (sfi = 00000362C72D2A19)> for optimization to TURBOFAN_JS, ConcurrencyMode::kConcurrent, reason: hot and stable]
[marking 0x03f5f48a0641 <JSFunction connect4RbaCofactorKnownHeight (sfi = 000003F5F4890B81)> for optimization to TURBOFAN_JS, ConcurrencyMode::kConcurrent, reason: hot and stable]
[marking 0x02358b992a61 <JSFunction connect4RbaCofactorKnownHeight (sfi = 000002358B983071)> for optimization to TURBOFAN_JS, ConcurrencyMode::kConcurrent, reason: hot and stable]
[marking 0x03f5f48a0281 <JSFunction emitSortedSetBits32 (sfi = 000003F5F4891AC1)> for optimization to TURBOFAN_JS, ConcurrencyMode::kConcurrent, reason: hot and stable]
[completed compiling 0x007730018921 <JSFunction compareReflectedSupport (sfi = 00000362C72D1B69)> (target MAGLEV) - took 0.000, 0.207, 0.002 ms]
[completed compiling 0x024884424551 <JSFunction advanceConnect4LiveLineState32 (sfi = 0000024884418991)> (target MAGLEV) - took 0.000, 0.249, 0.002 ms]
[marking 0x03f5f48a0641 <JSFunction connect4RbaCofactorKnownHeight (sfi = 000003F5F4890B81)>[marking [bailout (kind: deopt-eager, reason: Insufficient type feedback for call): begin. deoptimizing  for optimization to TURBOFAN_JS, ConcurrencyMode::kConcurrent, reason: hot and stable]
0x02358b9929a10x0362c72e3c31  <JSFunction storeConnect4RbaSharedExactCache32 (sfi = 00000362C72DDD19)>, <JSFunction connect4RbaCofactorBasis (sfi = 000002358B982F99)>0x015c4e98dac1 for optimization to TURBOFAN_JS, ConcurrencyMode::kConcurrent, reason: hot and stable [marking <Code MAGLEV]
>, opt id 21, bytecode offset 125, deopt exit 23, FP to SP delta 144, caller SP 0x0060089fa278, pc 0x022c62b1add9]
0x0212c4628b31 <JSFunction mixSpan32Locator32 (sfi = 00000212C4612E29)> for optimization to TURBOFAN_JS, ConcurrencyMode::kConcurrent, reason: hot and stable]
[marking 0x02358b9926a1 <JSFunction emitSortedSetBits32 (sfi = 000002358B983FB1)> for optimization to TURBOFAN_JS, ConcurrencyMode::kConcurrent, reason: hot and stable]
[marking 0x0362c72e1271 <JSFunction emitSortedSetBits32 (sfi = 00000362C72D2A19)> for optimization to TURBOFAN_JS, ConcurrencyMode::kConcurrent, reason: hot and stable]
[marking 0x000b9962c071 <JSFunction absToRelativeFrontier (sfi = 00000248844070F1)> for optimization to MAGLEV, ConcurrencyMode::kConcurrent, reason: hot and stable]
[marking 0x03f5f48a10a1 <JSFunction evaluateConnect4CpcNonterminal32 (sfi = 000003F5F4893C01)> for optimization to MAGLEV, ConcurrencyMode::kConcurrent, reason: hot and stable]
[marking 0x03f5f48a0281 <JSFunction emitSortedSetBits32 (sfi = 000003F5F4891AC1)> for optimization to TURBOFAN_JS, ConcurrencyMode::kConcurrent, reason: hot and stable]
[compiling method 0x000b9962c071 <JSFunction absToRelativeFrontier (sfi = 00000248844070F1)>[marking  (target MAGLEV), mode: ConcurrencyMode::kConcurrent]
0x02358b992a61 <JSFunction connect4RbaCofactorKnownHeight (sfi = 000002358B983071)> for optimization to TURBOFAN_JS, ConcurrencyMode::kConcurrent, reason: hot and stable]
[compiling method 0x03f5f48a10a1 <JSFunction evaluateConnect4CpcNonterminal32 (sfi = 000003F5F4893C01)> (target MAGLEV), mode: ConcurrencyMode::kConcurrent]
[marking 0x03f5f48a0641 <JSFunction connect4RbaCofactorKnownHeight (sfi = 000003F5F4890B81)> for optimization to TURBOFAN_JS, ConcurrencyMode::kConcurrent, reason: hot and stable]
[marking 0x02358b9926a1 <JSFunction emitSortedSetBits32 (sfi = 000002358B983FB1)> for optimization to TURBOFAN_JS, ConcurrencyMode::kConcurrent, reason: hot and stable]
[marking 0x0362c72e1271 <JSFunction emitSortedSetBits32 (sfi = 00000362C72D2A19)> for optimization to TURBOFAN_JS, ConcurrencyMode::kConcurrent, reason: hot and stable]
[marking 0x0212c4629a79 <JSFunction connect4RbaCofactorBasis (sfi = 00000212C461A019)> for optimization to TURBOFAN_JS, ConcurrencyMode::kConcurrent, reason: hot and stable]
[marking 0x03f5f48a0641 <JSFunction connect4RbaCofactorKnownHeight (sfi = 000003F5F4890B81)> for optimization to TURBOFAN_JS, ConcurrencyMode::kConcurrent, reason: hot and stable]
[marking 0x03f5f48a0281 <JSFunction emitSortedSetBits32 (sfi = 000003F5F4891AC1)> for optimization to TURBOFAN_JS, ConcurrencyMode::kConcurrent, reason: hot and stable]
[marking 0x02358b9926a1 <JSFunction emitSortedSetBits32 (sfi = 000002358B983FB1)> for optimization to TURBOFAN_JS, ConcurrencyMode::kConcurrent, reason: hot and stable]
[marking 0x02358b992a61 <JSFunction connect4RbaCofactorKnownHeight (sfi = 000002358B983071)> for optimization to TURBOFAN_JS, ConcurrencyMode::kConcurrent, reason: hot and stable]
[marking 0x03f5f48a0641 <JSFunction connect4RbaCofactorKnownHeight (sfi = 000003F5F4890B81)> for optimization to TURBOFAN_JS, ConcurrencyMode::kConcurrent, reason: hot and stable]
[completed compiling 0x024884425309 <JSFunction probeConnect4RbaSharedExactCache32 (sfi = 000002488441F551)> (target MAGLEV) - took 0.001, 0.530, 0.007 ms]
[marking 0x02358b9929a1 <JSFunction connect4RbaCofactorBasis (sfi = 000002358B982F99)> for optimization to TURBOFAN_JS, ConcurrencyMode::kConcurrent, reason: hot and stable]
[marking 0x03f5f48a0281 <JSFunction emitSortedSetBits32 (sfi = 000003F5F4891AC1)> for optimization to TURBOFAN_JS, ConcurrencyMode::kConcurrent, reason: hot and stable]
[marking 0x02358b9926a1 [marking <JSFunction emitSortedSetBits32 (sfi = 000002358B983FB1)> for optimization to TURBOFAN_JS, ConcurrencyMode::kConcurrent, reason: hot and stable]
0x0212c4628b31 <JSFunction mixSpan32Locator32 (sfi = 00000212C4612E29)> for optimization to TURBOFAN_JS, ConcurrencyMode::kConcurrent, reason: hot and stable]
[marking 0x03f5f48a0641 <JSFunction connect4RbaCofactorKnownHeight (sfi = 000003F5F4890B81)> for optimization to TURBOFAN_JS, ConcurrencyMode::kConcurrent, reason: hot and stable]
[completed compiling 0x007730018ff1 <JSFunction probeConnect4RbaExactCacheSlot32Frontier (sfi = 00000362C72C5781)> (target MAGLEV) - took 0.000, 0.561, 0.004 ms]
[marking 0x000b9962e4b9 <JSFunction probeConnect4RbaExactCacheSlot32Frontier (sfi = 0000024884407019)> for optimization to MAGLEV, ConcurrencyMode::kConcurrent, reason: hot and stable]
[compiling method 0x000b9962e4b9 <JSFunction probeConnect4RbaExactCacheSlot32Frontier (sfi = 0000024884407019)> (target MAGLEV), mode: ConcurrencyMode::kConcurrent]
[marking 0x02358b992a61 <JSFunction connect4RbaCofactorKnownHeight (sfi = 000002358B983071)> for optimization to TURBOFAN_JS, ConcurrencyMode::kConcurrent, reason: hot and stable]
[marking 0x03f5f48a0281 <JSFunction emitSortedSetBits32 (sfi = 000003F5F4891AC1)> for optimization to TURBOFAN_JS, ConcurrencyMode::kConcurrent, reason: hot and stable]
[marking 0x03f5f48a0641 <JSFunction connect4RbaCofactorKnownHeight (sfi = 000003F5F4890B81)> for optimization to TURBOFAN_JS, ConcurrencyMode::kConcurrent, reason: hot and stable]
[marking 0x02358b9926a1 <JSFunction emitSortedSetBits32 (sfi = 000002358B983FB1)> for optimization to TURBOFAN_JS, ConcurrencyMode::kConcurrent, reason: hot and stable]
[bailout (kind: deopt-lazy, reason: (unknown)): begin. deoptimizing 0x023e389cfba1 <JSFunction searchCpcOnlyFrontier (sfi = 00000212C460DF01)>, 0x03dfe57841f9 <Code MAGLEV>, opt id 34, bytecode offset 2072, deopt exit 199, FP to SP delta 600, caller SP 0x0060091fa680, pc 0x022c8336f63e]
[bailout (kind: deopt-lazy, reason: (unknown)): begin. deoptimizing 0x023e389cfba1 <JSFunction searchCpcOnlyFrontier (sfi = 00000212C460DF01)>, 0x03dfe57841f9 <Code MAGLEV>, opt id 34, bytecode offset 2072, deopt exit 199, FP to SP delta 600, caller SP 0x0060091fa948, pc 0x022c8336f63e]
[marking 0x0362c72e1271 <JSFunction emitSortedSetBits32 (sfi = 00000362C72D2A19)> for optimization to TURBOFAN_JS, ConcurrencyMode::kConcurrent, reason: hot and stable]
[marking 0x03f5f48a0641 <JSFunction connect4RbaCofactorKnownHeight (sfi = 000003F5F4890B81)> for optimization to TURBOFAN_JS, ConcurrencyMode::kConcurrent, reason: hot and stable]
[bailout (kind: deopt-lazy, reason: (unknown)): begin. deoptimizing 0x023e389cfba1 <JSFunction searchCpcOnlyFrontier (sfi = 00000212C460DF01)>, 0x03dfe57841f9 <Code MAGLEV>, opt id 34, bytecode offset 2072, deopt exit 199, FP to SP delta 600, caller SP 0x0060091fac10, pc 0x022c8336f63e]
[marking 0x02358b992a61 <JSFunction connect4RbaCofactorKnownHeight (sfi = 000002358B983071)> for optimization to TURBOFAN_JS, ConcurrencyMode::kConcurrent, reason: hot and stable]
[marking 0x03f5f48a0281 <JSFunction emitSortedSetBits32 (sfi = 000003F5F4891AC1)> for optimization to TURBOFAN_JS, ConcurrencyMode::kConcurrent, reason: hot and stable]
[bailout (kind: deopt-lazy, reason: (unknown)): begin. deoptimizing 0x023e389cfba1 <JSFunction searchCpcOnlyFrontier (sfi = 00000212C460DF01)>, 0x03dfe57841f9 <Code MAGLEV>, opt id 34, bytecode offset 2072, deopt exit 199, FP to SP delta 600, caller SP 0x0060091faed8, pc 0x022c8336f63e]
[marking 0x02358b9926a1 <JSFunction emitSortedSetBits32 (sfi = 000002358B983FB1)> for optimization to TURBOFAN_JS, ConcurrencyMode::kConcurrent, reason: hot and stable]
[marking 0x03f5f48a0641 <JSFunction connect4RbaCofactorKnownHeight (sfi = 000003F5F4890B81)> for optimization to TURBOFAN_JS, ConcurrencyMode::kConcurrent, reason: hot and stable]
[marking 0x0212c4629a79 <JSFunction connect4RbaCofactorBasis (sfi = 00000212C461A019)>[marking [marking 0x0362c72e12710x03f5f48a0581  <JSFunction emitSortedSetBits32 (sfi = 00000362C72D2A19)><JSFunction connect4RbaCofactorBasis (sfi = 000003F5F4890AA9)> for optimization to TURBOFAN_JS, ConcurrencyMode::kConcurrent, reason: hot and stable for optimization to TURBOFAN_JS, ConcurrencyMode::kConcurrent, reason: hot and stable]
]
 for optimization to TURBOFAN_JS, ConcurrencyMode::kConcurrent, reason: hot and stable]
[marking 0x02358b9929a1 <JSFunction connect4RbaCofactorBasis (sfi = 000002358B982F99)> for optimization to TURBOFAN_JS, ConcurrencyMode::kConcurrent, reason: hot and stable]
[marking 0x03f5f48a0281 <JSFunction emitSortedSetBits32 (sfi = 000003F5F4891AC1)> for optimization to TURBOFAN_JS, ConcurrencyMode::kConcurrent, reason: hot and stable]
[marking 0x03f5f48a0641 <JSFunction connect4RbaCofactorKnownHeight (sfi = 000003F5F4890B81)> for optimization to TURBOFAN_JS, ConcurrencyMode::kConcurrent, reason: hot and stable]
[marking 0x02358b9926a1 <JSFunction emitSortedSetBits32 (sfi = 000002358B983FB1)> for optimization to TURBOFAN_JS, ConcurrencyMode::kConcurrent, reason: hot and stable]
[marking 0x024884422989 <JSFunction emitSortedSetBits32 (sfi = 00000248844142B1)> for optimization to TURBOFAN_JS, ConcurrencyMode::kConcurrent, reason: hot and stable]
[marking [marking 0x02358b992a61 0x0362c72e1271 <JSFunction emitSortedSetBits32 (sfi = 00000362C72D2A19)> for optimization to TURBOFAN_JS, ConcurrencyMode::kConcurrent, reason: hot and stable]
<JSFunction connect4RbaCofactorKnownHeight (sfi = 000002358B983071)> for optimization to TURBOFAN_JS, ConcurrencyMode::kConcurrent, reason: hot and stable[marking ]
0x0362c72e1631 <JSFunction connect4RbaCofactorKnownHeight (sfi = 00000362C72D1AD9)> for optimization to TURBOFAN_JS, ConcurrencyMode::kConcurrent, reason: hot and stable]
[marking 0x03f5f48a0281 <JSFunction emitSortedSetBits32 (sfi = 000003F5F4891AC1)> for optimization to TURBOFAN_JS, ConcurrencyMode::kConcurrent, reason: hot and stable]
[marking 0x03f5f48a0641 <JSFunction connect4RbaCofactorKnownHeight (sfi = 000003F5F4890B81)> for optimization to TURBOFAN_JS, ConcurrencyMode::kConcurrent, reason: hot and stable]
[marking 0x02358b9926a1 <JSFunction emitSortedSetBits32 (sfi = 000002358B983FB1)> for optimization to TURBOFAN_JS, ConcurrencyMode::kConcurrent, reason: hot and stable]
[marking 0x03f5f48a0641 <JSFunction connect4RbaCofactorKnownHeight (sfi = 000003F5F4890B81)> for optimization to TURBOFAN_JS, ConcurrencyMode::kConcurrent, reason: hot and stable]
[marking 0x024884422989 <JSFunction emitSortedSetBits32 (sfi = 00000248844142B1)> for optimization to TURBOFAN_JS, ConcurrencyMode::kConcurrent, reason: hot and stable]
[marking 0x0212c4628b31 [marking <JSFunction mixSpan32Locator32 (sfi = 00000212C4612E29)>0x0362c72e1271  for optimization to TURBOFAN_JS, ConcurrencyMode::kConcurrent, reason: hot and stable]
<JSFunction emitSortedSetBits32 (sfi = 00000362C72D2A19)> for optimization to TURBOFAN_JS, ConcurrencyMode::kConcurrent, reason: hot and stable]
[marking 0x02358b992a61 <JSFunction connect4RbaCofactorKnownHeight (sfi = 000002358B983071)> for optimization to TURBOFAN_JS, ConcurrencyMode::kConcurrent, reason: hot and stable]
[marking 0x03f5f48a0281 <JSFunction emitSortedSetBits32 (sfi = 000003F5F4891AC1)> for optimization to TURBOFAN_JS, ConcurrencyMode::kConcurrent, reason: hot and stable]
[marking 0x0362c72e1631 <JSFunction connect4RbaCofactorKnownHeight (sfi = 00000362C72D1AD9)> for optimization to TURBOFAN_JS, ConcurrencyMode::kConcurrent, reason: hot and stable]
[marking 0x02358b9926a1 <JSFunction emitSortedSetBits32 (sfi = 000002358B983FB1)> for optimization to TURBOFAN_JS, ConcurrencyMode::kConcurrent, reason: hot and stable]
[marking 0x03f5f48a0641 <JSFunction connect4RbaCofactorKnownHeight (sfi = 000003F5F4890B81)> for optimization to TURBOFAN_JS, ConcurrencyMode::kConcurrent, reason: hot and stable]
[marking 0x028b251e00e1 <JSFunction probeConnect4RbaExactCacheSlot32Frontier (sfi = 0000006FEC3CE379)> for optimization to MAGLEV, ConcurrencyMode::kConcurrent, reason: hot and stable]
[marking [marking 0x03f5f48a05810x02358b9929a1  <JSFunction connect4RbaCofactorBasis (sfi = 000003F5F4890AA9)><JSFunction connect4RbaCofactorBasis (sfi = 000002358B982F99)> for optimization to TURBOFAN_JS, ConcurrencyMode::kConcurrent, reason: hot and stable]
 for optimization to TURBOFAN_JS, ConcurrencyMode::kConcurrent, reason: hot and stable]
[marking [marking 0x0212c4629a79 0x0362c72e1271 <JSFunction emitSortedSetBits32 (sfi = 00000362C72D2A19)> for optimization to TURBOFAN_JS, ConcurrencyMode::kConcurrent, reason: hot and stable]
<JSFunction connect4RbaCofactorBasis (sfi = 00000212C461A019)> for optimization to TURBOFAN_JS, ConcurrencyMode::kConcurrent, reason: hot and stable]
[compiling method 0x028b251e00e1 <JSFunction probeConnect4RbaExactCacheSlot32Frontier (sfi = 0000006FEC3CE379)> (target MAGLEV), mode: ConcurrencyMode::kConcurrent]
[marking 0x024884422989 <JSFunction emitSortedSetBits32 (sfi = 00000248844142B1)> for optimization to TURBOFAN_JS, ConcurrencyMode::kConcurrent, reason: hot and stable]
[marking 0x02358b992a61 <JSFunction connect4RbaCofactorKnownHeight (sfi = 000002358B983071)> for optimization to TURBOFAN_JS, ConcurrencyMode::kConcurrent, reason: hot and stable]
[marking 0x0362c72e1631 <JSFunction connect4RbaCofactorKnownHeight (sfi = 00000362C72D1AD9)> for optimization to TURBOFAN_JS, ConcurrencyMode::kConcurrent, reason: hot and stable]
[marking 0x02358b9926a1 <JSFunction emitSortedSetBits32 (sfi = 000002358B983FB1)> for optimization to TURBOFAN_JS, ConcurrencyMode::kConcurrent, reason: hot and stable]
[marking 0x03f5f48a0641 <JSFunction connect4RbaCofactorKnownHeight (sfi = 000003F5F4890B81)> for optimization to TURBOFAN_JS, ConcurrencyMode::kConcurrent, reason: hot and stable]
[marking 0x03f5f48a0281 <JSFunction emitSortedSetBits32 (sfi = 000003F5F4891AC1)> for optimization to TURBOFAN_JS, ConcurrencyMode::kConcurrent, reason: hot and stable]
[marking [completed compiling 0x0362c72e1271 0x024884422d89<JSFunction emitSortedSetBits32 (sfi = 00000362C72D2A19)>  for optimization to TURBOFAN_JS, ConcurrencyMode::kConcurrent, reason: hot and stable]
<JSFunction connect4RbaCanonicalize (sfi = 00000248844133B9)> (target MAGLEV) - took 0.000, 1.263, 0.010 ms]
[marking 0x03f5f48a0641 <JSFunction connect4RbaCofactorKnownHeight (sfi = 000003F5F4890B81)> for optimization to TURBOFAN_JS, ConcurrencyMode::kConcurrent, reason: hot and stable]
[marking 0x02358b9926a1 <JSFunction emitSortedSetBits32 (sfi = 000002358B983FB1)> for optimization to TURBOFAN_JS, ConcurrencyMode::kConcurrent, reason: hot and stable]
[marking 0x024884422989 <JSFunction emitSortedSetBits32 (sfi = 00000248844142B1)> for optimization to TURBOFAN_JS, ConcurrencyMode::kConcurrent, reason: hot and stable]
[marking 0x03f5f48a0281 <JSFunction emitSortedSetBits32 (sfi = 000003F5F4891AC1)> for optimization to TURBOFAN_JS, ConcurrencyMode::kConcurrent, reason: hot and stable]
[completed compiling 0x0248844245d1 <JSFunction evaluateConnect4LiveLine3x32 (sfi = 0000024884418A21)> (target MAGLEV) - took 0.000, 0.123, 0.002 ms]
[marking 0x02358b992a61 <JSFunction connect4RbaCofactorKnownHeight (sfi = 000002358B983071)> for optimization to TURBOFAN_JS, ConcurrencyMode::kConcurrent, reason: hot and stable]
[marking 0x0362c72e1271 <JSFunction emitSortedSetBits32 (sfi = 00000362C72D2A19)> for optimization to TURBOFAN_JS, ConcurrencyMode::kConcurrent, reason: hot and stable]
[marking 0x03f5f48a0641 <JSFunction connect4RbaCofactorKnownHeight (sfi = 000003F5F4890B81)> for optimization to TURBOFAN_JS, ConcurrencyMode::kConcurrent, reason: hot and stable]
[marking 0x0362c72e1631 <JSFunction connect4RbaCofactorKnownHeight (sfi = 00000362C72D1AD9)> for optimization to TURBOFAN_JS, ConcurrencyMode::kConcurrent, reason: hot and stable]
[marking 0x03f5f48a0581 [marking 0x02358b9929a1 <JSFunction connect4RbaCofactorBasis (sfi = 000003F5F4890AA9)> for optimization to TURBOFAN_JS, ConcurrencyMode::kConcurrent, reason: hot and stable]
<JSFunction connect4RbaCofactorBasis (sfi = 000002358B982F99)> for optimization to TURBOFAN_JS, ConcurrencyMode::kConcurrent, reason: hot and stable[completed compiling ]
0x0248844242d9 [marking 0x02358b9926a1 <JSFunction popcount3x32 (sfi = 000002488441B161)> (target MAGLEV)[marking  - took 0.000, 0.134, 0.002 ms0x03f5f489f639<JSFunction emitSortedSetBits32 (sfi = 000002358B983FB1)>  for optimization to TURBOFAN_JS, ConcurrencyMode::kConcurrent, reason: hot and stable]
]
<JSFunction mixSpan32Locator32 (sfi = 000003F5F48898D1)> for optimization to TURBOFAN_JS, ConcurrencyMode::kConcurrent, reason: hot and stable]
[marking 0x03f5f48a0641 <JSFunction connect4RbaCofactorKnownHeight (sfi = 000003F5F4890B81)> for optimization to TURBOFAN_JS, ConcurrencyMode::kConcurrent, reason: hot and stable]
[marking 0x024884422989 <JSFunction emitSortedSetBits32 (sfi = 00000248844142B1)> for optimization to TURBOFAN_JS, ConcurrencyMode::kConcurrent, reason: hot and stable]
[marking 0x0362c72e1271 <JSFunction emitSortedSetBits32 (sfi = 00000362C72D2A19)> for optimization to TURBOFAN_JS, ConcurrencyMode::kConcurrent, reason: hot and stable]
[marking 0x03f5f48a0281 <JSFunction emitSortedSetBits32 (sfi = 000003F5F4891AC1)> for optimization to TURBOFAN_JS, ConcurrencyMode::kConcurrent, reason: hot and stable]
[marking 0x02358b992a61 <JSFunction connect4RbaCofactorKnownHeight (sfi = 000002358B983071)> for optimization to TURBOFAN_JS, ConcurrencyMode::kConcurrent, reason: hot and stable]
[marking 0x0362c72e1631 <JSFunction connect4RbaCofactorKnownHeight (sfi = 00000362C72D1AD9)> for optimization to TURBOFAN_JS, ConcurrencyMode::kConcurrent, reason: hot and stable]
[marking 0x0212c4628b31 <JSFunction mixSpan32Locator32 (sfi = 00000212C4612E29)> for optimization to TURBOFAN_JS, ConcurrencyMode::kConcurrent, reason: hot and stable]
[marking 0x03f5f48a0641 <JSFunction connect4RbaCofactorKnownHeight (sfi = 000003F5F4890B81)> for optimization to TURBOFAN_JS, ConcurrencyMode::kConcurrent, reason: hot and stable]
[marking 0x02358b9926a1 <JSFunction emitSortedSetBits32 (sfi = 000002358B983FB1)> for optimization to TURBOFAN_JS, ConcurrencyMode::kConcurrent, reason: hot and stable]
[marking 0x024884422989 <JSFunction emitSortedSetBits32 (sfi = 00000248844142B1)> for optimization to TURBOFAN_JS, ConcurrencyMode::kConcurrent, reason: hot and stable]
[marking dependent code 0x01768e6c0ba1 <Code MAGLEV> (0x01ecd9f20bd1 <SharedFunctionInfo [marking next>) (opt id 2) for deoptimization, reason: embedded weak objects cleared]
0x0362c72e1271 <JSFunction emitSortedSetBits32 (sfi = 00000362C72D2A19)> for optimization to TURBOFAN_JS, ConcurrencyMode::kConcurrent, reason: hot and stable]
[marking 0x03f5f48a0281 [marking 0x0362c72e0629<JSFunction emitSortedSetBits32 (sfi = 000003F5F4891AC1)>  for optimization to TURBOFAN_JS, ConcurrencyMode::kConcurrent, reason: hot and stable<JSFunction mixSpan32Locator32 (sfi = 00000362C72CA811)>]
 for optimization to TURBOFAN_JS, ConcurrencyMode::kConcurrent, reason: hot and stable]
[marking 0x03f5f48a0641 <JSFunction connect4RbaCofactorKnownHeight (sfi = 000003F5F4890B81)> for optimization to TURBOFAN_JS, ConcurrencyMode::kConcurrent, reason: hot and stable]
[marking 0x02358b992a61 <JSFunction connect4RbaCofactorKnownHeight (sfi = 000002358B983071)> for optimization to TURBOFAN_JS, ConcurrencyMode::kConcurrent, reason: hot and stable]
[marking 0x02358b9926a1 <JSFunction emitSortedSetBits32 (sfi = 000002358B983FB1)> for optimization to TURBOFAN_JS, ConcurrencyMode::kConcurrent, reason: hot and stable]
[marking 0x0362c72e1631 <JSFunction connect4RbaCofactorKnownHeight (sfi = 00000362C72D1AD9)> for optimization to TURBOFAN_JS, ConcurrencyMode::kConcurrent, reason: hot and stable]
[marking 0x0212c4629a79 <JSFunction connect4RbaCofactorBasis (sfi = 00000212C461A019)> for optimization to TURBOFAN_JS, ConcurrencyMode::kConcurrent, reason: hot and stable]
[marking 0x03f5f48a0641 <JSFunction connect4RbaCofactorKnownHeight (sfi = 000003F5F4890B81)> for optimization to TURBOFAN_JS, ConcurrencyMode::kConcurrent, reason: hot and stable]
[marking 0x0362c72e1271 <JSFunction emitSortedSetBits32 (sfi = 00000362C72D2A19)> for optimization to TURBOFAN_JS, ConcurrencyMode::kConcurrent, reason: hot and stable]
[marking 0x02358b9929a1 <JSFunction connect4RbaCofactorBasis (sfi = 000002358B982F99)> for optimization to TURBOFAN_JS, ConcurrencyMode::kConcurrent, reason: hot and stable]
[marking [marking 0x024884422989 0x03f5f48a0281 <JSFunction emitSortedSetBits32 (sfi = 00000248844142B1)><JSFunction emitSortedSetBits32 (sfi = 000003F5F4891AC1)> for optimization to TURBOFAN_JS, ConcurrencyMode::kConcurrent, reason: hot and stable for optimization to TURBOFAN_JS, ConcurrencyMode::kConcurrent, reason: hot and stable]
]
[marking 0x03f5f48a0581 <JSFunction connect4RbaCofactorBasis (sfi = 000003F5F4890AA9)> for optimization to TURBOFAN_JS, ConcurrencyMode::kConcurrent, reason: hot and stable]
[completed compiling 0x024884425349 <JSFunction storeConnect4RbaSharedExactCache32 (sfi = 000002488441F599)> (target MAGLEV) - took 0.000, 0.490, 0.006 ms]
[marking 0x02358b9926a1 <JSFunction emitSortedSetBits32 (sfi = 000002358B983FB1)> for optimization to TURBOFAN_JS, ConcurrencyMode::kConcurrent, reason: hot and stable]
[marking 0x03f5f489f639 <JSFunction mixSpan32Locator32 (sfi = 000003F5F48898D1)> for optimization to TURBOFAN_JS, ConcurrencyMode::kConcurrent, reason: hot and stable]
[marking 0x03f5f48a0641 <JSFunction connect4RbaCofactorKnownHeight (sfi = 000003F5F4890B81)> for optimization to TURBOFAN_JS, ConcurrencyMode::kConcurrent, reason: hot and stable]
[marking 0x02358b992a61 <JSFunction connect4RbaCofactorKnownHeight (sfi = 000002358B983071)> for optimization to TURBOFAN_JS, ConcurrencyMode::kConcurrent, reason: hot and stable]
[marking 0x0362c72e1631 <JSFunction connect4RbaCofactorKnownHeight (sfi = 00000362C72D1AD9)> for optimization to TURBOFAN_JS, ConcurrencyMode::kConcurrent, reason: hot and stable]
[marking 0x0362c72e1271 <JSFunction emitSortedSetBits32 (sfi = 00000362C72D2A19)> for optimization to TURBOFAN_JS, ConcurrencyMode::kConcurrent, reason: hot and stable]
[marking 0x024884422989 <JSFunction emitSortedSetBits32 (sfi = 00000248844142B1)> for optimization to TURBOFAN_JS, ConcurrencyMode::kConcurrent, reason: hot and stable]
[marking 0x03f5f48a0281 <JSFunction emitSortedSetBits32 (sfi = 000003F5F4891AC1)> for optimization to TURBOFAN_JS, ConcurrencyMode::kConcurrent, reason: hot and stable]
[marking 0x0362c72e0629 <JSFunction mixSpan32Locator32 (sfi = 00000362C72CA811)> for optimization to TURBOFAN_JS, ConcurrencyMode::kConcurrent, reason: hot and stable]
[completed compiling 0x000b9963a9d9 <JSFunction compareReflectedSupport (sfi = 0000024884413401)> (target MAGLEV) - took 0.001, 0.166, 0.002 ms]
[marking 0x03f5f48a0641 <JSFunction connect4RbaCofactorKnownHeight (sfi = 000003F5F4890B81)> for optimization to TURBOFAN_JS, ConcurrencyMode::kConcurrent, reason: hot and stable]
[marking 0x02358b9926a1 <JSFunction emitSortedSetBits32 (sfi = 000002358B983FB1)> for optimization to TURBOFAN_JS, ConcurrencyMode::kConcurrent, reason: hot and stable]
[completed compiling 0x024d8a6bdad9 <JSFunction prepareRemoveDense (sfi = 000002488440EC09)> (target MAGLEV) - took 0.000, 0.046, 0.001 ms]
[completed compiling 0x007730019131 <JSFunction searchCpcOnlyFrontier (sfi = 00000362C72C58E9)> (target MAGLEV) - took 0.000, 2.223, 0.015 ms]
[marking 0x0362c72e1271 <JSFunction emitSortedSetBits32 (sfi = 00000362C72D2A19)> for optimization to TURBOFAN_JS, ConcurrencyMode::kConcurrent, reason: hot and stable]
[completed compiling 0x0077300190b1 <JSFunction absToRelativeFrontier (sfi = 00000362C72C5859)> (target MAGLEV) - took 0.000, 0.050, 0.000 ms]
[marking 0x03f5f48a0641 <JSFunction connect4RbaCofactorKnownHeight (sfi = 000003F5F4890B81)> for optimization to TURBOFAN_JS, ConcurrencyMode::kConcurrent, reason: hot and stable]
[marking [marking 0x03f5f48a0281 0x024884422989 <JSFunction emitSortedSetBits32 (sfi = 000003F5F4891AC1)> for optimization to TURBOFAN_JS, ConcurrencyMode::kConcurrent, reason: hot and stable<JSFunction emitSortedSetBits32 (sfi = 00000248844142B1)>]
 for optimization to TURBOFAN_JS, ConcurrencyMode::kConcurrent, reason: hot and stable]
[marking 0x02358b9926a1 <JSFunction emitSortedSetBits32 (sfi = 000002358B983FB1)> for optimization to TURBOFAN_JS, ConcurrencyMode::kConcurrent, reason: hot and stable]
[marking 0x03f5f48a0641 <JSFunction connect4RbaCofactorKnownHeight (sfi = 000003F5F4890B81)> for optimization to TURBOFAN_JS, ConcurrencyMode::kConcurrent, reason: hot and stable]
[marking 0x0212c4628b31 [marking 0x03f5f48a0581 <JSFunction connect4RbaCofactorBasis (sfi = 000003F5F4890AA9)><JSFunction mixSpan32Locator32 (sfi = 00000212C4612E29)> for optimization to TURBOFAN_JS, ConcurrencyMode::kConcurrent, reason: hot and stable]
 for optimization to TURBOFAN_JS, ConcurrencyMode::kConcurrent, reason: hot and stable]
[marking 0x0362c72e1271 <JSFunction emitSortedSetBits32 (sfi = 00000362C72D2A19)> for optimization to TURBOFAN_JS, ConcurrencyMode::kConcurrent, reason: hot and stable]
[marking 0x02358b992a61 <JSFunction connect4RbaCofactorKnownHeight (sfi = 000002358B983071)> for optimization to TURBOFAN_JS, ConcurrencyMode::kConcurrent, reason: hot and stable]
[marking 0x0362c72e1631 <JSFunction connect4RbaCofactorKnownHeight (sfi = 00000362C72D1AD9)> for optimization to TURBOFAN_JS, ConcurrencyMode::kConcurrent, reason: hot and stable]
[marking 0x03f5f48a0281 <JSFunction emitSortedSetBits32 (sfi = 000003F5F4891AC1)> for optimization to TURBOFAN_JS, ConcurrencyMode::kConcurrent, reason: hot and stable]
[marking 0x024884422989 <JSFunction emitSortedSetBits32 (sfi = 00000248844142B1)> for optimization to TURBOFAN_JS, ConcurrencyMode::kConcurrent, reason: hot and stable]
[marking 0x03f5f48a0641 <JSFunction connect4RbaCofactorKnownHeight (sfi = 000003F5F4890B81)> for optimization to TURBOFAN_JS, ConcurrencyMode::kConcurrent, reason: hot and stable]
[marking 0x03f5f489f639 <JSFunction mixSpan32Locator32 (sfi = 000003F5F48898D1)> for optimization to TURBOFAN_JS, ConcurrencyMode::kConcurrent, reason: hot and stable]
[marking 0x0212c4629a79 <JSFunction connect4RbaCofactorBasis (sfi = 00000212C461A019)> for optimization to TURBOFAN_JS, ConcurrencyMode::kConcurrent, reason: hot and stable]
[marking 0x02358b9929a1 <JSFunction connect4RbaCofactorBasis (sfi = 000002358B982F99)> for optimization to TURBOFAN_JS, ConcurrencyMode::kConcurrent, reason: hot and stable]
[marking 0x02358b9926a1 <JSFunction emitSortedSetBits32 (sfi = 000002358B983FB1)> for optimization to TURBOFAN_JS, ConcurrencyMode::kConcurrent, reason: hot and stable]
[marking 0x0362c72e1271 <JSFunction emitSortedSetBits32 (sfi = 00000362C72D2A19)> for optimization to TURBOFAN_JS, ConcurrencyMode::kConcurrent, reason: hot and stable]
[22880:0000022C82CD6000]       96 ms: Mark-Compact 7.6 (10.9) -> 6.3 (10.1) MB, pooled: 0.8 MB, 5.30 / 0.00 ms (average mu = 0.944, current mu = 0.944) background allocation failure; GC in old space requested
[marking 0x03f5f48a0641 <JSFunction connect4RbaCofactorKnownHeight (sfi = 000003F5F4890B81)> for optimization to TURBOFAN_JS, ConcurrencyMode::kConcurrent, reason: hot and stable]
[marking 0x024884422989 <JSFunction emitSortedSetBits32 (sfi = 00000248844142B1)> for optimization to TURBOFAN_JS, ConcurrencyMode::kConcurrent, reason: hot and stable]
[marking [marking 0x03f5f48a0281 0x016ef32666f1<JSFunction emitSortedSetBits32 (sfi = 000003F5F4891AC1)> [marking  for optimization to TURBOFAN_JS, ConcurrencyMode::kConcurrent, reason: hot and stable0x02358b9926a1]
 <JSFunction connect4RbaCofactorBasis (sfi = 0000016EF3256C79)> for optimization to TURBOFAN_JS, ConcurrencyMode::kConcurrent, reason: hot and stable<JSFunction emitSortedSetBits32 (sfi = 000002358B983FB1)>]
 for optimization to TURBOFAN_JS, ConcurrencyMode::kConcurrent, reason: hot and stable]
[marking 0x0362c72e0629 <JSFunction mixSpan32Locator32 (sfi = 00000362C72CA811)> for optimization to TURBOFAN_JS, ConcurrencyMode::kConcurrent, reason: hot and stable]
[compiling method 0x0362c72e0629 <JSFunction mixSpan32Locator32 (sfi = 00000362C72CA811)> (target TURBOFAN_JS), mode: ConcurrencyMode::kConcurrent]
[marking 0x0362c72e1271 <JSFunction emitSortedSetBits32 (sfi = 00000362C72D2A19)> for optimization to TURBOFAN_JS, ConcurrencyMode::kConcurrent, reason: hot and stable]
[marking 0x03f5f48a0641 [marking 0x02358b992a61<JSFunction connect4RbaCofactorKnownHeight (sfi = 000003F5F4890B81)>  for optimization to TURBOFAN_JS, ConcurrencyMode::kConcurrent, reason: hot and stable]
<JSFunction connect4RbaCofactorKnownHeight (sfi = 000002358B983071)> for optimization to TURBOFAN_JS, ConcurrencyMode::kConcurrent, reason: hot and stable]
[marking 0x0362c72e1631 <JSFunction connect4RbaCofactorKnownHeight (sfi = 00000362C72D1AD9)> for optimization to TURBOFAN_JS, ConcurrencyMode::kConcurrent, reason: hot and stable]
[marking 0x02358b9926a1 <JSFunction emitSortedSetBits32 (sfi = 000002358B983FB1)> for optimization to TURBOFAN_JS, ConcurrencyMode::kConcurrent, reason: hot and stable]
[marking 0x024884422989 <JSFunction emitSortedSetBits32 (sfi = 00000248844142B1)> for optimization to TURBOFAN_JS, ConcurrencyMode::kConcurrent, reason: hot and stable]
[marking 0x03f5f48a0281 <JSFunction emitSortedSetBits32 (sfi = 000003F5F4891AC1)> for optimization to TURBOFAN_JS, ConcurrencyMode::kConcurrent, reason: hot and stable]
[marking 0x03f5f48a0581 <JSFunction connect4RbaCofactorBasis (sfi = 000003F5F4890AA9)> for optimization to TURBOFAN_JS, ConcurrencyMode::kConcurrent, reason: hot and stable]
[marking 0x0362c72e1271 <JSFunction emitSortedSetBits32 (sfi = 00000362C72D2A19)> for optimization to TURBOFAN_JS, ConcurrencyMode::kConcurrent, reason: hot and stable]
[marking 0x03f5f48a0641 <JSFunction connect4RbaCofactorKnownHeight (sfi = 000003F5F4890B81)> for optimization to TURBOFAN_JS, ConcurrencyMode::kConcurrent, reason: hot and stable]
[marking 0x03f5f489f341 <JSFunction completeRootFrontierNode32 (sfi = 000003F5F4885F01)> for optimization to MAGLEV, ConcurrencyMode::kConcurrent, reason: hot and stable]
[compiling method 0x03f5f489f341 <JSFunction completeRootFrontierNode32 (sfi = 000003F5F4885F01)> (target MAGLEV), mode: ConcurrencyMode::kConcurrent]
[marking [marking 0x0212c4628b31 0x02358b9926a1 <JSFunction emitSortedSetBits32 (sfi = 000002358B983FB1)> for optimization to TURBOFAN_JS, ConcurrencyMode::kConcurrent, reason: hot and stable]
<JSFunction mixSpan32Locator32 (sfi = 00000212C4612E29)> for optimization to TURBOFAN_JS, ConcurrencyMode::kConcurrent, reason: hot and stable]
[marking 0x016ef32666f1 <JSFunction connect4RbaCofactorBasis (sfi = 0000016EF3256C79)> for optimization to TURBOFAN_JS, ConcurrencyMode::kConcurrent, reason: hot and stable]
[marking 0x024884422989 <JSFunction emitSortedSetBits32 (sfi = 00000248844142B1)> for optimization to TURBOFAN_JS, ConcurrencyMode::kConcurrent, reason: hot and stable[completed compiling ]
0x016ef3268db1 [marking <JSFunction storeConnect4RbaSharedExactCache32 (sfi = 0000016EF3262F91)>0x03f5f489f639 (target MAGLEV) - took 0.000, 6.596, 0.009 ms]
 <JSFunction mixSpan32Locator32 (sfi = 000003F5F48898D1)> for optimization to TURBOFAN_JS, ConcurrencyMode::kConcurrent, reason: hot and stable]
[marking 0x03f5f48a0281 <JSFunction emitSortedSetBits32 (sfi = 000003F5F4891AC1)> for optimization to TURBOFAN_JS, ConcurrencyMode::kConcurrent, reason: hot and stable]
[marking 0x0362c72e1271 <JSFunction emitSortedSetBits32 (sfi = 00000362C72D2A19)> for optimization to TURBOFAN_JS, ConcurrencyMode::kConcurrent, reason: hot and stable]
[marking 0x03f5f48a0641 <JSFunction connect4RbaCofactorKnownHeight (sfi = 000003F5F4890B81)>[marking  for optimization to TURBOFAN_JS, ConcurrencyMode::kConcurrent, reason: hot and stable0x02358b9929a1 ]
[completed compiling <JSFunction connect4RbaCofactorBasis (sfi = 000002358B982F99)>0x016ef3266d51  for optimization to TURBOFAN_JS, ConcurrencyMode::kConcurrent, reason: hot and stable]
<JSFunction firstSetBitIndex32 (sfi = 0000016EF325B301)> (target MAGLEV) - took 0.000, 0.070, 0.008 ms]
[marking 0x007730018bd9 <JSFunction pairedResponseNoWin (sfi = 00000362C72D4D09)> for optimization to MAGLEV, ConcurrencyMode::kConcurrent, reason: hot and stable]
[compiling method 0x007730018bd9 <JSFunction pairedResponseNoWin (sfi = 00000362C72D4D09)> (target MAGLEV), mode: ConcurrencyMode::kConcurrent]
[marking 0x02358b9926a1 <JSFunction emitSortedSetBits32 (sfi = 000002358B983FB1)> for optimization to TURBOFAN_JS, ConcurrencyMode::kConcurrent, reason: hot and stable]
[marking 0x024884422989 <JSFunction emitSortedSetBits32 (sfi = 00000248844142B1)> for optimization to TURBOFAN_JS, ConcurrencyMode::kConcurrent, reason: hot and stable]
[marking 0x02358b992a61 <JSFunction connect4RbaCofactorKnownHeight (sfi = 000002358B983071)> for optimization to TURBOFAN_JS, ConcurrencyMode::kConcurrent, reason: hot and stable]
[marking 0x03f5f48a0641 [marking <JSFunction connect4RbaCofactorKnownHeight (sfi = 000003F5F4890B81)>0x0362c72e1631  for optimization to TURBOFAN_JS, ConcurrencyMode::kConcurrent, reason: hot and stable]
<JSFunction connect4RbaCofactorKnownHeight (sfi = 00000362C72D1AD9)> for optimization to TURBOFAN_JS, ConcurrencyMode::kConcurrent, reason: hot and stable]
[marking 0x0362c72e1271 <JSFunction emitSortedSetBits32 (sfi = 00000362C72D2A19)> for optimization to TURBOFAN_JS, ConcurrencyMode::kConcurrent, reason: hot and stable]
[marking 0x0212c4629a79 <JSFunction connect4RbaCofactorBasis (sfi = 00000212C461A019)> for optimization to TURBOFAN_JS, ConcurrencyMode::kConcurrent, reason: hot and stable]
[marking 0x016ef32666f1 <JSFunction connect4RbaCofactorBasis (sfi = 0000016EF3256C79)> for optimization to TURBOFAN_JS, ConcurrencyMode::kConcurrent, reason: hot and stable]
[bailout (kind: deopt-eager, reason: Insufficient type feedback for call): begin. deoptimizing 0x02358b995061 [marking 0x03f5f48a0281 <JSFunction storeConnect4RbaSharedExactCache32 (sfi = 000002358B98F299)>, <JSFunction emitSortedSetBits32 (sfi = 000003F5F4891AC1)> for optimization to TURBOFAN_JS, ConcurrencyMode::kConcurrent, reason: hot and stable0x01c4a1937c09]
 <Code MAGLEV>, opt id 21, bytecode offset 125, deopt exit 23, FP to SP delta 144, caller SP 0x0060081f8520, pc 0x022c22b86619]
[completed compiling 0x0362c72e2091 <JSFunction evaluateConnect4CpcNonterminal32 (sfi = 00000362C72D4B59)> (target MAGLEV) - took 0.000, 1.019, 0.007 ms]
[completed compiling 0x0362c72e0331 <JSFunction completeRootFrontierNode32 (sfi = 00000362C72C6E41)> (target MAGLEV) - took 0.000, 0.073, 0.002 ms]
[marking 0x024884421a49 <JSFunction completeRootFrontierNode32 (sfi = 00000248844086D9)> for optimization to MAGLEV, ConcurrencyMode::kConcurrent, reason: hot and stable]
[marking 0x03f5f48a0581 <JSFunction connect4RbaCofactorBasis (sfi = 000003F5F4890AA9)> for optimization to TURBOFAN_JS, ConcurrencyMode::kConcurrent, reason: hot and stable]
[compiling method 0x024884421a49 [marking <JSFunction completeRootFrontierNode32 (sfi = 00000248844086D9)> (target MAGLEV)0x03f5f48a0641, mode: ConcurrencyMode::kConcurrent ]
[marking <JSFunction connect4RbaCofactorKnownHeight (sfi = 000003F5F4890B81)> for optimization to TURBOFAN_JS, ConcurrencyMode::kConcurrent, reason: hot and stable0x02358b9926a1]
 <JSFunction emitSortedSetBits32 (sfi = 000002358B983FB1)> for optimization to TURBOFAN_JS, ConcurrencyMode::kConcurrent, reason: hot and stable]
[marking 0x0362c72e1271 <JSFunction emitSortedSetBits32 (sfi = 00000362C72D2A19)> for optimization to TURBOFAN_JS, ConcurrencyMode::kConcurrent, reason: hot and stable]
[marking 0x000b99639a89 <JSFunction cellMarked (sfi = 0000024884416481)> for optimization to MAGLEV, ConcurrencyMode::kConcurrent, reason: hot and stable]
[compiling method 0x000b99639a89 <JSFunction cellMarked (sfi = 0000024884416481)> (target MAGLEV), mode: ConcurrencyMode::kConcurrent]
[marking 0x024884422989 <JSFunction emitSortedSetBits32 (sfi = 00000248844142B1)> for optimization to TURBOFAN_JS, ConcurrencyMode::kConcurrent, reason: hot and stable]
[marking 0x024884422d49 <JSFunction connect4RbaCofactorKnownHeight (sfi = 0000024884413371)> for optimization to TURBOFAN_JS, ConcurrencyMode::kConcurrent, reason: hot and stable]
[marking 0x03f5f48a0281 <JSFunction emitSortedSetBits32 (sfi = 000003F5F4891AC1)> for optimization to TURBOFAN_JS, ConcurrencyMode::kConcurrent, reason: hot and stable]
[marking 0x0362c72e1271 [marking <JSFunction emitSortedSetBits32 (sfi = 00000362C72D2A19)>0x02358b9926a1 for optimization to TURBOFAN_JS, ConcurrencyMode::kConcurrent, reason: hot and stable[marking  ]
[marking 0x03f5f48a0641 <JSFunction emitSortedSetBits32 (sfi = 000002358B983FB1)> for optimization to TURBOFAN_JS, ConcurrencyMode::kConcurrent, reason: hot and stable]
<JSFunction connect4RbaCofactorKnownHeight (sfi = 000003F5F4890B81)> for optimization to TURBOFAN_JS, ConcurrencyMode::kConcurrent, reason: hot and stable]
0x0212c4628b31 <JSFunction mixSpan32Locator32 (sfi = 00000212C4612E29)> for optimization to TURBOFAN_JS, ConcurrencyMode::kConcurrent, reason: hot and stable]
[compiling method 0x02358b9926a1 [compiling method <JSFunction emitSortedSetBits32 (sfi = 000002358B983FB1)> (target TURBOFAN_JS), mode: ConcurrencyMode::kConcurrent]
0x03f5f48a0641 [completed compiling 0x007730018659 <JSFunction connect4RbaCofactorKnownHeight (sfi = 000003F5F4890B81)> (target TURBOFAN_JS), mode: ConcurrencyMode::kConcurrent<JSFunction subsetDensePrepared (sfi = 00000362C72CD521)>]
 (target TURBOFAN_JS) - took 0.003, 0.794, 0.011 ms]
[completed optimizing 0x007730018659 <JSFunction subsetDensePrepared (sfi = 00000362C72CD521)> (target TURBOFAN_JS)]
[completed compiling 0x007730019031 <JSFunction storeConnect4RbaExactCacheSlot32Frontier (sfi = 00000362C72C57C9)> (target MAGLEV) - took 0.000, 0.193, 0.004 ms]
[marking 0x0362c72e1631 <JSFunction connect4RbaCofactorKnownHeight (sfi = 00000362C72D1AD9)> for optimization to TURBOFAN_JS, ConcurrencyMode::kConcurrent, reason: hot and stable]
[marking 0x024884422989 <JSFunction emitSortedSetBits32 (sfi = 00000248844142B1)>[marking  for optimization to TURBOFAN_JS, ConcurrencyMode::kConcurrent, reason: hot and stable0x03f5f489f639]
 [completed compiling 0x0077300190f1<JSFunction mixSpan32Locator32 (sfi = 000003F5F48898D1)> [marking  for optimization to TURBOFAN_JS, ConcurrencyMode::kConcurrent, reason: hot and stable<JSFunction relativeToAbsFrontier (sfi = 00000362C72C58A1)>]
 (target MAGLEV) - took 0.000, 0.041, 0.000 ms0x02358b992a61]
 <JSFunction connect4RbaCofactorKnownHeight (sfi = 000002358B983071)> for optimization to TURBOFAN_JS, ConcurrencyMode::kConcurrent, reason: hot and stable]
[marking 0x000b9962bf99 <JSFunction relativeToAbsFrontier (sfi = 0000024884407139)> for optimization to MAGLEV, ConcurrencyMode::kConcurrent, reason: hot and stable]
[compiling method 0x000b9962bf99 <JSFunction relativeToAbsFrontier (sfi = 0000024884407139)> (target MAGLEV), mode: ConcurrencyMode::kConcurrent]
[completed compiling 0x007730018ad9 <JSFunction cellMarked (sfi = 00000362C72D4BE9)> (target MAGLEV) - took 0.000, 0.030, 0.001 ms]
[marking 0x03f5f48a0641 <JSFunction connect4RbaCofactorKnownHeight (sfi = 000003F5F4890B81)> for optimization to TURBOFAN_JS, ConcurrencyMode::kConcurrent, reason: hot and stable]
[marking 0x016ef32666f1 <JSFunction connect4RbaCofactorBasis (sfi = 0000016EF3256C79)>[marking  for optimization to TURBOFAN_JS, ConcurrencyMode::kConcurrent, reason: hot and stable]
0x02358b9929a1 <JSFunction connect4RbaCofactorBasis (sfi = 000002358B982F99)> for optimization to TURBOFAN_JS, ConcurrencyMode::kConcurrent, reason: hot and stable[marking ]
0x0362c72e1271 <JSFunction emitSortedSetBits32 (sfi = 00000362C72D2A19)> for optimization to TURBOFAN_JS, ConcurrencyMode::kConcurrent, reason: hot and stable]
[marking 0x03f5f48a0281 <JSFunction emitSortedSetBits32 (sfi = 000003F5F4891AC1)> for optimization to TURBOFAN_JS, ConcurrencyMode::kConcurrent, reason: hot and stable]
[marking 0x024884422989 <JSFunction emitSortedSetBits32 (sfi = 00000248844142B1)> for optimization to TURBOFAN_JS, ConcurrencyMode::kConcurrent, reason: hot and stable]
[marking 0x03f5f48a0641 <JSFunction connect4RbaCofactorKnownHeight (sfi = 000003F5F4890B81)> for optimization to TURBOFAN_JS, ConcurrencyMode::kConcurrent, reason: hot and stable]
[marking 0x0362c72e1271 <JSFunction emitSortedSetBits32 (sfi = 00000362C72D2A19)> for optimization to TURBOFAN_JS, ConcurrencyMode::kConcurrent, reason: hot and stable]
[marking 0x024884422d49 <JSFunction connect4RbaCofactorKnownHeight (sfi = 0000024884413371)> for optimization to TURBOFAN_JS, ConcurrencyMode::kConcurrent, reason: hot and stable[marking ]
[marking 0x03f5f48a05810x0362c72e1631  <JSFunction connect4RbaCofactorKnownHeight (sfi = 00000362C72D1AD9)> for optimization to TURBOFAN_JS, ConcurrencyMode::kConcurrent, reason: hot and stable]
<JSFunction connect4RbaCofactorBasis (sfi = 000003F5F4890AA9)> for optimization to TURBOFAN_JS, ConcurrencyMode::kConcurrent, reason: hot and stable]
[marking 0x03f5f48a0281 <JSFunction emitSortedSetBits32 (sfi = 000003F5F4891AC1)> for optimization to TURBOFAN_JS, ConcurrencyMode::kConcurrent, reason: hot and stable]
[marking 0x0362c72e3c31 <JSFunction storeConnect4RbaSharedExactCache32 (sfi = 00000362C72DDD19)> for optimization to MAGLEV, ConcurrencyMode::kConcurrent, reason: hot and stable]
[compiling method 0x0362c72e3c31 <JSFunction storeConnect4RbaSharedExactCache32 (sfi = 00000362C72DDD19)> (target MAGLEV), mode: ConcurrencyMode::kConcurrent]
[marking 0x02358b992a61 <JSFunction connect4RbaCofactorKnownHeight (sfi = 000002358B983071)> for optimization to TURBOFAN_JS, ConcurrencyMode::kConcurrent, reason: hot and stable]
[marking 0x03f5f48a0641 <JSFunction connect4RbaCofactorKnownHeight (sfi = 000003F5F4890B81)> for optimization to TURBOFAN_JS, ConcurrencyMode::kConcurrent, reason: hot and stable]
[marking 0x0212c4629a79 <JSFunction connect4RbaCofactorBasis (sfi = 00000212C461A019)> for optimization to TURBOFAN_JS, ConcurrencyMode::kConcurrent, reason: hot and stable]
[completed compiling 0x007730018bd9 <JSFunction pairedResponseNoWin (sfi = 00000362C72D4D09)> (target MAGLEV) - took 0.001, 0.325, 0.003 ms]
[marking 0x0362c72e1271 <JSFunction emitSortedSetBits32 (sfi = 00000362C72D2A19)> for optimization to TURBOFAN_JS, ConcurrencyMode::kConcurrent, reason: hot and stable]
[marking 0x024884422989 <JSFunction emitSortedSetBits32 (sfi = 00000248844142B1)> for optimization to TURBOFAN_JS, ConcurrencyMode::kConcurrent, reason: hot and stable]
[marking [marking 0x03f5f48a0641 0x016ef32666f1 <JSFunction connect4RbaCofactorBasis (sfi = 0000016EF3256C79)> for optimization to TURBOFAN_JS, ConcurrencyMode::kConcurrent, reason: hot and stable]
<JSFunction connect4RbaCofactorKnownHeight (sfi = 000003F5F4890B81)> for optimization to TURBOFAN_JS, ConcurrencyMode::kConcurrent, reason: hot and stable]
[marking 0x0362c72e1271 <JSFunction emitSortedSetBits32 (sfi = 00000362C72D2A19)> for optimization to TURBOFAN_JS, ConcurrencyMode::kConcurrent, reason: hot and stable]
[marking 0x03f5f48a0281 <JSFunction emitSortedSetBits32 (sfi = 000003F5F4891AC1)> for optimization to TURBOFAN_JS, ConcurrencyMode::kConcurrent, reason: hot and stable]
[marking 0x03f5f489f639 <JSFunction mixSpan32Locator32 (sfi = 000003F5F48898D1)> for optimization to TURBOFAN_JS, ConcurrencyMode::kConcurrent, reason: hot and stable]
[marking 0x02358b9929a1 <JSFunction connect4RbaCofactorBasis (sfi = 000002358B982F99)> for optimization to TURBOFAN_JS, ConcurrencyMode::kConcurrent, reason: hot and stable]
[marking 0x0212c4628b31 <JSFunction mixSpan32Locator32 (sfi = 00000212C4612E29)> for optimization to TURBOFAN_JS, ConcurrencyMode::kConcurrent, reason: hot and stable]
[marking 0x0362c72e1631 <JSFunction connect4RbaCofactorKnownHeight (sfi = 00000362C72D1AD9)> for optimization to TURBOFAN_JS, ConcurrencyMode::kConcurrent, reason: hot and stable]
[marking 0x024884422989 <JSFunction emitSortedSetBits32 (sfi = 00000248844142B1)> for optimization to TURBOFAN_JS, ConcurrencyMode::kConcurrent, reason: hot and stable]
[marking 0x02358b992a61 <JSFunction connect4RbaCofactorKnownHeight (sfi = 000002358B983071)> for optimization to TURBOFAN_JS, ConcurrencyMode::kConcurrent, reason: hot and stable]
[marking 0x03f5f48a0641 <JSFunction connect4RbaCofactorKnownHeight (sfi = 000003F5F4890B81)> for optimization to TURBOFAN_JS, ConcurrencyMode::kConcurrent, reason: hot and stable]
[marking 0x024884422d49 <JSFunction connect4RbaCofactorKnownHeight (sfi = 0000024884413371)> for optimization to TURBOFAN_JS, ConcurrencyMode::kConcurrent, reason: hot and stable]
[marking 0x0362c72e1271 <JSFunction emitSortedSetBits32 (sfi = 00000362C72D2A19)> for optimization to TURBOFAN_JS, ConcurrencyMode::kConcurrent, reason: hot and stable]
[marking 0x03f5f48a0281 <JSFunction emitSortedSetBits32 (sfi = 000003F5F4891AC1)> for optimization to TURBOFAN_JS, ConcurrencyMode::kConcurrent, reason: hot and stable]
[marking 0x03f5f48a0581 <JSFunction connect4RbaCofactorBasis (sfi = 000003F5F4890AA9)> for optimization to TURBOFAN_JS, ConcurrencyMode::kConcurrent, reason: hot and stable]
[completed compiling [marking 0x0362c72e3c31 0x03f5f48a0641 <JSFunction connect4RbaCofactorKnownHeight (sfi = 000003F5F4890B81)><JSFunction storeConnect4RbaSharedExactCache32 (sfi = 00000362C72DDD19)> for optimization to TURBOFAN_JS, ConcurrencyMode::kConcurrent, reason: hot and stable (target MAGLEV)]
[marking  - took 0.000, 0.379, 0.006 ms]
0x024884422989 <JSFunction emitSortedSetBits32 (sfi = 00000248844142B1)> for optimization to TURBOFAN_JS, ConcurrencyMode::kConcurrent, reason: hot and stable]
[marking 0x0362c72e1271 <JSFunction emitSortedSetBits32 (sfi = 00000362C72D2A19)> for optimization to TURBOFAN_JS, ConcurrencyMode::kConcurrent, reason: hot and stable]
[marking 0x016ef32666f1 <JSFunction connect4RbaCofactorBasis (sfi = 0000016EF3256C79)> for optimization to TURBOFAN_JS, ConcurrencyMode::kConcurrent, reason: hot and stable]
[marking 0x03f5f48a0281 <JSFunction emitSortedSetBits32 (sfi = 000003F5F4891AC1)> for optimization to TURBOFAN_JS, ConcurrencyMode::kConcurrent, reason: hot and stable]
[marking 0x0362c72e1631 <JSFunction connect4RbaCofactorKnownHeight (sfi = 00000362C72D1AD9)> for optimization to TURBOFAN_JS, ConcurrencyMode::kConcurrent, reason: hot and stable]
[marking 0x03f5f48a0641 <JSFunction connect4RbaCofactorKnownHeight (sfi = 000003F5F4890B81)> for optimization to TURBOFAN_JS, ConcurrencyMode::kConcurrent, reason: hot and stable]
[marking 0x02358b992a61 <JSFunction connect4RbaCofactorKnownHeight (sfi = 000002358B983071)> for optimization to TURBOFAN_JS, ConcurrencyMode::kConcurrent, reason: hot and stable]
[marking 0x024884422989 <JSFunction emitSortedSetBits32 (sfi = 00000248844142B1)> for optimization to TURBOFAN_JS, ConcurrencyMode::kConcurrent, reason: hot and stable]
[marking 0x0362c72e1271 <JSFunction emitSortedSetBits32 (sfi = 00000362C72D2A19)> for optimization to TURBOFAN_JS, ConcurrencyMode::kConcurrent, reason: hot and stable]
[marking 0x024884422d49 <JSFunction connect4RbaCofactorKnownHeight (sfi = 0000024884413371)> for optimization to TURBOFAN_JS, ConcurrencyMode::kConcurrent, reason: hot and stable]
[marking 0x02358b9929a1 <JSFunction connect4RbaCofactorBasis (sfi = 000002358B982F99)> for optimization to TURBOFAN_JS, ConcurrencyMode::kConcurrent, reason: hot and stable]
[marking 0x03f5f489f639 <JSFunction mixSpan32Locator32 (sfi = 000003F5F48898D1)> for optimization to TURBOFAN_JS, ConcurrencyMode::kConcurrent, reason: hot and stable]
[marking 0x03f5f48a0641 <JSFunction connect4RbaCofactorKnownHeight (sfi = 000003F5F4890B81)> for optimization to TURBOFAN_JS, ConcurrencyMode::kConcurrent, reason: hot and stable]
[marking 0x03f5f48a0281 <JSFunction emitSortedSetBits32 (sfi = 000003F5F4891AC1)> for optimization to TURBOFAN_JS, ConcurrencyMode::kConcurrent, reason: hot and stable]
[marking 0x0362c72e1631 <JSFunction connect4RbaCofactorKnownHeight (sfi = 00000362C72D1AD9)> for optimization to TURBOFAN_JS, ConcurrencyMode::kConcurrent, reason: hot and stable]
[marking 0x0362c72e1271 <JSFunction emitSortedSetBits32 (sfi = 00000362C72D2A19)> for optimization to TURBOFAN_JS, ConcurrencyMode::kConcurrent, reason: hot and stable]
[marking 0x0212c4629a79 <JSFunction connect4RbaCofactorBasis (sfi = 00000212C461A019)> for optimization to TURBOFAN_JS, ConcurrencyMode::kConcurrent, reason: hot and stable]
[marking 0x016ef32666f1 <JSFunction connect4RbaCofactorBasis (sfi = 0000016EF3256C79)> for optimization to TURBOFAN_JS, ConcurrencyMode::kConcurrent, reason: hot and stable]
[marking 0x02358b992a61 <JSFunction connect4RbaCofactorKnownHeight (sfi = 000002358B983071)> for optimization to TURBOFAN_JS, ConcurrencyMode::kConcurrent, reason: hot and stable]
[marking 0x024884422989 <JSFunction emitSortedSetBits32 (sfi = 00000248844142B1)> for optimization to TURBOFAN_JS, ConcurrencyMode::kConcurrent, reason: hot and stable]
[marking 0x0362c72e1271 <JSFunction emitSortedSetBits32 (sfi = 00000362C72D2A19)> for optimization to TURBOFAN_JS, ConcurrencyMode::kConcurrent, reason: hot and stable]
[marking 0x03f5f48a0641 <JSFunction connect4RbaCofactorKnownHeight (sfi = 000003F5F4890B81)> for optimization to TURBOFAN_JS, ConcurrencyMode::kConcurrent, reason: hot and stable]
[marking 0x0212c4628b31 <JSFunction mixSpan32Locator32 (sfi = 00000212C4612E29)> for optimization to TURBOFAN_JS, ConcurrencyMode::kConcurrent, reason: hot and stable]
[marking [marking 0x03f5f48a0281 0x0362c72e1631 <JSFunction emitSortedSetBits32 (sfi = 000003F5F4891AC1)><JSFunction connect4RbaCofactorKnownHeight (sfi = 00000362C72D1AD9)> for optimization to TURBOFAN_JS, ConcurrencyMode::kConcurrent, reason: hot and stable for optimization to TURBOFAN_JS, ConcurrencyMode::kConcurrent, reason: hot and stable]
]
[marking 0x03f5f48a0581 <JSFunction connect4RbaCofactorBasis (sfi = 000003F5F4890AA9)> for optimization to TURBOFAN_JS, ConcurrencyMode::kConcurrent, reason: hot and stable]
[marking 0x024884422d49 <JSFunction connect4RbaCofactorKnownHeight (sfi = 0000024884413371)> for optimization to TURBOFAN_JS, ConcurrencyMode::kConcurrent, reason: hot and stable]
[marking 0x0362c72e1271 <JSFunction emitSortedSetBits32 (sfi = 00000362C72D2A19)> for optimization to TURBOFAN_JS, ConcurrencyMode::kConcurrent, reason: hot and stable]
[marking [marking 0x000b9962d321 0x006fec3ec7d1 <JSFunction storeConnect4RbaExactCacheSlot32Frontier (sfi = 0000024884407061)> for optimization to MAGLEV, ConcurrencyMode::kConcurrent, reason: hot and stable]
<JSFunction probeConnect4RbaSharedExactCache32 (sfi = 0000006FEC3E68B1)> for optimization to MAGLEV, ConcurrencyMode::kConcurrent, reason: hot and stable]
[compiling method 0x000b9962d321 <JSFunction storeConnect4RbaExactCacheSlot32Frontier (sfi = 0000024884407061)> (target MAGLEV), mode: ConcurrencyMode::kConcurrent]
[marking 0x02358b992a61 <JSFunction connect4RbaCofactorKnownHeight (sfi = 000002358B983071)> for optimization to TURBOFAN_JS, ConcurrencyMode::kConcurrent, reason: hot and stable]
[marking 0x016ef32666f1 <JSFunction connect4RbaCofactorBasis (sfi = 0000016EF3256C79)> for optimization to TURBOFAN_JS, ConcurrencyMode::kConcurrent, reason: hot and stable]
[compiling method 0x006fec3ec7d1 [marking <JSFunction probeConnect4RbaSharedExactCache32 (sfi = 0000006FEC3E68B1)> (target MAGLEV)0x03f5f48a0641, mode: ConcurrencyMode::kConcurrent]
 <JSFunction connect4RbaCofactorKnownHeight (sfi = 000003F5F4890B81)> for optimization to TURBOFAN_JS, ConcurrencyMode::kConcurrent, reason: hot and stable]
[marking 0x024884422989 <JSFunction emitSortedSetBits32 (sfi = 00000248844142B1)> for optimization to TURBOFAN_JS, ConcurrencyMode::kConcurrent, reason: hot and stable]
[marking 0x02358b9929a1 <JSFunction connect4RbaCofactorBasis (sfi = 000002358B982F99)> for optimization to TURBOFAN_JS, ConcurrencyMode::kConcurrent, reason: hot and stable]
[marking 0x0362c72e1271 <JSFunction emitSortedSetBits32 (sfi = 00000362C72D2A19)> for optimization to TURBOFAN_JS, ConcurrencyMode::kConcurrent, reason: hot and stable]
[marking 0x03f5f48a0281 <JSFunction emitSortedSetBits32 (sfi = 000003F5F4891AC1)> for optimization to TURBOFAN_JS, ConcurrencyMode::kConcurrent, reason: hot and stable]
[marking 0x0362c72e1631 <JSFunction connect4RbaCofactorKnownHeight (sfi = 00000362C72D1AD9)> for optimization to TURBOFAN_JS, ConcurrencyMode::kConcurrent, reason: hot and stable]
[completed compiling 0x016ef3267211 <JSFunction evaluateConnect4CpcNonterminal32 (sfi = 0000016EF3259DE9)> (target MAGLEV) - took 0.000, 2.099, 0.011 ms]
[bailout (kind: deopt-eager, reason: Insufficient type feedback for generic keyed access): begin. deoptimizing 0x0362c72e2091 <JSFunction evaluateConnect4CpcNonterminal32 (sfi = 00000362C72D4B59)>, 0x015c4e99b729 <Code MAGLEV>, opt id 78, bytecode offset 306, deopt exit 60, FP to SP delta 192, caller SP 0x0060089f8a20, pc 0x022c62b27750]
[bailout (kind: deopt-eager, reason: Insufficient type feedback for generic keyed access): begin. deoptimizing [marking [bailout (kind: deopt-eager, reason: Insufficient type feedback for generic named access): begin. deoptimizing 0x03f5f48a0641 0x016ef3267211 0x0174ba05a1d1 <JSFunction connect4RbaCofactorKnownHeight (sfi = 000003F5F4890B81)><JSFunction evaluateConnect4CpcNonterminal32 (sfi = 0000016EF3259DE9)>,  for optimization to TURBOFAN_JS, ConcurrencyMode::kConcurrent, reason: hot and stable0x018cd805dd21 ]
<Code <JSFunction searchCpcOnlyFrontier (sfi = 0000015FF3876831)>MAGLEV>, opt id 51, bytecode offset 306, deopt exit 59, FP to SP delta 192, caller SP 0x00600a1f8638, pc 0x022ce336148b]
, 0x02e7c68915f9 <Code MAGLEV>, opt id 49, bytecode offset 292, deopt exit 168, FP to SP delta 592, caller SP 0x0060081f8878, pc 0x022c22b8e226]
[bailout (kind: deopt-eager, reason: Insufficient type feedback for generic named access): begin. deoptimizing 0x007730019131 <JSFunction searchCpcOnlyFrontier (sfi = 00000362C72C58E9)>, 0x015c4e9994a1 <Code MAGLEV>, opt id 65, bytecode offset 292, deopt exit 168, FP to SP delta 600, caller SP 0x0060089f8ce8, pc 0x022c62b24c47]
[marking 0x024884422989 <JSFunction emitSortedSetBits32 (sfi = 00000248844142B1)> for optimization to TURBOFAN_JS, ConcurrencyMode::kConcurrent, reason: hot and stable]
[bailout (kind: deopt-lazy, reason: (unknown)): begin. deoptimizing 0x007730019131 <JSFunction searchCpcOnlyFrontier (sfi = 00000362C72C58E9)>, 0x015c4e9994a1 <Code MAGLEV>, opt id 65, bytecode offset 2072, deopt exit 199, FP to SP delta 600, caller SP 0x0060089f8fb0, pc 0x022c62b24cc3]
[bailout (kind: deopt-lazy, reason: (unknown)): begin. deoptimizing 0x007730019131 <JSFunction searchCpcOnlyFrontier (sfi = 00000362C72C58E9)>, 0x015c4e9994a1 <Code MAGLEV>, opt id 65, bytecode offset 2072, deopt exit 199, FP to SP delta 600, caller SP 0x0060089f9278, pc 0x022c62b24cc3]
[marking [bailout (kind: deopt-lazy, reason: (unknown)): begin. deoptimizing 0x024884422d49 0x007730019131 <JSFunction connect4RbaCofactorKnownHeight (sfi = 0000024884413371)><JSFunction searchCpcOnlyFrontier (sfi = 00000362C72C58E9)> for optimization to TURBOFAN_JS, ConcurrencyMode::kConcurrent, reason: hot and stable, ]
0x015c4e9994a1 <Code MAGLEV>, opt id 65, bytecode offset 2072, deopt exit 199, FP to SP delta 600, caller SP 0x0060089f9540, pc 0x022c62b24cc3]
[marking 0x03f5f489f639 <JSFunction mixSpan32Locator32 (sfi = 000003F5F48898D1)> for optimization to TURBOFAN_JS, ConcurrencyMode::kConcurrent, reason: hot and stable]
[bailout (kind: deopt-lazy, reason: (unknown)): begin. deoptimizing 0x007730019131 <JSFunction searchCpcOnlyFrontier (sfi = 00000362C72C58E9)>, 0x015c4e9994a1 <Code MAGLEV>, opt id 65, bytecode offset 2072, deopt exit 199, FP to SP delta 600, caller SP 0x0060089f9808, pc 0x022c62b24cc3]
[marking 0x023e389cfba1 [bailout (kind: deopt-lazy, reason: (unknown)): begin. deoptimizing 0x007730019131 <JSFunction searchCpcOnlyFrontier (sfi = 00000362C72C58E9)>, 0x015c4e9994a1 <Code MAGLEV>, opt id 65, bytecode offset 2072, deopt exit 199, FP to SP delta 600, caller SP 0x0060089f9ad0, pc 0x022c62b24cc3]
[marking <JSFunction searchCpcOnlyFrontier (sfi = 00000212C460DF01)> for optimization to MAGLEV, ConcurrencyMode::kConcurrent, reason: hot and stable0x03f5f48a0281]
 <JSFunction emitSortedSetBits32 (sfi = 000003F5F4891AC1)> for optimization to TURBOFAN_JS, ConcurrencyMode::kConcurrent, reason: hot and stable]
[marking 0x03f5f48a0641 <JSFunction connect4RbaCofactorKnownHeight (sfi = 000003F5F4890B81)> for optimization to TURBOFAN_JS, ConcurrencyMode::kConcurrent, reason: hot and stable[bailout (kind: deopt-lazy, reason: (unknown)): begin. deoptimizing ]
0x007730019131 <JSFunction searchCpcOnlyFrontier (sfi = 00000362C72C58E9)>, 0x015c4e9994a1 <Code MAGLEV>, opt id 65, bytecode offset 2072, deopt exit 199, FP to SP delta 600, caller SP 0x0060089f9d98, pc 0x022c62b24cc3]
[compiling method 0x023e389cfba1 <JSFunction searchCpcOnlyFrontier (sfi = 00000212C460DF01)> (target MAGLEV), mode: ConcurrencyMode::kConcurrent]
[bailout (kind: deopt-lazy, reason: (unknown)): begin. deoptimizing 0x007730019131 <JSFunction searchCpcOnlyFrontier (sfi = 00000362C72C58E9)>, 0x015c4e9994a1 <Code MAGLEV>, opt id 65, bytecode offset 2072, deopt exit 199, FP to SP delta 600, caller SP 0x0060089fa060, pc 0x022c62b24cc3]
[bailout (kind: deopt-lazy, reason: (unknown)): begin. deoptimizing 0x007730019131 <JSFunction searchCpcOnlyFrontier (sfi = 00000362C72C58E9)>, 0x015c4e9994a1 <Code MAGLEV>, opt id 65, bytecode offset 2072, deopt exit 199, FP to SP delta 600, caller SP 0x0060089fa328, pc 0x022c62b24cc3]
[marking 0x0362c72e1271 <JSFunction emitSortedSetBits32 (sfi = 00000362C72D2A19)> for optimization to TURBOFAN_JS, ConcurrencyMode::kConcurrent, reason: hot and stable]
[marking 0x024884422989 <JSFunction emitSortedSetBits32 (sfi = 00000248844142B1)> for optimization to TURBOFAN_JS, ConcurrencyMode::kConcurrent, reason: hot and stable]
[marking 0x024884422d49 <JSFunction connect4RbaCofactorKnownHeight (sfi = 0000024884413371)> for optimization to TURBOFAN_JS, ConcurrencyMode::kConcurrent, reason: hot and stable]
[marking 0x0212c4629a79 [marking 0x03f5f48a0581 <JSFunction connect4RbaCofactorBasis (sfi = 00000212C461A019)> for optimization to TURBOFAN_JS, ConcurrencyMode::kConcurrent, reason: hot and stable<JSFunction connect4RbaCofactorBasis (sfi = 000003F5F4890AA9)>]
 for optimization to TURBOFAN_JS, ConcurrencyMode::kConcurrent, reason: hot and stable]
[marking 0x03f5f48a0641 <JSFunction connect4RbaCofactorKnownHeight (sfi = 000003F5F4890B81)> for optimization to TURBOFAN_JS, ConcurrencyMode::kConcurrent, reason: hot and stable]
[marking 0x0362c72e1631 <JSFunction connect4RbaCofactorKnownHeight (sfi = 00000362C72D1AD9)> for optimization to TURBOFAN_JS, ConcurrencyMode::kConcurrent, reason: hot and stable]
[bailout (kind: deopt-lazy, reason: (unknown)): begin. deoptimizing 0x0174ba05a1d1 <JSFunction searchCpcOnlyFrontier (sfi = 0000015FF3876831)>, 0x02e7c68915f9 <Code MAGLEV>, opt id 49, bytecode offset 2072, deopt exit 199, FP to SP delta 592, caller SP 0x0060081f8b38, pc 0x022c22b8e2a2]
[marking 0x03f5f48a0281 <JSFunction emitSortedSetBits32 (sfi = 000003F5F4891AC1)> for optimization to TURBOFAN_JS, ConcurrencyMode::kConcurrent, reason: hot and stable]
[marking 0x0362c72e1271 <JSFunction emitSortedSetBits32 (sfi = 00000362C72D2A19)> for optimization to TURBOFAN_JS, ConcurrencyMode::kConcurrent, reason: hot and stable]
[bailout (kind: deopt-lazy, reason: (unknown)): begin. deoptimizing 0x0174ba05a1d1 <JSFunction searchCpcOnlyFrontier (sfi = 0000015FF3876831)>, 0x02e7c68915f9 <Code MAGLEV>, opt id 49, bytecode offset 2072, deopt exit 199, FP to SP delta 592, caller SP 0x0060081f8df8, pc 0x022c22b8e2a2]
[bailout (kind: deopt-lazy, reason: (unknown)): begin. deoptimizing 0x0174ba05a1d1 <JSFunction searchCpcOnlyFrontier (sfi = 0000015FF3876831)>, 0x02e7c68915f9 <Code MAGLEV>, opt id 49, bytecode offset 2072, deopt exit 199, FP to SP delta 592, caller SP 0x0060081f90b8, pc 0x022c22b8e2a2]
[marking 0x03f5f48a0641 [marking <JSFunction connect4RbaCofactorKnownHeight (sfi = 000003F5F4890B81)> for optimization to TURBOFAN_JS, ConcurrencyMode::kConcurrent, reason: hot and stable0x024884422989 [marking ]
<JSFunction emitSortedSetBits32 (sfi = 00000248844142B1)> for optimization to TURBOFAN_JS, ConcurrencyMode::kConcurrent, reason: hot and stable]
0x016ef32666f1 <JSFunction connect4RbaCofactorBasis (sfi = 0000016EF3256C79)> for optimization to TURBOFAN_JS, ConcurrencyMode::kConcurrent, reason: hot and stable]
[marking 0x0212c4628b31 [marking 0x024884422d49 <JSFunction mixSpan32Locator32 (sfi = 00000212C4612E29)> for optimization to TURBOFAN_JS, ConcurrencyMode::kConcurrent, reason: hot and stable<JSFunction connect4RbaCofactorKnownHeight (sfi = 0000024884413371)>]
 for optimization to TURBOFAN_JS, ConcurrencyMode::kConcurrent, reason: hot and stable]
[bailout (kind: deopt-lazy, reason: (unknown)): begin. deoptimizing 0x0174ba05a1d1 <JSFunction searchCpcOnlyFrontier (sfi = 0000015FF3876831)>, 0x02e7c68915f9 <Code MAGLEV>, opt id 49, bytecode offset 2072, deopt exit 199, FP to SP delta 592, caller SP 0x0060081f9378, pc 0x022c22b8e2a2]
[marking 0x0362c72e1631 <JSFunction connect4RbaCofactorKnownHeight (sfi = 00000362C72D1AD9)> for optimization to TURBOFAN_JS, ConcurrencyMode::kConcurrent, reason: hot and stable]
[marking 0x02358b995061 <JSFunction storeConnect4RbaSharedExactCache32 (sfi = 000002358B98F299)> for optimization to MAGLEV, ConcurrencyMode::kConcurrent, reason: hot and stable]
[bailout (kind: deopt-lazy, reason: (unknown)): begin. deoptimizing 0x0174ba05a1d1 <JSFunction searchCpcOnlyFrontier (sfi = 0000015FF3876831)>, 0x02e7c68915f9 <Code MAGLEV>, opt id 49, bytecode offset 2072, deopt exit 199, FP to SP delta 592, caller SP 0x0060081f9638, pc 0x022c22b8e2a2]
[marking 0x0362c72e1271 <JSFunction emitSortedSetBits32 (sfi = 00000362C72D2A19)> for optimization to TURBOFAN_JS, ConcurrencyMode::kConcurrent, reason: hot and stable]
[marking 0x03f5f48a0641 [completed compiling 0x016ef32657a9<JSFunction connect4RbaCofactorKnownHeight (sfi = 000003F5F4890B81)>  for optimization to TURBOFAN_JS, ConcurrencyMode::kConcurrent, reason: hot and stable]
<JSFunction mixSpan32Locator32 (sfi = 0000016EF324FA71)> (target TURBOFAN_JS) - took 0.003, 2.429, 0.020 ms]
[compiling method 0x0362c72e1271 [completed optimizing <JSFunction emitSortedSetBits32 (sfi = 00000362C72D2A19)> (target TURBOFAN_JS), mode: ConcurrencyMode::kConcurrent]
0x016ef32657a9 <JSFunction mixSpan32Locator32 (sfi = 0000016EF324FA71)> (target TURBOFAN_JS)]
[marking 0x03f5f48a0281 [compiling method <JSFunction emitSortedSetBits32 (sfi = 000003F5F4891AC1)> for optimization to TURBOFAN_JS, ConcurrencyMode::kConcurrent, reason: hot and stable0x02358b995061]
 <JSFunction storeConnect4RbaSharedExactCache32 (sfi = 000002358B98F299)> (target MAGLEV), mode: ConcurrencyMode::kConcurrent]
[bailout (kind: deopt-lazy, reason: (unknown)): begin. deoptimizing 0x0174ba05a1d1 <JSFunction searchCpcOnlyFrontier (sfi = 0000015FF3876831)>, 0x02e7c68915f9 <Code MAGLEV>, opt id 49, bytecode offset 2072, deopt exit 199, FP to SP delta 592, caller SP 0x0060081f98f8, pc 0x022c22b8e2a2]
[marking 0x024884422989 <JSFunction emitSortedSetBits32 (sfi = 00000248844142B1)> for optimization to TURBOFAN_JS, ConcurrencyMode::kConcurrent, reason: hot and stable]
[bailout (kind: deopt-lazy, reason: (unknown)): begin. deoptimizing 0x0174ba05a1d1 <JSFunction searchCpcOnlyFrontier (sfi = 0000015FF3876831)>, 0x02e7c68915f9 <Code MAGLEV>, opt id 49, bytecode offset 2072, deopt exit 199, FP to SP delta 592, caller SP 0x0060081f9bb8, pc 0x022c22b8e2a2]
[marking 0x03f5f489f639 <JSFunction mixSpan32Locator32 (sfi = 000003F5F48898D1)> for optimization to TURBOFAN_JS, ConcurrencyMode::kConcurrent, reason: hot and stable]
[marking 0x024884422d49 <JSFunction connect4RbaCofactorKnownHeight (sfi = 0000024884413371)> for optimization to TURBOFAN_JS, ConcurrencyMode::kConcurrent, reason: hot and stable]
[bailout (kind: deopt-lazy, reason: (unknown)): begin. deoptimizing 0x0174ba05a1d1 <JSFunction searchCpcOnlyFrontier (sfi = 0000015FF3876831)>, 0x02e7c68915f9 <Code MAGLEV>, opt id 49, bytecode offset 2072, deopt exit 199, FP to SP delta 592, caller SP 0x0060081f9e78, pc 0x022c22b8e2a2]
[marking 0x0362c72e1571 <JSFunction connect4RbaCofactorBasis (sfi = 00000362C72D1A01)> for optimization to TURBOFAN_JS, ConcurrencyMode::kConcurrent, reason: hot and stable]
[bailout (kind: deopt-lazy, reason: (unknown)): begin. deoptimizing 0x0174ba05a1d1 <JSFunction searchCpcOnlyFrontier (sfi = 0000015FF3876831)>, 0x02e7c68915f9 <Code MAGLEV>, opt id 49, bytecode offset 2072, deopt exit 199, FP to SP delta 592, caller SP 0x0060081fa138, pc 0x022c22b8e2a2]
[marking 0x0362c72e1631 <JSFunction connect4RbaCofactorKnownHeight (sfi = 00000362C72D1AD9)> for optimization to TURBOFAN_JS, ConcurrencyMode::kConcurrent, reason: hot and stable]
[marking 0x03f5f48a0641 <JSFunction connect4RbaCofactorKnownHeight (sfi = 000003F5F4890B81)> for optimization to TURBOFAN_JS, ConcurrencyMode::kConcurrent, reason: hot and stable]
[bailout (kind: deopt-lazy, reason: (unknown)): begin. deoptimizing [marking 0x0174ba05a1d10x016ef32666f1  <JSFunction connect4RbaCofactorBasis (sfi = 0000016EF3256C79)> for optimization to TURBOFAN_JS, ConcurrencyMode::kConcurrent, reason: hot and stable]
<JSFunction searchCpcOnlyFrontier (sfi = 0000015FF3876831)>, [marking 0x03f5f48a05810x02e7c68915f9  <Code MAGLEV>, opt id 49, bytecode offset 2072, deopt exit 199, FP to SP delta 592, caller SP 0x0060081fa3f8, pc 0x022c22b8e2a2]
<JSFunction connect4RbaCofactorBasis (sfi = 000003F5F4890AA9)> for optimization to TURBOFAN_JS, ConcurrencyMode::kConcurrent, reason: hot and stable]
[marking 0x024884422989 <JSFunction emitSortedSetBits32 (sfi = 00000248844142B1)> for optimization to TURBOFAN_JS, ConcurrencyMode::kConcurrent, reason: hot and stable]
[marking 0x03f5f48a0281 <JSFunction emitSortedSetBits32 (sfi = 000003F5F4891AC1)>[bailout (kind: deopt-lazy, reason: (unknown)): begin. deoptimizing  for optimization to TURBOFAN_JS, ConcurrencyMode::kConcurrent, reason: hot and stable0x0174ba05a1d1]
 <JSFunction searchCpcOnlyFrontier (sfi = 0000015FF3876831)>, 0x02e7c68915f9 <Code MAGLEV>, opt id 49, bytecode offset 2072, deopt exit 199, FP to SP delta 592, caller SP 0x0060081fa6b8, pc 0x022c22b8e2a2]
[marking [marking 0x024884422d49 <JSFunction connect4RbaCofactorKnownHeight (sfi = 0000024884413371)> for optimization to TURBOFAN_JS, ConcurrencyMode::kConcurrent, reason: hot and stable]
0x0212c4629a79 [marking 0x03f5f48a0641 <JSFunction connect4RbaCofactorBasis (sfi = 00000212C461A019)> for optimization to TURBOFAN_JS, ConcurrencyMode::kConcurrent, reason: hot and stable<JSFunction connect4RbaCofactorKnownHeight (sfi = 000003F5F4890B81)>]
[marking  for optimization to TURBOFAN_JS, ConcurrencyMode::kConcurrent, reason: hot and stable0x0362c72e1631 ]
<JSFunction connect4RbaCofactorKnownHeight (sfi = 00000362C72D1AD9)> for optimization to TURBOFAN_JS, ConcurrencyMode::kConcurrent, reason: hot and stable]
[bailout (kind: deopt-lazy, reason: (unknown)): begin. deoptimizing 0x0174ba05a1d1 <JSFunction searchCpcOnlyFrontier (sfi = 0000015FF3876831)>, 0x02e7c68915f9 <Code MAGLEV>, opt id 49, bytecode offset 2072, deopt exit 199, FP to SP delta 592, caller SP 0x0060081fa978, pc 0x022c22b8e2a2]
[marking [marking 0x024884422989 <JSFunction emitSortedSetBits32 (sfi = 00000248844142B1)> for optimization to TURBOFAN_JS, ConcurrencyMode::kConcurrent, reason: hot and stable0x02358b992a61]
 <JSFunction connect4RbaCofactorKnownHeight (sfi = 000002358B983071)> for optimization to TURBOFAN_JS, ConcurrencyMode::kConcurrent, reason: hot and stable]
[marking 0x03f5f48a0641 <JSFunction connect4RbaCofactorKnownHeight (sfi = 000003F5F4890B81)> for optimization to TURBOFAN_JS, ConcurrencyMode::kConcurrent, reason: hot and stable]
[marking 0x03f5f48a0281 <JSFunction emitSortedSetBits32 (sfi = 000003F5F4891AC1)> for optimization to TURBOFAN_JS, ConcurrencyMode::kConcurrent, reason: hot and stable]
[marking 0x024884422d49 <JSFunction connect4RbaCofactorKnownHeight (sfi = 0000024884413371)> for optimization to TURBOFAN_JS, ConcurrencyMode::kConcurrent, reason: hot and stable]
[marking 0x0362c72e1631 <JSFunction connect4RbaCofactorKnownHeight (sfi = 00000362C72D1AD9)> for optimization to TURBOFAN_JS, ConcurrencyMode::kConcurrent, reason: hot and stable]
[marking 0x0362c72e1571 <JSFunction connect4RbaCofactorBasis (sfi = 00000362C72D1A01)> for optimization to TURBOFAN_JS, ConcurrencyMode::kConcurrent, reason: hot and stable]
[marking 0x016ef32666f1 [marking 0x024884422989 <JSFunction connect4RbaCofactorBasis (sfi = 0000016EF3256C79)> for optimization to TURBOFAN_JS, ConcurrencyMode::kConcurrent, reason: hot and stable<JSFunction emitSortedSetBits32 (sfi = 00000248844142B1)>]
 for optimization to TURBOFAN_JS, ConcurrencyMode::kConcurrent, reason: hot and stable]
[marking 0x02358b992a61 <JSFunction connect4RbaCofactorKnownHeight (sfi = 000002358B983071)> for optimization to TURBOFAN_JS, ConcurrencyMode::kConcurrent, reason: hot and stable]
[completed compiling 0x03e59bd0e421 <JSFunction subsetDensePrepared (sfi = 000003F5F488C5E1)> (target TURBOFAN_JS) - took 0.001, 0.494, 0.013 ms]
[completed optimizing 0x03e59bd0e421 <JSFunction subsetDensePrepared (sfi = 000003F5F488C5E1)> (target TURBOFAN_JS)]
[compiling method 0x02358b992a61 <JSFunction connect4RbaCofactorKnownHeight (sfi = 000002358B983071)> (target TURBOFAN_JS), mode: ConcurrencyMode::kConcurrent]
[marking 0x03f5f48a0641 <JSFunction connect4RbaCofactorKnownHeight (sfi = 000003F5F4890B81)> for optimization to TURBOFAN_JS, ConcurrencyMode::kConcurrent, reason: hot and stable]
[marking 0x024884422d49 <JSFunction connect4RbaCofactorKnownHeight (sfi = 0000024884413371)> for optimization to TURBOFAN_JS, ConcurrencyMode::kConcurrent, reason: hot and stable]
[marking 0x0362c72e1631 <JSFunction connect4RbaCofactorKnownHeight (sfi = 00000362C72D1AD9)> for optimization to TURBOFAN_JS, ConcurrencyMode::kConcurrent, reason: hot and stable]
[marking 0x03f5f489f639 <JSFunction mixSpan32Locator32 (sfi = 000003F5F48898D1)> for optimization to TURBOFAN_JS, ConcurrencyMode::kConcurrent, reason: hot and stable]
[marking 0x024884422989 <JSFunction emitSortedSetBits32 (sfi = 00000248844142B1)> for optimization to TURBOFAN_JS, ConcurrencyMode::kConcurrent, reason: hot and stable]
[marking 0x02358b9929a1 <JSFunction connect4RbaCofactorBasis (sfi = 000002358B982F99)> for optimization to TURBOFAN_JS, ConcurrencyMode::kConcurrent, reason: hot and stable]
[bailout (kind: deopt-eager, reason: Insufficient type feedback for generic named access): begin. deoptimizing 0x03e59bd0ef01 [marking <JSFunction deriveForkPreemption32 (sfi = 000003F5F4893D69)>, 0x024884421d41 0x03d2c1ad8cf9 <Code MAGLEV><JSFunction mixSpan32Locator32 (sfi = 000002488440C0A9)>, opt id 63, bytecode offset 501, deopt exit 79, FP to SP delta 208, caller SP 0x0060071fbba0, pc 0x022bd2b197dd]
 for optimization to TURBOFAN_JS, ConcurrencyMode::kConcurrent, reason: hot and stable]
[marking 0x0212c4628b31 <JSFunction mixSpan32Locator32 (sfi = 00000212C4612E29)> for optimization to TURBOFAN_JS, ConcurrencyMode::kConcurrent, reason: hot and stable]
[marking 0x03f5f48a0281 <JSFunction emitSortedSetBits32 (sfi = 000003F5F4891AC1)> for optimization to TURBOFAN_JS, ConcurrencyMode::kConcurrent, reason: hot and stable]
[marking 0x03f5f48a0581 <JSFunction connect4RbaCofactorBasis (sfi = 000003F5F4890AA9)> for optimization to TURBOFAN_JS, ConcurrencyMode::kConcurrent, reason: hot and stable]
[marking 0x02358b991a59 <JSFunction mixSpan32Locator32 (sfi = 0000015FF387B759)> for optimization to TURBOFAN_JS, ConcurrencyMode::kConcurrent, reason: hot and stable]
[marking 0x016ef32666f1 <JSFunction connect4RbaCofactorBasis (sfi = 0000016EF3256C79)> for optimization to TURBOFAN_JS, ConcurrencyMode::kConcurrent, reason: hot and stable]
[marking 0x024884422989 [marking <JSFunction emitSortedSetBits32 (sfi = 00000248844142B1)>0x03f5f48a0641  for optimization to TURBOFAN_JS, ConcurrencyMode::kConcurrent, reason: hot and stable]
<JSFunction connect4RbaCofactorKnownHeight (sfi = 000003F5F4890B81)> for optimization to TURBOFAN_JS, ConcurrencyMode::kConcurrent, reason: hot and stable]
[marking 0x0212c4629a79 <JSFunction connect4RbaCofactorBasis (sfi = 00000212C461A019)> for optimization to TURBOFAN_JS, ConcurrencyMode::kConcurrent, reason: hot and stable]
[marking 0x0362c72e1571 <JSFunction connect4RbaCofactorBasis (sfi = 00000362C72D1A01)> for optimization to TURBOFAN_JS, ConcurrencyMode::kConcurrent, reason: hot and stable]
[completed compiling 0x026e68e66901 <JSFunction subsetDensePrepared (sfi = 0000016EF3252781)> (target TURBOFAN_JS) - took 0.002, 0.414, 0.007 ms]
[completed compiling [completed optimizing 0x026e68e669010x02358b9934c1  <JSFunction subsetDensePrepared (sfi = 0000016EF3252781)> (target TURBOFAN_JS)]
[compiling method <JSFunction evaluateConnect4CpcNonterminal32 (sfi = 000002358B9860F1)>0x0362c72e1571 (target MAGLEV) - took 0.000, 0.945, 0.011 ms]
 <JSFunction connect4RbaCofactorBasis (sfi = 00000362C72D1A01)> (target TURBOFAN_JS), mode: ConcurrencyMode::kConcurrent]
[completed compiling [marking 0x0362c72e16310x000b9962bf09  <JSFunction connect4RbaCofactorKnownHeight (sfi = 00000362C72D1AD9)> for optimization to TURBOFAN_JS, ConcurrencyMode::kConcurrent, reason: hot and stable]
<JSFunction searchCpcOnlyFrontier (sfi = 0000024884407181)> (target MAGLEV) - took 0.000, 4.666, 0.020 ms]
[marking 0x03f5f48a0641 <JSFunction connect4RbaCofactorKnownHeight (sfi = 000003F5F4890B81)> for optimization to TURBOFAN_JS, ConcurrencyMode::kConcurrent, reason: hot and stable]
[marking 0x03f5f48a0281 <JSFunction emitSortedSetBits32 (sfi = 000003F5F4891AC1)> for optimization to TURBOFAN_JS, ConcurrencyMode::kConcurrent, reason: hot and stable[completed compiling ]
0x000b9962c071 <JSFunction absToRelativeFrontier (sfi = 00000248844070F1)> (target MAGLEV) - took 0.000, 0.076, 0.000 ms]
[marking 0x024884422d49 <JSFunction connect4RbaCofactorKnownHeight (sfi = 0000024884413371)> for optimization to TURBOFAN_JS, ConcurrencyMode::kConcurrent, reason: hot and stable]
[marking 0x024884422989 <JSFunction emitSortedSetBits32 (sfi = 00000248844142B1)> for optimization to TURBOFAN_JS, ConcurrencyMode::kConcurrent, reason: hot and stable]
[marking 0x03f5f48a0641 <JSFunction connect4RbaCofactorKnownHeight (sfi = 000003F5F4890B81)> for optimization to TURBOFAN_JS, ConcurrencyMode::kConcurrent, reason: hot and stable]
[marking 0x02358b991a59 <JSFunction mixSpan32Locator32 (sfi = 0000015FF387B759)> for optimization to TURBOFAN_JS, ConcurrencyMode::kConcurrent, reason: hot and stable]
[marking 0x02358b9929a1 <JSFunction connect4RbaCofactorBasis (sfi = 000002358B982F99)> for optimization to TURBOFAN_JS, ConcurrencyMode::kConcurrent, reason: hot and stable]
[marking 0x03f5f48a0281 <JSFunction emitSortedSetBits32 (sfi = 000003F5F4891AC1)> for optimization to TURBOFAN_JS, ConcurrencyMode::kConcurrent, reason: hot and stable]
[marking 0x024884422989 <JSFunction emitSortedSetBits32 (sfi = 00000248844142B1)> for optimization to TURBOFAN_JS, ConcurrencyMode::kConcurrent, reason: hot and stable]
[marking 0x0362c72e1631 <JSFunction connect4RbaCofactorKnownHeight (sfi = 00000362C72D1AD9)> for optimization to TURBOFAN_JS, ConcurrencyMode::kConcurrent, reason: hot and stable]
[marking 0x016ef32666f1 <JSFunction connect4RbaCofactorBasis (sfi = 0000016EF3256C79)> for optimization to TURBOFAN_JS, ConcurrencyMode::kConcurrent, reason: hot and stable]
[marking 0x03f5f48a0641 <JSFunction connect4RbaCofactorKnownHeight (sfi = 000003F5F4890B81)> for optimization to TURBOFAN_JS, ConcurrencyMode::kConcurrent, reason: hot and stable]
[completed compiling 0x0174ba059c79 <JSFunction pairedResponseNoWin (sfi = 000002358B9862A1)> (target MAGLEV) - took 0.000, 0.345, 0.005 ms]
[marking 0x03e59bd0fba1 <JSFunction searchCpcOnlyFrontier (sfi = 000003F5F48849A9)> for optimization to MAGLEV, ConcurrencyMode::kConcurrent, reason: hot and stable]
[compiling method 0x03e59bd0fba1 <JSFunction searchCpcOnlyFrontier (sfi = 000003F5F48849A9)> (target MAGLEV), mode: ConcurrencyMode::kConcurrent]
[marking 0x03f5f489f639 <JSFunction mixSpan32Locator32 (sfi = 000003F5F48898D1)> for optimization to TURBOFAN_JS, ConcurrencyMode::kConcurrent, reason: hot and stable]
[marking 0x024884422d49 <JSFunction connect4RbaCofactorKnownHeight (sfi = 0000024884413371)> for optimization to TURBOFAN_JS, ConcurrencyMode::kConcurrent, reason: hot and stable]
[marking 0x0212c4628b31 [marking <JSFunction mixSpan32Locator32 (sfi = 00000212C4612E29)>0x03f5f48a0581 for optimization to TURBOFAN_JS, ConcurrencyMode::kConcurrent, reason: hot and stable ]
<JSFunction connect4RbaCofactorBasis (sfi = 000003F5F4890AA9)> for optimization to TURBOFAN_JS, ConcurrencyMode::kConcurrent, reason: hot and stable]
[marking 0x024884422989 <JSFunction emitSortedSetBits32 (sfi = 00000248844142B1)> for optimization to TURBOFAN_JS, ConcurrencyMode::kConcurrent, reason: hot and stable]
[marking 0x03f5f48a0281 <JSFunction emitSortedSetBits32 (sfi = 000003F5F4891AC1)> for optimization to TURBOFAN_JS, ConcurrencyMode::kConcurrent, reason: hot and stable]
[marking 0x03f5f48a0641 <JSFunction connect4RbaCofactorKnownHeight (sfi = 000003F5F4890B81)> for optimization to TURBOFAN_JS, ConcurrencyMode::kConcurrent, reason: hot and stable]
[completed compiling 0x000b9962e4b9 <JSFunction probeConnect4RbaExactCacheSlot32Frontier (sfi = 0000024884407019)> (target MAGLEV) - took 0.001, 0.476, 0.004 ms]
[marking [marking [marking 0x0212c4629a790x02358b991a59 0x0362c72e1631  <JSFunction connect4RbaCofactorKnownHeight (sfi = 00000362C72D1AD9)> for optimization to TURBOFAN_JS, ConcurrencyMode::kConcurrent, reason: hot and stable]
<JSFunction mixSpan32Locator32 (sfi = 0000015FF387B759)><JSFunction connect4RbaCofactorBasis (sfi = 00000212C461A019)> for optimization to TURBOFAN_JS, ConcurrencyMode::kConcurrent, reason: hot and stable]
 for optimization to TURBOFAN_JS, ConcurrencyMode::kConcurrent, reason: hot and stable]
[marking [marking 0x024884422989 0x03f5f48a0641 <JSFunction emitSortedSetBits32 (sfi = 00000248844142B1)> for optimization to TURBOFAN_JS, ConcurrencyMode::kConcurrent, reason: hot and stable<JSFunction connect4RbaCofactorKnownHeight (sfi = 000003F5F4890B81)>]
 for optimization to TURBOFAN_JS, ConcurrencyMode::kConcurrent, reason: hot and stable]
[completed compiling 0x024884421a49 <JSFunction completeRootFrontierNode32 (sfi = 00000248844086D9)> (target MAGLEV) - took 0.001, 0.092, 0.002 ms]
[marking 0x016ef32666f1 <JSFunction connect4RbaCofactorBasis (sfi = 0000016EF3256C79)> for optimization to TURBOFAN_JS, ConcurrencyMode::kConcurrent, reason: hot and stable]
[marking 0x03f5f48a0281 <JSFunction emitSortedSetBits32 (sfi = 000003F5F4891AC1)> for optimization to TURBOFAN_JS, ConcurrencyMode::kConcurrent, reason: hot and stable]
[completed compiling 0x02358b995061 [marking 0x0248844237a9 <JSFunction storeConnect4RbaSharedExactCache32 (sfi = 000002358B98F299)> (target MAGLEV) - took 0.000, 0.331, 0.007 ms]
<JSFunction evaluateConnect4CpcNonterminal32 (sfi = 00000248844163F1)> for optimization to MAGLEV, ConcurrencyMode::kConcurrent, reason: hot and stable]
[compiling method 0x0248844237a9 <JSFunction evaluateConnect4CpcNonterminal32 (sfi = 00000248844163F1)> (target MAGLEV), mode: ConcurrencyMode::kConcurrent]
[completed compiling 0x000b99639a89 <JSFunction cellMarked (sfi = 0000024884416481)> (target MAGLEV) - took 0.001, 0.054, 0.001 ms]
[marking 0x024884422d49 <JSFunction connect4RbaCofactorKnownHeight (sfi = 0000024884413371)> for optimization to TURBOFAN_JS, ConcurrencyMode::kConcurrent, reason: hot and stable]
[marking 0x02358b9929a1 <JSFunction connect4RbaCofactorBasis (sfi = 000002358B982F99)> for optimization to TURBOFAN_JS, ConcurrencyMode::kConcurrent, reason: hot and stable]
[completed compiling 0x000b9962bf99 <JSFunction relativeToAbsFrontier (sfi = 0000024884407139)> (target MAGLEV) - took 0.000, 0.061, 0.001 ms]
[marking 0x03f5f48a0641 <JSFunction connect4RbaCofactorKnownHeight (sfi = 000003F5F4890B81)> for optimization to TURBOFAN_JS, ConcurrencyMode::kConcurrent, reason: hot and stable]
[marking 0x024884422989 <JSFunction emitSortedSetBits32 (sfi = 00000248844142B1)> for optimization to TURBOFAN_JS, ConcurrencyMode::kConcurrent, reason: hot and stable]
[marking 0x0362c72e1631 <JSFunction connect4RbaCofactorKnownHeight (sfi = 00000362C72D1AD9)> for optimization to TURBOFAN_JS, ConcurrencyMode::kConcurrent, reason: hot and stable]
[marking 0x03f5f48a0281 <JSFunction emitSortedSetBits32 (sfi = 000003F5F4891AC1)> for optimization to TURBOFAN_JS, ConcurrencyMode::kConcurrent, reason: hot and stable]
[marking 0x03f5f48a0581 <JSFunction connect4RbaCofactorBasis (sfi = 000003F5F4890AA9)> for optimization to TURBOFAN_JS, ConcurrencyMode::kConcurrent, reason: hot and stable]
[marking 0x03f5f489f639 <JSFunction mixSpan32Locator32 (sfi = 000003F5F48898D1)> for optimization to TURBOFAN_JS, ConcurrencyMode::kConcurrent, reason: hot and stable]
[marking 0x024884422989 <JSFunction emitSortedSetBits32 (sfi = 00000248844142B1)> for optimization to TURBOFAN_JS, ConcurrencyMode::kConcurrent, reason: hot and stable]
[marking 0x03f5f48a0641 <JSFunction connect4RbaCofactorKnownHeight (sfi = 000003F5F4890B81)> for optimization to TURBOFAN_JS, ConcurrencyMode::kConcurrent, reason: hot and stable]
[marking 0x02358b991a59 <JSFunction mixSpan32Locator32 (sfi = 0000015FF387B759)> for optimization to TURBOFAN_JS, ConcurrencyMode::kConcurrent, reason: hot and stable[marking ]
0x024884422d49 <JSFunction connect4RbaCofactorKnownHeight (sfi = 0000024884413371)> for optimization to TURBOFAN_JS, ConcurrencyMode::kConcurrent, reason: hot and stable]
[completed compiling 0x000b9962d321 <JSFunction storeConnect4RbaExactCacheSlot32Frontier (sfi = 0000024884407061)> (target MAGLEV) - took 0.001, 0.245, 0.003 ms]
[marking 0x016ef32666f1 <JSFunction connect4RbaCofactorBasis (sfi = 0000016EF3256C79)> for optimization to TURBOFAN_JS, ConcurrencyMode::kConcurrent, reason: hot and stable]
[marking 0x03f5f48a0281 <JSFunction emitSortedSetBits32 (sfi = 000003F5F4891AC1)> for optimization to TURBOFAN_JS, ConcurrencyMode::kConcurrent, reason: hot and stable]
[marking [marking 0x024884422989 <JSFunction emitSortedSetBits32 (sfi = 00000248844142B1)> for optimization to TURBOFAN_JS, ConcurrencyMode::kConcurrent, reason: hot and stable0x0212c4628b31]
 <JSFunction mixSpan32Locator32 (sfi = 00000212C4612E29)> for optimization to TURBOFAN_JS, ConcurrencyMode::kConcurrent, reason: hot and stable[marking ]
0x03f5f48a0641 <JSFunction connect4RbaCofactorKnownHeight (sfi = 000003F5F4890B81)> for optimization to TURBOFAN_JS, ConcurrencyMode::kConcurrent, reason: hot and stable]
[marking 0x0362c72e1631 <JSFunction connect4RbaCofactorKnownHeight (sfi = 00000362C72D1AD9)> for optimization to TURBOFAN_JS, ConcurrencyMode::kConcurrent, reason: hot and stable]
[marking [marking 0x0212c4629a790x02358b9929a1  <JSFunction connect4RbaCofactorBasis (sfi = 000002358B982F99)> for optimization to TURBOFAN_JS, ConcurrencyMode::kConcurrent, reason: hot and stable]
<JSFunction connect4RbaCofactorBasis (sfi = 00000212C461A019)> for optimization to TURBOFAN_JS, ConcurrencyMode::kConcurrent, reason: hot and stable[marking ]
0x03f5f48a0641 <JSFunction connect4RbaCofactorKnownHeight (sfi = 000003F5F4890B81)> for optimization to TURBOFAN_JS, ConcurrencyMode::kConcurrent, reason: hot and stable]
[marking [marking 0x024884422989 0x03f5f48a0281 <JSFunction emitSortedSetBits32 (sfi = 00000248844142B1)><JSFunction emitSortedSetBits32 (sfi = 000003F5F4891AC1)> for optimization to TURBOFAN_JS, ConcurrencyMode::kConcurrent, reason: hot and stable for optimization to TURBOFAN_JS, ConcurrencyMode::kConcurrent, reason: hot and stable]
]
[marking 0x024884422d49 <JSFunction connect4RbaCofactorKnownHeight (sfi = 0000024884413371)> for optimization to TURBOFAN_JS, ConcurrencyMode::kConcurrent, reason: hot and stable]
[marking 0x0362c72e1631 <JSFunction connect4RbaCofactorKnownHeight (sfi = 00000362C72D1AD9)> for optimization to TURBOFAN_JS, ConcurrencyMode::kConcurrent, reason: hot and stable]
[marking 0x03f5f48a0641 <JSFunction connect4RbaCofactorKnownHeight (sfi = 000003F5F4890B81)> for optimization to TURBOFAN_JS, ConcurrencyMode::kConcurrent, reason: hot and stable]
[marking 0x016ef32666f1 <JSFunction connect4RbaCofactorBasis (sfi = 0000016EF3256C79)> for optimization to TURBOFAN_JS, ConcurrencyMode::kConcurrent, reason: hot and stable]
[marking 0x024884422989 <JSFunction emitSortedSetBits32 (sfi = 00000248844142B1)> for optimization to TURBOFAN_JS, ConcurrencyMode::kConcurrent, reason: hot and stable]
[marking 0x03f5f48a0581 <JSFunction connect4RbaCofactorBasis (sfi = 000003F5F4890AA9)> for optimization to TURBOFAN_JS, ConcurrencyMode::kConcurrent, reason: hot and stable]
[marking 0x03f5f48a0281 <JSFunction emitSortedSetBits32 (sfi = 000003F5F4891AC1)> for optimization to TURBOFAN_JS, ConcurrencyMode::kConcurrent, reason: hot and stable]
[marking 0x02358b991a59 <JSFunction mixSpan32Locator32 (sfi = 0000015FF387B759)> for optimization to TURBOFAN_JS, ConcurrencyMode::kConcurrent, reason: hot and stable]
[marking 0x03f5f489f639 <JSFunction mixSpan32Locator32 (sfi = 000003F5F48898D1)> for optimization to TURBOFAN_JS, ConcurrencyMode::kConcurrent, reason: hot and stable]
[marking 0x03f5f48a0641 <JSFunction connect4RbaCofactorKnownHeight (sfi = 000003F5F4890B81)> for optimization to TURBOFAN_JS, ConcurrencyMode::kConcurrent, reason: hot and stable]
[marking 0x024884422989 <JSFunction emitSortedSetBits32 (sfi = 00000248844142B1)> for optimization to TURBOFAN_JS, ConcurrencyMode::kConcurrent, reason: hot and stable]
[marking 0x024884422d49 <JSFunction connect4RbaCofactorKnownHeight (sfi = 0000024884413371)> for optimization to TURBOFAN_JS, ConcurrencyMode::kConcurrent, reason: hot and stable]
[marking 0x03f5f48a0281 <JSFunction emitSortedSetBits32 (sfi = 000003F5F4891AC1)> for optimization to TURBOFAN_JS, ConcurrencyMode::kConcurrent, reason: hot and stable]
[marking 0x0362c72e1631 <JSFunction connect4RbaCofactorKnownHeight (sfi = 00000362C72D1AD9)> for optimization to TURBOFAN_JS, ConcurrencyMode::kConcurrent, reason: hot and stable]
[marking 0x03f5f48a0641 [marking <JSFunction connect4RbaCofactorKnownHeight (sfi = 000003F5F4890B81)>0x02358b9929a1 for optimization to TURBOFAN_JS, ConcurrencyMode::kConcurrent, reason: hot and stable]
 <JSFunction connect4RbaCofactorBasis (sfi = 000002358B982F99)> for optimization to TURBOFAN_JS, ConcurrencyMode::kConcurrent, reason: hot and stable]
[marking 0x024884422989 <JSFunction emitSortedSetBits32 (sfi = 00000248844142B1)> for optimization to TURBOFAN_JS, ConcurrencyMode::kConcurrent, reason: hot and stable]
[marking 0x0212c4628b31 <JSFunction mixSpan32Locator32 (sfi = 00000212C4612E29)> for optimization to TURBOFAN_JS, ConcurrencyMode::kConcurrent, reason: hot and stable]
[compiling method 0x0212c4628b31 <JSFunction mixSpan32Locator32 (sfi = 00000212C4612E29)> (target TURBOFAN_JS), mode: ConcurrencyMode::kConcurrent]
[marking 0x03f5f48a0641 <JSFunction connect4RbaCofactorKnownHeight (sfi = 000003F5F4890B81)> for optimization to TURBOFAN_JS, ConcurrencyMode::kConcurrent, reason: hot and stable]
[marking 0x016ef32666f1 <JSFunction connect4RbaCofactorBasis (sfi = 0000016EF3256C79)> for optimization to TURBOFAN_JS, ConcurrencyMode::kConcurrent, reason: hot and stable]
[marking 0x03f5f48a0281 <JSFunction emitSortedSetBits32 (sfi = 000003F5F4891AC1)> for optimization to TURBOFAN_JS, ConcurrencyMode::kConcurrent, reason: hot and stable]
[marking 0x024884422d49 <JSFunction connect4RbaCofactorKnownHeight (sfi = 0000024884413371)> for optimization to TURBOFAN_JS, ConcurrencyMode::kConcurrent, reason: hot and stable]
[marking 0x0212c4629a79 <JSFunction connect4RbaCofactorBasis (sfi = 00000212C461A019)> for optimization to TURBOFAN_JS, ConcurrencyMode::kConcurrent, reason: hot and stable[marking ]
0x0362c72e1631 <JSFunction connect4RbaCofactorKnownHeight (sfi = 00000362C72D1AD9)> for optimization to TURBOFAN_JS, ConcurrencyMode::kConcurrent, reason: hot and stable]
[marking 0x024884422989 <JSFunction emitSortedSetBits32 (sfi = 00000248844142B1)> for optimization to TURBOFAN_JS, ConcurrencyMode::kConcurrent, reason: hot and stable]
[marking 0x02358b991a59 <JSFunction mixSpan32Locator32 (sfi = 0000015FF387B759)> for optimization to TURBOFAN_JS, ConcurrencyMode::kConcurrent, reason: hot and stable]
[marking 0x03f5f48a0581 <JSFunction connect4RbaCofactorBasis (sfi = 000003F5F4890AA9)> for optimization to TURBOFAN_JS, ConcurrencyMode::kConcurrent, reason: hot and stable]
[marking 0x03f5f48a0641 <JSFunction connect4RbaCofactorKnownHeight (sfi = 000003F5F4890B81)> for optimization to TURBOFAN_JS, ConcurrencyMode::kConcurrent, reason: hot and stable]
[marking 0x03f5f489f639 <JSFunction mixSpan32Locator32 (sfi = 000003F5F48898D1)> for optimization to TURBOFAN_JS, ConcurrencyMode::kConcurrent, reason: hot and stable]
[marking 0x03f5f48a0281 <JSFunction emitSortedSetBits32 (sfi = 000003F5F4891AC1)> for optimization to TURBOFAN_JS, ConcurrencyMode::kConcurrent, reason: hot and stable]
[marking 0x024884422989 <JSFunction emitSortedSetBits32 (sfi = 00000248844142B1)> for optimization to TURBOFAN_JS, ConcurrencyMode::kConcurrent, reason: hot and stable]
[marking 0x0362c72e1631 <JSFunction connect4RbaCofactorKnownHeight (sfi = 00000362C72D1AD9)> for optimization to TURBOFAN_JS, ConcurrencyMode::kConcurrent, reason: hot and stable]
[marking 0x024884422d49 <JSFunction connect4RbaCofactorKnownHeight (sfi = 0000024884413371)> for optimization to TURBOFAN_JS, ConcurrencyMode::kConcurrent, reason: hot and stable]
[marking 0x02358b9929a1 <JSFunction connect4RbaCofactorBasis (sfi = 000002358B982F99)>[marking  for optimization to TURBOFAN_JS, ConcurrencyMode::kConcurrent, reason: hot and stable0x03f5f48a0641]
 <JSFunction connect4RbaCofactorKnownHeight (sfi = 000003F5F4890B81)> for optimization to TURBOFAN_JS, ConcurrencyMode::kConcurrent, reason: hot and stable]
[marking 0x016ef32666f1 <JSFunction connect4RbaCofactorBasis (sfi = 0000016EF3256C79)> for optimization to TURBOFAN_JS, ConcurrencyMode::kConcurrent, reason: hot and stable]
[marking 0x024884422989 <JSFunction emitSortedSetBits32 (sfi = 00000248844142B1)> for optimization to TURBOFAN_JS, ConcurrencyMode::kConcurrent, reason: hot and stable]
[marking 0x03f5f48a0281 <JSFunction emitSortedSetBits32 (sfi = 000003F5F4891AC1)> for optimization to TURBOFAN_JS, ConcurrencyMode::kConcurrent, reason: hot and stable]
[marking [marking 0x03f5f48a0641 0x024884422c89 <JSFunction connect4RbaCofactorKnownHeight (sfi = 000003F5F4890B81)> for optimization to TURBOFAN_JS, ConcurrencyMode::kConcurrent, reason: hot and stable<JSFunction connect4RbaCofactorBasis (sfi = 0000024884413299)>]
 for optimization to TURBOFAN_JS, ConcurrencyMode::kConcurrent, reason: hot and stable]
[completed compiling 0x026e68e673d9 <JSFunction searchCpcOnlyFrontier (sfi = 0000016EF324AB49)> (target MAGLEV) - took 0.000, 3.850, 0.014 ms]
[marking 0x0362c72e1631 <JSFunction connect4RbaCofactorKnownHeight (sfi = 00000362C72D1AD9)> for optimization to TURBOFAN_JS, ConcurrencyMode::kConcurrent, reason: hot and stable]
[completed compiling 0x0248844237a9 <JSFunction evaluateConnect4CpcNonterminal32 (sfi = 00000248844163F1)> (target MAGLEV) - took 0.000, 1.210, 0.012 ms]
[marking 0x024884422d49 <JSFunction connect4RbaCofactorKnownHeight (sfi = 0000024884413371)> for optimization to TURBOFAN_JS, ConcurrencyMode::kConcurrent, reason: hot and stable]
[marking 0x024884422989 <JSFunction emitSortedSetBits32 (sfi = 00000248844142B1)> for optimization to TURBOFAN_JS, ConcurrencyMode::kConcurrent, reason: hot and stable]
[marking 0x02358b991a59 <JSFunction mixSpan32Locator32 (sfi = 0000015FF387B759)> for optimization to TURBOFAN_JS, ConcurrencyMode::kConcurrent, reason: hot and stable]
[marking 0x0212c4629a79 <JSFunction connect4RbaCofactorBasis (sfi = 00000212C461A019)> for optimization to TURBOFAN_JS, ConcurrencyMode::kConcurrent, reason: hot and stable]
[marking 0x03f5f48a0641 <JSFunction connect4RbaCofactorKnownHeight (sfi = 000003F5F4890B81)> for optimization to TURBOFAN_JS, ConcurrencyMode::kConcurrent, reason: hot and stable]
[marking 0x03f5f48a0581 <JSFunction connect4RbaCofactorBasis (sfi = 000003F5F4890AA9)> for optimization to TURBOFAN_JS, ConcurrencyMode::kConcurrent, reason: hot and stable]
[marking 0x03f5f48a0281 <JSFunction emitSortedSetBits32 (sfi = 000003F5F4891AC1)> for optimization to TURBOFAN_JS, ConcurrencyMode::kConcurrent, reason: hot and stable]
[marking 0x0174ba05a1d1 <JSFunction searchCpcOnlyFrontier (sfi = 0000015FF3876831)> for optimization to MAGLEV, ConcurrencyMode::kConcurrent, reason: hot and stable]
[compiling method 0x0174ba05a1d1 <JSFunction searchCpcOnlyFrontier (sfi = 0000015FF3876831)> (target MAGLEV), mode: ConcurrencyMode::kConcurrent]
[marking 0x026e68e66e01 <JSFunction collectSingletonProfiles (sfi = 0000016EF3259F09)> for optimization to TURBOFAN_JS, ConcurrencyMode::kConcurrent, reason: hot and stable]
[marking 0x024884422989 <JSFunction emitSortedSetBits32 (sfi = 00000248844142B1)> for optimization to TURBOFAN_JS, ConcurrencyMode::kConcurrent, reason: hot and stable]
[marking 0x016ef32666f1 <JSFunction connect4RbaCofactorBasis (sfi = 0000016EF3256C79)> for optimization to TURBOFAN_JS, ConcurrencyMode::kConcurrent, reason: hot and stable]
[marking 0x02358b9929a1 <JSFunction connect4RbaCofactorBasis (sfi = 000002358B982F99)> for optimization to TURBOFAN_JS, ConcurrencyMode::kConcurrent, reason: hot and stable]
[marking 0x0362c72e1631 <JSFunction connect4RbaCofactorKnownHeight (sfi = 00000362C72D1AD9)> for optimization to TURBOFAN_JS, ConcurrencyMode::kConcurrent, reason: hot and stable]
[marking 0x03f5f48a0641 <JSFunction connect4RbaCofactorKnownHeight (sfi = 000003F5F4890B81)>[marking  for optimization to TURBOFAN_JS, ConcurrencyMode::kConcurrent, reason: hot and stable]
0x024884422d49 <JSFunction connect4RbaCofactorKnownHeight (sfi = 0000024884413371)> for optimization to TURBOFAN_JS, ConcurrencyMode::kConcurrent, reason: hot and stable]
[marking 0x03f5f489f639 <JSFunction mixSpan32Locator32 (sfi = 000003F5F48898D1)> for optimization to TURBOFAN_JS, ConcurrencyMode::kConcurrent, reason: hot and stable]
[marking 0x024884422989 <JSFunction emitSortedSetBits32 (sfi = 00000248844142B1)> for optimization to TURBOFAN_JS, ConcurrencyMode::kConcurrent, reason: hot and stable]
[marking 0x03f5f48a0281 <JSFunction emitSortedSetBits32 (sfi = 000003F5F4891AC1)> for optimization to TURBOFAN_JS, ConcurrencyMode::kConcurrent, reason: hot and stable]
[marking 0x024884422c89 <JSFunction connect4RbaCofactorBasis (sfi = 0000024884413299)> for optimization to TURBOFAN_JS, ConcurrencyMode::kConcurrent, reason: hot and stable]
[marking 0x03f5f48a0641 <JSFunction connect4RbaCofactorKnownHeight (sfi = 000003F5F4890B81)> for optimization to TURBOFAN_JS, ConcurrencyMode::kConcurrent, reason: hot and stable]
[marking 0x024884422989 <JSFunction emitSortedSetBits32 (sfi = 00000248844142B1)> for optimization to TURBOFAN_JS, ConcurrencyMode::kConcurrent, reason: hot and stable]
[marking 0x0362c72e1631 <JSFunction connect4RbaCofactorKnownHeight (sfi = 00000362C72D1AD9)> for optimization to TURBOFAN_JS, ConcurrencyMode::kConcurrent, reason: hot and stable]
[marking 0x02358b991a59 <JSFunction mixSpan32Locator32 (sfi = 0000015FF387B759)> for optimization to TURBOFAN_JS, ConcurrencyMode::kConcurrent, reason: hot and stable]
[marking 0x024884422d49 <JSFunction connect4RbaCofactorKnownHeight (sfi = 0000024884413371)> for optimization to TURBOFAN_JS, ConcurrencyMode::kConcurrent, reason: hot and stable]
[marking 0x000b99635269 <JSFunction pairedResponseNoWin (sfi = 00000248844165A1)> for optimization to MAGLEV, ConcurrencyMode::kConcurrent, reason: hot and stable]
[marking 0x03f5f48a0281 <JSFunction emitSortedSetBits32 (sfi = 000003F5F4891AC1)> for optimization to TURBOFAN_JS, ConcurrencyMode::kConcurrent, reason: hot and stable]
[compiling method 0x000b99635269 <JSFunction pairedResponseNoWin (sfi = 00000248844165A1)> (target MAGLEV), mode: ConcurrencyMode::kConcurrent]
[marking 0x03f5f48a0641 <JSFunction connect4RbaCofactorKnownHeight (sfi = 000003F5F4890B81)> for optimization to TURBOFAN_JS, ConcurrencyMode::kConcurrent, reason: hot and stable]
[marking 0x016ef32666f1 <JSFunction connect4RbaCofactorBasis (sfi = 0000016EF3256C79)> for optimization to TURBOFAN_JS, ConcurrencyMode::kConcurrent, reason: hot and stable]
[marking 0x024884422989 <JSFunction emitSortedSetBits32 (sfi = 00000248844142B1)> for optimization to TURBOFAN_JS, ConcurrencyMode::kConcurrent, reason: hot and stable]
[marking 0x03f5f48a0581 [marking 0x02358b9929a1 <JSFunction connect4RbaCofactorBasis (sfi = 000003F5F4890AA9)> for optimization to TURBOFAN_JS, ConcurrencyMode::kConcurrent, reason: hot and stable]
<JSFunction connect4RbaCofactorBasis (sfi = 000002358B982F99)> for optimization to TURBOFAN_JS, ConcurrencyMode::kConcurrent, reason: hot and stable]
[marking 0x03f5f48a0641 <JSFunction connect4RbaCofactorKnownHeight (sfi = 000003F5F4890B81)> for optimization to TURBOFAN_JS, ConcurrencyMode::kConcurrent, reason: hot and stable]
[marking 0x0362c72e1631 <JSFunction connect4RbaCofactorKnownHeight (sfi = 00000362C72D1AD9)> for optimization to TURBOFAN_JS, ConcurrencyMode::kConcurrent, reason: hot and stable]
[marking 0x03f5f48a0281 <JSFunction emitSortedSetBits32 (sfi = 000003F5F4891AC1)> for optimization to TURBOFAN_JS, ConcurrencyMode::kConcurrent, reason: hot and stable]
[marking 0x024884422989 <JSFunction emitSortedSetBits32 (sfi = 00000248844142B1)> for optimization to TURBOFAN_JS, ConcurrencyMode::kConcurrent, reason: hot and stable]
[marking 0x024884422d49 <JSFunction connect4RbaCofactorKnownHeight (sfi = 0000024884413371)> for optimization to TURBOFAN_JS, ConcurrencyMode::kConcurrent, reason: hot and stable]
[marking 0x024884422c89 <JSFunction connect4RbaCofactorBasis (sfi = 0000024884413299)> for optimization to TURBOFAN_JS, ConcurrencyMode::kConcurrent, reason: hot and stable]
[marking 0x03f5f48a0641 <JSFunction connect4RbaCofactorKnownHeight (sfi = 000003F5F4890B81)> for optimization to TURBOFAN_JS, ConcurrencyMode::kConcurrent, reason: hot and stable]
[marking 0x03f5f489f639 <JSFunction mixSpan32Locator32 (sfi = 000003F5F48898D1)> for optimization to TURBOFAN_JS, ConcurrencyMode::kConcurrent, reason: hot and stable]
[completed compiling 0x00cbc4a84281 <JSFunction subsetDensePrepared (sfi = 0000006FEC3D6119)> (target MAGLEV) - took 0.000, 0.067, 0.005 ms]
[marking 0x02358b991a59 <JSFunction mixSpan32Locator32 (sfi = 0000015FF387B759)> for optimization to TURBOFAN_JS, ConcurrencyMode::kConcurrent, reason: hot and stable]
[marking 0x0212c4629a79 <JSFunction connect4RbaCofactorBasis (sfi = 00000212C461A019)> for optimization to TURBOFAN_JS, ConcurrencyMode::kConcurrent, reason: hot and stable]
[marking [marking 0x024884422989 0x03f5f48a0281 <JSFunction emitSortedSetBits32 (sfi = 00000248844142B1)> for optimization to TURBOFAN_JS, ConcurrencyMode::kConcurrent, reason: hot and stable]
<JSFunction emitSortedSetBits32 (sfi = 000003F5F4891AC1)> for optimization to TURBOFAN_JS, ConcurrencyMode::kConcurrent, reason: hot and stable]
[marking 0x026e68e66e01 <JSFunction collectSingletonProfiles (sfi = 0000016EF3259F09)> for optimization to TURBOFAN_JS, ConcurrencyMode::kConcurrent, reason: hot and stable]
[marking 0x016ef32666f1 <JSFunction connect4RbaCofactorBasis (sfi = 0000016EF3256C79)> for optimization to TURBOFAN_JS, ConcurrencyMode::kConcurrent, reason: hot and stable]
[marking 0x0362c72e1631 <JSFunction connect4RbaCofactorKnownHeight (sfi = 00000362C72D1AD9)> for optimization to TURBOFAN_JS, ConcurrencyMode::kConcurrent, reason: hot and stable]
[marking 0x03f5f48a0641 <JSFunction connect4RbaCofactorKnownHeight (sfi = 000003F5F4890B81)> for optimization to TURBOFAN_JS, ConcurrencyMode::kConcurrent, reason: hot and stable]
[marking 0x03e59bd0ef41 <JSFunction pairedResponseNoWin (sfi = 000003F5F4893DB1)> for optimization to MAGLEV, ConcurrencyMode::kConcurrent, reason: hot and stable]
[compiling method 0x03e59bd0ef41 <JSFunction pairedResponseNoWin (sfi = 000003F5F4893DB1)> (target MAGLEV), mode: ConcurrencyMode::kConcurrent]
[marking 0x024884422d49 <JSFunction connect4RbaCofactorKnownHeight (sfi = 0000024884413371)> for optimization to TURBOFAN_JS, ConcurrencyMode::kConcurrent, reason: hot and stable]
[marking 0x02358b9929a1 <JSFunction connect4RbaCofactorBasis (sfi = 000002358B982F99)> for optimization to TURBOFAN_JS, ConcurrencyMode::kConcurrent, reason: hot and stable]
[completed compiling 0x006fec3e9e51 [marking <JSFunction emitSortedSetBits32 (sfi = 0000006FEC3DB611)> (target MAGLEV)0x024884422989 - took 0.001, 0.166, 0.003 ms]
 <JSFunction emitSortedSetBits32 (sfi = 00000248844142B1)> for optimization to TURBOFAN_JS, ConcurrencyMode::kConcurrent, reason: hot and stable]
[marking 0x0212c462a599 <JSFunction evaluateConnect4CpcNonterminal32 (sfi = 00000212C461D189)> for optimization to MAGLEV, ConcurrencyMode::kConcurrent, reason: hot and stable]
[compiling method 0x0212c462a599 <JSFunction evaluateConnect4CpcNonterminal32 (sfi = 00000212C461D189)> (target MAGLEV), mode: ConcurrencyMode::kConcurrent]
[marking 0x03f5f48a0641 <JSFunction connect4RbaCofactorKnownHeight (sfi = 000003F5F4890B81)> for optimization to TURBOFAN_JS, ConcurrencyMode::kConcurrent, reason: hot and stable]
[marking 0x03f5f48a0281 <JSFunction emitSortedSetBits32 (sfi = 000003F5F4891AC1)> for optimization to TURBOFAN_JS, ConcurrencyMode::kConcurrent, reason: hot and stable]
[marking 0x0362c72e1631 <JSFunction connect4RbaCofactorKnownHeight (sfi = 00000362C72D1AD9)> for optimization to TURBOFAN_JS, ConcurrencyMode::kConcurrent, reason: hot and stable]
[marking 0x03f5f48a0581 <JSFunction connect4RbaCofactorBasis (sfi = 000003F5F4890AA9)> for optimization to TURBOFAN_JS, ConcurrencyMode::kConcurrent, reason: hot and stable]
[marking 0x024884422d49 <JSFunction connect4RbaCofactorKnownHeight (sfi = 0000024884413371)> for optimization to TURBOFAN_JS, ConcurrencyMode::kConcurrent, reason: hot and stable]
[marking 0x024884422989 <JSFunction emitSortedSetBits32 (sfi = 00000248844142B1)> for optimization to TURBOFAN_JS, ConcurrencyMode::kConcurrent, reason: hot and stable]
[marking 0x024884422c89 <JSFunction connect4RbaCofactorBasis (sfi = 0000024884413299)> for optimization to TURBOFAN_JS, ConcurrencyMode::kConcurrent, reason: hot and stable]
[marking 0x03f5f48a0641 <JSFunction connect4RbaCofactorKnownHeight (sfi = 000003F5F4890B81)> for optimization to TURBOFAN_JS, ConcurrencyMode::kConcurrent, reason: hot and stable]
[marking 0x016ef32666f1 <JSFunction connect4RbaCofactorBasis (sfi = 0000016EF3256C79)> for optimization to TURBOFAN_JS, ConcurrencyMode::kConcurrent, reason: hot and stable]
[marking 0x02358b991a59 <JSFunction mixSpan32Locator32 (sfi = 0000015FF387B759)> for optimization to TURBOFAN_JS, ConcurrencyMode::kConcurrent, reason: hot and stable]
[marking 0x028b251e0121 <JSFunction storeConnect4RbaExactCacheSlot32Frontier (sfi = 0000006FEC3CE3C1)> for optimization to MAGLEV, ConcurrencyMode::kConcurrent, reason: hot and stable]
[compiling method [completed compiling 0x028b251e0121 0x000b99635269 <JSFunction storeConnect4RbaExactCacheSlot32Frontier (sfi = 0000006FEC3CE3C1)> (target MAGLEV)<JSFunction pairedResponseNoWin (sfi = 00000248844165A1)>, mode: ConcurrencyMode::kConcurrent (target MAGLEV) - took 0.000, 0.477, 0.007 ms]
]
[marking [marking 0x0362c72e1631 0x03f5f48a0281 <JSFunction connect4RbaCofactorKnownHeight (sfi = 00000362C72D1AD9)> for optimization to TURBOFAN_JS, ConcurrencyMode::kConcurrent, reason: hot and stable]
<JSFunction emitSortedSetBits32 (sfi = 000003F5F4891AC1)> for optimization to TURBOFAN_JS, ConcurrencyMode::kConcurrent, reason: hot and stable]
[marking 0x024884422989 <JSFunction emitSortedSetBits32 (sfi = 00000248844142B1)> for optimization to TURBOFAN_JS, ConcurrencyMode::kConcurrent, reason: hot and stable]
[marking 0x03f5f489f639 <JSFunction mixSpan32Locator32 (sfi = 000003F5F48898D1)> for optimization to TURBOFAN_JS, ConcurrencyMode::kConcurrent, reason: hot and stable]
[marking 0x03f5f48a0641 <JSFunction connect4RbaCofactorKnownHeight (sfi = 000003F5F4890B81)> for optimization to TURBOFAN_JS, ConcurrencyMode::kConcurrent, reason: hot and stable]
[marking 0x02358b9929a1 <JSFunction connect4RbaCofactorBasis (sfi = 000002358B982F99)> for optimization to TURBOFAN_JS, ConcurrencyMode::kConcurrent, reason: hot and stable]
[marking 0x024884422d49 <JSFunction connect4RbaCofactorKnownHeight (sfi = 0000024884413371)> for optimization to TURBOFAN_JS, ConcurrencyMode::kConcurrent, reason: hot and stable]
[marking 0x024884422989 <JSFunction emitSortedSetBits32 (sfi = 00000248844142B1)> for optimization to TURBOFAN_JS, ConcurrencyMode::kConcurrent, reason: hot and stable]
[marking 0x03f5f48a0641 <JSFunction connect4RbaCofactorKnownHeight (sfi = 000003F5F4890B81)> for optimization to TURBOFAN_JS, ConcurrencyMode::kConcurrent, reason: hot and stable]
[marking 0x0362c72e1631 <JSFunction connect4RbaCofactorKnownHeight (sfi = 00000362C72D1AD9)> for optimization to TURBOFAN_JS, ConcurrencyMode::kConcurrent, reason: hot and stable]
[marking 0x03f5f48a0281 <JSFunction emitSortedSetBits32 (sfi = 000003F5F4891AC1)> for optimization to TURBOFAN_JS, ConcurrencyMode::kConcurrent, reason: hot and stable]
[marking 0x024884422989 <JSFunction emitSortedSetBits32 (sfi = 00000248844142B1)> for optimization to TURBOFAN_JS, ConcurrencyMode::kConcurrent, reason: hot and stable]
[marking 0x024884422c89 <JSFunction connect4RbaCofactorBasis (sfi = 0000024884413299)> for optimization to TURBOFAN_JS, ConcurrencyMode::kConcurrent, reason: hot and stable]
[marking 0x03f5f48a0581 <JSFunction connect4RbaCofactorBasis (sfi = 000003F5F4890AA9)> for optimization to TURBOFAN_JS, ConcurrencyMode::kConcurrent, reason: hot and stable]
[marking 0x03f5f48a0641 <JSFunction connect4RbaCofactorKnownHeight (sfi = 000003F5F4890B81)> for optimization to TURBOFAN_JS, ConcurrencyMode::kConcurrent, reason: hot and stable]
[marking 0x024884422d49 <JSFunction connect4RbaCofactorKnownHeight (sfi = 0000024884413371)> for optimization to TURBOFAN_JS, ConcurrencyMode::kConcurrent, reason: hot and stable]
[marking 0x0212c4629a79 <JSFunction connect4RbaCofactorBasis (sfi = 00000212C461A019)> for optimization to TURBOFAN_JS, ConcurrencyMode::kConcurrent, reason: hot and stable]
[marking 0x016ef32666f1 <JSFunction connect4RbaCofactorBasis (sfi = 0000016EF3256C79)> for optimization to TURBOFAN_JS, ConcurrencyMode::kConcurrent, reason: hot and stable]
[marking 0x026e68e66e01 <JSFunction collectSingletonProfiles (sfi = 0000016EF3259F09)> for optimization to TURBOFAN_JS, ConcurrencyMode::kConcurrent, reason: hot and stable]
[marking 0x02358b991a59 <JSFunction mixSpan32Locator32 (sfi = 0000015FF387B759)> for optimization to TURBOFAN_JS, ConcurrencyMode::kConcurrent, reason: hot and stable]
[marking 0x024884422989 <JSFunction emitSortedSetBits32 (sfi = 00000248844142B1)> for optimization to TURBOFAN_JS, ConcurrencyMode::kConcurrent, reason: hot and stable]
[marking 0x0362c72e1631 <JSFunction connect4RbaCofactorKnownHeight (sfi = 00000362C72D1AD9)> for optimization to TURBOFAN_JS, ConcurrencyMode::kConcurrent, reason: hot and stable]
[marking 0x03f5f48a0281 <JSFunction emitSortedSetBits32 (sfi = 000003F5F4891AC1)> for optimization to TURBOFAN_JS, ConcurrencyMode::kConcurrent, reason: hot and stable]
[marking 0x02358b9929a1 <JSFunction connect4RbaCofactorBasis (sfi = 000002358B982F99)> for optimization to TURBOFAN_JS, ConcurrencyMode::kConcurrent, reason: hot and stable]
[marking 0x03f5f48a0641 <JSFunction connect4RbaCofactorKnownHeight (sfi = 000003F5F4890B81)> for optimization to TURBOFAN_JS, ConcurrencyMode::kConcurrent, reason: hot and stable]
[marking 0x024884422989 <JSFunction emitSortedSetBits32 (sfi = 00000248844142B1)> for optimization to TURBOFAN_JS, ConcurrencyMode::kConcurrent, reason: hot and stable]
[marking 0x024884422d49 <JSFunction connect4RbaCofactorKnownHeight (sfi = 0000024884413371)> for optimization to TURBOFAN_JS, ConcurrencyMode::kConcurrent, reason: hot and stable]
[marking 0x03f5f489f639 <JSFunction mixSpan32Locator32 (sfi = 000003F5F48898D1)> for optimization to TURBOFAN_JS, ConcurrencyMode::kConcurrent, reason: hot and stable]
[marking 0x03f5f48a0641 <JSFunction connect4RbaCofactorKnownHeight (sfi = 000003F5F4890B81)> for optimization to TURBOFAN_JS, ConcurrencyMode::kConcurrent, reason: hot and stable]
[marking 0x0362c72e1631 <JSFunction connect4RbaCofactorKnownHeight (sfi = 00000362C72D1AD9)> for optimization to TURBOFAN_JS, ConcurrencyMode::kConcurrent, reason: hot and stable]
[marking 0x024884422c89 <JSFunction connect4RbaCofactorBasis (sfi = 0000024884413299)> for optimization to TURBOFAN_JS, ConcurrencyMode::kConcurrent, reason: hot and stable[marking ]
0x03f5f48a0281 <JSFunction emitSortedSetBits32 (sfi = 000003F5F4891AC1)> for optimization to TURBOFAN_JS, ConcurrencyMode::kConcurrent, reason: hot and stable]
[marking 0x024884422989 <JSFunction emitSortedSetBits32 (sfi = 00000248844142B1)> for optimization to TURBOFAN_JS, ConcurrencyMode::kConcurrent, reason: hot and stable]
[marking 0x016ef32666f1 <JSFunction connect4RbaCofactorBasis (sfi = 0000016EF3256C79)> for optimization to TURBOFAN_JS, ConcurrencyMode::kConcurrent, reason: hot and stable]
[marking 0x03f5f48a0641 <JSFunction connect4RbaCofactorKnownHeight (sfi = 000003F5F4890B81)> for optimization to TURBOFAN_JS, ConcurrencyMode::kConcurrent, reason: hot and stable]
[marking 0x024884422d49 <JSFunction connect4RbaCofactorKnownHeight (sfi = 0000024884413371)> for optimization to TURBOFAN_JS, ConcurrencyMode::kConcurrent, reason: hot and stable[marking ]
0x02358b991a59 <JSFunction mixSpan32Locator32 (sfi = 0000015FF387B759)> for optimization to TURBOFAN_JS, ConcurrencyMode::kConcurrent, reason: hot and stable]
[marking 0x024884422989 <JSFunction emitSortedSetBits32 (sfi = 00000248844142B1)> for optimization to TURBOFAN_JS, ConcurrencyMode::kConcurrent, reason: hot and stable]
[marking 0x03f5f48a0581 <JSFunction connect4RbaCofactorBasis (sfi = 000003F5F4890AA9)>[marking  for optimization to TURBOFAN_JS, ConcurrencyMode::kConcurrent, reason: hot and stable]
0x02358b9929a1 <JSFunction connect4RbaCofactorBasis (sfi = 000002358B982F99)> for optimization to TURBOFAN_JS, ConcurrencyMode::kConcurrent, reason: hot and stable]
[marking 0x0362c72e1631 [marking 0x03f5f48a0281 <JSFunction connect4RbaCofactorKnownHeight (sfi = 00000362C72D1AD9)> for optimization to TURBOFAN_JS, ConcurrencyMode::kConcurrent, reason: hot and stable]
<JSFunction emitSortedSetBits32 (sfi = 000003F5F4891AC1)> for optimization to TURBOFAN_JS, ConcurrencyMode::kConcurrent, reason: hot and stable]
[marking 0x007730019131 <JSFunction searchCpcOnlyFrontier (sfi = 00000362C72C58E9)> for optimization to MAGLEV, ConcurrencyMode::kConcurrent, reason: hot and stable]
[compiling method 0x007730019131 <JSFunction searchCpcOnlyFrontier (sfi = 00000362C72C58E9)> (target MAGLEV), mode: ConcurrencyMode::kConcurrent]
[marking 0x024884422989 [marking <JSFunction emitSortedSetBits32 (sfi = 00000248844142B1)> for optimization to TURBOFAN_JS, ConcurrencyMode::kConcurrent, reason: hot and stable0x03f5f48a0641]
 <JSFunction connect4RbaCofactorKnownHeight (sfi = 000003F5F4890B81)> for optimization to TURBOFAN_JS, ConcurrencyMode::kConcurrent, reason: hot and stable]
[marking 0x024884422d49 <JSFunction connect4RbaCofactorKnownHeight (sfi = 0000024884413371)> for optimization to TURBOFAN_JS, ConcurrencyMode::kConcurrent, reason: hot and stable]
[marking 0x03f5f48a0281 <JSFunction emitSortedSetBits32 (sfi = 000003F5F4891AC1)> for optimization to TURBOFAN_JS, ConcurrencyMode::kConcurrent, reason: hot and stable]
[marking 0x024884422c89 <JSFunction connect4RbaCofactorBasis (sfi = 0000024884413299)> for optimization to TURBOFAN_JS, ConcurrencyMode::kConcurrent, reason: hot and stable]
[marking [marking 0x016ef32666f1 0x03f5f48a0641[marking  <JSFunction connect4RbaCofactorBasis (sfi = 0000016EF3256C79)>0x024884422989  for optimization to TURBOFAN_JS, ConcurrencyMode::kConcurrent, reason: hot and stable]
<JSFunction connect4RbaCofactorKnownHeight (sfi = 000003F5F4890B81)> for optimization to TURBOFAN_JS, ConcurrencyMode::kConcurrent, reason: hot and stable<JSFunction emitSortedSetBits32 (sfi = 00000248844142B1)>]
 for optimization to TURBOFAN_JS, ConcurrencyMode::kConcurrent, reason: hot and stable]
[marking 0x0362c72e1631 <JSFunction connect4RbaCofactorKnownHeight (sfi = 00000362C72D1AD9)> for optimization to TURBOFAN_JS, ConcurrencyMode::kConcurrent, reason: hot and stable]
[marking 0x03f5f489f639 <JSFunction mixSpan32Locator32 (sfi = 000003F5F48898D1)> for optimization to TURBOFAN_JS, ConcurrencyMode::kConcurrent, reason: hot and stable]
[marking 0x0212c4629a79 <JSFunction connect4RbaCofactorBasis (sfi = 00000212C461A019)> for optimization to TURBOFAN_JS, ConcurrencyMode::kConcurrent, reason: hot and stable]
[marking 0x03f5f48a0641 <JSFunction connect4RbaCofactorKnownHeight (sfi = 000003F5F4890B81)> for optimization to TURBOFAN_JS, ConcurrencyMode::kConcurrent, reason: hot and stable]
[marking 0x024884422989 <JSFunction emitSortedSetBits32 (sfi = 00000248844142B1)> for optimization to TURBOFAN_JS, ConcurrencyMode::kConcurrent, reason: hot and stable]
[marking 0x02358b991a59 <JSFunction mixSpan32Locator32 (sfi = 0000015FF387B759)> for optimization to TURBOFAN_JS, ConcurrencyMode::kConcurrent, reason: hot and stable]
[marking 0x024884422d49 <JSFunction connect4RbaCofactorKnownHeight (sfi = 0000024884413371)> for optimization to TURBOFAN_JS, ConcurrencyMode::kConcurrent, reason: hot and stable]
[marking 0x03f5f48a0281 <JSFunction emitSortedSetBits32 (sfi = 000003F5F4891AC1)> for optimization to TURBOFAN_JS, ConcurrencyMode::kConcurrent, reason: hot and stable]
[marking 0x02358b9929a1 <JSFunction connect4RbaCofactorBasis (sfi = 000002358B982F99)> for optimization to TURBOFAN_JS, ConcurrencyMode::kConcurrent, reason: hot and stable]
[marking 0x026e68e66e01 <JSFunction collectSingletonProfiles (sfi = 0000016EF3259F09)> for optimization to TURBOFAN_JS, ConcurrencyMode::kConcurrent, reason: hot and stable]
[marking 0x006fec3eac71 <JSFunction evaluateConnect4CpcNonterminal32 (sfi = 0000006FEC3DD751)> for optimization to MAGLEV, ConcurrencyMode::kConcurrent, reason: hot and stable]
[marking 0x03f5f48a0581 <JSFunction connect4RbaCofactorBasis (sfi = 000003F5F4890AA9)> for optimization to TURBOFAN_JS, ConcurrencyMode::kConcurrent, reason: hot and stable]
[marking [marking 0x03f5f48a0641 0x0362c72e1631 <JSFunction connect4RbaCofactorKnownHeight (sfi = 000003F5F4890B81)><JSFunction connect4RbaCofactorKnownHeight (sfi = 00000362C72D1AD9)> for optimization to TURBOFAN_JS, ConcurrencyMode::kConcurrent, reason: hot and stable for optimization to TURBOFAN_JS, ConcurrencyMode::kConcurrent, reason: hot and stable]
]
[marking 0x024884422989 <JSFunction emitSortedSetBits32 (sfi = 00000248844142B1)> for optimization to TURBOFAN_JS, ConcurrencyMode::kConcurrent, reason: hot and stable]
[marking 0x016ef32666f1 <JSFunction connect4RbaCofactorBasis (sfi = 0000016EF3256C79)> for optimization to TURBOFAN_JS, ConcurrencyMode::kConcurrent, reason: hot and stable]
[marking 0x03f5f48a0281 <JSFunction emitSortedSetBits32 (sfi = 000003F5F4891AC1)> for optimization to TURBOFAN_JS, ConcurrencyMode::kConcurrent, reason: hot and stable]
[marking 0x024884422c89 <JSFunction connect4RbaCofactorBasis (sfi = 0000024884413299)> for optimization to TURBOFAN_JS, ConcurrencyMode::kConcurrent, reason: hot and stable]
[marking 0x03f5f48a0641 <JSFunction connect4RbaCofactorKnownHeight (sfi = 000003F5F4890B81)> for optimization to TURBOFAN_JS, ConcurrencyMode::kConcurrent, reason: hot and stable]
[marking 0x024884422d49 <JSFunction connect4RbaCofactorKnownHeight (sfi = 0000024884413371)> for optimization to TURBOFAN_JS, ConcurrencyMode::kConcurrent, reason: hot and stable]
[marking 0x024884422989 <JSFunction emitSortedSetBits32 (sfi = 00000248844142B1)> for optimization to TURBOFAN_JS, ConcurrencyMode::kConcurrent, reason: hot and stable]
[marking 0x0362c72e1631 <JSFunction connect4RbaCofactorKnownHeight (sfi = 00000362C72D1AD9)> for optimization to TURBOFAN_JS, ConcurrencyMode::kConcurrent, reason: hot and stable]
[marking 0x03f5f48a0281 <JSFunction emitSortedSetBits32 (sfi = 000003F5F4891AC1)> for optimization to TURBOFAN_JS, ConcurrencyMode::kConcurrent, reason: hot and stable]
[marking 0x03f5f48a0641 <JSFunction connect4RbaCofactorKnownHeight (sfi = 000003F5F4890B81)> for optimization to TURBOFAN_JS, ConcurrencyMode::kConcurrent, reason: hot and stable]
[compiling method 0x006fec3eac71 <JSFunction evaluateConnect4CpcNonterminal32 (sfi = 0000006FEC3DD751)> (target MAGLEV), mode: ConcurrencyMode::kConcurrent]
[marking 0x024884422989 <JSFunction emitSortedSetBits32 (sfi = 00000248844142B1)> for optimization to TURBOFAN_JS, ConcurrencyMode::kConcurrent, reason: hot and stable]
[marking 0x03f5f489f639 <JSFunction mixSpan32Locator32 (sfi = 000003F5F48898D1)> for optimization to TURBOFAN_JS, ConcurrencyMode::kConcurrent, reason: hot and stable]
[marking 0x02358b991a59 <JSFunction mixSpan32Locator32 (sfi = 0000015FF387B759)> for optimization to TURBOFAN_JS, ConcurrencyMode::kConcurrent, reason: hot and stable]
[marking 0x02358b9929a1 <JSFunction connect4RbaCofactorBasis (sfi = 000002358B982F99)> for optimization to TURBOFAN_JS, ConcurrencyMode::kConcurrent, reason: hot and stable]
[marking 0x024884422d49 <JSFunction connect4RbaCofactorKnownHeight (sfi = 0000024884413371)> for optimization to TURBOFAN_JS, ConcurrencyMode::kConcurrent, reason: hot and stable]
[marking 0x03f5f48a0641 <JSFunction connect4RbaCofactorKnownHeight (sfi = 000003F5F4890B81)> for optimization to TURBOFAN_JS, ConcurrencyMode::kConcurrent, reason: hot and stable]
[marking 0x016ef32666f1 <JSFunction connect4RbaCofactorBasis (sfi = 0000016EF3256C79)> for optimization to TURBOFAN_JS, ConcurrencyMode::kConcurrent, reason: hot and stable]
[marking 0x03f5f48a0281 <JSFunction emitSortedSetBits32 (sfi = 000003F5F4891AC1)> for optimization to TURBOFAN_JS, ConcurrencyMode::kConcurrent, reason: hot and stable]
[marking 0x0362c72e1631 <JSFunction connect4RbaCofactorKnownHeight (sfi = 00000362C72D1AD9)> for optimization to TURBOFAN_JS, ConcurrencyMode::kConcurrent, reason: hot and stable]
[marking 0x03f5f48a0581 <JSFunction connect4RbaCofactorBasis (sfi = 000003F5F4890AA9)> for optimization to TURBOFAN_JS, ConcurrencyMode::kConcurrent, reason: hot and stable]
[marking 0x03e59bd0ef01 <JSFunction deriveForkPreemption32 (sfi = 000003F5F4893D69)> for optimization to MAGLEV, ConcurrencyMode::kConcurrent, reason: hot and stable]
[compiling method 0x03e59bd0ef01 <JSFunction deriveForkPreemption32 (sfi = 000003F5F4893D69)> (target MAGLEV), mode: ConcurrencyMode::kConcurrent]
[marking 0x024884422989 <JSFunction emitSortedSetBits32 (sfi = 00000248844142B1)> for optimization to TURBOFAN_JS, ConcurrencyMode::kConcurrent, reason: hot and stable]
[marking 0x0212c4629a79 <JSFunction connect4RbaCofactorBasis (sfi = 00000212C461A019)> for optimization to TURBOFAN_JS, ConcurrencyMode::kConcurrent, reason: hot and stable]
[marking 0x03f5f48a0641 <JSFunction connect4RbaCofactorKnownHeight (sfi = 000003F5F4890B81)> for optimization to TURBOFAN_JS, ConcurrencyMode::kConcurrent, reason: hot and stable]
[marking 0x024884422d49 <JSFunction connect4RbaCofactorKnownHeight (sfi = 0000024884413371)> for optimization to TURBOFAN_JS, ConcurrencyMode::kConcurrent, reason: hot and stable]
[marking 0x024884422c89 <JSFunction connect4RbaCofactorBasis (sfi = 0000024884413299)> for optimization to TURBOFAN_JS, ConcurrencyMode::kConcurrent, reason: hot and stable]
[marking 0x0362c72e1631 <JSFunction connect4RbaCofactorKnownHeight (sfi = 00000362C72D1AD9)> for optimization to TURBOFAN_JS, ConcurrencyMode::kConcurrent, reason: hot and stable]
[marking 0x03f5f48a0281 <JSFunction emitSortedSetBits32 (sfi = 000003F5F4891AC1)> for optimization to TURBOFAN_JS, ConcurrencyMode::kConcurrent, reason: hot and stable]
[marking 0x024884422989 <JSFunction emitSortedSetBits32 (sfi = 00000248844142B1)> for optimization to TURBOFAN_JS, ConcurrencyMode::kConcurrent, reason: hot and stable]
[marking [marking 0x03f5f48a0641 0x024884422d49 <JSFunction connect4RbaCofactorKnownHeight (sfi = 000003F5F4890B81)> for optimization to TURBOFAN_JS, ConcurrencyMode::kConcurrent, reason: hot and stable<JSFunction connect4RbaCofactorKnownHeight (sfi = 0000024884413371)>]
 for optimization to TURBOFAN_JS, ConcurrencyMode::kConcurrent, reason: hot and stable]
[marking 0x0362c72e1631 <JSFunction connect4RbaCofactorKnownHeight (sfi = 00000362C72D1AD9)> for optimization to TURBOFAN_JS, ConcurrencyMode::kConcurrent, reason: hot and stable]
[marking 0x02358b9929a1 <JSFunction connect4RbaCofactorBasis (sfi = 000002358B982F99)> for optimization to TURBOFAN_JS, ConcurrencyMode::kConcurrent, reason: hot and stable]
[marking 0x016ef32666f1 <JSFunction connect4RbaCofactorBasis (sfi = 0000016EF3256C79)> for optimization to TURBOFAN_JS, ConcurrencyMode::kConcurrent, reason: hot and stable]
[marking 0x026e68e66e01 <JSFunction collectSingletonProfiles (sfi = 0000016EF3259F09)> for optimization to TURBOFAN_JS, ConcurrencyMode::kConcurrent, reason: hot and stable]
[marking 0x024884422989 <JSFunction emitSortedSetBits32 (sfi = 00000248844142B1)> for optimization to TURBOFAN_JS, ConcurrencyMode::kConcurrent, reason: hot and stable]
[marking 0x03f5f48a0281 <JSFunction emitSortedSetBits32 (sfi = 000003F5F4891AC1)> for optimization to TURBOFAN_JS, ConcurrencyMode::kConcurrent, reason: hot and stable]
[marking 0x03f5f48a0641 <JSFunction connect4RbaCofactorKnownHeight (sfi = 000003F5F4890B81)> for optimization to TURBOFAN_JS, ConcurrencyMode::kConcurrent, reason: hot and stable]
[marking 0x02358b991a59 <JSFunction mixSpan32Locator32 (sfi = 0000015FF387B759)> for optimization to TURBOFAN_JS, ConcurrencyMode::kConcurrent, reason: hot and stable]
[marking 0x03f5f489f639 <JSFunction mixSpan32Locator32 (sfi = 000003F5F48898D1)> for optimization to TURBOFAN_JS, ConcurrencyMode::kConcurrent, reason: hot and stable]
[marking 0x024884422989 <JSFunction emitSortedSetBits32 (sfi = 00000248844142B1)> for optimization to TURBOFAN_JS, ConcurrencyMode::kConcurrent, reason: hot and stable]
[completed compiling 0x006fec3ea211 <JSFunction connect4RbaCofactorKnownHeight (sfi = 0000006FEC3DA6D1)>[marking  (target MAGLEV) - took 0.000, 2.692, 0.010 ms0x024884422c89]
 <JSFunction connect4RbaCofactorBasis (sfi = 0000024884413299)> for optimization to TURBOFAN_JS, ConcurrencyMode::kConcurrent, reason: hot and stable]
[marking 0x024884422d49 <JSFunction connect4RbaCofactorKnownHeight (sfi = 0000024884413371)> for optimization to TURBOFAN_JS, ConcurrencyMode::kConcurrent, reason: hot and stable]
[marking 0x016ef3267211 <JSFunction evaluateConnect4CpcNonterminal32 (sfi = 0000016EF3259DE9)> for optimization to MAGLEV, ConcurrencyMode::kConcurrent, reason: hot and stable]
[marking 0x03f5f48a0581 <JSFunction connect4RbaCofactorBasis (sfi = 000003F5F4890AA9)> for optimization to TURBOFAN_JS, ConcurrencyMode::kConcurrent, reason: hot and stable]
[marking [compiling method [marking 0x03f5f48a0281 0x016ef3267211 0x0362c72e1631 <JSFunction emitSortedSetBits32 (sfi = 000003F5F4891AC1)><JSFunction evaluateConnect4CpcNonterminal32 (sfi = 0000016EF3259DE9)> for optimization to TURBOFAN_JS, ConcurrencyMode::kConcurrent, reason: hot and stable]
 (target MAGLEV), mode: ConcurrencyMode::kConcurrent<JSFunction connect4RbaCofactorKnownHeight (sfi = 00000362C72D1AD9)>]
 for optimization to TURBOFAN_JS, ConcurrencyMode::kConcurrent, reason: hot and stable]
[marking 0x03f5f48a0641 <JSFunction connect4RbaCofactorKnownHeight (sfi = 000003F5F4890B81)> for optimization to TURBOFAN_JS, ConcurrencyMode::kConcurrent, reason: hot and stable]
[completed compiling 0x00cbc4aac8c1 <JSFunction removeDensePrepared (sfi = 0000006FEC3D5FF9)> (target MAGLEV) - took 0.000, 0.073, 0.002 ms]
[marking 0x024884422989 <JSFunction emitSortedSetBits32 (sfi = 00000248844142B1)> for optimization to TURBOFAN_JS, ConcurrencyMode::kConcurrent, reason: hot and stable]
[marking 0x03f5f48a0641 <JSFunction connect4RbaCofactorKnownHeight (sfi = 000003F5F4890B81)> for optimization to TURBOFAN_JS, ConcurrencyMode::kConcurrent, reason: hot and stable]
[completed compiling 0x006fec3e91c9 <JSFunction publishSpan32 (sfi = 0000006FEC3D33C1)> (target MAGLEV) - took 0.000, 0.127, 0.002 ms]
[marking 0x024884422d49[marking  0x0362c72e1631 <JSFunction connect4RbaCofactorKnownHeight (sfi = 00000362C72D1AD9)> for optimization to TURBOFAN_JS, ConcurrencyMode::kConcurrent, reason: hot and stable]
<JSFunction connect4RbaCofactorKnownHeight (sfi = 0000024884413371)> for optimization to TURBOFAN_JS, ConcurrencyMode::kConcurrent, reason: hot and stable]
[marking 0x016ef32666f1 <JSFunction connect4RbaCofactorBasis (sfi = 0000016EF3256C79)> for optimization to TURBOFAN_JS, ConcurrencyMode::kConcurrent, reason: hot and stable]
[marking 0x02358b9929a1 <JSFunction connect4RbaCofactorBasis (sfi = 000002358B982F99)> for optimization to TURBOFAN_JS, ConcurrencyMode::kConcurrent, reason: hot and stable]
[completed compiling 0x00cbc4aac901 <JSFunction prepareSubsetDense (sfi = 0000006FEC3D6089)> (target MAGLEV) - took 0.000, 0.043, 0.002 ms]
[marking 0x03f5f48a0281 <JSFunction emitSortedSetBits32 (sfi = 000003F5F4891AC1)> for optimization to TURBOFAN_JS, ConcurrencyMode::kConcurrent, reason: hot and stable]
[marking 0x024884422989 <JSFunction emitSortedSetBits32 (sfi = 00000248844142B1)> for optimization to TURBOFAN_JS, ConcurrencyMode::kConcurrent, reason: hot and stable]
[marking 0x03f5f48a0641 <JSFunction connect4RbaCofactorKnownHeight (sfi = 000003F5F4890B81)> for optimization to TURBOFAN_JS, ConcurrencyMode::kConcurrent, reason: hot and stable]
[marking 0x024884422d49 <JSFunction connect4RbaCofactorKnownHeight (sfi = 0000024884413371)> for optimization to TURBOFAN_JS, ConcurrencyMode::kConcurrent, reason: hot and stable[marking ]
0x0212c4629a79 <JSFunction connect4RbaCofactorBasis (sfi = 00000212C461A019)> for optimization to TURBOFAN_JS, ConcurrencyMode::kConcurrent, reason: hot and stable]
[bailout (kind: deopt-eager, reason: Insufficient type feedback for generic keyed access): begin. deoptimizing 0x0248844237a9 <JSFunction evaluateConnect4CpcNonterminal32 (sfi = 00000248844163F1)>, 0x02d8b5c993c9 <Code MAGLEV>, opt id 102, bytecode offset 325, deopt exit 61, FP to SP delta 192, caller SP 0x0060079f9ae8, pc 0x022bf2b737d2]
[bailout (kind: deopt-eager, reason: Insufficient type feedback for generic keyed access): begin. deoptimizing 0x02358b9934c1 <JSFunction evaluateConnect4CpcNonterminal32 (sfi = 000002358B9860F1)>, 0x02e7c6894a69 <Code MAGLEV>, opt id 187, bytecode offset 325, deopt exit 60, FP to SP delta 192, caller SP 0x0060081f9718, pc 0x022c22b9234b]
[marking 0x03f5f48a0281 <JSFunction emitSortedSetBits32 (sfi = 000003F5F4891AC1)> for optimization to TURBOFAN_JS, ConcurrencyMode::kConcurrent, reason: hot and stable]
[bailout (kind: deopt-eager, reason: Insufficient type feedback for binary operation): begin. deoptimizing 0x007730018bd9 <JSFunction pairedResponseNoWin (sfi = 00000362C72D4D09)>, 0x015c4e99d751 <Code MAGLEV>, opt id 89, bytecode offset 171, deopt exit 32, FP to SP delta 160, caller SP 0x0060089f9210, pc 0x022c62b293a2]
[completed compiling 0x006fec3e9209 <JSFunction mixSpan32Locator32 (sfi = 0000006FEC3D3409)> (target MAGLEV) - took 0.001, 0.171, 0.002 ms]
[marking 0x0362c72e1631 <JSFunction connect4RbaCofactorKnownHeight (sfi = 00000362C72D1AD9)> for optimization to TURBOFAN_JS, ConcurrencyMode::kConcurrent, reason: hot and stable]
[marking 0x03f5f48a0641 <JSFunction connect4RbaCofactorKnownHeight (sfi = 000003F5F4890B81)> for optimization to TURBOFAN_JS, ConcurrencyMode::kConcurrent, reason: hot and stable]
[marking 0x03f5f489f639 <JSFunction mixSpan32Locator32 (sfi = 000003F5F48898D1)> for optimization to TURBOFAN_JS, ConcurrencyMode::kConcurrent, reason: hot and stable]
[bailout (kind: deopt-eager, reason: Insufficient type feedback for generic named access): begin. deoptimizing 0x000b9962bf09 <JSFunction searchCpcOnlyFrontier (sfi = 0000024884407181)>, 0x02d8b5c94cf9 <Code MAGLEV>, opt id 72, bytecode offset 292, deopt exit 168, FP to SP delta 592, caller SP 0x0060079f9da8, pc 0x022bf2b6f62c]
[marking 0x03f5f48a0581 <JSFunction connect4RbaCofactorBasis (sfi = 000003F5F4890AA9)> for optimization to TURBOFAN_JS, ConcurrencyMode::kConcurrent, reason: hot and stable]
[marking 0x02358b991a59 <JSFunction mixSpan32Locator32 (sfi = 0000015FF387B759)> for optimization to TURBOFAN_JS, ConcurrencyMode::kConcurrent, reason: hot and stable]
[marking 0x03e59bd0fa61 <JSFunction probeConnect4RbaExactCacheSlot32Frontier (sfi = 000003F5F4884841)> for optimization to MAGLEV, ConcurrencyMode::kConcurrent, reason: hot and stable]
[bailout (kind: deopt-eager, reason: Insufficient type feedback for binary operation): begin. deoptimizing 0x0174ba059c79 <JSFunction pairedResponseNoWin (sfi = 000002358B9862A1)>, 0x02e7c6895869 <Code MAGLEV>, opt id 190, bytecode offset 171, deopt exit 32, FP to SP delta 160, caller SP 0x0060081f8f30, pc 0x022c22b933e2]
[compiling method 0x03e59bd0fa61 <JSFunction probeConnect4RbaExactCacheSlot32Frontier (sfi = 000003F5F4884841)> (target MAGLEV), mode: ConcurrencyMode::kConcurrent]
[marking 0x016ef32666f1 <JSFunction connect4RbaCofactorBasis (sfi = 0000016EF3256C79)> for optimization to TURBOFAN_JS, ConcurrencyMode::kConcurrent, reason: hot and stable]
[marking 0x03f5f48a0281 <JSFunction emitSortedSetBits32 (sfi = 000003F5F4891AC1)> for optimization to TURBOFAN_JS, ConcurrencyMode::kConcurrent, reason: hot and stable]
[marking 0x03f5f48a0641 <JSFunction connect4RbaCofactorKnownHeight (sfi = 000003F5F4890B81)> for optimization to TURBOFAN_JS, ConcurrencyMode::kConcurrent, reason: hot and stable]
[bailout (kind: deopt-lazy, reason: (unknown)): begin. deoptimizing 0x000b9962bf09 <JSFunction searchCpcOnlyFrontier (sfi = 0000024884407181)>, 0x02d8b5c94cf9 <Code MAGLEV>, opt id 72, bytecode offset 2072, deopt exit 199, FP to SP delta 592, caller SP 0x0060079fa068, pc 0x022bf2b6f6a8]
[marking 0x024884422c89 <JSFunction connect4RbaCofactorBasis (sfi = 0000024884413299)> for optimization to TURBOFAN_JS, ConcurrencyMode::kConcurrent, reason: hot and stable]
[completed compiling 0x023e389cfba1 <JSFunction searchCpcOnlyFrontier (sfi = 00000212C460DF01)> (target MAGLEV) - took 0.000, 2.010, 0.022 ms[bailout (kind: deopt-eager, reason: Insufficient type feedback for binary operation): begin. deoptimizing [marking 0x026e68e66e01 <JSFunction collectSingletonProfiles (sfi = 0000016EF3259F09)> for optimization to TURBOFAN_JS, ConcurrencyMode::kConcurrent, reason: hot and stable]
0x000b99635269 <JSFunction pairedResponseNoWin (sfi = 00000248844165A1)>, 0x02d8b5c9a1d1 <Code MAGLEV>, opt id 121, bytecode offset 171, deopt exit 32, FP to SP delta 160, caller SP 0x0060079f9260, pc 0x022bf2b748b7]
]
[marking 0x024884422989 <JSFunction emitSortedSetBits32 (sfi = 00000248844142B1)> for optimization to TURBOFAN_JS, ConcurrencyMode::kConcurrent, reason: hot and stable]
[marking 0x03f5f48a0641 <JSFunction connect4RbaCofactorKnownHeight (sfi = 000003F5F4890B81)> for optimization to TURBOFAN_JS, ConcurrencyMode::kConcurrent, reason: hot and stable]
[marking 0x0362c72e1631 <JSFunction connect4RbaCofactorKnownHeight (sfi = 00000362C72D1AD9)> for optimization to TURBOFAN_JS, ConcurrencyMode::kConcurrent, reason: hot and stable]
[marking 0x03f5f48a0281 <JSFunction emitSortedSetBits32 (sfi = 000003F5F4891AC1)> for optimization to TURBOFAN_JS, ConcurrencyMode::kConcurrent, reason: hot and stable]
[marking 0x02358b9929a1 <JSFunction connect4RbaCofactorBasis (sfi = 000002358B982F99)> for optimization to TURBOFAN_JS, ConcurrencyMode::kConcurrent, reason: hot and stable]
[marking 0x02358b991a59 <JSFunction mixSpan32Locator32 (sfi = 0000015FF387B759)> for optimization to TURBOFAN_JS, ConcurrencyMode::kConcurrent, reason: hot and stable]
[bailout (kind: deopt-lazy, reason: (unknown)): begin. deoptimizing 0x000b9962bf09 <JSFunction searchCpcOnlyFrontier (sfi = 0000024884407181)>, 0x02d8b5c94cf9 [marking <Code MAGLEV>, opt id 72, bytecode offset 2072, deopt exit 199, FP to SP delta 592, caller SP 0x0060079fa328, pc 0x022bf2b6f6a8]
0x03f5f48a0641 <JSFunction connect4RbaCofactorKnownHeight (sfi = 000003F5F4890B81)> for optimization to TURBOFAN_JS, ConcurrencyMode::kConcurrent, reason: hot and stable]
[marking 0x024884421d41 <JSFunction mixSpan32Locator32 (sfi = 000002488440C0A9)> for optimization to TURBOFAN_JS, ConcurrencyMode::kConcurrent, reason: hot and stable]
[completed compiling 0x006fec3ea151 <JSFunction connect4RbaCofactorBasis (sfi = 0000006FEC3DA5F9)> (target MAGLEV) - took 0.000, 0.497, 0.008 ms]
[marking 0x024884422989 <JSFunction emitSortedSetBits32 (sfi = 00000248844142B1)> for optimization to TURBOFAN_JS, ConcurrencyMode::kConcurrent, reason: hot and stable]
[marking 0x03f5f48a0281 <JSFunction emitSortedSetBits32 (sfi = 000003F5F4891AC1)> for optimization to TURBOFAN_JS, ConcurrencyMode::kConcurrent, reason: hot and stable[marking ]
[marking 0x016ef32666f1 0x0212c4629a79 <JSFunction connect4RbaCofactorBasis (sfi = 0000016EF3256C79)> for optimization to TURBOFAN_JS, ConcurrencyMode::kConcurrent, reason: hot and stable]
<JSFunction connect4RbaCofactorBasis (sfi = 00000212C461A019)> for optimization to TURBOFAN_JS, ConcurrencyMode::kConcurrent, reason: hot and stable]
[marking 0x03f5f48a0641 <JSFunction connect4RbaCofactorKnownHeight (sfi = 000003F5F4890B81)> for optimization to TURBOFAN_JS, ConcurrencyMode::kConcurrent, reason: hot and stable]
[marking 0x03f5f489f639 <JSFunction mixSpan32Locator32 (sfi = 000003F5F48898D1)> for optimization to TURBOFAN_JS, ConcurrencyMode::kConcurrent, reason: hot and stable]
[marking 0x02358b991a19 <JSFunction publishSpan32 (sfi = 0000015FF387B711)> for optimization to TURBOFAN_JS, ConcurrencyMode::kConcurrent, reason: hot and stable]
[marking 0x03f5f48a0581 <JSFunction connect4RbaCofactorBasis (sfi = 000003F5F4890AA9)> for optimization to TURBOFAN_JS, ConcurrencyMode::kConcurrent, reason: hot and stable]
[marking 0x024884422989 <JSFunction emitSortedSetBits32 (sfi = 00000248844142B1)> for optimization to TURBOFAN_JS, ConcurrencyMode::kConcurrent, reason: hot and stable]
[marking 0x02358b991a59 <JSFunction mixSpan32Locator32 (sfi = 0000015FF387B759)> for optimization to TURBOFAN_JS, ConcurrencyMode::kConcurrent, reason: hot and stable]
[marking 0x03f5f48a0641 <JSFunction connect4RbaCofactorKnownHeight (sfi = 000003F5F4890B81)> for optimization to TURBOFAN_JS, ConcurrencyMode::kConcurrent, reason: hot and stable]
[marking 0x024884422d49 <JSFunction connect4RbaCofactorKnownHeight (sfi = 0000024884413371)> for optimization to TURBOFAN_JS, ConcurrencyMode::kConcurrent, reason: hot and stable]
[marking 0x03f5f48a0281 <JSFunction emitSortedSetBits32 (sfi = 000003F5F4891AC1)> for optimization to TURBOFAN_JS, ConcurrencyMode::kConcurrent, reason: hot and stable]
[marking 0x028b251e01a1 <JSFunction absToRelativeFrontier (sfi = 0000006FEC3CE451)> for optimization to MAGLEV, ConcurrencyMode::kConcurrent, reason: hot and stable]
[marking 0x024884422989 <JSFunction emitSortedSetBits32 (sfi = 00000248844142B1)> for optimization to TURBOFAN_JS, ConcurrencyMode::kConcurrent, reason: hot and stable]
[marking 0x024884421d41 <JSFunction mixSpan32Locator32 (sfi = 000002488440C0A9)> for optimization to TURBOFAN_JS, ConcurrencyMode::kConcurrent, reason: hot and stable]
[marking 0x0362c72e1631 [compiling method 0x028b251e01a1 <JSFunction absToRelativeFrontier (sfi = 0000006FEC3CE451)> (target MAGLEV), mode: ConcurrencyMode::kConcurrent]
<JSFunction connect4RbaCofactorKnownHeight (sfi = 00000362C72D1AD9)> for optimization to TURBOFAN_JS, ConcurrencyMode::kConcurrent, reason: hot and stable]
[marking 0x02358b9929a1 <JSFunction connect4RbaCofactorBasis (sfi = 000002358B982F99)> for optimization to TURBOFAN_JS, ConcurrencyMode::kConcurrent, reason: hot and stable]
[marking 0x03f5f48a0641 <JSFunction connect4RbaCofactorKnownHeight (sfi = 000003F5F4890B81)> for optimization to TURBOFAN_JS, ConcurrencyMode::kConcurrent, reason: hot and stable]
[marking 0x024884422c89 <JSFunction connect4RbaCofactorBasis (sfi = 0000024884413299)> for optimization to TURBOFAN_JS, ConcurrencyMode::kConcurrent, reason: hot and stable]
[marking 0x016ef32666f1 <JSFunction connect4RbaCofactorBasis (sfi = 0000016EF3256C79)> for optimization to TURBOFAN_JS, ConcurrencyMode::kConcurrent, reason: hot and stable]
[marking 0x03f5f48a0281 <JSFunction emitSortedSetBits32 (sfi = 000003F5F4891AC1)> for optimization to TURBOFAN_JS, ConcurrencyMode::kConcurrent, reason: hot and stable]
[marking 0x024884422989 <JSFunction emitSortedSetBits32 (sfi = 00000248844142B1)> for optimization to TURBOFAN_JS, ConcurrencyMode::kConcurrent, reason: hot and stable]
[marking 0x02358b991a59 <JSFunction mixSpan32Locator32 (sfi = 0000015FF387B759)> for optimization to TURBOFAN_JS, ConcurrencyMode::kConcurrent, reason: hot and stable]
[marking 0x0212c4629a79 <JSFunction connect4RbaCofactorBasis (sfi = 00000212C461A019)> for optimization to TURBOFAN_JS, ConcurrencyMode::kConcurrent, reason: hot and stable]
[marking 0x03f5f48a0641 <JSFunction connect4RbaCofactorKnownHeight (sfi = 000003F5F4890B81)> for optimization to TURBOFAN_JS, ConcurrencyMode::kConcurrent, reason: hot and stable]
[marking 0x026e68e66e01 <JSFunction collectSingletonProfiles (sfi = 0000016EF3259F09)> for optimization to TURBOFAN_JS, ConcurrencyMode::kConcurrent, reason: hot and stable]
[bailout (kind: deopt-lazy, reason: (unknown)): begin. deoptimizing 0x000b9962bf09 <JSFunction searchCpcOnlyFrontier (sfi = 0000024884407181)>, 0x02d8b5c94cf9 <Code MAGLEV>, opt id 72, bytecode offset 2072, deopt exit 199, FP to SP delta 592, caller SP 0x0060079fa5e8, pc 0x022bf2b6f6a8]
[marking 0x03f5f48a0281 <JSFunction emitSortedSetBits32 (sfi = 000003F5F4891AC1)> for optimization to TURBOFAN_JS, ConcurrencyMode::kConcurrent, reason: hot and stable]
[marking 0x024884422989 <JSFunction emitSortedSetBits32 (sfi = 00000248844142B1)> for optimization to TURBOFAN_JS, ConcurrencyMode::kConcurrent, reason: hot and stable]
[marking 0x03f5f48a0581 <JSFunction connect4RbaCofactorBasis (sfi = 000003F5F4890AA9)> for optimization to TURBOFAN_JS, ConcurrencyMode::kConcurrent, reason: hot and stable]
[marking 0x03f5f489f639 <JSFunction mixSpan32Locator32 (sfi = 000003F5F48898D1)> for optimization to TURBOFAN_JS, ConcurrencyMode::kConcurrent, reason: hot and stable]
[marking 0x028b251dfbc9 <JSFunction cellMarked (sfi = 0000006FEC3DD7E1)> for optimization to MAGLEV, ConcurrencyMode::kConcurrent, reason: hot and stable]
[marking 0x03f5f48a0641 <JSFunction connect4RbaCofactorKnownHeight (sfi = 000003F5F4890B81)> for optimization to TURBOFAN_JS, ConcurrencyMode::kConcurrent, reason: hot and stable]
[compiling method 0x028b251dfbc9 <JSFunction cellMarked (sfi = 0000006FEC3DD7E1)> (target MAGLEV), mode: ConcurrencyMode::kConcurrent]
[completed compiling 0x028b251dfc49 <JSFunction collectSingletonProfiles (sfi = 0000006FEC3DD871)> (target MAGLEV) - took 0.000, 0.706, 0.006 ms]
[marking 0x024884421d41 <JSFunction mixSpan32Locator32 (sfi = 000002488440C0A9)> for optimization to TURBOFAN_JS, ConcurrencyMode::kConcurrent, reason: hot and stable]
[marking 0x016ef32666f1 <JSFunction connect4RbaCofactorBasis (sfi = 0000016EF3256C79)> for optimization to TURBOFAN_JS, ConcurrencyMode::kConcurrent, reason: hot and stable]
[marking 0x024884422d49 <JSFunction connect4RbaCofactorKnownHeight (sfi = 0000024884413371)> for optimization to TURBOFAN_JS, ConcurrencyMode::kConcurrent, reason: hot and stable]
[marking 0x03f5f48a0281 <JSFunction emitSortedSetBits32 (sfi = 000003F5F4891AC1)> for optimization to TURBOFAN_JS, ConcurrencyMode::kConcurrent, reason: hot and stable]
[marking 0x024884422989 <JSFunction emitSortedSetBits32 (sfi = 00000248844142B1)> for optimization to TURBOFAN_JS, ConcurrencyMode::kConcurrent, reason: hot and stable]
[marking 0x03f5f48a0641 <JSFunction connect4RbaCofactorKnownHeight (sfi = 000003F5F4890B81)> for optimization to TURBOFAN_JS, ConcurrencyMode::kConcurrent, reason: hot and stable]
[marking 0x0212c4629a79 <JSFunction connect4RbaCofactorBasis (sfi = 00000212C461A019)> for optimization to TURBOFAN_JS, ConcurrencyMode::kConcurrent, reason: hot and stable]
[bailout (kind: deopt-lazy, reason: (unknown)): begin. deoptimizing 0x000b9962bf09 <JSFunction searchCpcOnlyFrontier (sfi = 0000024884407181)>, 0x02d8b5c94cf9 <Code MAGLEV>, opt id 72, bytecode offset 2072, deopt exit 199, FP to SP delta 592, caller SP 0x0060079fa8a8, pc 0x022bf2b6f6a8]
[bailout (kind: deopt-lazy, reason: (unknown)): begin. deoptimizing 0x000b9962bf09 [marking <JSFunction searchCpcOnlyFrontier (sfi = 0000024884407181)>, 0x02d8b5c94cf9 <Code MAGLEV>, opt id 72, bytecode offset 2072, deopt exit 199, FP to SP delta 592, caller SP 0x0060079fab68, pc 0x022bf2b6f6a8]
0x0362c72e1631 <JSFunction connect4RbaCofactorKnownHeight (sfi = 00000362C72D1AD9)> for optimization to TURBOFAN_JS, ConcurrencyMode::kConcurrent, reason: hot and stable]
[bailout (kind: deopt-lazy, reason: (unknown)): begin. deoptimizing 0x000b9962bf09 <JSFunction searchCpcOnlyFrontier (sfi = 0000024884407181)>, 0x02d8b5c94cf9 <Code MAGLEV>, opt id 72, bytecode offset 2072, deopt exit 199, FP to SP delta 592, caller SP 0x0060079fae28, pc 0x022bf2b6f6a8]
[completed compiling 0x0212c462a599 <JSFunction evaluateConnect4CpcNonterminal32 (sfi = 00000212C461D189)> (target MAGLEV) - took 0.000, 1.220, 0.009 ms]
[marking 0x02358b9929a1 [marking 0x03f5f48a0641 <JSFunction connect4RbaCofactorBasis (sfi = 000002358B982F99)> for optimization to TURBOFAN_JS, ConcurrencyMode::kConcurrent, reason: hot and stable<JSFunction connect4RbaCofactorKnownHeight (sfi = 000003F5F4890B81)>]
 for optimization to TURBOFAN_JS, ConcurrencyMode::kConcurrent, reason: hot and stable]
[marking 0x02358b991a59 <JSFunction mixSpan32Locator32 (sfi = 0000015FF387B759)> for optimization to TURBOFAN_JS, ConcurrencyMode::kConcurrent, reason: hot and stable]
[marking [marking 0x03f5f48a0281 0x024884422c89 <JSFunction emitSortedSetBits32 (sfi = 000003F5F4891AC1)><JSFunction connect4RbaCofactorBasis (sfi = 0000024884413299)> for optimization to TURBOFAN_JS, ConcurrencyMode::kConcurrent, reason: hot and stable for optimization to TURBOFAN_JS, ConcurrencyMode::kConcurrent, reason: hot and stable]
]
[completed compiling 0x00cbc4aac941 <JSFunction permutePair3 (sfi = 0000006FEC3D61A9)>[marking  (target MAGLEV) - took 0.000, 0.370, 0.002 ms0x024884422989]
 <JSFunction emitSortedSetBits32 (sfi = 00000248844142B1)> for optimization to TURBOFAN_JS, ConcurrencyMode::kConcurrent, reason: hot and stable]
[marking 0x03f5f48a0641 <JSFunction connect4RbaCofactorKnownHeight (sfi = 000003F5F4890B81)>[marking  for optimization to TURBOFAN_JS, ConcurrencyMode::kConcurrent, reason: hot and stable]
0x024884422d49 <JSFunction connect4RbaCofactorKnownHeight (sfi = 0000024884413371)> for optimization to TURBOFAN_JS, ConcurrencyMode::kConcurrent, reason: hot and stable]
[marking 0x023e389cef41 <JSFunction pairedResponseNoWin (sfi = 00000212C461D339)> for optimization to MAGLEV, ConcurrencyMode::kConcurrent, reason: hot and stable]
[compiling method 0x023e389cef41 [marking <JSFunction pairedResponseNoWin (sfi = 00000212C461D339)> (target MAGLEV), mode: ConcurrencyMode::kConcurrent0x03f5f48a0581]
 <JSFunction connect4RbaCofactorBasis (sfi = 000003F5F4890AA9)> for optimization to TURBOFAN_JS, ConcurrencyMode::kConcurrent, reason: hot and stable]
[marking 0x0362c72e1631 <JSFunction connect4RbaCofactorKnownHeight (sfi = 00000362C72D1AD9)> for optimization to TURBOFAN_JS, ConcurrencyMode::kConcurrent, reason: hot and stable]
[marking 0x016ef32666f1 <JSFunction connect4RbaCofactorBasis (sfi = 0000016EF3256C79)> for optimization to TURBOFAN_JS, ConcurrencyMode::kConcurrent, reason: hot and stable]
[marking 0x03f5f48a0281 <JSFunction emitSortedSetBits32 (sfi = 000003F5F4891AC1)> for optimization to TURBOFAN_JS, ConcurrencyMode::kConcurrent, reason: hot and stable]
[marking 0x03f5f489f639 <JSFunction mixSpan32Locator32 (sfi = 000003F5F48898D1)> for optimization to TURBOFAN_JS, ConcurrencyMode::kConcurrent, reason: hot and stable]
[marking 0x024884421d41 <JSFunction mixSpan32Locator32 (sfi = 000002488440C0A9)> for optimization to TURBOFAN_JS, ConcurrencyMode::kConcurrent, reason: hot and stable]
[marking 0x024884422989 <JSFunction emitSortedSetBits32 (sfi = 00000248844142B1)> for optimization to TURBOFAN_JS, ConcurrencyMode::kConcurrent, reason: hot and stable]
[marking 0x03f5f48a0641 <JSFunction connect4RbaCofactorKnownHeight (sfi = 000003F5F4890B81)> for optimization to TURBOFAN_JS, ConcurrencyMode::kConcurrent, reason: hot and stable]
[marking 0x0212c4629a79 <JSFunction connect4RbaCofactorBasis (sfi = 00000212C461A019)> for optimization to TURBOFAN_JS, ConcurrencyMode::kConcurrent, reason: hot and stable]
[marking 0x0212c462a0d9 <JSFunction firstSetBitIndex32 (sfi = 00000212C461E6A1)> for optimization to MAGLEV, ConcurrencyMode::kConcurrent, reason: hot and stable]
[compiling method 0x0212c462a0d9 <JSFunction firstSetBitIndex32 (sfi = 00000212C461E6A1)> (target MAGLEV), mode: ConcurrencyMode::kConcurrent]
[marking 0x03f5f48a0641 <JSFunction connect4RbaCofactorKnownHeight (sfi = 000003F5F4890B81)> for optimization to TURBOFAN_JS, ConcurrencyMode::kConcurrent, reason: hot and stable]
[marking 0x024884422d49 [marking 0x03f5f48a0281 <JSFunction connect4RbaCofactorKnownHeight (sfi = 0000024884413371)> for optimization to TURBOFAN_JS, ConcurrencyMode::kConcurrent, reason: hot and stable]
<JSFunction emitSortedSetBits32 (sfi = 000003F5F4891AC1)> for optimization to TURBOFAN_JS, ConcurrencyMode::kConcurrent, reason: hot and stable]
[marking 0x024884422989 <JSFunction emitSortedSetBits32 (sfi = 00000248844142B1)> for optimization to TURBOFAN_JS, ConcurrencyMode::kConcurrent, reason: hot and stable]
[marking 0x028b251e01e1 <JSFunction relativeToAbsFrontier (sfi = 0000006FEC3CE499)> for optimization to MAGLEV, ConcurrencyMode::kConcurrent, reason: hot and stable]
[compiling method 0x028b251e01e1 <JSFunction relativeToAbsFrontier (sfi = 0000006FEC3CE499)> (target MAGLEV), mode: ConcurrencyMode::kConcurrent]
[marking 0x0362c72e1631 [marking 0x02358b9929a1<JSFunction connect4RbaCofactorKnownHeight (sfi = 00000362C72D1AD9)>  for optimization to TURBOFAN_JS, ConcurrencyMode::kConcurrent, reason: hot and stable]
<JSFunction connect4RbaCofactorBasis (sfi = 000002358B982F99)> for optimization to TURBOFAN_JS, ConcurrencyMode::kConcurrent, reason: hot and stable]
[marking 0x03f5f48a0641 <JSFunction connect4RbaCofactorKnownHeight (sfi = 000003F5F4890B81)> for optimization to TURBOFAN_JS, ConcurrencyMode::kConcurrent, reason: hot and stable]
[marking 0x024884422c89 <JSFunction connect4RbaCofactorBasis (sfi = 0000024884413299)> for optimization to TURBOFAN_JS, ConcurrencyMode::kConcurrent, reason: hot and stable]
[marking [marking 0x02358b991a59 0x03f5f48a0281 <JSFunction mixSpan32Locator32 (sfi = 0000015FF387B759)><JSFunction emitSortedSetBits32 (sfi = 000003F5F4891AC1)> for optimization to TURBOFAN_JS, ConcurrencyMode::kConcurrent, reason: hot and stable for optimization to TURBOFAN_JS, ConcurrencyMode::kConcurrent, reason: hot and stable]
]
[marking 0x026e68e66e01 <JSFunction collectSingletonProfiles (sfi = 0000016EF3259F09)> for optimization to TURBOFAN_JS, ConcurrencyMode::kConcurrent, reason: hot and stable]
[marking 0x016ef32666f1 <JSFunction connect4RbaCofactorBasis (sfi = 0000016EF3256C79)> for optimization to TURBOFAN_JS, ConcurrencyMode::kConcurrent, reason: hot and stable]
[marking 0x024884422989 <JSFunction emitSortedSetBits32 (sfi = 00000248844142B1)> for optimization to TURBOFAN_JS, ConcurrencyMode::kConcurrent, reason: hot and stable]
[completed compiling [marking 0x006fec3eba19 0x03f5f48a0581 <JSFunction connect4RbaCofactorBasis (sfi = 000003F5F4890AA9)> for optimization to TURBOFAN_JS, ConcurrencyMode::kConcurrent, reason: hot and stable]
<JSFunction advanceConnect4LiveLineState32 (sfi = 0000006FEC3DFCF1)> (target MAGLEV) - took 0.000, 0.690, 0.004 ms]
[marking [marking 0x03f5f48a0641 <JSFunction connect4RbaCofactorKnownHeight (sfi = 000003F5F4890B81)> for optimization to TURBOFAN_JS, ConcurrencyMode::kConcurrent, reason: hot and stable]
0x0212c4629a79 <JSFunction connect4RbaCofactorBasis (sfi = 00000212C461A019)> for optimization to TURBOFAN_JS, ConcurrencyMode::kConcurrent, reason: hot and stable]
[marking 0x03f5f48a2c01 <JSFunction probeConnect4RbaSharedExactCache32 (sfi = 000003F5F489CD61)> for optimization to MAGLEV, ConcurrencyMode::kConcurrent, reason: hot and stable]
[compiling method 0x03f5f48a2c01 <JSFunction probeConnect4RbaSharedExactCache32 (sfi = 000003F5F489CD61)> (target MAGLEV), mode: ConcurrencyMode::kConcurrent]
[marking 0x024884422d49 <JSFunction connect4RbaCofactorKnownHeight (sfi = 0000024884413371)> for optimization to TURBOFAN_JS, ConcurrencyMode::kConcurrent, reason: hot and stable]
[completed compiling 0x023e389cef41 <JSFunction pairedResponseNoWin (sfi = 00000212C461D339)> (target MAGLEV) - took 0.000, 0.367, 0.008 ms]
[marking 0x03f5f489f639 <JSFunction mixSpan32Locator32 (sfi = 000003F5F48898D1)> for optimization to TURBOFAN_JS, ConcurrencyMode::kConcurrent, reason: hot and stable]
[completed compiling 0x0212c462a0d9 [marking 0x03f5f48a0281 <JSFunction firstSetBitIndex32 (sfi = 00000212C461E6A1)><JSFunction emitSortedSetBits32 (sfi = 000003F5F4891AC1)> (target MAGLEV) for optimization to TURBOFAN_JS, ConcurrencyMode::kConcurrent, reason: hot and stable - took 0.000, 0.061, 0.002 ms[marking ]
]
[marking 0x024884422989 <JSFunction emitSortedSetBits32 (sfi = 00000248844142B1)>0x0362c72e1631 for optimization to TURBOFAN_JS, ConcurrencyMode::kConcurrent, reason: hot and stable ]
<JSFunction connect4RbaCofactorKnownHeight (sfi = 00000362C72D1AD9)> for optimization to TURBOFAN_JS, ConcurrencyMode::kConcurrent, reason: hot and stable]
[marking 0x03f5f48a0641 <JSFunction connect4RbaCofactorKnownHeight (sfi = 000003F5F4890B81)> for optimization to TURBOFAN_JS, ConcurrencyMode::kConcurrent, reason: hot and stable]
[marking 0x024884421d41 <JSFunction mixSpan32Locator32 (sfi = 000002488440C0A9)> for optimization to TURBOFAN_JS, ConcurrencyMode::kConcurrent, reason: hot and stable]
[marking 0x016ef32666f1 <JSFunction connect4RbaCofactorBasis (sfi = 0000016EF3256C79)> for optimization to TURBOFAN_JS, ConcurrencyMode::kConcurrent, reason: hot and stable]
[marking 0x03f5f48a0641 <JSFunction connect4RbaCofactorKnownHeight (sfi = 000003F5F4890B81)> for optimization to TURBOFAN_JS, ConcurrencyMode::kConcurrent, reason: hot and stable]
[marking 0x024884422989 <JSFunction emitSortedSetBits32 (sfi = 00000248844142B1)> for optimization to TURBOFAN_JS, ConcurrencyMode::kConcurrent, reason: hot and stable]
[marking 0x02358b9929a1 <JSFunction connect4RbaCofactorBasis (sfi = 000002358B982F99)> for optimization to TURBOFAN_JS, ConcurrencyMode::kConcurrent, reason: hot and stable[marking ]
0x03f5f48a0281 <JSFunction emitSortedSetBits32 (sfi = 000003F5F4891AC1)> for optimization to TURBOFAN_JS, ConcurrencyMode::kConcurrent, reason: hot and stable]
[marking 0x024884422d49 <JSFunction connect4RbaCofactorKnownHeight (sfi = 0000024884413371)> for optimization to TURBOFAN_JS, ConcurrencyMode::kConcurrent, reason: hot and stable]
[marking 0x024884422c89 <JSFunction connect4RbaCofactorBasis (sfi = 0000024884413299)> for optimization to TURBOFAN_JS, ConcurrencyMode::kConcurrent, reason: hot and stable]
[marking 0x03f5f48a0641 <JSFunction connect4RbaCofactorKnownHeight (sfi = 000003F5F4890B81)> for optimization to TURBOFAN_JS, ConcurrencyMode::kConcurrent, reason: hot and stable]
[marking [marking 0x0362c72e1631 <JSFunction connect4RbaCofactorKnownHeight (sfi = 00000362C72D1AD9)>0x0212c4629a79 for optimization to TURBOFAN_JS, ConcurrencyMode::kConcurrent, reason: hot and stable ]
<JSFunction connect4RbaCofactorBasis (sfi = 00000212C461A019)> for optimization to TURBOFAN_JS, ConcurrencyMode::kConcurrent, reason: hot and stable]
[marking 0x024884422989 <JSFunction emitSortedSetBits32 (sfi = 00000248844142B1)> for optimization to TURBOFAN_JS, ConcurrencyMode::kConcurrent, reason: hot and stable]
[marking 0x02358b991a59 <JSFunction mixSpan32Locator32 (sfi = 0000015FF387B759)> for optimization to TURBOFAN_JS, ConcurrencyMode::kConcurrent, reason: hot and stable]
[marking 0x03f5f48a0581 <JSFunction connect4RbaCofactorBasis (sfi = 000003F5F4890AA9)> for optimization to TURBOFAN_JS, ConcurrencyMode::kConcurrent, reason: hot and stable]
[marking 0x03f5f48a0281 <JSFunction emitSortedSetBits32 (sfi = 000003F5F4891AC1)> for optimization to TURBOFAN_JS, ConcurrencyMode::kConcurrent, reason: hot and stable]
[marking 0x03f5f48a0641 <JSFunction connect4RbaCofactorKnownHeight (sfi = 000003F5F4890B81)> for optimization to TURBOFAN_JS, ConcurrencyMode::kConcurrent, reason: hot and stable]
[marking [marking 0x016ef32666f10x03f5f489f639  <JSFunction mixSpan32Locator32 (sfi = 000003F5F48898D1)> for optimization to TURBOFAN_JS, ConcurrencyMode::kConcurrent, reason: hot and stable]
<JSFunction connect4RbaCofactorBasis (sfi = 0000016EF3256C79)> for optimization to TURBOFAN_JS, ConcurrencyMode::kConcurrent, reason: hot and stable]
[marking 0x03f5f48a0641 <JSFunction connect4RbaCofactorKnownHeight (sfi = 000003F5F4890B81)> for optimization to TURBOFAN_JS, ConcurrencyMode::kConcurrent, reason: hot and stable]
[marking 0x0362c72e1631 <JSFunction connect4RbaCofactorKnownHeight (sfi = 00000362C72D1AD9)> for optimization to TURBOFAN_JS, ConcurrencyMode::kConcurrent, reason: hot and stable]
[marking 0x03f5f48a0281 <JSFunction emitSortedSetBits32 (sfi = 000003F5F4891AC1)> for optimization to TURBOFAN_JS, ConcurrencyMode::kConcurrent, reason: hot and stable]
[marking 0x02358b9929a1 <JSFunction connect4RbaCofactorBasis (sfi = 000002358B982F99)> for optimization to TURBOFAN_JS, ConcurrencyMode::kConcurrent, reason: hot and stable]
[marking 0x03f5f48a0641 <JSFunction connect4RbaCofactorKnownHeight (sfi = 000003F5F4890B81)> for optimization to TURBOFAN_JS, ConcurrencyMode::kConcurrent, reason: hot and stable]
[completed compiling 0x03f5f48a10a1 <JSFunction evaluateConnect4CpcNonterminal32 (sfi = 000003F5F4893C01)> (target MAGLEV) - took 0.000, 0.712, 0.011 ms]
[marking 0x0212c4629a79 <JSFunction connect4RbaCofactorBasis (sfi = 00000212C461A019)> for optimization to TURBOFAN_JS, ConcurrencyMode::kConcurrent, reason: hot and stable]
[completed compiling 0x03f5f489f341 <JSFunction completeRootFrontierNode32 (sfi = 000003F5F4885F01)> (target MAGLEV) - took 0.000, 0.075, 0.002 ms]
[marking 0x03f5f48a0641 <JSFunction connect4RbaCofactorKnownHeight (sfi = 000003F5F4890B81)> for optimization to TURBOFAN_JS, ConcurrencyMode::kConcurrent, reason: hot and stable]
[marking 0x0362c72e1631 <JSFunction connect4RbaCofactorKnownHeight (sfi = 00000362C72D1AD9)> for optimization to TURBOFAN_JS, ConcurrencyMode::kConcurrent, reason: hot and stable]
[marking 0x03f5f48a0281 <JSFunction emitSortedSetBits32 (sfi = 000003F5F4891AC1)> for optimization to TURBOFAN_JS, ConcurrencyMode::kConcurrent, reason: hot and stable]
[marking 0x03f5f48a0581 <JSFunction connect4RbaCofactorBasis (sfi = 000003F5F4890AA9)> for optimization to TURBOFAN_JS, ConcurrencyMode::kConcurrent, reason: hot and stable]
[marking 0x02358b991a59 <JSFunction mixSpan32Locator32 (sfi = 0000015FF387B759)> for optimization to TURBOFAN_JS, ConcurrencyMode::kConcurrent, reason: hot and stable]
[marking 0x03f5f48a0641 <JSFunction connect4RbaCofactorKnownHeight (sfi = 000003F5F4890B81)> for optimization to TURBOFAN_JS, ConcurrencyMode::kConcurrent, reason: hot and stable]
[marking [marking 0x016ef32666f10x024884422989  <JSFunction connect4RbaCofactorBasis (sfi = 0000016EF3256C79)><JSFunction emitSortedSetBits32 (sfi = 00000248844142B1)> for optimization to TURBOFAN_JS, ConcurrencyMode::kConcurrent, reason: hot and stable]
 for optimization to TURBOFAN_JS, ConcurrencyMode::kConcurrent, reason: hot and stable]
[marking 0x024884422d49 [marking <JSFunction connect4RbaCofactorKnownHeight (sfi = 0000024884413371)> for optimization to TURBOFAN_JS, ConcurrencyMode::kConcurrent, reason: hot and stable]
0x03f5f48a0281 <JSFunction emitSortedSetBits32 (sfi = 000003F5F4891AC1)> for optimization to TURBOFAN_JS, ConcurrencyMode::kConcurrent, reason: hot and stable]
[completed compiling 0x006fec3ea251 [marking 0x0362c72e1631 <JSFunction connect4RbaCanonicalize (sfi = 0000006FEC3DA719)> (target MAGLEV) - took 0.000, 1.216, 0.009 ms]
<JSFunction connect4RbaCofactorKnownHeight (sfi = 00000362C72D1AD9)> for optimization to TURBOFAN_JS, ConcurrencyMode::kConcurrent, reason: hot and stable]
[marking 0x02358b9929a1 <JSFunction connect4RbaCofactorBasis (sfi = 000002358B982F99)> for optimization to TURBOFAN_JS, ConcurrencyMode::kConcurrent, reason: hot and stable]
[marking 0x03f5f489f639 <JSFunction mixSpan32Locator32 (sfi = 000003F5F48898D1)> for optimization to TURBOFAN_JS, ConcurrencyMode::kConcurrent, reason: hot and stable]
[marking 0x0212c4629a79 <JSFunction connect4RbaCofactorBasis (sfi = 00000212C461A019)> for optimization to TURBOFAN_JS, ConcurrencyMode::kConcurrent, reason: hot and stable]
[marking 0x03f5f48a0641 <JSFunction connect4RbaCofactorKnownHeight (sfi = 000003F5F4890B81)> for optimization to TURBOFAN_JS, ConcurrencyMode::kConcurrent, reason: hot and stable]
[marking 0x024884421d41 <JSFunction mixSpan32Locator32 (sfi = 000002488440C0A9)> for optimization to TURBOFAN_JS, ConcurrencyMode::kConcurrent, reason: hot and stable]
[marking 0x02358b991a19 <JSFunction publishSpan32 (sfi = 0000015FF387B711)> for optimization to TURBOFAN_JS, ConcurrencyMode::kConcurrent, reason: hot and stable]
[marking 0x024884422989 <JSFunction emitSortedSetBits32 (sfi = 00000248844142B1)> for optimization to TURBOFAN_JS, ConcurrencyMode::kConcurrent, reason: hot and stable]
[marking 0x03f5f48a0281 <JSFunction emitSortedSetBits32 (sfi = 000003F5F4891AC1)> for optimization to TURBOFAN_JS, ConcurrencyMode::kConcurrent, reason: hot and stable]
[marking 0x026e68e66e01 <JSFunction collectSingletonProfiles (sfi = 0000016EF3259F09)> for optimization to TURBOFAN_JS, ConcurrencyMode::kConcurrent, reason: hot and stable]
[marking 0x03f5f48a0641 <JSFunction connect4RbaCofactorKnownHeight (sfi = 000003F5F4890B81)> for optimization to TURBOFAN_JS, ConcurrencyMode::kConcurrent, reason: hot and stable]
[marking 0x024884422c89 <JSFunction connect4RbaCofactorBasis (sfi = 0000024884413299)> for optimization to TURBOFAN_JS, ConcurrencyMode::kConcurrent, reason: hot and stable]
[marking 0x024884422d49 <JSFunction connect4RbaCofactorKnownHeight (sfi = 0000024884413371)> for optimization to TURBOFAN_JS, ConcurrencyMode::kConcurrent, reason: hot and stable]
[completed compiling [marking 0x006fec3ec811 0x000b9962bf09 <JSFunction storeConnect4RbaSharedExactCache32 (sfi = 0000006FEC3E68F9)> (target MAGLEV)<JSFunction searchCpcOnlyFrontier (sfi = 0000024884407181)> - took 0.000, 0.357, 0.007 ms for optimization to MAGLEV, ConcurrencyMode::kConcurrent, reason: hot and stable]
]
[marking 0x0362c72e1631 <JSFunction connect4RbaCofactorKnownHeight (sfi = 00000362C72D1AD9)>[marking [compiling method 0x016ef32666f1 0x000b9962bf09 <JSFunction searchCpcOnlyFrontier (sfi = 0000024884407181)><JSFunction connect4RbaCofactorBasis (sfi = 0000016EF3256C79)> (target MAGLEV), mode: ConcurrencyMode::kConcurrent]
 for optimization to TURBOFAN_JS, ConcurrencyMode::kConcurrent, reason: hot and stable]
 for optimization to TURBOFAN_JS, ConcurrencyMode::kConcurrent, reason: hot and stable]
[marking [marking 0x024884422989 <JSFunction emitSortedSetBits32 (sfi = 00000248844142B1)>0x03f5f48a0641 for optimization to TURBOFAN_JS, ConcurrencyMode::kConcurrent, reason: hot and stable]
 <JSFunction connect4RbaCofactorKnownHeight (sfi = 000003F5F4890B81)> for optimization to TURBOFAN_JS, ConcurrencyMode::kConcurrent, reason: hot and stable]
[marking 0x02358b991a59 <JSFunction mixSpan32Locator32 (sfi = 0000015FF387B759)> for optimization to TURBOFAN_JS, ConcurrencyMode::kConcurrent, reason: hot and stable]
[marking 0x03f5f48a0581 <JSFunction connect4RbaCofactorBasis (sfi = 000003F5F4890AA9)> for optimization to TURBOFAN_JS, ConcurrencyMode::kConcurrent, reason: hot and stable]
[marking 0x03f5f48a0281 <JSFunction emitSortedSetBits32 (sfi = 000003F5F4891AC1)> for optimization to TURBOFAN_JS, ConcurrencyMode::kConcurrent, reason: hot and stable]
[completed compiling 0x006fec3eba99 <JSFunction evaluateConnect4LiveLine3x32 (sfi = 0000006FEC3DFD81)> (target MAGLEV) - took 0.000, 0.115, 0.002 ms]
[marking 0x024884422989 <JSFunction emitSortedSetBits32 (sfi = 00000248844142B1)> for optimization to TURBOFAN_JS, ConcurrencyMode::kConcurrent, reason: hot and stable]
[marking 0x03f5f48a0641 <JSFunction connect4RbaCofactorKnownHeight (sfi = 000003F5F4890B81)> for optimization to TURBOFAN_JS, ConcurrencyMode::kConcurrent, reason: hot and stable]
[completed compiling 0x006fec3eb7a1 [marking <JSFunction popcount3x32 (sfi = 0000006FEC3E24C1)> (target MAGLEV) - took 0.000, 0.108, 0.001 ms]
0x0212c4629a79 <JSFunction connect4RbaCofactorBasis (sfi = 00000212C461A019)> for optimization to TURBOFAN_JS, ConcurrencyMode::kConcurrent, reason: hot and stable]
[marking 0x03f5f48a0281 <JSFunction emitSortedSetBits32 (sfi = 000003F5F4891AC1)> for optimization to TURBOFAN_JS, ConcurrencyMode::kConcurrent, reason: hot and stable]
[marking 0x02358b9929a1 <JSFunction connect4RbaCofactorBasis (sfi = 000002358B982F99)> for optimization to TURBOFAN_JS, ConcurrencyMode::kConcurrent, reason: hot and stable]
[marking 0x03f5f489f639 <JSFunction mixSpan32Locator32 (sfi = 000003F5F48898D1)> for optimization to TURBOFAN_JS, ConcurrencyMode::kConcurrent, reason: hot and stable]
[marking 0x024884422d49 <JSFunction connect4RbaCofactorKnownHeight (sfi = 0000024884413371)> for optimization to TURBOFAN_JS, ConcurrencyMode::kConcurrent, reason: hot and stable]
[marking 0x03f5f48a0641 <JSFunction connect4RbaCofactorKnownHeight (sfi = 000003F5F4890B81)> for optimization to TURBOFAN_JS, ConcurrencyMode::kConcurrent, reason: hot and stable]
[marking 0x0362c72e2091 <JSFunction evaluateConnect4CpcNonterminal32 (sfi = 00000362C72D4B59)> for optimization to MAGLEV, ConcurrencyMode::kConcurrent, reason: hot and stable]
[compiling method 0x0362c72e2091 <JSFunction evaluateConnect4CpcNonterminal32 (sfi = 00000362C72D4B59)> (target MAGLEV), mode: ConcurrencyMode::kConcurrent]
[marking 0x0362c72e1631 <JSFunction connect4RbaCofactorKnownHeight (sfi = 00000362C72D1AD9)>[marking  for optimization to TURBOFAN_JS, ConcurrencyMode::kConcurrent, reason: hot and stable]
0x0212c4628af1 <JSFunction publishSpan32 (sfi = 00000212C4612DE1)> for optimization to TURBOFAN_JS, ConcurrencyMode::kConcurrent, reason: hot and stable]
[completed compiling 0x028b251dfa11 <JSFunction compareReflectedSupport (sfi = 0000006FEC3DA761)> (target MAGLEV) - took 0.000, 0.175, 0.002 ms]
[marking 0x024884422989 <JSFunction emitSortedSetBits32 (sfi = 00000248844142B1)>[marking  for optimization to TURBOFAN_JS, ConcurrencyMode::kConcurrent, reason: hot and stable0x03f5f48a0281]
 <JSFunction emitSortedSetBits32 (sfi = 000003F5F4891AC1)> for optimization to TURBOFAN_JS, ConcurrencyMode::kConcurrent, reason: hot and stable]
[marking 0x03f5f48a0641 <JSFunction connect4RbaCofactorKnownHeight (sfi = 000003F5F4890B81)> for optimization to TURBOFAN_JS, ConcurrencyMode::kConcurrent, reason: hot and stable]
[marking 0x024884421d41 <JSFunction mixSpan32Locator32 (sfi = 000002488440C0A9)> for optimization to TURBOFAN_JS, ConcurrencyMode::kConcurrent, reason: hot and stable]
[marking 0x016ef32666f1 <JSFunction connect4RbaCofactorBasis (sfi = 0000016EF3256C79)> for optimization to TURBOFAN_JS, ConcurrencyMode::kConcurrent, reason: hot and stable]
[bailout (kind: deopt-eager, reason: Insufficient type feedback for call): begin. deoptimizing 0x006fec3ec811 <JSFunction storeConnect4RbaSharedExactCache32 (sfi = 0000006FEC3E68F9)>, 0x034e39116939 <Code MAGLEV>, opt id 21, bytecode offset 52, deopt exit 23, FP to SP delta 144, caller SP 0x0060099f82a8, pc 0x022cc3317d52]
[marking 0x024884422c89 <JSFunction connect4RbaCofactorBasis (sfi = 0000024884413299)> for optimization to TURBOFAN_JS, ConcurrencyMode::kConcurrent, reason: hot and stable]
[marking 0x03f5f48a0581 <JSFunction connect4RbaCofactorBasis (sfi = 000003F5F4890AA9)> for optimization to TURBOFAN_JS, ConcurrencyMode::kConcurrent, reason: hot and stable]
[marking 0x03f5f48a0641 <JSFunction connect4RbaCofactorKnownHeight (sfi = 000003F5F4890B81)> for optimization to TURBOFAN_JS, ConcurrencyMode::kConcurrent, reason: hot and stable]
[marking 0x024884422989 <JSFunction emitSortedSetBits32 (sfi = 00000248844142B1)> for optimization to TURBOFAN_JS, ConcurrencyMode::kConcurrent, reason: hot and stable]
[marking 0x03f5f48a0281 <JSFunction emitSortedSetBits32 (sfi = 000003F5F4891AC1)> for optimization to TURBOFAN_JS, ConcurrencyMode::kConcurrent, reason: hot and stable]
[marking 0x006fec3e8f11 [marking <JSFunction completeRootFrontierNode32 (sfi = 0000006FEC3CFA39)> for optimization to MAGLEV, ConcurrencyMode::kConcurrent, reason: hot and stable]
0x02358b991a59 <JSFunction mixSpan32Locator32 (sfi = 0000015FF387B759)> for optimization to TURBOFAN_JS, ConcurrencyMode::kConcurrent, reason: hot and stable]
[compiling method 0x006fec3e8f11 <JSFunction completeRootFrontierNode32 (sfi = 0000006FEC3CFA39)> (target MAGLEV), mode: ConcurrencyMode::kConcurrent]
[marking 0x0212c4629a79 <JSFunction connect4RbaCofactorBasis (sfi = 00000212C461A019)> for optimization to TURBOFAN_JS, ConcurrencyMode::kConcurrent, reason: hot and stable]
[marking 0x0362c72e1631 <JSFunction connect4RbaCofactorKnownHeight (sfi = 00000362C72D1AD9)> for optimization to TURBOFAN_JS, ConcurrencyMode::kConcurrent, reason: hot and stable]
[marking 0x03f5f48a0641 <JSFunction connect4RbaCofactorKnownHeight (sfi = 000003F5F4890B81)> for optimization to TURBOFAN_JS, ConcurrencyMode::kConcurrent, reason: hot and stable]
[marking 0x024884422d49 <JSFunction connect4RbaCofactorKnownHeight (sfi = 0000024884413371)> for optimization to TURBOFAN_JS, ConcurrencyMode::kConcurrent, reason: hot and stable]
[marking 0x03f5f48a0281 <JSFunction emitSortedSetBits32 (sfi = 000003F5F4891AC1)> for optimization to TURBOFAN_JS, ConcurrencyMode::kConcurrent, reason: hot and stable]
[marking 0x02358b9929a1 <JSFunction connect4RbaCofactorBasis (sfi = 000002358B982F99)> for optimization to TURBOFAN_JS, ConcurrencyMode::kConcurrent, reason: hot and stable]
[marking 0x03f5f489f639 <JSFunction mixSpan32Locator32 (sfi = 000003F5F48898D1)> for optimization to TURBOFAN_JS, ConcurrencyMode::kConcurrent, reason: hot and stable]
[marking 0x024884422989 <JSFunction emitSortedSetBits32 (sfi = 00000248844142B1)> for optimization to TURBOFAN_JS, ConcurrencyMode::kConcurrent, reason: hot and stable]
[marking 0x03f5f48a0641 <JSFunction connect4RbaCofactorKnownHeight (sfi = 000003F5F4890B81)> for optimization to TURBOFAN_JS, ConcurrencyMode::kConcurrent, reason: hot and stable]
[marking 0x016ef32666f1 <JSFunction connect4RbaCofactorBasis (sfi = 0000016EF3256C79)> for optimization to TURBOFAN_JS, ConcurrencyMode::kConcurrent, reason: hot and stable]
[marking 0x03f5f48a0281 <JSFunction emitSortedSetBits32 (sfi = 000003F5F4891AC1)> for optimization to TURBOFAN_JS, ConcurrencyMode::kConcurrent, reason: hot and stable]
[marking 0x006fec3e9e51 <JSFunction emitSortedSetBits32 (sfi = 0000006FEC3DB611)> for optimization to TURBOFAN_JS, ConcurrencyMode::kConcurrent, reason: hot and stable]
[marking 0x03f5f48a0641 <JSFunction connect4RbaCofactorKnownHeight (sfi = 000003F5F4890B81)> for optimization to TURBOFAN_JS, ConcurrencyMode::kConcurrent, reason: hot and stable]
[marking 0x024884422989 <JSFunction emitSortedSetBits32 (sfi = 00000248844142B1)> for optimization to TURBOFAN_JS, ConcurrencyMode::kConcurrent, reason: hot and stable]
[marking [marking 0x03f5f48a0581 0x0362c72e1631 <JSFunction connect4RbaCofactorBasis (sfi = 000003F5F4890AA9)> for optimization to TURBOFAN_JS, ConcurrencyMode::kConcurrent, reason: hot and stable]
<JSFunction connect4RbaCofactorKnownHeight (sfi = 00000362C72D1AD9)> for optimization to TURBOFAN_JS, ConcurrencyMode::kConcurrent, reason: hot and stable]
[marking 0x0212c4629a79 <JSFunction connect4RbaCofactorBasis (sfi = 00000212C461A019)> for optimization to TURBOFAN_JS, ConcurrencyMode::kConcurrent, reason: hot and stable[marking ]
0x024884421d41 <JSFunction mixSpan32Locator32 (sfi = 000002488440C0A9)> for optimization to TURBOFAN_JS, ConcurrencyMode::kConcurrent, reason: hot and stable]
[marking 0x024884422d49 <JSFunction connect4RbaCofactorKnownHeight (sfi = 0000024884413371)> for optimization to TURBOFAN_JS, ConcurrencyMode::kConcurrent, reason: hot and stable]
[marking 0x03f5f48a0281 <JSFunction emitSortedSetBits32 (sfi = 000003F5F4891AC1)> for optimization to TURBOFAN_JS, ConcurrencyMode::kConcurrent, reason: hot and stable]
[marking 0x03f5f48a0641 <JSFunction connect4RbaCofactorKnownHeight (sfi = 000003F5F4890B81)> for optimization to TURBOFAN_JS, ConcurrencyMode::kConcurrent, reason: hot and stable]
[marking 0x024884422c89 <JSFunction connect4RbaCofactorBasis (sfi = 0000024884413299)> for optimization to TURBOFAN_JS, ConcurrencyMode::kConcurrent, reason: hot and stable]
[bailout (kind: deopt-eager, reason: Insufficient type feedback for generic keyed access): begin. deoptimizing 0x03f5f48a10a1 <JSFunction evaluateConnect4CpcNonterminal32 (sfi = 000003F5F4893C01)>, 0x03d2c1adbbd9 <Code MAGLEV>, opt id 367, bytecode offset 552, deopt exit 53, FP to SP delta 176, caller SP 0x0060071fb748, pc 0x022bd2b5cf0d]
[marking 0x006fec3e9e51 <JSFunction emitSortedSetBits32 (sfi = 0000006FEC3DB611)> for optimization to TURBOFAN_JS, ConcurrencyMode::kConcurrent, reason: hot and stable]
[marking 0x02358b991a59 <JSFunction mixSpan32Locator32 (sfi = 0000015FF387B759)> for optimization to TURBOFAN_JS, ConcurrencyMode::kConcurrent, reason: hot and stable]
[marking 0x024884422989 <JSFunction emitSortedSetBits32 (sfi = 00000248844142B1)> for optimization to TURBOFAN_JS, ConcurrencyMode::kConcurrent, reason: hot and stable]
[marking 0x006fec3e9e51 <JSFunction emitSortedSetBits32 (sfi = 0000006FEC3DB611)> for optimization to TURBOFAN_JS, ConcurrencyMode::kConcurrent, reason: hot and stable]
[marking 0x02358b9929a1 [marking <JSFunction connect4RbaCofactorBasis (sfi = 000002358B982F99)> for optimization to TURBOFAN_JS, ConcurrencyMode::kConcurrent, reason: hot and stable]
0x0362c72e1631 <JSFunction connect4RbaCofactorKnownHeight (sfi = 00000362C72D1AD9)> for optimization to TURBOFAN_JS, ConcurrencyMode::kConcurrent, reason: hot and stable]
[marking 0x016ef32666f1 <JSFunction connect4RbaCofactorBasis (sfi = 0000016EF3256C79)> for optimization to TURBOFAN_JS, ConcurrencyMode::kConcurrent, reason: hot and stable]
[marking 0x024884422d49 <JSFunction connect4RbaCofactorKnownHeight (sfi = 0000024884413371)> for optimization to TURBOFAN_JS, ConcurrencyMode::kConcurrent, reason: hot and stable]
[marking 0x024884422989 <JSFunction emitSortedSetBits32 (sfi = 00000248844142B1)> for optimization to TURBOFAN_JS, ConcurrencyMode::kConcurrent, reason: hot and stable]
[completed compiling 0x03e59bd0fba1 <JSFunction searchCpcOnlyFrontier (sfi = 000003F5F48849A9)> (target MAGLEV) - took 0.000, 1.982, 0.019 ms]
[marking 0x006fec3e9e51 <JSFunction emitSortedSetBits32 (sfi = 0000006FEC3DB611)>[marking  for optimization to TURBOFAN_JS, ConcurrencyMode::kConcurrent, reason: hot and stable]
0x03f5f48a0281 <JSFunction emitSortedSetBits32 (sfi = 000003F5F4891AC1)> for optimization to TURBOFAN_JS, ConcurrencyMode::kConcurrent, reason: hot and stable]
[marking 0x03f5f48a0641 <JSFunction connect4RbaCofactorKnownHeight (sfi = 000003F5F4890B81)> for optimization to TURBOFAN_JS, ConcurrencyMode::kConcurrent, reason: hot and stable]
[bailout (kind: deopt-eager, reason: Insufficient type feedback for generic named access): begin. deoptimizing 0x03e59bd0fba1 <JSFunction searchCpcOnlyFrontier (sfi = 000003F5F48849A9)>, 0x03d2c1ae1929 <Code MAGLEV>, opt id 399, bytecode offset 2139, deopt exit 169, FP to SP delta 568, caller SP 0x0060071fbd68, pc 0x022bd2b620eb]
[marking 0x0212c4629a79 <JSFunction connect4RbaCofactorBasis (sfi = 00000212C461A019)> for optimization to TURBOFAN_JS, ConcurrencyMode::kConcurrent, reason: hot and stable]
[marking 0x024884422989 <JSFunction emitSortedSetBits32 (sfi = 00000248844142B1)> for optimization to TURBOFAN_JS, ConcurrencyMode::kConcurrent, reason: hot and stable]
[marking 0x03f5f489f639 <JSFunction mixSpan32Locator32 (sfi = 000003F5F48898D1)> for optimization to TURBOFAN_JS, ConcurrencyMode::kConcurrent, reason: hot and stable]
[marking 0x0362c72e1631 <JSFunction connect4RbaCofactorKnownHeight (sfi = 00000362C72D1AD9)> for optimization to TURBOFAN_JS, ConcurrencyMode::kConcurrent, reason: hot and stable]
[marking 0x024884422c89 <JSFunction connect4RbaCofactorBasis (sfi = 0000024884413299)> for optimization to TURBOFAN_JS, ConcurrencyMode::kConcurrent, reason: hot and stable]
[marking 0x024884421d41 <JSFunction mixSpan32Locator32 (sfi = 000002488440C0A9)> for optimization to TURBOFAN_JS, ConcurrencyMode::kConcurrent, reason: hot and stable]
[marking 0x006fec3e9e51 <JSFunction emitSortedSetBits32 (sfi = 0000006FEC3DB611)> for optimization to TURBOFAN_JS, ConcurrencyMode::kConcurrent, reason: hot and stable]
[marking 0x024884422d49 <JSFunction connect4RbaCofactorKnownHeight (sfi = 0000024884413371)> for optimization to TURBOFAN_JS, ConcurrencyMode::kConcurrent, reason: hot and stable]
[marking 0x02358b991a59 <JSFunction mixSpan32Locator32 (sfi = 0000015FF387B759)> for optimization to TURBOFAN_JS, ConcurrencyMode::kConcurrent, reason: hot and stable]
[marking 0x03f5f48a0641 <JSFunction connect4RbaCofactorKnownHeight (sfi = 000003F5F4890B81)> for optimization to TURBOFAN_JS, ConcurrencyMode::kConcurrent, reason: hot and stable]
[marking [marking 0x024884422989 [completed compiling 0x026e68e66e01 <JSFunction emitSortedSetBits32 (sfi = 00000248844142B1)> for optimization to TURBOFAN_JS, ConcurrencyMode::kConcurrent, reason: hot and stable0x03e59bd0ef41 <JSFunction collectSingletonProfiles (sfi = 0000016EF3259F09)>]
 for optimization to TURBOFAN_JS, ConcurrencyMode::kConcurrent, reason: hot and stable]
<JSFunction pairedResponseNoWin (sfi = 000003F5F4893DB1)> (target MAGLEV) - took 0.000, 0.339, 0.004 ms]
[marking 0x03f5f48a0281 <JSFunction emitSortedSetBits32 (sfi = 000003F5F4891AC1)> for optimization to TURBOFAN_JS, ConcurrencyMode::kConcurrent, reason: hot and stable]
[marking 0x02358b9929a1 <JSFunction connect4RbaCofactorBasis (sfi = 000002358B982F99)> for optimization to TURBOFAN_JS, ConcurrencyMode::kConcurrent, reason: hot and stable]
[marking 0x006fec3e9e51 [marking <JSFunction emitSortedSetBits32 (sfi = 0000006FEC3DB611)> for optimization to TURBOFAN_JS, ConcurrencyMode::kConcurrent, reason: hot and stable0x016ef32666f1]
 <JSFunction connect4RbaCofactorBasis (sfi = 0000016EF3256C79)> for optimization to TURBOFAN_JS, ConcurrencyMode::kConcurrent, reason: hot and stable]
[marking 0x03f5f48a0581 <JSFunction connect4RbaCofactorBasis (sfi = 000003F5F4890AA9)> for optimization to TURBOFAN_JS, ConcurrencyMode::kConcurrent, reason: hot and stable]
[marking 0x0362c72e1631 <JSFunction connect4RbaCofactorKnownHeight (sfi = 00000362C72D1AD9)> for optimization to TURBOFAN_JS, ConcurrencyMode::kConcurrent, reason: hot and stable]
[marking 0x03f5f48a0641 <JSFunction connect4RbaCofactorKnownHeight (sfi = 000003F5F4890B81)> for optimization to TURBOFAN_JS, ConcurrencyMode::kConcurrent, reason: hot and stable]
[marking 0x024884422989 <JSFunction emitSortedSetBits32 (sfi = 00000248844142B1)> for optimization to TURBOFAN_JS, ConcurrencyMode::kConcurrent, reason: hot and stable]
[marking [marking 0x006fec3e9e51 0x03f5f48a0281 <JSFunction emitSortedSetBits32 (sfi = 0000006FEC3DB611)> for optimization to TURBOFAN_JS, ConcurrencyMode::kConcurrent, reason: hot and stable]
<JSFunction emitSortedSetBits32 (sfi = 000003F5F4891AC1)> for optimization to TURBOFAN_JS, ConcurrencyMode::kConcurrent, reason: hot and stable]
[marking 0x024884422d49 <JSFunction connect4RbaCofactorKnownHeight (sfi = 0000024884413371)> for optimization to TURBOFAN_JS, ConcurrencyMode::kConcurrent, reason: hot and stable]
[marking 0x0212c4629a79 <JSFunction connect4RbaCofactorBasis (sfi = 00000212C461A019)> for optimization to TURBOFAN_JS, ConcurrencyMode::kConcurrent, reason: hot and stable]
[marking 0x03f5f48a0641 <JSFunction connect4RbaCofactorKnownHeight (sfi = 000003F5F4890B81)> for optimization to TURBOFAN_JS, ConcurrencyMode::kConcurrent, reason: hot and stable]
[marking 0x0362c72e1631 <JSFunction connect4RbaCofactorKnownHeight (sfi = 00000362C72D1AD9)> for optimization to TURBOFAN_JS, ConcurrencyMode::kConcurrent, reason: hot and stable]
[marking 0x03f5f489f639 <JSFunction mixSpan32Locator32 (sfi = 000003F5F48898D1)> for optimization to TURBOFAN_JS, ConcurrencyMode::kConcurrent, reason: hot and stable]
[marking 0x024884422c89 <JSFunction connect4RbaCofactorBasis (sfi = 0000024884413299)> for optimization to TURBOFAN_JS, ConcurrencyMode::kConcurrent, reason: hot and stable]
[marking 0x024884422989 <JSFunction emitSortedSetBits32 (sfi = 00000248844142B1)> for optimization to TURBOFAN_JS, ConcurrencyMode::kConcurrent, reason: hot and stable]
[marking 0x03f5f48a0281 <JSFunction emitSortedSetBits32 (sfi = 000003F5F4891AC1)> for optimization to TURBOFAN_JS, ConcurrencyMode::kConcurrent, reason: hot and stable]
[marking 0x006fec3e9e51 <JSFunction emitSortedSetBits32 (sfi = 0000006FEC3DB611)> for optimization to TURBOFAN_JS, ConcurrencyMode::kConcurrent, reason: hot and stable]
[marking 0x024884422d49 <JSFunction connect4RbaCofactorKnownHeight (sfi = 0000024884413371)> for optimization to TURBOFAN_JS, ConcurrencyMode::kConcurrent, reason: hot and stable]
[marking 0x03f5f48a0641 <JSFunction connect4RbaCofactorKnownHeight (sfi = 000003F5F4890B81)> for optimization to TURBOFAN_JS, ConcurrencyMode::kConcurrent, reason: hot and stable]
[marking 0x02358b991a19 <JSFunction publishSpan32 (sfi = 0000015FF387B711)> for optimization to TURBOFAN_JS, ConcurrencyMode::kConcurrent, reason: hot and stable]
[marking 0x024884421d41 <JSFunction mixSpan32Locator32 (sfi = 000002488440C0A9)> for optimization to TURBOFAN_JS, ConcurrencyMode::kConcurrent, reason: hot and stable]
[marking 0x02358b9929a1 <JSFunction connect4RbaCofactorBasis (sfi = 000002358B982F99)> for optimization to TURBOFAN_JS, ConcurrencyMode::kConcurrent, reason: hot and stable]
[marking 0x02358b991a59 [marking 0x024884422989<JSFunction mixSpan32Locator32 (sfi = 0000015FF387B759)>  for optimization to TURBOFAN_JS, ConcurrencyMode::kConcurrent, reason: hot and stable]
<JSFunction emitSortedSetBits32 (sfi = 00000248844142B1)> for optimization to TURBOFAN_JS, ConcurrencyMode::kConcurrent, reason: hot and stable]
[marking 0x03f5f48a0281 <JSFunction emitSortedSetBits32 (sfi = 000003F5F4891AC1)> for optimization to TURBOFAN_JS, ConcurrencyMode::kConcurrent, reason: hot and stable]
[marking 0x03f5f48a0641 <JSFunction connect4RbaCofactorKnownHeight (sfi = 000003F5F4890B81)>[marking  for optimization to TURBOFAN_JS, ConcurrencyMode::kConcurrent, reason: hot and stable0x016ef32666f1]
 <JSFunction connect4RbaCofactorBasis (sfi = 0000016EF3256C79)> for optimization to TURBOFAN_JS, ConcurrencyMode::kConcurrent, reason: hot and stable]
[marking 0x006fec3e9e51 <JSFunction emitSortedSetBits32 (sfi = 0000006FEC3DB611)> for optimization to TURBOFAN_JS, ConcurrencyMode::kConcurrent, reason: hot and stable]
[marking 0x03f5f48a0581 <JSFunction connect4RbaCofactorBasis (sfi = 000003F5F4890AA9)> for optimization to TURBOFAN_JS, ConcurrencyMode::kConcurrent, reason: hot and stable]
[marking 0x0362c72e1631 <JSFunction connect4RbaCofactorKnownHeight (sfi = 00000362C72D1AD9)> for optimization to TURBOFAN_JS, ConcurrencyMode::kConcurrent, reason: hot and stable]
[marking 0x024884422989 <JSFunction emitSortedSetBits32 (sfi = 00000248844142B1)> for optimization to TURBOFAN_JS, ConcurrencyMode::kConcurrent, reason: hot and stable]
[marking 0x03f5f48a0641 <JSFunction connect4RbaCofactorKnownHeight (sfi = 000003F5F4890B81)> for optimization to TURBOFAN_JS, ConcurrencyMode::kConcurrent, reason: hot and stable]
[marking 0x024884422d49 <JSFunction connect4RbaCofactorKnownHeight (sfi = 0000024884413371)> for optimization to TURBOFAN_JS, ConcurrencyMode::kConcurrent, reason: hot and stable]
[marking 0x028b251dfcc9 [marking <JSFunction pairedResponseNoWin (sfi = 0000006FEC3DD901)> for optimization to MAGLEV, ConcurrencyMode::kConcurrent, reason: hot and stable]
0x0212c4629a79 [marking 0x03f5f48a0281 <JSFunction emitSortedSetBits32 (sfi = 000003F5F4891AC1)> for optimization to TURBOFAN_JS, ConcurrencyMode::kConcurrent, reason: hot and stable<JSFunction connect4RbaCofactorBasis (sfi = 00000212C461A019)>]
 for optimization to TURBOFAN_JS, ConcurrencyMode::kConcurrent, reason: hot and stable]
[marking 0x006fec3e9e51 <JSFunction emitSortedSetBits32 (sfi = 0000006FEC3DB611)> for optimization to TURBOFAN_JS, ConcurrencyMode::kConcurrent, reason: hot and stable]
[compiling method 0x028b251dfcc9 <JSFunction pairedResponseNoWin (sfi = 0000006FEC3DD901)> (target MAGLEV), mode: ConcurrencyMode::kConcurrent]
[marking 0x03f5f48a0641[marking  0x024884422989 <JSFunction connect4RbaCofactorKnownHeight (sfi = 000003F5F4890B81)> for optimization to TURBOFAN_JS, ConcurrencyMode::kConcurrent, reason: hot and stable]
<JSFunction emitSortedSetBits32 (sfi = 00000248844142B1)> for optimization to TURBOFAN_JS, ConcurrencyMode::kConcurrent, reason: hot and stable]
[marking 0x024884422c89 <JSFunction connect4RbaCofactorBasis (sfi = 0000024884413299)> for optimization to TURBOFAN_JS, ConcurrencyMode::kConcurrent, reason: hot and stable]
[marking 0x03f5f489f639 <JSFunction mixSpan32Locator32 (sfi = 000003F5F48898D1)> for optimization to TURBOFAN_JS, ConcurrencyMode::kConcurrent, reason: hot and stable]
[marking 0x0362c72e1631 <JSFunction connect4RbaCofactorKnownHeight (sfi = 00000362C72D1AD9)> for optimization to TURBOFAN_JS, ConcurrencyMode::kConcurrent, reason: hot and stable]
[marking 0x03f5f48a0281 [marking 0x006fec3e9e51 <JSFunction emitSortedSetBits32 (sfi = 000003F5F4891AC1)> for optimization to TURBOFAN_JS, ConcurrencyMode::kConcurrent, reason: hot and stable<JSFunction emitSortedSetBits32 (sfi = 0000006FEC3DB611)>]
 for optimization to TURBOFAN_JS, ConcurrencyMode::kConcurrent, reason: hot and stable]
[marking 0x03f5f48a0641 <JSFunction connect4RbaCofactorKnownHeight (sfi = 000003F5F4890B81)> for optimization to TURBOFAN_JS, ConcurrencyMode::kConcurrent, reason: hot and stable]
[marking [marking 0x02358b9929a10x024884422989  <JSFunction emitSortedSetBits32 (sfi = 00000248844142B1)> for optimization to TURBOFAN_JS, ConcurrencyMode::kConcurrent, reason: hot and stable]
<JSFunction connect4RbaCofactorBasis (sfi = 000002358B982F99)> for optimization to TURBOFAN_JS, ConcurrencyMode::kConcurrent, reason: hot and stable]
[completed compiling [marking 0x03e59bd0ef010x024884422d49  <JSFunction deriveForkPreemption32 (sfi = 000003F5F4893D69)> (target MAGLEV)<JSFunction connect4RbaCofactorKnownHeight (sfi = 0000024884413371)> - took 0.000, 0.991, 0.011 ms[marking  for optimization to TURBOFAN_JS, ConcurrencyMode::kConcurrent, reason: hot and stable]
]
0x02358b991a59 <JSFunction mixSpan32Locator32 (sfi = 0000015FF387B759)> for optimization to TURBOFAN_JS, ConcurrencyMode::kConcurrent, reason: hot and stable]
[marking 0x024884421d41 <JSFunction mixSpan32Locator32 (sfi = 000002488440C0A9)> for optimization to TURBOFAN_JS, ConcurrencyMode::kConcurrent, reason: hot and stable]
[marking 0x016ef32666f1 <JSFunction connect4RbaCofactorBasis (sfi = 0000016EF3256C79)> for optimization to TURBOFAN_JS, ConcurrencyMode::kConcurrent, reason: hot and stable]
[marking 0x03f5f48a0581 <JSFunction connect4RbaCofactorBasis (sfi = 000003F5F4890AA9)> for optimization to TURBOFAN_JS, ConcurrencyMode::kConcurrent, reason: hot and stable]
[marking 0x006fec3e9e51 <JSFunction emitSortedSetBits32 (sfi = 0000006FEC3DB611)> for optimization to TURBOFAN_JS, ConcurrencyMode::kConcurrent, reason: hot and stable]
[marking 0x006fec3e9209 <JSFunction mixSpan32Locator32 (sfi = 0000006FEC3D3409)> for optimization to TURBOFAN_JS, ConcurrencyMode::kConcurrent, reason: hot and stable]
[marking 0x024884422989 <JSFunction emitSortedSetBits32 (sfi = 00000248844142B1)> for optimization to TURBOFAN_JS, ConcurrencyMode::kConcurrent, reason: hot and stable]
[marking 0x03f5f48a0641 <JSFunction connect4RbaCofactorKnownHeight (sfi = 000003F5F4890B81)> for optimization to TURBOFAN_JS, ConcurrencyMode::kConcurrent, reason: hot and stable]
[marking 0x0362c72e1631 <JSFunction connect4RbaCofactorKnownHeight (sfi = 00000362C72D1AD9)> for optimization to TURBOFAN_JS, ConcurrencyMode::kConcurrent, reason: hot and stable]
[marking 0x0212c4629a79 <JSFunction connect4RbaCofactorBasis (sfi = 00000212C461A019)> for optimization to TURBOFAN_JS, ConcurrencyMode::kConcurrent, reason: hot and stable]
[marking 0x026e68e66e01 <JSFunction collectSingletonProfiles (sfi = 0000016EF3259F09)> for optimization to TURBOFAN_JS, ConcurrencyMode::kConcurrent, reason: hot and stable]
[completed compiling 0x03e59bd0fa61 <JSFunction probeConnect4RbaExactCacheSlot32Frontier (sfi = 000003F5F4884841)> (target MAGLEV) - took 0.000, 0.217, 0.007 ms[marking ]
0x0212c4628af1 <JSFunction publishSpan32 (sfi = 00000212C4612DE1)> for optimization to TURBOFAN_JS, ConcurrencyMode::kConcurrent, reason: hot and stable]
[marking 0x03f5f48a0281 <JSFunction emitSortedSetBits32 (sfi = 000003F5F4891AC1)> for optimization to TURBOFAN_JS, ConcurrencyMode::kConcurrent, reason: hot and stable]
[marking 0x006fec3e9e51 <JSFunction emitSortedSetBits32 (sfi = 0000006FEC3DB611)> for optimization to TURBOFAN_JS, ConcurrencyMode::kConcurrent, reason: hot and stable]
[marking 0x024884422d49 <JSFunction connect4RbaCofactorKnownHeight (sfi = 0000024884413371)> for optimization to TURBOFAN_JS, ConcurrencyMode::kConcurrent, reason: hot and stable]
[marking 0x006fec3e9209 <JSFunction mixSpan32Locator32 (sfi = 0000006FEC3D3409)> for optimization to TURBOFAN_JS, ConcurrencyMode::kConcurrent, reason: hot and stable]
[marking 0x024884422989 <JSFunction emitSortedSetBits32 (sfi = 00000248844142B1)> for optimization to TURBOFAN_JS, ConcurrencyMode::kConcurrent, reason: hot and stable]
[marking 0x024884422c89 <JSFunction connect4RbaCofactorBasis (sfi = 0000024884413299)> for optimization to TURBOFAN_JS, ConcurrencyMode::kConcurrent, reason: hot and stable]
[marking 0x03f5f48a0641 <JSFunction connect4RbaCofactorKnownHeight (sfi = 000003F5F4890B81)> for optimization to TURBOFAN_JS, ConcurrencyMode::kConcurrent, reason: hot and stable]
[marking 0x02358b9929a1 <JSFunction connect4RbaCofactorBasis (sfi = 000002358B982F99)> for optimization to TURBOFAN_JS, ConcurrencyMode::kConcurrent, reason: hot and stable]
[marking 0x006fec3ea211 <JSFunction connect4RbaCofactorKnownHeight (sfi = 0000006FEC3DA6D1)> for optimization to TURBOFAN_JS, ConcurrencyMode::kConcurrent, reason: hot and stable]
[completed compiling [marking 0x03f5f48a2c01 0x0362c72e1631 <JSFunction probeConnect4RbaSharedExactCache32 (sfi = 000003F5F489CD61)><JSFunction connect4RbaCofactorKnownHeight (sfi = 00000362C72D1AD9)> (target MAGLEV) for optimization to TURBOFAN_JS, ConcurrencyMode::kConcurrent, reason: hot and stable - took 0.000, 0.179, 0.011 ms]
]
[completed compiling 0x00cbc4a82781 <JSFunction searchCpcOnlyFrontier (sfi = 0000006FEC3CE4E1)> (target MAGLEV) - took 0.000, 2.698, 0.013 ms]
[marking 0x006fec3e9e51 <JSFunction emitSortedSetBits32 (sfi = 0000006FEC3DB611)> for optimization to TURBOFAN_JS, ConcurrencyMode::kConcurrent, reason: hot and stable]
[marking 0x024884422989[marking 0x016ef32666f1  <JSFunction connect4RbaCofactorBasis (sfi = 0000016EF3256C79)> for optimization to TURBOFAN_JS, ConcurrencyMode::kConcurrent, reason: hot and stable]
<JSFunction emitSortedSetBits32 (sfi = 00000248844142B1)> for optimization to TURBOFAN_JS, ConcurrencyMode::kConcurrent, reason: hot and stable]
[marking 0x03f5f48a0281 <JSFunction emitSortedSetBits32 (sfi = 000003F5F4891AC1)> for optimization to TURBOFAN_JS, ConcurrencyMode::kConcurrent, reason: hot and stable]
[marking 0x02358b991a59 <JSFunction mixSpan32Locator32 (sfi = 0000015FF387B759)> for optimization to TURBOFAN_JS, ConcurrencyMode::kConcurrent, reason: hot and stable]
[marking 0x024884422d49[marking  0x03f5f48a0641 <JSFunction connect4RbaCofactorKnownHeight (sfi = 0000024884413371)> for optimization to TURBOFAN_JS, ConcurrencyMode::kConcurrent, reason: hot and stable]
<JSFunction connect4RbaCofactorKnownHeight (sfi = 000003F5F4890B81)> for optimization to TURBOFAN_JS, ConcurrencyMode::kConcurrent, reason: hot and stable]
[marking 0x006fec3e9209 <JSFunction mixSpan32Locator32 (sfi = 0000006FEC3D3409)> for optimization to TURBOFAN_JS, ConcurrencyMode::kConcurrent, reason: hot and stable]
[marking 0x006fec3e9e51 <JSFunction emitSortedSetBits32 (sfi = 0000006FEC3DB611)> for optimization to TURBOFAN_JS, ConcurrencyMode::kConcurrent, reason: hot and stable]
[marking 0x03f5f489f639 <JSFunction mixSpan32Locator32 (sfi = 000003F5F48898D1)> for optimization to TURBOFAN_JS, ConcurrencyMode::kConcurrent, reason: hot and stable]
[marking 0x0212c4629a79 <JSFunction connect4RbaCofactorBasis (sfi = 00000212C461A019)> for optimization to TURBOFAN_JS, ConcurrencyMode::kConcurrent, reason: hot and stable]
[marking 0x03f5f48a0281 <JSFunction emitSortedSetBits32 (sfi = 000003F5F4891AC1)> for optimization to TURBOFAN_JS, ConcurrencyMode::kConcurrent, reason: hot and stable]
[marking 0x024884421d41 <JSFunction mixSpan32Locator32 (sfi = 000002488440C0A9)> for optimization to TURBOFAN_JS, ConcurrencyMode::kConcurrent, reason: hot and stable]
[marking 0x03f5f48a0641[marking  0x006fec3ea211 <JSFunction connect4RbaCofactorKnownHeight (sfi = 000003F5F4890B81)> for optimization to TURBOFAN_JS, ConcurrencyMode::kConcurrent, reason: hot and stable<JSFunction connect4RbaCofactorKnownHeight (sfi = 0000006FEC3DA6D1)>]
 for optimization to TURBOFAN_JS, ConcurrencyMode::kConcurrent, reason: hot and stable]
[marking 0x03f5f48a0581 <JSFunction connect4RbaCofactorBasis (sfi = 000003F5F4890AA9)> for optimization to TURBOFAN_JS, ConcurrencyMode::kConcurrent, reason: hot and stable]
[marking 0x024884422989 <JSFunction emitSortedSetBits32 (sfi = 00000248844142B1)> for optimization to TURBOFAN_JS, ConcurrencyMode::kConcurrent, reason: hot and stable]
[marking 0x0362c72e1631 <JSFunction connect4RbaCofactorKnownHeight (sfi = 00000362C72D1AD9)> for optimization to TURBOFAN_JS, ConcurrencyMode::kConcurrent, reason: hot and stable]
[marking 0x03f5f48a0281 <JSFunction emitSortedSetBits32 (sfi = 000003F5F4891AC1)> for optimization to TURBOFAN_JS, ConcurrencyMode::kConcurrent, reason: hot and stable]
[marking 0x03f5f48a0641 <JSFunction connect4RbaCofactorKnownHeight (sfi = 000003F5F4890B81)> for optimization to TURBOFAN_JS, ConcurrencyMode::kConcurrent, reason: hot and stable]
[marking [marking 0x006fec3e9e51 0x02358b991a19 <JSFunction emitSortedSetBits32 (sfi = 0000006FEC3DB611)> for optimization to TURBOFAN_JS, ConcurrencyMode::kConcurrent, reason: hot and stable]
<JSFunction publishSpan32 (sfi = 0000015FF387B711)> for optimization to TURBOFAN_JS, ConcurrencyMode::kConcurrent, reason: hot and stable]
[completed compiling 0x00cbc4aac881 <JSFunction prepareRemoveDense (sfi = 0000006FEC3D5F69)> (target MAGLEV) - took 0.000, 0.472, 0.004 ms]
[marking 0x03f5f48a0281 <JSFunction emitSortedSetBits32 (sfi = 000003F5F4891AC1)> for optimization to TURBOFAN_JS, ConcurrencyMode::kConcurrent, reason: hot and stable]
[marking 0x03f5f48a0641 <JSFunction connect4RbaCofactorKnownHeight (sfi = 000003F5F4890B81)> for optimization to TURBOFAN_JS, ConcurrencyMode::kConcurrent, reason: hot and stable]
[marking 0x024884422989 <JSFunction emitSortedSetBits32 (sfi = 00000248844142B1)> for optimization to TURBOFAN_JS, ConcurrencyMode::kConcurrent, reason: hot and stable]
[marking 0x024884422d49 <JSFunction connect4RbaCofactorKnownHeight (sfi = 0000024884413371)> for optimization to TURBOFAN_JS, ConcurrencyMode::kConcurrent, reason: hot and stable]
[marking 0x006fec3ea211 <JSFunction connect4RbaCofactorKnownHeight (sfi = 0000006FEC3DA6D1)> for optimization to TURBOFAN_JS, ConcurrencyMode::kConcurrent, reason: hot and stable]
[marking 0x02358b9929a1 [marking <JSFunction connect4RbaCofactorBasis (sfi = 000002358B982F99)> for optimization to TURBOFAN_JS, ConcurrencyMode::kConcurrent, reason: hot and stable0x024884422c89 ]
<JSFunction connect4RbaCofactorBasis (sfi = 0000024884413299)> for optimization to TURBOFAN_JS, ConcurrencyMode::kConcurrent, reason: hot and stable]
[marking 0x016ef32666f1 <JSFunction connect4RbaCofactorBasis (sfi = 0000016EF3256C79)> for optimization to TURBOFAN_JS, ConcurrencyMode::kConcurrent, reason: hot and stable]
[marking 0x03f5f48a0641 <JSFunction connect4RbaCofactorKnownHeight (sfi = 000003F5F4890B81)> for optimization to TURBOFAN_JS, ConcurrencyMode::kConcurrent, reason: hot and stable]
[marking 0x03f5f48a0281 <JSFunction emitSortedSetBits32 (sfi = 000003F5F4891AC1)> for optimization to TURBOFAN_JS, ConcurrencyMode::kConcurrent, reason: hot and stable]
[marking 0x006fec3e9e51 <JSFunction emitSortedSetBits32 (sfi = 0000006FEC3DB611)> for optimization to TURBOFAN_JS, ConcurrencyMode::kConcurrent, reason: hot and stable]
[marking 0x03f5f48a0581 <JSFunction connect4RbaCofactorBasis (sfi = 000003F5F4890AA9)> for optimization to TURBOFAN_JS, ConcurrencyMode::kConcurrent, reason: hot and stable]
[marking 0x006fec3e9209 <JSFunction mixSpan32Locator32 (sfi = 0000006FEC3D3409)> for optimization to TURBOFAN_JS, ConcurrencyMode::kConcurrent, reason: hot and stable]
[marking 0x0362c72e1631 <JSFunction connect4RbaCofactorKnownHeight (sfi = 00000362C72D1AD9)> for optimization to TURBOFAN_JS, ConcurrencyMode::kConcurrent, reason: hot and stable]
[marking 0x03f5f48a0641 <JSFunction connect4RbaCofactorKnownHeight (sfi = 000003F5F4890B81)> for optimization to TURBOFAN_JS, ConcurrencyMode::kConcurrent, reason: hot and stable]
[marking 0x03f5f48a0281 <JSFunction emitSortedSetBits32 (sfi = 000003F5F4891AC1)> for optimization to TURBOFAN_JS, ConcurrencyMode::kConcurrent, reason: hot and stable]
[marking 0x006fec3e9e51[marking  <JSFunction emitSortedSetBits32 (sfi = 0000006FEC3DB611)>0x024884422989  for optimization to TURBOFAN_JS, ConcurrencyMode::kConcurrent, reason: hot and stable]
<JSFunction emitSortedSetBits32 (sfi = 00000248844142B1)> for optimization to TURBOFAN_JS, ConcurrencyMode::kConcurrent, reason: hot and stable]
[marking [marking 0x03f5f48a0641 0x0212c4629a79 <JSFunction connect4RbaCofactorKnownHeight (sfi = 000003F5F4890B81)> for optimization to TURBOFAN_JS, ConcurrencyMode::kConcurrent, reason: hot and stable]
<JSFunction connect4RbaCofactorBasis (sfi = 00000212C461A019)> for optimization to TURBOFAN_JS, ConcurrencyMode::kConcurrent, reason: hot and stable]
[marking 0x03f5f48a0281 <JSFunction emitSortedSetBits32 (sfi = 000003F5F4891AC1)> for optimization to TURBOFAN_JS, ConcurrencyMode::kConcurrent, reason: hot and stable]
[marking 0x02358b991a59 <JSFunction mixSpan32Locator32 (sfi = 0000015FF387B759)> for optimization to TURBOFAN_JS, ConcurrencyMode::kConcurrent, reason: hot and stable[marking ]
0x006fec3ea211 <JSFunction connect4RbaCofactorKnownHeight (sfi = 0000006FEC3DA6D1)> for optimization to TURBOFAN_JS, ConcurrencyMode::kConcurrent, reason: hot and stable]
[marking 0x024884422d49 <JSFunction connect4RbaCofactorKnownHeight (sfi = 0000024884413371)> for optimization to TURBOFAN_JS, ConcurrencyMode::kConcurrent, reason: hot and stable]
[marking 0x03f5f48a0641 <JSFunction connect4RbaCofactorKnownHeight (sfi = 000003F5F4890B81)> for optimization to TURBOFAN_JS, ConcurrencyMode::kConcurrent, reason: hot and stable]
[marking 0x006fec3e9e51 <JSFunction emitSortedSetBits32 (sfi = 0000006FEC3DB611)> for optimization to TURBOFAN_JS, ConcurrencyMode::kConcurrent, reason: hot and stable]
[marking 0x03f5f489f639 <JSFunction mixSpan32Locator32 (sfi = 000003F5F48898D1)> for optimization to TURBOFAN_JS, ConcurrencyMode::kConcurrent, reason: hot and stable]
[marking 0x03f5f48a0281 <JSFunction emitSortedSetBits32 (sfi = 000003F5F4891AC1)> for optimization to TURBOFAN_JS, ConcurrencyMode::kConcurrent, reason: hot and stable]
[marking 0x0362c72e1631 <JSFunction connect4RbaCofactorKnownHeight (sfi = 00000362C72D1AD9)> for optimization to TURBOFAN_JS, ConcurrencyMode::kConcurrent, reason: hot and stable[marking ]
0x03f5f48a0581 <JSFunction connect4RbaCofactorBasis (sfi = 000003F5F4890AA9)> for optimization to TURBOFAN_JS, ConcurrencyMode::kConcurrent, reason: hot and stable]
[marking 0x024884422989 <JSFunction emitSortedSetBits32 (sfi = 00000248844142B1)> for optimization to TURBOFAN_JS, ConcurrencyMode::kConcurrent, reason: hot and stable]
[marking 0x03f5f48a0641 <JSFunction connect4RbaCofactorKnownHeight (sfi = 000003F5F4890B81)> for optimization to TURBOFAN_JS, ConcurrencyMode::kConcurrent, reason: hot and stable]
[marking [marking 0x006fec3ec8110x026e68e66e01  <JSFunction storeConnect4RbaSharedExactCache32 (sfi = 0000006FEC3E68F9)> for optimization to MAGLEV, ConcurrencyMode::kConcurrent, reason: hot and stable<JSFunction collectSingletonProfiles (sfi = 0000016EF3259F09)>]
 for optimization to TURBOFAN_JS, ConcurrencyMode::kConcurrent, reason: hot and stable]
[compiling method 0x006fec3ec811 <JSFunction storeConnect4RbaSharedExactCache32 (sfi = 0000006FEC3E68F9)> (target MAGLEV), mode: ConcurrencyMode::kConcurrent]
[marking 0x024884421d41 <JSFunction mixSpan32Locator32 (sfi = 000002488440C0A9)> for optimization to TURBOFAN_JS, ConcurrencyMode::kConcurrent, reason: hot and stable]
[marking 0x006fec3e9209 <JSFunction mixSpan32Locator32 (sfi = 0000006FEC3D3409)> for optimization to TURBOFAN_JS, ConcurrencyMode::kConcurrent, reason: hot and stable]
[marking 0x03f5f48a0641 <JSFunction connect4RbaCofactorKnownHeight (sfi = 000003F5F4890B81)> for optimization to TURBOFAN_JS, ConcurrencyMode::kConcurrent, reason: hot and stable]
[marking 0x03f5f48a0281 <JSFunction emitSortedSetBits32 (sfi = 000003F5F4891AC1)> for optimization to TURBOFAN_JS, ConcurrencyMode::kConcurrent, reason: hot and stable]
[marking 0x006fec3e9e51 <JSFunction emitSortedSetBits32 (sfi = 0000006FEC3DB611)> for optimization to TURBOFAN_JS, ConcurrencyMode::kConcurrent, reason: hot and stable]
[marking 0x02358b9929a1 <JSFunction connect4RbaCofactorBasis (sfi = 000002358B982F99)> for optimization to TURBOFAN_JS, ConcurrencyMode::kConcurrent, reason: hot and stable]
[marking 0x024884422989 [marking <JSFunction emitSortedSetBits32 (sfi = 00000248844142B1)> for optimization to TURBOFAN_JS, ConcurrencyMode::kConcurrent, reason: hot and stable0x016ef32666f1]
 <JSFunction connect4RbaCofactorBasis (sfi = 0000016EF3256C79)> for optimization to TURBOFAN_JS, ConcurrencyMode::kConcurrent, reason: hot and stable]
[marking 0x03f5f48a0641 [marking <JSFunction connect4RbaCofactorKnownHeight (sfi = 000003F5F4890B81)>0x006fec3ea211 for optimization to TURBOFAN_JS, ConcurrencyMode::kConcurrent, reason: hot and stable]
 <JSFunction connect4RbaCofactorKnownHeight (sfi = 0000006FEC3DA6D1)> for optimization to TURBOFAN_JS, ConcurrencyMode::kConcurrent, reason: hot and stable]
[marking 0x024884422c89 <JSFunction connect4RbaCofactorBasis (sfi = 0000024884413299)> for optimization to TURBOFAN_JS, ConcurrencyMode::kConcurrent, reason: hot and stable]
[marking 0x03f5f48a0281 <JSFunction emitSortedSetBits32 (sfi = 000003F5F4891AC1)> for optimization to TURBOFAN_JS, ConcurrencyMode::kConcurrent, reason: hot and stable]
[marking 0x024884422d49 <JSFunction connect4RbaCofactorKnownHeight (sfi = 0000024884413371)> for optimization to TURBOFAN_JS, ConcurrencyMode::kConcurrent, reason: hot and stable]
[marking 0x03f5f489f5f9 <JSFunction publishSpan32 (sfi = 000003F5F4889889)> for optimization to TURBOFAN_JS, ConcurrencyMode::kConcurrent, reason: hot and stable]
[completed compiling 0x028b251e00e1 [marking <JSFunction probeConnect4RbaExactCacheSlot32Frontier (sfi = 0000006FEC3CE379)> (target MAGLEV) - took 0.000, 0.736, 0.003 ms0x03f5f48a0641 ]
<JSFunction connect4RbaCofactorKnownHeight (sfi = 000003F5F4890B81)> for optimization to TURBOFAN_JS, ConcurrencyMode::kConcurrent, reason: hot and stable]
[marking 0x006fec3e9e51 <JSFunction emitSortedSetBits32 (sfi = 0000006FEC3DB611)> for optimization to TURBOFAN_JS, ConcurrencyMode::kConcurrent, reason: hot and stable]
[marking 0x03f5f48a0581 <JSFunction connect4RbaCofactorBasis (sfi = 000003F5F4890AA9)> for optimization to TURBOFAN_JS, ConcurrencyMode::kConcurrent, reason: hot and stable]
[marking 0x03f5f48a0281 <JSFunction emitSortedSetBits32 (sfi = 000003F5F4891AC1)> for optimization to TURBOFAN_JS, ConcurrencyMode::kConcurrent, reason: hot and stable]
[marking 0x0362c72e1631 [marking <JSFunction connect4RbaCofactorKnownHeight (sfi = 00000362C72D1AD9)> for optimization to TURBOFAN_JS, ConcurrencyMode::kConcurrent, reason: hot and stable]
0x024884422989 <JSFunction emitSortedSetBits32 (sfi = 00000248844142B1)> for optimization to TURBOFAN_JS, ConcurrencyMode::kConcurrent, reason: hot and stable]
[marking 0x03f5f48a0641 <JSFunction connect4RbaCofactorKnownHeight (sfi = 000003F5F4890B81)> for optimization to TURBOFAN_JS, ConcurrencyMode::kConcurrent, reason: hot and stable]
[marking 0x03f5f48a0281 <JSFunction emitSortedSetBits32 (sfi = 000003F5F4891AC1)> for optimization to TURBOFAN_JS, ConcurrencyMode::kConcurrent, reason: hot and stable]
[marking 0x006fec3ea211 <JSFunction connect4RbaCofactorKnownHeight (sfi = 0000006FEC3DA6D1)> for optimization to TURBOFAN_JS, ConcurrencyMode::kConcurrent, reason: hot and stable]
[marking 0x006fec3e9e51 <JSFunction emitSortedSetBits32 (sfi = 0000006FEC3DB611)> for optimization to TURBOFAN_JS, ConcurrencyMode::kConcurrent, reason: hot and stable]
[marking 0x03f5f48a0641 <JSFunction connect4RbaCofactorKnownHeight (sfi = 000003F5F4890B81)> for optimization to TURBOFAN_JS, ConcurrencyMode::kConcurrent, reason: hot and stable]
[marking 0x0212c4628af1 <JSFunction publishSpan32 (sfi = 00000212C4612DE1)> for optimization to TURBOFAN_JS, ConcurrencyMode::kConcurrent, reason: hot and stable]
[marking 0x0212c4629a79 <JSFunction connect4RbaCofactorBasis (sfi = 00000212C461A019)> for optimization to TURBOFAN_JS, ConcurrencyMode::kConcurrent, reason: hot and stable]
[marking 0x006fec3e9209 <JSFunction mixSpan32Locator32 (sfi = 0000006FEC3D3409)> for optimization to TURBOFAN_JS, ConcurrencyMode::kConcurrent, reason: hot and stable]
[marking 0x02358b991a59 <JSFunction mixSpan32Locator32 (sfi = 0000015FF387B759)> for optimization to TURBOFAN_JS, ConcurrencyMode::kConcurrent, reason: hot and stable]
[marking 0x024884422989 <JSFunction emitSortedSetBits32 (sfi = 00000248844142B1)> for optimization to TURBOFAN_JS, ConcurrencyMode::kConcurrent, reason: hot and stable]
[marking 0x03f5f48a0641 <JSFunction connect4RbaCofactorKnownHeight (sfi = 000003F5F4890B81)> for optimization to TURBOFAN_JS, ConcurrencyMode::kConcurrent, reason: hot and stable]
[marking 0x03f5f48a0281 <JSFunction emitSortedSetBits32 (sfi = 000003F5F4891AC1)> for optimization to TURBOFAN_JS, ConcurrencyMode::kConcurrent, reason: hot and stable]
[marking 0x024884422d49 <JSFunction connect4RbaCofactorKnownHeight (sfi = 0000024884413371)> for optimization to TURBOFAN_JS, ConcurrencyMode::kConcurrent, reason: hot and stable]
[marking 0x006fec3e9e51 <JSFunction emitSortedSetBits32 (sfi = 0000006FEC3DB611)> for optimization to TURBOFAN_JS, ConcurrencyMode::kConcurrent, reason: hot and stable[marking ]
0x03f5f48a0581 <JSFunction connect4RbaCofactorBasis (sfi = 000003F5F4890AA9)> for optimization to TURBOFAN_JS, ConcurrencyMode::kConcurrent, reason: hot and stable]
[marking 0x03f5f48a0641 <JSFunction connect4RbaCofactorKnownHeight (sfi = 000003F5F4890B81)> for optimization to TURBOFAN_JS, ConcurrencyMode::kConcurrent, reason: hot and stable]
[marking 0x03f5f489f639 <JSFunction mixSpan32Locator32 (sfi = 000003F5F48898D1)> for optimization to TURBOFAN_JS, ConcurrencyMode::kConcurrent, reason: hot and stable]
[marking 0x03f5f48a0281 <JSFunction emitSortedSetBits32 (sfi = 000003F5F4891AC1)> for optimization to TURBOFAN_JS, ConcurrencyMode::kConcurrent, reason: hot and stable]
[marking 0x006fec3ea211 <JSFunction connect4RbaCofactorKnownHeight (sfi = 0000006FEC3DA6D1)> for optimization to TURBOFAN_JS, ConcurrencyMode::kConcurrent, reason: hot and stable]
[marking 0x016ef32666f1 <JSFunction connect4RbaCofactorBasis (sfi = 0000016EF3256C79)> for optimization to TURBOFAN_JS, ConcurrencyMode::kConcurrent, reason: hot and stable]
[marking 0x0362c72e1631 <JSFunction connect4RbaCofactorKnownHeight (sfi = 00000362C72D1AD9)> for optimization to TURBOFAN_JS, ConcurrencyMode::kConcurrent, reason: hot and stable[marking ]
0x024884421d41 <JSFunction mixSpan32Locator32 (sfi = 000002488440C0A9)> for optimization to TURBOFAN_JS, ConcurrencyMode::kConcurrent, reason: hot and stable]
[marking [marking 0x02358b9929a1 0x03f5f48a0641 <JSFunction connect4RbaCofactorKnownHeight (sfi = 000003F5F4890B81)> for optimization to TURBOFAN_JS, ConcurrencyMode::kConcurrent, reason: hot and stable]
<JSFunction connect4RbaCofactorBasis (sfi = 000002358B982F99)> for optimization to TURBOFAN_JS, ConcurrencyMode::kConcurrent, reason: hot and stable]
[marking 0x024884422989 <JSFunction emitSortedSetBits32 (sfi = 00000248844142B1)> for optimization to TURBOFAN_JS, ConcurrencyMode::kConcurrent, reason: hot and stable]
[marking 0x03f5f48a0281 <JSFunction emitSortedSetBits32 (sfi = 000003F5F4891AC1)> for optimization to TURBOFAN_JS, ConcurrencyMode::kConcurrent, reason: hot and stable]
[marking 0x006fec3e9e51 <JSFunction emitSortedSetBits32 (sfi = 0000006FEC3DB611)> for optimization to TURBOFAN_JS, ConcurrencyMode::kConcurrent, reason: hot and stable]
[marking 0x024884422c89 <JSFunction connect4RbaCofactorBasis (sfi = 0000024884413299)> for optimization to TURBOFAN_JS, ConcurrencyMode::kConcurrent, reason: hot and stable]
[marking 0x03f5f48a0641 <JSFunction connect4RbaCofactorKnownHeight (sfi = 000003F5F4890B81)> for optimization to TURBOFAN_JS, ConcurrencyMode::kConcurrent, reason: hot and stable]
[marking 0x006fec3e9209 <JSFunction mixSpan32Locator32 (sfi = 0000006FEC3D3409)> for optimization to TURBOFAN_JS, ConcurrencyMode::kConcurrent, reason: hot and stable]
[marking 0x03f5f48a0281 <JSFunction emitSortedSetBits32 (sfi = 000003F5F4891AC1)> for optimization to TURBOFAN_JS, ConcurrencyMode::kConcurrent, reason: hot and stable]
[marking 0x03f5f489f5f9 <JSFunction publishSpan32 (sfi = 000003F5F4889889)> for optimization to TURBOFAN_JS, ConcurrencyMode::kConcurrent, reason: hot and stable]
[completed compiling 0x006fec3ec7d1 <JSFunction probeConnect4RbaSharedExactCache32 (sfi = 0000006FEC3E68B1)> (target MAGLEV) - took 0.001, 0.515, 0.005 ms]
[marking 0x03f5f48a0641 <JSFunction connect4RbaCofactorKnownHeight (sfi = 000003F5F4890B81)> for optimization to TURBOFAN_JS, ConcurrencyMode::kConcurrent, reason: hot and stable]
[marking 0x024884422d49 <JSFunction connect4RbaCofactorKnownHeight (sfi = 0000024884413371)> for optimization to TURBOFAN_JS, ConcurrencyMode::kConcurrent, reason: hot and stable]
[marking 0x03f5f48a0581 <JSFunction connect4RbaCofactorBasis (sfi = 000003F5F4890AA9)> for optimization to TURBOFAN_JS, ConcurrencyMode::kConcurrent, reason: hot and stable]
[marking 0x006fec3ea211 <JSFunction connect4RbaCofactorKnownHeight (sfi = 0000006FEC3DA6D1)> for optimization to TURBOFAN_JS, ConcurrencyMode::kConcurrent, reason: hot and stable]
[marking 0x024884422989 <JSFunction emitSortedSetBits32 (sfi = 00000248844142B1)> for optimization to TURBOFAN_JS, ConcurrencyMode::kConcurrent, reason: hot and stable]
[marking 0x006fec3e9e51 [marking <JSFunction emitSortedSetBits32 (sfi = 0000006FEC3DB611)> for optimization to TURBOFAN_JS, ConcurrencyMode::kConcurrent, reason: hot and stable]
0x0212c4629a79 <JSFunction connect4RbaCofactorBasis (sfi = 00000212C461A019)> for optimization to TURBOFAN_JS, ConcurrencyMode::kConcurrent, reason: hot and stable]
[marking 0x03f5f48a0281 <JSFunction emitSortedSetBits32 (sfi = 000003F5F4891AC1)> for optimization to TURBOFAN_JS, ConcurrencyMode::kConcurrent, reason: hot and stable]
[marking 0x03f5f48a0641 <JSFunction connect4RbaCofactorKnownHeight (sfi = 000003F5F4890B81)> for optimization to TURBOFAN_JS, ConcurrencyMode::kConcurrent, reason: hot and stable]
[marking 0x0362c72e1631 <JSFunction connect4RbaCofactorKnownHeight (sfi = 00000362C72D1AD9)> for optimization to TURBOFAN_JS, ConcurrencyMode::kConcurrent, reason: hot and stable]
[marking 0x0174ba059bf9 <JSFunction collectSingletonProfiles (sfi = 000002358B986211)> for optimization to TURBOFAN_JS, ConcurrencyMode::kConcurrent, reason: hot and stable]
[marking 0x02358b991a19 <JSFunction publishSpan32 (sfi = 0000015FF387B711)> for optimization to TURBOFAN_JS, ConcurrencyMode::kConcurrent, reason: hot and stable[marking ]
0x006fec3e9e51 <JSFunction emitSortedSetBits32 (sfi = 0000006FEC3DB611)> for optimization to TURBOFAN_JS, ConcurrencyMode::kConcurrent, reason: hot and stable]
[marking 0x024884422989 <JSFunction emitSortedSetBits32 (sfi = 00000248844142B1)> for optimization to TURBOFAN_JS, ConcurrencyMode::kConcurrent, reason: hot and stable]
[marking 0x03f5f48a0281 <JSFunction emitSortedSetBits32 (sfi = 000003F5F4891AC1)> for optimization to TURBOFAN_JS, ConcurrencyMode::kConcurrent, reason: hot and stable]
[marking 0x03f5f48a0641 <JSFunction connect4RbaCofactorKnownHeight (sfi = 000003F5F4890B81)> for optimization to TURBOFAN_JS, ConcurrencyMode::kConcurrent, reason: hot and stable]
[marking 0x024884422d49 <JSFunction connect4RbaCofactorKnownHeight (sfi = 0000024884413371)> for optimization to TURBOFAN_JS, ConcurrencyMode::kConcurrent, reason: hot and stable]
[marking 0x02358b991a59 [marking <JSFunction mixSpan32Locator32 (sfi = 0000015FF387B759)> for optimization to TURBOFAN_JS, ConcurrencyMode::kConcurrent, reason: hot and stable]
0x006fec3ea211 <JSFunction connect4RbaCofactorKnownHeight (sfi = 0000006FEC3DA6D1)> for optimization to TURBOFAN_JS, ConcurrencyMode::kConcurrent, reason: hot and stable]
[marking 0x023e389ceec1 <JSFunction collectSingletonProfiles (sfi = 00000212C461D2A9)> for optimization to TURBOFAN_JS, ConcurrencyMode::kConcurrent, reason: hot and stable]
[marking 0x02358b9929a1 <JSFunction connect4RbaCofactorBasis (sfi = 000002358B982F99)> for optimization to TURBOFAN_JS, ConcurrencyMode::kConcurrent, reason: hot and stable]
[marking 0x016ef32666f1 <JSFunction connect4RbaCofactorBasis (sfi = 0000016EF3256C79)> for optimization to TURBOFAN_JS, ConcurrencyMode::kConcurrent, reason: hot and stable]
[marking 0x0362c72e1631 <JSFunction connect4RbaCofactorKnownHeight (sfi = 00000362C72D1AD9)> for optimization to TURBOFAN_JS, ConcurrencyMode::kConcurrent, reason: hot and stable]
[completed compiling 0x028b251e0121 <JSFunction storeConnect4RbaExactCacheSlot32Frontier (sfi = 0000006FEC3CE3C1)> (target MAGLEV) - took 0.000, 0.308, 0.003 ms]
[marking 0x006fec3e9e51 <JSFunction emitSortedSetBits32 (sfi = 0000006FEC3DB611)> for optimization to TURBOFAN_JS, ConcurrencyMode::kConcurrent, reason: hot and stable]
[marking [marking 0x024884422c89 0x03f5f48a0641 <JSFunction connect4RbaCofactorKnownHeight (sfi = 000003F5F4890B81)><JSFunction connect4RbaCofactorBasis (sfi = 0000024884413299)> for optimization to TURBOFAN_JS, ConcurrencyMode::kConcurrent, reason: hot and stable]
 for optimization to TURBOFAN_JS, ConcurrencyMode::kConcurrent, reason: hot and stable]
[marking 0x03f5f48a0281 <JSFunction emitSortedSetBits32 (sfi = 000003F5F4891AC1)> for optimization to TURBOFAN_JS, ConcurrencyMode::kConcurrent, reason: hot and stable]
[marking 0x024884422989 <JSFunction emitSortedSetBits32 (sfi = 00000248844142B1)> for optimization to TURBOFAN_JS, ConcurrencyMode::kConcurrent, reason: hot and stable]
[marking 0x03f5f489f639 <JSFunction mixSpan32Locator32 (sfi = 000003F5F48898D1)> for optimization to TURBOFAN_JS, ConcurrencyMode::kConcurrent, reason: hot and stable]
[marking 0x026e68e66e01 <JSFunction collectSingletonProfiles (sfi = 0000016EF3259F09)>[marking 0x03f5f48a0581 <JSFunction connect4RbaCofactorBasis (sfi = 000003F5F4890AA9)> for optimization to TURBOFAN_JS, ConcurrencyMode::kConcurrent, reason: hot and stable for optimization to TURBOFAN_JS, ConcurrencyMode::kConcurrent, reason: hot and stable]
]
[marking 0x024884421d41 <JSFunction mixSpan32Locator32 (sfi = 000002488440C0A9)> for optimization to TURBOFAN_JS, ConcurrencyMode::kConcurrent, reason: hot and stable]
[marking 0x0212c4629a79[marking  0x03f5f48a0641 <JSFunction connect4RbaCofactorKnownHeight (sfi = 000003F5F4890B81)> for optimization to TURBOFAN_JS, ConcurrencyMode::kConcurrent, reason: hot and stable]
<JSFunction connect4RbaCofactorBasis (sfi = 00000212C461A019)> for optimization to TURBOFAN_JS, ConcurrencyMode::kConcurrent, reason: hot and stable]
[marking 0x006fec3ea211 <JSFunction connect4RbaCofactorKnownHeight (sfi = 0000006FEC3DA6D1)> for optimization to TURBOFAN_JS, ConcurrencyMode::kConcurrent, reason: hot and stable]
[marking 0x03f5f48a0281 [marking 0x006fec3e9e51 <JSFunction emitSortedSetBits32 (sfi = 000003F5F4891AC1)> for optimization to TURBOFAN_JS, ConcurrencyMode::kConcurrent, reason: hot and stable<JSFunction emitSortedSetBits32 (sfi = 0000006FEC3DB611)>]
 for optimization to TURBOFAN_JS, ConcurrencyMode::kConcurrent, reason: hot and stable]
[marking 0x024884422d49 <JSFunction connect4RbaCofactorKnownHeight (sfi = 0000024884413371)> for optimization to TURBOFAN_JS, ConcurrencyMode::kConcurrent, reason: hot and stable]
[marking 0x03f5f48a0641 <JSFunction connect4RbaCofactorKnownHeight (sfi = 000003F5F4890B81)> for optimization to TURBOFAN_JS, ConcurrencyMode::kConcurrent, reason: hot and stable]
[marking 0x0362c72e1631 <JSFunction connect4RbaCofactorKnownHeight (sfi = 00000362C72D1AD9)> for optimization to TURBOFAN_JS, ConcurrencyMode::kConcurrent, reason: hot and stable]
[marking 0x024884422989 <JSFunction emitSortedSetBits32 (sfi = 00000248844142B1)> for optimization to TURBOFAN_JS, ConcurrencyMode::kConcurrent, reason: hot and stable]
[marking 0x03f5f48a0281 <JSFunction emitSortedSetBits32 (sfi = 000003F5F4891AC1)> for optimization to TURBOFAN_JS, ConcurrencyMode::kConcurrent, reason: hot and stable]
[marking 0x03f5f48a0641 <JSFunction connect4RbaCofactorKnownHeight (sfi = 000003F5F4890B81)> for optimization to TURBOFAN_JS, ConcurrencyMode::kConcurrent, reason: hot and stable[marking ]
0x006fec3e9e51 <JSFunction emitSortedSetBits32 (sfi = 0000006FEC3DB611)> for optimization to TURBOFAN_JS, ConcurrencyMode::kConcurrent, reason: hot and stable]
[marking 0x016ef32666f1 <JSFunction connect4RbaCofactorBasis (sfi = 0000016EF3256C79)> for optimization to TURBOFAN_JS, ConcurrencyMode::kConcurrent, reason: hot and stable]
[marking 0x006fec3ea211 <JSFunction connect4RbaCofactorKnownHeight (sfi = 0000006FEC3DA6D1)> for optimization to TURBOFAN_JS, ConcurrencyMode::kConcurrent, reason: hot and stable]
[marking 0x03f5f48a0581 <JSFunction connect4RbaCofactorBasis (sfi = 000003F5F4890AA9)> for optimization to TURBOFAN_JS, ConcurrencyMode::kConcurrent, reason: hot and stable]
[marking 0x03f5f48a0281 <JSFunction emitSortedSetBits32 (sfi = 000003F5F4891AC1)> for optimization to TURBOFAN_JS, ConcurrencyMode::kConcurrent, reason: hot and stable]
[marking 0x03f5f48a0641 <JSFunction connect4RbaCofactorKnownHeight (sfi = 000003F5F4890B81)> for optimization to TURBOFAN_JS, ConcurrencyMode::kConcurrent, reason: hot and stable]
[marking 0x024884422989 <JSFunction emitSortedSetBits32 (sfi = 00000248844142B1)> for optimization to TURBOFAN_JS, ConcurrencyMode::kConcurrent, reason: hot and stable]
[marking 0x024884422d49 <JSFunction connect4RbaCofactorKnownHeight (sfi = 0000024884413371)> for optimization to TURBOFAN_JS, ConcurrencyMode::kConcurrent, reason: hot and stable]
[marking 0x006fec3e9e51 <JSFunction emitSortedSetBits32 (sfi = 0000006FEC3DB611)> for optimization to TURBOFAN_JS, ConcurrencyMode::kConcurrent, reason: hot and stable[marking ]
0x03f5f48a0641 <JSFunction connect4RbaCofactorKnownHeight (sfi = 000003F5F4890B81)> for optimization to TURBOFAN_JS, ConcurrencyMode::kConcurrent, reason: hot and stable]
[marking [marking 0x03f5f489f5f9 0x02358b9929a1<JSFunction publishSpan32 (sfi = 000003F5F4889889)>  for optimization to TURBOFAN_JS, ConcurrencyMode::kConcurrent, reason: hot and stable[marking ]
<JSFunction connect4RbaCofactorBasis (sfi = 000002358B982F99)>0x006fec3e9209  for optimization to TURBOFAN_JS, ConcurrencyMode::kConcurrent, reason: hot and stable<JSFunction mixSpan32Locator32 (sfi = 0000006FEC3D3409)>]
 for optimization to TURBOFAN_JS, ConcurrencyMode::kConcurrent, reason: hot and stable]
[marking 0x0362c72e1631 <JSFunction connect4RbaCofactorKnownHeight (sfi = 00000362C72D1AD9)> for optimization to TURBOFAN_JS, ConcurrencyMode::kConcurrent, reason: hot and stable]
[marking 0x03f5f48a0281 <JSFunction emitSortedSetBits32 (sfi = 000003F5F4891AC1)> for optimization to TURBOFAN_JS, ConcurrencyMode::kConcurrent, reason: hot and stable]
[marking 0x006fec3ea211 <JSFunction connect4RbaCofactorKnownHeight (sfi = 0000006FEC3DA6D1)> for optimization to TURBOFAN_JS, ConcurrencyMode::kConcurrent, reason: hot and stable]
[bailout (kind: deopt-eager, reason: Insufficient type feedback for generic named access): begin. deoptimizing 0x00cbc4a82781 <JSFunction searchCpcOnlyFrontier (sfi = 0000006FEC3CE4E1)>, [marking 0x034e3911da01 0x03f5f48a0641 <Code MAGLEV>, opt id 40, bytecode offset 292, deopt exit 168, FP to SP delta 600, caller SP 0x0060099f9148, pc 0x022cc331e0e7]
<JSFunction connect4RbaCofactorKnownHeight (sfi = 000003F5F4890B81)> for optimization to TURBOFAN_JS, ConcurrencyMode::kConcurrent, reason: hot and stable]
[marking 0x024884422c89 <JSFunction connect4RbaCofactorBasis (sfi = 0000024884413299)> for optimization to TURBOFAN_JS, ConcurrencyMode::kConcurrent, reason: hot and stable]
[marking 0x02358b991a59 <JSFunction mixSpan32Locator32 (sfi = 0000015FF387B759)> for optimization to TURBOFAN_JS, ConcurrencyMode::kConcurrent, reason: hot and stable]
[marking 0x0212c4629a79 <JSFunction connect4RbaCofactorBasis (sfi = 00000212C461A019)> for optimization to TURBOFAN_JS, ConcurrencyMode::kConcurrent, reason: hot and stable]
[marking 0x024884422989 <JSFunction emitSortedSetBits32 (sfi = 00000248844142B1)> for optimization to TURBOFAN_JS, ConcurrencyMode::kConcurrent, reason: hot and stable]
[marking 0x03f5f48a0281 <JSFunction emitSortedSetBits32 (sfi = 000003F5F4891AC1)> for optimization to TURBOFAN_JS, ConcurrencyMode::kConcurrent, reason: hot and stable]
[marking 0x03f5f48a0641 <JSFunction connect4RbaCofactorKnownHeight (sfi = 000003F5F4890B81)> for optimization to TURBOFAN_JS, ConcurrencyMode::kConcurrent, reason: hot and stable]
[marking 0x03f5f48a0581 <JSFunction connect4RbaCofactorBasis (sfi = 000003F5F4890AA9)> for optimization to TURBOFAN_JS, ConcurrencyMode::kConcurrent, reason: hot and stable]
[marking 0x03f5f489f639 <JSFunction mixSpan32Locator32 (sfi = 000003F5F48898D1)> for optimization to TURBOFAN_JS, ConcurrencyMode::kConcurrent, reason: hot and stable]
[marking 0x024884422d49 <JSFunction connect4RbaCofactorKnownHeight (sfi = 0000024884413371)> for optimization to TURBOFAN_JS, ConcurrencyMode::kConcurrent, reason: hot and stable]
[marking 0x03f5f48a0641 <JSFunction connect4RbaCofactorKnownHeight (sfi = 000003F5F4890B81)> for optimization to TURBOFAN_JS, ConcurrencyMode::kConcurrent, reason: hot and stable]
[marking 0x016ef32666f1 <JSFunction connect4RbaCofactorBasis (sfi = 0000016EF3256C79)> for optimization to TURBOFAN_JS, ConcurrencyMode::kConcurrent, reason: hot and stable[marking ]
0x03f5f48a0281 <JSFunction emitSortedSetBits32 (sfi = 000003F5F4891AC1)> for optimization to TURBOFAN_JS, ConcurrencyMode::kConcurrent, reason: hot and stable]
[bailout (kind: deopt-lazy, reason: (unknown)): begin. deoptimizing 0x00cbc4a82781 <JSFunction searchCpcOnlyFrontier (sfi = 0000006FEC3CE4E1)>, 0x034e3911da01 <Code MAGLEV>, opt id 40, bytecode offset 2072, deopt exit 199, FP to SP delta 600, caller SP 0x0060099f9410, pc 0x022cc331e163]
[marking 0x024884422989 [marking <JSFunction emitSortedSetBits32 (sfi = 00000248844142B1)> for optimization to TURBOFAN_JS, ConcurrencyMode::kConcurrent, reason: hot and stable0x026e68e66e01 ]
<JSFunction collectSingletonProfiles (sfi = 0000016EF3259F09)> for optimization to TURBOFAN_JS, ConcurrencyMode::kConcurrent, reason: hot and stable[marking [marking 0x03f5f48a0641 [marking 0x006fec3e9e51 <JSFunction connect4RbaCofactorKnownHeight (sfi = 000003F5F4890B81)> for optimization to TURBOFAN_JS, ConcurrencyMode::kConcurrent, reason: hot and stable]
<JSFunction emitSortedSetBits32 (sfi = 0000006FEC3DB611)>0x0362c72e1631 for optimization to TURBOFAN_JS, ConcurrencyMode::kConcurrent, reason: hot and stable]
]
 [marking 0x024884421d41 <JSFunction connect4RbaCofactorKnownHeight (sfi = 00000362C72D1AD9)> for optimization to TURBOFAN_JS, ConcurrencyMode::kConcurrent, reason: hot and stable<JSFunction mixSpan32Locator32 (sfi = 000002488440C0A9)>]
 for optimization to TURBOFAN_JS, ConcurrencyMode::kConcurrent, reason: hot and stable]
[bailout (kind: deopt-lazy, reason: (unknown)): begin. deoptimizing 0x00cbc4a82781 <JSFunction searchCpcOnlyFrontier (sfi = 0000006FEC3CE4E1)>, 0x034e3911da01 <Code MAGLEV>, opt id 40, bytecode offset 2072, deopt exit 199, FP to SP delta 600, caller SP 0x0060099f96d8, pc 0x022cc331e163]
[marking 0x03f5f48a0281 <JSFunction emitSortedSetBits32 (sfi = 000003F5F4891AC1)> for optimization to TURBOFAN_JS, ConcurrencyMode::kConcurrent, reason: hot and stable]
[marking 0x03f5f48a0641 <JSFunction connect4RbaCofactorKnownHeight (sfi = 000003F5F4890B81)> for optimization to TURBOFAN_JS, ConcurrencyMode::kConcurrent, reason: hot and stable]
[bailout (kind: deopt-lazy, reason: (unknown)): begin. deoptimizing 0x00cbc4a82781 <JSFunction searchCpcOnlyFrontier (sfi = 0000006FEC3CE4E1)>, 0x034e3911da01 <Code MAGLEV>, opt id 40, bytecode offset 2072, deopt exit 199, FP to SP delta 600, caller SP 0x0060099f99a0, pc 0x022cc331e163]
[bailout (kind: deopt-lazy, reason: (unknown)): begin. deoptimizing 0x00cbc4a82781 <JSFunction searchCpcOnlyFrontier (sfi = 0000006FEC3CE4E1)>, 0x034e3911da01 <Code MAGLEV>, opt id 40, bytecode offset 2072, deopt exit 199, FP to SP delta 600, caller SP 0x0060099f9c68, pc 0x022cc331e163]
[marking 0x03f5f48a0281 <JSFunction emitSortedSetBits32 (sfi = 000003F5F4891AC1)> for optimization to TURBOFAN_JS, ConcurrencyMode::kConcurrent, reason: hot and stable]
[bailout (kind: deopt-lazy, reason: (unknown)): begin. deoptimizing 0x00cbc4a82781 <JSFunction searchCpcOnlyFrontier (sfi = 0000006FEC3CE4E1)>, 0x034e3911da01 <Code MAGLEV>, opt id 40, bytecode offset 2072, deopt exit 199, FP to SP delta 600, caller SP 0x0060099f9f30, pc 0x022cc331e163]
[marking 0x03f5f48a0581 <JSFunction connect4RbaCofactorBasis (sfi = 000003F5F4890AA9)> for optimization to TURBOFAN_JS, ConcurrencyMode::kConcurrent, reason: hot and stable]
[marking 0x024884422989 <JSFunction emitSortedSetBits32 (sfi = 00000248844142B1)> for optimization to TURBOFAN_JS, ConcurrencyMode::kConcurrent, reason: hot and stable]
[marking 0x03f5f48a0641 [marking <JSFunction connect4RbaCofactorKnownHeight (sfi = 000003F5F4890B81)> for optimization to TURBOFAN_JS, ConcurrencyMode::kConcurrent, reason: hot and stable0x02358b9929a1]
 <JSFunction connect4RbaCofactorBasis (sfi = 000002358B982F99)> for optimization to TURBOFAN_JS, ConcurrencyMode::kConcurrent, reason: hot and stable]
[marking 0x024884422d49 <JSFunction connect4RbaCofactorKnownHeight (sfi = 0000024884413371)> for optimization to TURBOFAN_JS, ConcurrencyMode::kConcurrent, reason: hot and stable]
[marking 0x0362c72e1631 <JSFunction connect4RbaCofactorKnownHeight (sfi = 00000362C72D1AD9)> for optimization to TURBOFAN_JS, ConcurrencyMode::kConcurrent, reason: hot and stable]
[marking 0x03f5f48a0281 <JSFunction emitSortedSetBits32 (sfi = 000003F5F4891AC1)> for optimization to TURBOFAN_JS, ConcurrencyMode::kConcurrent, reason: hot and stable]
[marking 0x006fec3e9e51 <JSFunction emitSortedSetBits32 (sfi = 0000006FEC3DB611)> for optimization to TURBOFAN_JS, ConcurrencyMode::kConcurrent, reason: hot and stable]
[marking 0x03f5f48a0641 <JSFunction connect4RbaCofactorKnownHeight (sfi = 000003F5F4890B81)> for optimization to TURBOFAN_JS, ConcurrencyMode::kConcurrent, reason: hot and stable]
[marking 0x024884422c89 [marking <JSFunction connect4RbaCofactorBasis (sfi = 0000024884413299)> for optimization to TURBOFAN_JS, ConcurrencyMode::kConcurrent, reason: hot and stable]
0x0212c4629a79[marking  0x016ef32666f1 <JSFunction connect4RbaCofactorBasis (sfi = 0000016EF3256C79)> for optimization to TURBOFAN_JS, ConcurrencyMode::kConcurrent, reason: hot and stable]
<JSFunction connect4RbaCofactorBasis (sfi = 00000212C461A019)> for optimization to TURBOFAN_JS, ConcurrencyMode::kConcurrent, reason: hot and stable[marking ]
0x03f5f48a0281 <JSFunction emitSortedSetBits32 (sfi = 000003F5F4891AC1)> for optimization to TURBOFAN_JS, ConcurrencyMode::kConcurrent, reason: hot and stable]
[marking 0x006fec3e9209 <JSFunction mixSpan32Locator32 (sfi = 0000006FEC3D3409)> for optimization to TURBOFAN_JS, ConcurrencyMode::kConcurrent, reason: hot and stable]
[marking 0x016ef3265769 <JSFunction publishSpan32 (sfi = 0000016EF324FA29)> for optimization to TURBOFAN_JS, ConcurrencyMode::kConcurrent, reason: hot and stable]
[marking 0x006fec3ea211 <JSFunction connect4RbaCofactorKnownHeight (sfi = 0000006FEC3DA6D1)> for optimization to TURBOFAN_JS, ConcurrencyMode::kConcurrent, reason: hot and stable]
[marking 0x03f5f48a0641 <JSFunction connect4RbaCofactorKnownHeight (sfi = 000003F5F4890B81)> for optimization to TURBOFAN_JS, ConcurrencyMode::kConcurrent, reason: hot and stable]
[marking [marking 0x0212c4628af1 0x024884422989 <JSFunction publishSpan32 (sfi = 00000212C4612DE1)><JSFunction emitSortedSetBits32 (sfi = 00000248844142B1)> for optimization to TURBOFAN_JS, ConcurrencyMode::kConcurrent, reason: hot and stable for optimization to TURBOFAN_JS, ConcurrencyMode::kConcurrent, reason: hot and stable]
]
[marking 0x006fec3e9e51 <JSFunction emitSortedSetBits32 (sfi = 0000006FEC3DB611)> for optimization to TURBOFAN_JS, ConcurrencyMode::kConcurrent, reason: hot and stable]
[marking 0x03f5f489f5f9 <JSFunction publishSpan32 (sfi = 000003F5F4889889)> for optimization to TURBOFAN_JS, ConcurrencyMode::kConcurrent, reason: hot and stable]
[marking 0x02358b991a59 <JSFunction mixSpan32Locator32 (sfi = 0000015FF387B759)> for optimization to TURBOFAN_JS, ConcurrencyMode::kConcurrent, reason: hot and stable]
[marking 0x03f5f48a0281 <JSFunction emitSortedSetBits32 (sfi = 000003F5F4891AC1)> for optimization to TURBOFAN_JS, ConcurrencyMode::kConcurrent, reason: hot and stable]
[marking 0x024884422d49 <JSFunction connect4RbaCofactorKnownHeight (sfi = 0000024884413371)> for optimization to TURBOFAN_JS, ConcurrencyMode::kConcurrent, reason: hot and stable]
[marking 0x03f5f48a0641 <JSFunction connect4RbaCofactorKnownHeight (sfi = 000003F5F4890B81)> for optimization to TURBOFAN_JS, ConcurrencyMode::kConcurrent, reason: hot and stable]
[marking 0x03f5f48a0581 <JSFunction connect4RbaCofactorBasis (sfi = 000003F5F4890AA9)> for optimization to TURBOFAN_JS, ConcurrencyMode::kConcurrent, reason: hot and stable]
[marking 0x0362c72e1631 <JSFunction connect4RbaCofactorKnownHeight (sfi = 00000362C72D1AD9)> for optimization to TURBOFAN_JS, ConcurrencyMode::kConcurrent, reason: hot and stable]
[bailout (kind: deopt-lazy, reason: (unknown)): begin. deoptimizing 0x00cbc4a82781 <JSFunction searchCpcOnlyFrontier (sfi = 0000006FEC3CE4E1)>, 0x034e3911da01 <Code MAGLEV>, opt id 40, bytecode offset 2072, deopt exit 199, FP to SP delta 600, caller SP 0x0060099fa1f8, pc 0x022cc331e163]
[marking 0x03f5f489f639 <JSFunction mixSpan32Locator32 (sfi = 000003F5F48898D1)> for optimization to TURBOFAN_JS, ConcurrencyMode::kConcurrent, reason: hot and stable]
[marking 0x024884422989 <JSFunction emitSortedSetBits32 (sfi = 00000248844142B1)> for optimization to TURBOFAN_JS, ConcurrencyMode::kConcurrent, reason: hot and stable]
[marking 0x03f5f48a0281 <JSFunction emitSortedSetBits32 (sfi = 000003F5F4891AC1)> for optimization to TURBOFAN_JS, ConcurrencyMode::kConcurrent, reason: hot and stable]
[marking 0x03f5f48a0641 <JSFunction connect4RbaCofactorKnownHeight (sfi = 000003F5F4890B81)> for optimization to TURBOFAN_JS, ConcurrencyMode::kConcurrent, reason: hot and stable]
[marking 0x006fec3e9e51 <JSFunction emitSortedSetBits32 (sfi = 0000006FEC3DB611)> for optimization to TURBOFAN_JS, ConcurrencyMode::kConcurrent, reason: hot and stable]
[marking [marking 0x03f5f48a0641 <JSFunction connect4RbaCofactorKnownHeight (sfi = 000003F5F4890B81)> for optimization to TURBOFAN_JS, ConcurrencyMode::kConcurrent, reason: hot and stable]
0x006fec3ea211 <JSFunction connect4RbaCofactorKnownHeight (sfi = 0000006FEC3DA6D1)> for optimization to TURBOFAN_JS, ConcurrencyMode::kConcurrent, reason: hot and stable]
[marking 0x03f5f48a0281 <JSFunction emitSortedSetBits32 (sfi = 000003F5F4891AC1)> for optimization to TURBOFAN_JS, ConcurrencyMode::kConcurrent, reason: hot and stable]
[completed compiling 0x0174ba05a1d1 <JSFunction searchCpcOnlyFrontier (sfi = 0000015FF3876831)> (target MAGLEV) - took 0.000, 2.135, 0.024 ms]
[marking 0x016ef32666f1 <JSFunction connect4RbaCofactorBasis (sfi = 0000016EF3256C79)> for optimization to TURBOFAN_JS, ConcurrencyMode::kConcurrent, reason: hot and stable]
[marking 0x024884421d41 <JSFunction mixSpan32Locator32 (sfi = 000002488440C0A9)> for optimization to TURBOFAN_JS, ConcurrencyMode::kConcurrent, reason: hot and stable]
[marking 0x024884422989 <JSFunction emitSortedSetBits32 (sfi = 00000248844142B1)> for optimization to TURBOFAN_JS, ConcurrencyMode::kConcurrent, reason: hot and stable]
[marking 0x03f5f48a0641 <JSFunction connect4RbaCofactorKnownHeight (sfi = 000003F5F4890B81)> for optimization to TURBOFAN_JS, ConcurrencyMode::kConcurrent, reason: hot and stable]
[marking 0x02358b9929a1 <JSFunction connect4RbaCofactorBasis (sfi = 000002358B982F99)> for optimization to TURBOFAN_JS, ConcurrencyMode::kConcurrent, reason: hot and stable]
[marking 0x006fec3e9209 <JSFunction mixSpan32Locator32 (sfi = 0000006FEC3D3409)> for optimization to TURBOFAN_JS, ConcurrencyMode::kConcurrent, reason: hot and stable]
[marking 0x03f5f48a0281 <JSFunction emitSortedSetBits32 (sfi = 000003F5F4891AC1)> for optimization to TURBOFAN_JS, ConcurrencyMode::kConcurrent, reason: hot and stable]
[marking 0x03f5f48a0581 <JSFunction connect4RbaCofactorBasis (sfi = 000003F5F4890AA9)> for optimization to TURBOFAN_JS, ConcurrencyMode::kConcurrent, reason: hot and stable]
[marking 0x006fec3e9e51 <JSFunction emitSortedSetBits32 (sfi = 0000006FEC3DB611)> for optimization to TURBOFAN_JS, ConcurrencyMode::kConcurrent, reason: hot and stable]
[marking 0x0212c4629a79 <JSFunction connect4RbaCofactorBasis (sfi = 00000212C461A019)> for optimization to TURBOFAN_JS, ConcurrencyMode::kConcurrent, reason: hot and stable]
[marking 0x024884422d49 <JSFunction connect4RbaCofactorKnownHeight (sfi = 0000024884413371)> for optimization to TURBOFAN_JS, ConcurrencyMode::kConcurrent, reason: hot and stable]
[marking 0x03f5f48a0641 <JSFunction connect4RbaCofactorKnownHeight (sfi = 000003F5F4890B81)> for optimization to TURBOFAN_JS, ConcurrencyMode::kConcurrent, reason: hot and stable]
[marking 0x0362c72e1631 <JSFunction connect4RbaCofactorKnownHeight (sfi = 00000362C72D1AD9)> for optimization to TURBOFAN_JS, ConcurrencyMode::kConcurrent, reason: hot and stable]
[marking 0x03f5f48a0281 <JSFunction emitSortedSetBits32 (sfi = 000003F5F4891AC1)> for optimization to TURBOFAN_JS, ConcurrencyMode::kConcurrent, reason: hot and stable]
[marking 0x026e68e66e01 <JSFunction collectSingletonProfiles (sfi = 0000016EF3259F09)> for optimization to TURBOFAN_JS, ConcurrencyMode::kConcurrent, reason: hot and stable]
[marking 0x024884422c89 <JSFunction connect4RbaCofactorBasis (sfi = 0000024884413299)> for optimization to TURBOFAN_JS, ConcurrencyMode::kConcurrent, reason: hot and stable]
[completed compiling 0x006fec3eac71 <JSFunction evaluateConnect4CpcNonterminal32 (sfi = 0000006FEC3DD751)> (target MAGLEV) - took 0.000, 1.446, 0.009 ms]
[marking 0x03f5f48a0641 <JSFunction connect4RbaCofactorKnownHeight (sfi = 000003F5F4890B81)> for optimization to TURBOFAN_JS, ConcurrencyMode::kConcurrent, reason: hot and stable]
[marking 0x024884422989 <JSFunction emitSortedSetBits32 (sfi = 00000248844142B1)> for optimization to TURBOFAN_JS, ConcurrencyMode::kConcurrent, reason: hot and stable]
[marking 0x023e389ceec1 <JSFunction collectSingletonProfiles (sfi = 00000212C461D2A9)> for optimization to TURBOFAN_JS, ConcurrencyMode::kConcurrent, reason: hot and stable]
[marking 0x006fec3e9e51 <JSFunction emitSortedSetBits32 (sfi = 0000006FEC3DB611)> for optimization to TURBOFAN_JS, ConcurrencyMode::kConcurrent, reason: hot and stable]
[marking 0x006fec3ea211 <JSFunction connect4RbaCofactorKnownHeight (sfi = 0000006FEC3DA6D1)> for optimization to TURBOFAN_JS, ConcurrencyMode::kConcurrent, reason: hot and stable]
[marking 0x03f5f48a0281 <JSFunction emitSortedSetBits32 (sfi = 000003F5F4891AC1)> for optimization to TURBOFAN_JS, ConcurrencyMode::kConcurrent, reason: hot and stable]
[completed compiling 0x028b251e01a1 <JSFunction absToRelativeFrontier (sfi = 0000006FEC3CE451)> (target MAGLEV) - took 0.000, 0.076, 0.000 ms]
[marking 0x03f5f48a0641 <JSFunction connect4RbaCofactorKnownHeight (sfi = 000003F5F4890B81)> for optimization to TURBOFAN_JS, ConcurrencyMode::kConcurrent, reason: hot and stable]
[marking 0x016ef32666f1[marking  0x03f5f489f5f9 <JSFunction connect4RbaCofactorBasis (sfi = 0000016EF3256C79)><JSFunction publishSpan32 (sfi = 000003F5F4889889)> for optimization to TURBOFAN_JS, ConcurrencyMode::kConcurrent, reason: hot and stable for optimization to TURBOFAN_JS, ConcurrencyMode::kConcurrent, reason: hot and stable]
]
[completed compiling 0x028b251dfbc9 <JSFunction cellMarked (sfi = 0000006FEC3DD7E1)> (target MAGLEV) - took 0.000, 0.066, 0.001 ms]
[marking [marking 0x03f5f48a0581 0x0174ba059bf9 <JSFunction connect4RbaCofactorBasis (sfi = 000003F5F4890AA9)> for optimization to TURBOFAN_JS, ConcurrencyMode::kConcurrent, reason: hot and stable]
<JSFunction collectSingletonProfiles (sfi = 000002358B986211)> for optimization to TURBOFAN_JS, ConcurrencyMode::kConcurrent, reason: hot and stable]
[marking 0x03f5f48a0641 <JSFunction connect4RbaCofactorKnownHeight (sfi = 000003F5F4890B81)> for optimization to TURBOFAN_JS, ConcurrencyMode::kConcurrent, reason: hot and stable]
[marking 0x03f5f48a0281 <JSFunction emitSortedSetBits32 (sfi = 000003F5F4891AC1)> for optimization to TURBOFAN_JS, ConcurrencyMode::kConcurrent, reason: hot and stable]
[marking 0x024884422989 <JSFunction emitSortedSetBits32 (sfi = 00000248844142B1)> for optimization to TURBOFAN_JS, ConcurrencyMode::kConcurrent, reason: hot and stable]
[completed compiling 0x028b251e01e1 <JSFunction relativeToAbsFrontier (sfi = 0000006FEC3CE499)>[marking  (target MAGLEV) - took 0.000, 0.059, 0.001 ms0x03f5f489f639 ]
<JSFunction mixSpan32Locator32 (sfi = 000003F5F48898D1)> for optimization to TURBOFAN_JS, ConcurrencyMode::kConcurrent, reason: hot and stable]
[marking 0x024884422d49 <JSFunction connect4RbaCofactorKnownHeight (sfi = 0000024884413371)> for optimization to TURBOFAN_JS, ConcurrencyMode::kConcurrent, reason: hot and stable]
[marking 0x0362c72e1631 [marking 0x03f5f48a0641 <JSFunction connect4RbaCofactorKnownHeight (sfi = 00000362C72D1AD9)><JSFunction connect4RbaCofactorKnownHeight (sfi = 000003F5F4890B81)> for optimization to TURBOFAN_JS, ConcurrencyMode::kConcurrent, reason: hot and stable]
 for optimization to TURBOFAN_JS, ConcurrencyMode::kConcurrent, reason: hot and stable]
[marking 0x006fec3e9e51 <JSFunction emitSortedSetBits32 (sfi = 0000006FEC3DB611)> for optimization to TURBOFAN_JS, ConcurrencyMode::kConcurrent, reason: hot and stable]
[marking 0x006fec3e9209 <JSFunction mixSpan32Locator32 (sfi = 0000006FEC3D3409)> for optimization to TURBOFAN_JS, ConcurrencyMode::kConcurrent, reason: hot and stable]
[marking 0x03f5f48a0281 <JSFunction emitSortedSetBits32 (sfi = 000003F5F4891AC1)> for optimization to TURBOFAN_JS, ConcurrencyMode::kConcurrent, reason: hot and stable]
[marking 0x03f5f48a0641 <JSFunction connect4RbaCofactorKnownHeight (sfi = 000003F5F4890B81)> for optimization to TURBOFAN_JS, ConcurrencyMode::kConcurrent, reason: hot and stable]
[completed compiling 0x006fec3e8f11 <JSFunction completeRootFrontierNode32 (sfi = 0000006FEC3CFA39)> (target MAGLEV) - took 0.000, 0.092, 0.002 ms]
[marking 0x02358b991a19 <JSFunction publishSpan32 (sfi = 0000015FF387B711)> for optimization to TURBOFAN_JS, ConcurrencyMode::kConcurrent, reason: hot and stable]
[marking 0x03f5f48a0281 <JSFunction emitSortedSetBits32 (sfi = 000003F5F4891AC1)> for optimization to TURBOFAN_JS, ConcurrencyMode::kConcurrent, reason: hot and stable]
[marking 0x024884422989 <JSFunction emitSortedSetBits32 (sfi = 00000248844142B1)> for optimization to TURBOFAN_JS, ConcurrencyMode::kConcurrent, reason: hot and stable]
[marking [marking 0x006fec3ea211 <JSFunction connect4RbaCofactorKnownHeight (sfi = 0000006FEC3DA6D1)> for optimization to TURBOFAN_JS, ConcurrencyMode::kConcurrent, reason: hot and stable]
[marking 0x0212c4629a790x02358b9929a1  <JSFunction connect4RbaCofactorBasis (sfi = 000002358B982F99)> for optimization to TURBOFAN_JS, ConcurrencyMode::kConcurrent, reason: hot and stable]
<JSFunction connect4RbaCofactorBasis (sfi = 00000212C461A019)> for optimization to TURBOFAN_JS, ConcurrencyMode::kConcurrent, reason: hot and stable]
[marking 0x03f5f48a0641 <JSFunction connect4RbaCofactorKnownHeight (sfi = 000003F5F4890B81)> for optimization to TURBOFAN_JS, ConcurrencyMode::kConcurrent, reason: hot and stable]
[marking 0x03f5f48a0581 <JSFunction connect4RbaCofactorBasis (sfi = 000003F5F4890AA9)> for optimization to TURBOFAN_JS, ConcurrencyMode::kConcurrent, reason: hot and stable]
[marking 0x02358b9934c1 <JSFunction evaluateConnect4CpcNonterminal32 (sfi = 000002358B9860F1)> for optimization to MAGLEV, ConcurrencyMode::kConcurrent, reason: hot and stable]
[marking 0x006fec3e9e51 <JSFunction emitSortedSetBits32 (sfi = 0000006FEC3DB611)> for optimization to TURBOFAN_JS, ConcurrencyMode::kConcurrent, reason: hot and stable]
[compiling method 0x02358b9934c1 <JSFunction evaluateConnect4CpcNonterminal32 (sfi = 000002358B9860F1)> (target MAGLEV), mode: ConcurrencyMode::kConcurrent]
[marking 0x03f5f48a0281 <JSFunction emitSortedSetBits32 (sfi = 000003F5F4891AC1)> for optimization to TURBOFAN_JS, ConcurrencyMode::kConcurrent, reason: hot and stable]
[marking 0x024884421d41 <JSFunction mixSpan32Locator32 (sfi = 000002488440C0A9)> for optimization to TURBOFAN_JS, ConcurrencyMode::kConcurrent, reason: hot and stable]
[marking 0x024884422d49 <JSFunction connect4RbaCofactorKnownHeight (sfi = 0000024884413371)> for optimization to TURBOFAN_JS, ConcurrencyMode::kConcurrent, reason: hot and stable]
[marking 0x0362c72e1631 <JSFunction connect4RbaCofactorKnownHeight (sfi = 00000362C72D1AD9)> for optimization to TURBOFAN_JS, ConcurrencyMode::kConcurrent, reason: hot and stable]
[marking 0x03f5f48a0641 <JSFunction connect4RbaCofactorKnownHeight (sfi = 000003F5F4890B81)> for optimization to TURBOFAN_JS, ConcurrencyMode::kConcurrent, reason: hot and stable]
[marking 0x016ef32666f1 <JSFunction connect4RbaCofactorBasis (sfi = 0000016EF3256C79)> for optimization to TURBOFAN_JS, ConcurrencyMode::kConcurrent, reason: hot and stable]
[marking 0x024884422989 <JSFunction emitSortedSetBits32 (sfi = 00000248844142B1)> for optimization to TURBOFAN_JS, ConcurrencyMode::kConcurrent, reason: hot and stable]
[marking 0x024884422c89 <JSFunction connect4RbaCofactorBasis (sfi = 0000024884413299)> for optimization to TURBOFAN_JS, ConcurrencyMode::kConcurrent, reason: hot and stable]
[marking 0x03f5f48a0281 <JSFunction emitSortedSetBits32 (sfi = 000003F5F4891AC1)> for optimization to TURBOFAN_JS, ConcurrencyMode::kConcurrent, reason: hot and stable]
[marking 0x006fec3ea211 <JSFunction connect4RbaCofactorKnownHeight (sfi = 0000006FEC3DA6D1)> for optimization to TURBOFAN_JS, ConcurrencyMode::kConcurrent, reason: hot and stable]
[marking 0x03f5f489f5f9 <JSFunction publishSpan32 (sfi = 000003F5F4889889)> for optimization to TURBOFAN_JS, ConcurrencyMode::kConcurrent, reason: hot and stable]
[marking 0x006fec3e9209 <JSFunction mixSpan32Locator32 (sfi = 0000006FEC3D3409)> for optimization to TURBOFAN_JS, ConcurrencyMode::kConcurrent, reason: hot and stable]
[marking 0x006fec3e9e51 <JSFunction emitSortedSetBits32 (sfi = 0000006FEC3DB611)> for optimization to TURBOFAN_JS, ConcurrencyMode::kConcurrent, reason: hot and stable]
[marking 0x03f5f48a0641 <JSFunction connect4RbaCofactorKnownHeight (sfi = 000003F5F4890B81)> for optimization to TURBOFAN_JS, ConcurrencyMode::kConcurrent, reason: hot and stable]
[marking 0x03f5f48a0281 <JSFunction emitSortedSetBits32 (sfi = 000003F5F4891AC1)> for optimization to TURBOFAN_JS, ConcurrencyMode::kConcurrent, reason: hot and stable]
[marking 0x03f5f48a0641 <JSFunction connect4RbaCofactorKnownHeight (sfi = 000003F5F4890B81)> for optimization to TURBOFAN_JS, ConcurrencyMode::kConcurrent, reason: hot and stable]
[marking 0x024884422989 <JSFunction emitSortedSetBits32 (sfi = 00000248844142B1)> for optimization to TURBOFAN_JS, ConcurrencyMode::kConcurrent, reason: hot and stable]
[marking 0x0212c4628af1 [marking 0x03f5f48a0581 <JSFunction connect4RbaCofactorBasis (sfi = 000003F5F4890AA9)> for optimization to TURBOFAN_JS, ConcurrencyMode::kConcurrent, reason: hot and stable]
[completed compiling <JSFunction publishSpan32 (sfi = 00000212C4612DE1)>0x028b251dfcc9  for optimization to TURBOFAN_JS, ConcurrencyMode::kConcurrent, reason: hot and stable<JSFunction pairedResponseNoWin (sfi = 0000006FEC3DD901)>]
 (target MAGLEV) - took 0.001, 0.381, 0.003 ms]
[marking 0x03f5f48a0281 <JSFunction emitSortedSetBits32 (sfi = 000003F5F4891AC1)> for optimization to TURBOFAN_JS, ConcurrencyMode::kConcurrent, reason: hot and stable]
[marking 0x024884422d49 [marking [marking 0x006fec3e9e510x0362c72e1631 <JSFunction connect4RbaCofactorKnownHeight (sfi = 0000024884413371)>  for optimization to TURBOFAN_JS, ConcurrencyMode::kConcurrent, reason: hot and stable<JSFunction emitSortedSetBits32 (sfi = 0000006FEC3DB611)>]
 for optimization to TURBOFAN_JS, ConcurrencyMode::kConcurrent, reason: hot and stable]
<JSFunction connect4RbaCofactorKnownHeight (sfi = 00000362C72D1AD9)> for optimization to TURBOFAN_JS, ConcurrencyMode::kConcurrent, reason: hot and stable[marking ]
0x03f5f48a0641 <JSFunction connect4RbaCofactorKnownHeight (sfi = 000003F5F4890B81)> for optimization to TURBOFAN_JS, ConcurrencyMode::kConcurrent, reason: hot and stable]
[marking 0x03f5f489f639 <JSFunction mixSpan32Locator32 (sfi = 000003F5F48898D1)> for optimization to TURBOFAN_JS, ConcurrencyMode::kConcurrent, reason: hot and stable]
[marking 0x006fec3ea211 <JSFunction connect4RbaCofactorKnownHeight (sfi = 0000006FEC3DA6D1)> for optimization to TURBOFAN_JS, ConcurrencyMode::kConcurrent, reason: hot and stable]
[marking [marking 0x03f5f48a0641 <JSFunction connect4RbaCofactorKnownHeight (sfi = 000003F5F4890B81)> for optimization to TURBOFAN_JS, ConcurrencyMode::kConcurrent, reason: hot and stable0x0212c4629a79 ]
[marking 0x03f5f48a0281 <JSFunction connect4RbaCofactorBasis (sfi = 00000212C461A019)><JSFunction emitSortedSetBits32 (sfi = 000003F5F4891AC1)> for optimization to TURBOFAN_JS, ConcurrencyMode::kConcurrent, reason: hot and stable]
 for optimization to TURBOFAN_JS, ConcurrencyMode::kConcurrent, reason: hot and stable]
[marking 0x02358b9929a1 <JSFunction connect4RbaCofactorBasis (sfi = 000002358B982F99)> for optimization to TURBOFAN_JS, ConcurrencyMode::kConcurrent, reason: hot and stable]
[marking [marking 0x0362c72e05e9 0x024884422989 <JSFunction emitSortedSetBits32 (sfi = 00000248844142B1)><JSFunction publishSpan32 (sfi = 00000362C72CA7C9)> for optimization to TURBOFAN_JS, ConcurrencyMode::kConcurrent, reason: hot and stable]
 for optimization to TURBOFAN_JS, ConcurrencyMode::kConcurrent, reason: hot and stable]
[marking 0x006fec3e9209 <JSFunction mixSpan32Locator32 (sfi = 0000006FEC3D3409)> for optimization to TURBOFAN_JS, ConcurrencyMode::kConcurrent, reason: hot and stable]
[marking 0x03f5f48a0641 <JSFunction connect4RbaCofactorKnownHeight (sfi = 000003F5F4890B81)> for optimization to TURBOFAN_JS, ConcurrencyMode::kConcurrent, reason: hot and stable]
[marking 0x03f5f48a0281 <JSFunction emitSortedSetBits32 (sfi = 000003F5F4891AC1)> for optimization to TURBOFAN_JS, ConcurrencyMode::kConcurrent, reason: hot and stable]
[marking 0x006fec3e9e51 <JSFunction emitSortedSetBits32 (sfi = 0000006FEC3DB611)> for optimization to TURBOFAN_JS, ConcurrencyMode::kConcurrent, reason: hot and stable]
[marking 0x016ef32666f1 <JSFunction connect4RbaCofactorBasis (sfi = 0000016EF3256C79)> for optimization to TURBOFAN_JS, ConcurrencyMode::kConcurrent, reason: hot and stable]
[marking 0x03f5f48a0581 <JSFunction connect4RbaCofactorBasis (sfi = 000003F5F4890AA9)> for optimization to TURBOFAN_JS, ConcurrencyMode::kConcurrent, reason: hot and stable]
[compiling method 0x016ef32666f1 <JSFunction connect4RbaCofactorBasis (sfi = 0000016EF3256C79)> (target TURBOFAN_JS), mode: ConcurrencyMode::kConcurrent]
[compiling method 0x03f5f48a0581 <JSFunction connect4RbaCofactorBasis (sfi = 000003F5F4890AA9)> (target TURBOFAN_JS), mode: ConcurrencyMode::kConcurrent]
[marking 0x03f5f48a0641 <JSFunction connect4RbaCofactorKnownHeight (sfi = 000003F5F4890B81)> for optimization to TURBOFAN_JS, ConcurrencyMode::kConcurrent, reason: hot and stable]
[marking 0x024884422c89 <JSFunction connect4RbaCofactorBasis (sfi = 0000024884413299)> for optimization to TURBOFAN_JS, ConcurrencyMode::kConcurrent, reason: hot and stable]
[marking 0x0362c72e1631 [marking 0x024884422d49 <JSFunction connect4RbaCofactorKnownHeight (sfi = 00000362C72D1AD9)> for optimization to TURBOFAN_JS, ConcurrencyMode::kConcurrent, reason: hot and stable]
<JSFunction connect4RbaCofactorKnownHeight (sfi = 0000024884413371)> for optimization to TURBOFAN_JS, ConcurrencyMode::kConcurrent, reason: hot and stable]
[marking [marking 0x03f5f48a0281 0x024884422989 <JSFunction emitSortedSetBits32 (sfi = 000003F5F4891AC1)> for optimization to TURBOFAN_JS, ConcurrencyMode::kConcurrent, reason: hot and stable]
<JSFunction emitSortedSetBits32 (sfi = 00000248844142B1)> for optimization to TURBOFAN_JS, ConcurrencyMode::kConcurrent, reason: hot and stable]
[marking 0x03f5f489f5f9 <JSFunction publishSpan32 (sfi = 000003F5F4889889)> for optimization to TURBOFAN_JS, ConcurrencyMode::kConcurrent, reason: hot and stable]
[completed compiling 0x0212c4629b39 [marking 0x006fec3ea211 <JSFunction connect4RbaCofactorKnownHeight (sfi = 0000006FEC3DA6D1)> for optimization to TURBOFAN_JS, ConcurrencyMode::kConcurrent, reason: hot and stable]
<JSFunction connect4RbaCofactorKnownHeight (sfi = 00000212C461A0F1)> (target TURBOFAN_JS) - took 0.003, 17.967, 0.066 ms[marking ]
0x024884421d41 <JSFunction mixSpan32Locator32 (sfi = 000002488440C0A9)>[completed optimizing  for optimization to TURBOFAN_JS, ConcurrencyMode::kConcurrent, reason: hot and stable]
0x0212c4629b39 <JSFunction connect4RbaCofactorKnownHeight (sfi = 00000212C461A0F1)> (target TURBOFAN_JS)]
[marking 0x016ef3267fb9 [marking <JSFunction advanceConnect4LiveLineState32 (sfi = 0000016EF325C389)>0x03f5f48a0641 for optimization to TURBOFAN_JS, ConcurrencyMode::kConcurrent, reason: hot and stable]
 <JSFunction connect4RbaCofactorKnownHeight (sfi = 000003F5F4890B81)> for optimization to TURBOFAN_JS, ConcurrencyMode::kConcurrent, reason: hot and stable]
[marking 0x006fec3e9e51 <JSFunction emitSortedSetBits32 (sfi = 0000006FEC3DB611)> for optimization to TURBOFAN_JS, ConcurrencyMode::kConcurrent, reason: hot and stable]
[marking 0x006fec3ea151 <JSFunction connect4RbaCofactorBasis (sfi = 0000006FEC3DA5F9)> for optimization to TURBOFAN_JS, ConcurrencyMode::kConcurrent, reason: hot and stable]
[marking 0x03f5f48a0281 <JSFunction emitSortedSetBits32 (sfi = 000003F5F4891AC1)> for optimization to TURBOFAN_JS, ConcurrencyMode::kConcurrent, reason: hot and stable]
[completed compiling 0x006fec3ec811 <JSFunction storeConnect4RbaSharedExactCache32 (sfi = 0000006FEC3E68F9)> (target MAGLEV) - took 0.001, 0.396, 0.004 ms]
[marking 0x03f5f48a0641 <JSFunction connect4RbaCofactorKnownHeight (sfi = 000003F5F4890B81)> for optimization to TURBOFAN_JS, ConcurrencyMode::kConcurrent, reason: hot and stable]
[marking 0x024884422989 <JSFunction emitSortedSetBits32 (sfi = 00000248844142B1)> for optimization to TURBOFAN_JS, ConcurrencyMode::kConcurrent, reason: hot and stable]
[marking 0x03f5f48a0281 <JSFunction emitSortedSetBits32 (sfi = 000003F5F4891AC1)> for optimization to TURBOFAN_JS, ConcurrencyMode::kConcurrent, reason: hot and stable]
[marking 0x006fec3ea211 <JSFunction connect4RbaCofactorKnownHeight (sfi = 0000006FEC3DA6D1)> for optimization to TURBOFAN_JS, ConcurrencyMode::kConcurrent, reason: hot and stable]
[marking 0x03f5f48a0581 <JSFunction connect4RbaCofactorBasis (sfi = 000003F5F4890AA9)> for optimization to TURBOFAN_JS, ConcurrencyMode::kConcurrent, reason: hot and stable]
[marking 0x006fec3e9e51 [marking 0x03f5f48a0641 <JSFunction emitSortedSetBits32 (sfi = 0000006FEC3DB611)> for optimization to TURBOFAN_JS, ConcurrencyMode::kConcurrent, reason: hot and stable<JSFunction connect4RbaCofactorKnownHeight (sfi = 000003F5F4890B81)>]
 for optimization to TURBOFAN_JS, ConcurrencyMode::kConcurrent, reason: hot and stable]
[marking 0x0362c72e1631 [marking 0x006fec3e9209 <JSFunction mixSpan32Locator32 (sfi = 0000006FEC3D3409)> for optimization to TURBOFAN_JS, ConcurrencyMode::kConcurrent, reason: hot and stable]
<JSFunction connect4RbaCofactorKnownHeight (sfi = 00000362C72D1AD9)> for optimization to TURBOFAN_JS, ConcurrencyMode::kConcurrent, reason: hot and stable]
[marking 0x02358b9929a1 <JSFunction connect4RbaCofactorBasis (sfi = 000002358B982F99)> for optimization to TURBOFAN_JS, ConcurrencyMode::kConcurrent, reason: hot and stable]
[marking 0x024884422d49 <JSFunction connect4RbaCofactorKnownHeight (sfi = 0000024884413371)> for optimization to TURBOFAN_JS, ConcurrencyMode::kConcurrent, reason: hot and stable]
[marking 0x03f5f48a0281 <JSFunction emitSortedSetBits32 (sfi = 000003F5F4891AC1)> for optimization to TURBOFAN_JS, ConcurrencyMode::kConcurrent, reason: hot and stable]
[marking 0x024884422989 <JSFunction emitSortedSetBits32 (sfi = 00000248844142B1)> for optimization to TURBOFAN_JS, ConcurrencyMode::kConcurrent, reason: hot and stable]
[marking 0x03f5f48a0641 <JSFunction connect4RbaCofactorKnownHeight (sfi = 000003F5F4890B81)> for optimization to TURBOFAN_JS, ConcurrencyMode::kConcurrent, reason: hot and stable]
[marking 0x026e68e66e01 <JSFunction collectSingletonProfiles (sfi = 0000016EF3259F09)> for optimization to TURBOFAN_JS, ConcurrencyMode::kConcurrent, reason: hot and stable]
[marking 0x03f5f489f639 <JSFunction mixSpan32Locator32 (sfi = 000003F5F48898D1)> for optimization to TURBOFAN_JS, ConcurrencyMode::kConcurrent, reason: hot and stable]
[marking 0x006fec3e9e51 <JSFunction emitSortedSetBits32 (sfi = 0000006FEC3DB611)> for optimization to TURBOFAN_JS, ConcurrencyMode::kConcurrent, reason: hot and stable]
[marking 0x03f5f48a0641 <JSFunction connect4RbaCofactorKnownHeight (sfi = 000003F5F4890B81)> for optimization to TURBOFAN_JS, ConcurrencyMode::kConcurrent, reason: hot and stable]
[marking 0x03f5f48a0281 <JSFunction emitSortedSetBits32 (sfi = 000003F5F4891AC1)> for optimization to TURBOFAN_JS, ConcurrencyMode::kConcurrent, reason: hot and stable]
[marking 0x006fec3ea211 <JSFunction connect4RbaCofactorKnownHeight (sfi = 0000006FEC3DA6D1)> for optimization to TURBOFAN_JS, ConcurrencyMode::kConcurrent, reason: hot and stable]
[marking 0x024884422c89 <JSFunction connect4RbaCofactorBasis (sfi = 0000024884413299)> for optimization to TURBOFAN_JS, ConcurrencyMode::kConcurrent, reason: hot and stable]
[marking 0x0362c72e1631 <JSFunction connect4RbaCofactorKnownHeight (sfi = 00000362C72D1AD9)> for optimization to TURBOFAN_JS, ConcurrencyMode::kConcurrent, reason: hot and stable]
[marking 0x03f5f48a0641 <JSFunction connect4RbaCofactorKnownHeight (sfi = 000003F5F4890B81)> for optimization to TURBOFAN_JS, ConcurrencyMode::kConcurrent, reason: hot and stable]
[marking 0x03f5f48a0581 [marking <JSFunction connect4RbaCofactorBasis (sfi = 000003F5F4890AA9)> for optimization to TURBOFAN_JS, ConcurrencyMode::kConcurrent, reason: hot and stable0x024884422989]
 <JSFunction emitSortedSetBits32 (sfi = 00000248844142B1)> for optimization to TURBOFAN_JS, ConcurrencyMode::kConcurrent, reason: hot and stable]
[marking 0x024884422d49 <JSFunction connect4RbaCofactorKnownHeight (sfi = 0000024884413371)> for optimization to TURBOFAN_JS, ConcurrencyMode::kConcurrent, reason: hot and stable]
[marking 0x03f5f48a0281 <JSFunction emitSortedSetBits32 (sfi = 000003F5F4891AC1)> for optimization to TURBOFAN_JS, ConcurrencyMode::kConcurrent, reason: hot and stable]
[marking 0x006fec3ea151 <JSFunction connect4RbaCofactorBasis (sfi = 0000006FEC3DA5F9)> for optimization to TURBOFAN_JS, ConcurrencyMode::kConcurrent, reason: hot and stable]
[marking 0x006fec3e9e51 <JSFunction emitSortedSetBits32 (sfi = 0000006FEC3DB611)> for optimization to TURBOFAN_JS, ConcurrencyMode::kConcurrent, reason: hot and stable]
[marking 0x03f5f48a0641 <JSFunction connect4RbaCofactorKnownHeight (sfi = 000003F5F4890B81)> for optimization to TURBOFAN_JS, ConcurrencyMode::kConcurrent, reason: hot and stable]
[marking 0x03f5f48a0281 <JSFunction emitSortedSetBits32 (sfi = 000003F5F4891AC1)> for optimization to TURBOFAN_JS, ConcurrencyMode::kConcurrent, reason: hot and stable]
[marking 0x024884421d41 <JSFunction mixSpan32Locator32 (sfi = 000002488440C0A9)> for optimization to TURBOFAN_JS, ConcurrencyMode::kConcurrent, reason: hot and stable]
[marking 0x03f5f48a0641 <JSFunction connect4RbaCofactorKnownHeight (sfi = 000003F5F4890B81)> for optimization to TURBOFAN_JS, ConcurrencyMode::kConcurrent, reason: hot and stable]
[marking 0x02358b9929a1 <JSFunction connect4RbaCofactorBasis (sfi = 000002358B982F99)> for optimization to TURBOFAN_JS, ConcurrencyMode::kConcurrent, reason: hot and stable]
[marking 0x006fec3ea211 <JSFunction connect4RbaCofactorKnownHeight (sfi = 0000006FEC3DA6D1)> for optimization to TURBOFAN_JS, ConcurrencyMode::kConcurrent, reason: hot and stable]
[marking 0x006fec3e9e51 <JSFunction emitSortedSetBits32 (sfi = 0000006FEC3DB611)>[marking  for optimization to TURBOFAN_JS, ConcurrencyMode::kConcurrent, reason: hot and stable]
0x024884422989 <JSFunction emitSortedSetBits32 (sfi = 00000248844142B1)> for optimization to TURBOFAN_JS, ConcurrencyMode::kConcurrent, reason: hot and stable]
[marking 0x03f5f48a0281 <JSFunction emitSortedSetBits32 (sfi = 000003F5F4891AC1)> for optimization to TURBOFAN_JS, ConcurrencyMode::kConcurrent, reason: hot and stable]
[marking 0x03f5f489f5f9 <JSFunction publishSpan32 (sfi = 000003F5F4889889)> for optimization to TURBOFAN_JS, ConcurrencyMode::kConcurrent, reason: hot and stable]
[marking 0x0362c72e1631 <JSFunction connect4RbaCofactorKnownHeight (sfi = 00000362C72D1AD9)> for optimization to TURBOFAN_JS, ConcurrencyMode::kConcurrent, reason: hot and stable]
[marking 0x03f5f48a0641 <JSFunction connect4RbaCofactorKnownHeight (sfi = 000003F5F4890B81)> for optimization to TURBOFAN_JS, ConcurrencyMode::kConcurrent, reason: hot and stable]
[marking 0x024884422d49 <JSFunction connect4RbaCofactorKnownHeight (sfi = 0000024884413371)> for optimization to TURBOFAN_JS, ConcurrencyMode::kConcurrent, reason: hot and stable]
[marking 0x03e59bd0e4a1 <JSFunction permutePair3 (sfi = 000003F5F488C671)> for optimization to TURBOFAN_JS, ConcurrencyMode::kConcurrent, reason: hot and stable]
[marking 0x006fec3e9209 <JSFunction mixSpan32Locator32 (sfi = 0000006FEC3D3409)> for optimization to TURBOFAN_JS, ConcurrencyMode::kConcurrent, reason: hot and stable]
[marking 0x03f5f48a0581 <JSFunction connect4RbaCofactorBasis (sfi = 000003F5F4890AA9)> for optimization to TURBOFAN_JS, ConcurrencyMode::kConcurrent, reason: hot and stable]
[marking 0x006fec3e9e51 <JSFunction emitSortedSetBits32 (sfi = 0000006FEC3DB611)> for optimization to TURBOFAN_JS, ConcurrencyMode::kConcurrent, reason: hot and stable]
[marking 0x03f5f48a0281 <JSFunction emitSortedSetBits32 (sfi = 000003F5F4891AC1)> for optimization to TURBOFAN_JS, ConcurrencyMode::kConcurrent, reason: hot and stable]
[marking 0x02358b991a19 <JSFunction publishSpan32 (sfi = 0000015FF387B711)>[marking  for optimization to TURBOFAN_JS, ConcurrencyMode::kConcurrent, reason: hot and stable0x03f5f48a0641 ]
<JSFunction connect4RbaCofactorKnownHeight (sfi = 000003F5F4890B81)> for optimization to TURBOFAN_JS, ConcurrencyMode::kConcurrent, reason: hot and stable]
[marking 0x0174ba059bf9 <JSFunction collectSingletonProfiles (sfi = 000002358B986211)> for optimization to TURBOFAN_JS, ConcurrencyMode::kConcurrent, reason: hot and stable]
[marking 0x006fec3ea211 <JSFunction connect4RbaCofactorKnownHeight (sfi = 0000006FEC3DA6D1)> for optimization to TURBOFAN_JS, ConcurrencyMode::kConcurrent, reason: hot and stable]
[marking 0x024884422989 <JSFunction emitSortedSetBits32 (sfi = 00000248844142B1)> for optimization to TURBOFAN_JS, ConcurrencyMode::kConcurrent, reason: hot and stable]
[marking 0x03f5f48a0641 <JSFunction connect4RbaCofactorKnownHeight (sfi = 000003F5F4890B81)> for optimization to TURBOFAN_JS, ConcurrencyMode::kConcurrent, reason: hot and stable]
[marking 0x03f5f489f639 <JSFunction mixSpan32Locator32 (sfi = 000003F5F48898D1)> for optimization to TURBOFAN_JS, ConcurrencyMode::kConcurrent, reason: hot and stable]
[marking 0x006fec3ea151 <JSFunction connect4RbaCofactorBasis (sfi = 0000006FEC3DA5F9)> for optimization to TURBOFAN_JS, ConcurrencyMode::kConcurrent, reason: hot and stable]
[marking 0x03f5f48a0281 <JSFunction emitSortedSetBits32 (sfi = 000003F5F4891AC1)> for optimization to TURBOFAN_JS, ConcurrencyMode::kConcurrent, reason: hot and stable]
[marking 0x023e389ceec1 <JSFunction collectSingletonProfiles (sfi = 00000212C461D2A9)> for optimization to TURBOFAN_JS, ConcurrencyMode::kConcurrent, reason: hot and stable]
[marking 0x006fec3e9e51 <JSFunction emitSortedSetBits32 (sfi = 0000006FEC3DB611)> for optimization to TURBOFAN_JS, ConcurrencyMode::kConcurrent, reason: hot and stable]
[marking 0x03f5f48a0641 <JSFunction connect4RbaCofactorKnownHeight (sfi = 000003F5F4890B81)> for optimization to TURBOFAN_JS, ConcurrencyMode::kConcurrent, reason: hot and stable]
[marking 0x024884422c89[marking  0x03f5f48a0281 <JSFunction emitSortedSetBits32 (sfi = 000003F5F4891AC1)> for optimization to TURBOFAN_JS, ConcurrencyMode::kConcurrent, reason: hot and stable<JSFunction connect4RbaCofactorBasis (sfi = 0000024884413299)>]
 for optimization to TURBOFAN_JS, ConcurrencyMode::kConcurrent, reason: hot and stable]
[compiling method 0x024884422c89 <JSFunction connect4RbaCofactorBasis (sfi = 0000024884413299)> (target TURBOFAN_JS), mode: ConcurrencyMode::kConcurrent]
[marking 0x0362c72e1631 <JSFunction connect4RbaCofactorKnownHeight (sfi = 00000362C72D1AD9)> for optimization to TURBOFAN_JS, ConcurrencyMode::kConcurrent, reason: hot and stable]
[marking 0x03f5f48a0581 <JSFunction connect4RbaCofactorBasis (sfi = 000003F5F4890AA9)> for optimization to TURBOFAN_JS, ConcurrencyMode::kConcurrent, reason: hot and stable]
[completed compiling 0x016ef32667b1 <JSFunction connect4RbaCofactorKnownHeight (sfi = 0000016EF3256D51)> (target TURBOFAN_JS) - took 0.001, 17.528, 0.048 ms]
[completed optimizing 0x016ef32667b1 [marking 0x024884422d49 <JSFunction connect4RbaCofactorKnownHeight (sfi = 0000016EF3256D51)> (target TURBOFAN_JS)]
<JSFunction connect4RbaCofactorKnownHeight (sfi = 0000024884413371)> for optimization to TURBOFAN_JS, ConcurrencyMode::kConcurrent, reason: hot and stable]
[marking 0x006fec3e9e51 <JSFunction emitSortedSetBits32 (sfi = 0000006FEC3DB611)> for optimization to TURBOFAN_JS, ConcurrencyMode::kConcurrent, reason: hot and stable]
[marking 0x03f5f48a0641 <JSFunction connect4RbaCofactorKnownHeight (sfi = 000003F5F4890B81)> for optimization to TURBOFAN_JS, ConcurrencyMode::kConcurrent, reason: hot and stable]
[marking 0x02358b9929a1 <JSFunction connect4RbaCofactorBasis (sfi = 000002358B982F99)> for optimization to TURBOFAN_JS, ConcurrencyMode::kConcurrent, reason: hot and stable]
[marking 0x024884422989 <JSFunction emitSortedSetBits32 (sfi = 00000248844142B1)> for optimization to TURBOFAN_JS, ConcurrencyMode::kConcurrent, reason: hot and stable]
[marking 0x03f5f48a0281 <JSFunction emitSortedSetBits32 (sfi = 000003F5F4891AC1)> for optimization to TURBOFAN_JS, ConcurrencyMode::kConcurrent, reason: hot and stable]
[marking 0x006fec3ea211 <JSFunction connect4RbaCofactorKnownHeight (sfi = 0000006FEC3DA6D1)> for optimization to TURBOFAN_JS, ConcurrencyMode::kConcurrent, reason: hot and stable]
[marking 0x03f5f48a0641 <JSFunction connect4RbaCofactorKnownHeight (sfi = 000003F5F4890B81)> for optimization to TURBOFAN_JS, ConcurrencyMode::kConcurrent, reason: hot and stable]
[marking 0x006fec3e9e51 <JSFunction emitSortedSetBits32 (sfi = 0000006FEC3DB611)> for optimization to TURBOFAN_JS, ConcurrencyMode::kConcurrent, reason: hot and stable]
[marking 0x03f5f48a0281 <JSFunction emitSortedSetBits32 (sfi = 000003F5F4891AC1)> for optimization to TURBOFAN_JS, ConcurrencyMode::kConcurrent, reason: hot and stable]
[marking 0x03f5f48a0641 <JSFunction connect4RbaCofactorKnownHeight (sfi = 000003F5F4890B81)> for optimization to TURBOFAN_JS, ConcurrencyMode::kConcurrent, reason: hot and stable]
[marking 0x0362c72e1631 <JSFunction connect4RbaCofactorKnownHeight (sfi = 00000362C72D1AD9)> for optimization to TURBOFAN_JS, ConcurrencyMode::kConcurrent, reason: hot and stable]
[marking 0x006fec3e9209 <JSFunction mixSpan32Locator32 (sfi = 0000006FEC3D3409)> for optimization to TURBOFAN_JS, ConcurrencyMode::kConcurrent, reason: hot and stable]
[marking 0x024884421d41 <JSFunction mixSpan32Locator32 (sfi = 000002488440C0A9)> for optimization to TURBOFAN_JS, ConcurrencyMode::kConcurrent, reason: hot and stable]
[marking 0x024884422989 <JSFunction emitSortedSetBits32 (sfi = 00000248844142B1)> for optimization to TURBOFAN_JS, ConcurrencyMode::kConcurrent, reason: hot and stable]
[marking 0x026e68e66e01 <JSFunction collectSingletonProfiles (sfi = 0000016EF3259F09)> for optimization to TURBOFAN_JS, ConcurrencyMode::kConcurrent, reason: hot and stable]
[marking 0x03f5f48a0581 <JSFunction connect4RbaCofactorBasis (sfi = 000003F5F4890AA9)> for optimization to TURBOFAN_JS, ConcurrencyMode::kConcurrent, reason: hot and stable]
[marking 0x03f5f48a0641 <JSFunction connect4RbaCofactorKnownHeight (sfi = 000003F5F4890B81)> for optimization to TURBOFAN_JS, ConcurrencyMode::kConcurrent, reason: hot and stable]
[marking 0x03f5f48a0281 <JSFunction emitSortedSetBits32 (sfi = 000003F5F4891AC1)> for optimization to TURBOFAN_JS, ConcurrencyMode::kConcurrent, reason: hot and stable[marking ]
0x006fec3ea211 <JSFunction connect4RbaCofactorKnownHeight (sfi = 0000006FEC3DA6D1)> for optimization to TURBOFAN_JS, ConcurrencyMode::kConcurrent, reason: hot and stable]
[marking 0x006fec3e9e51 <JSFunction emitSortedSetBits32 (sfi = 0000006FEC3DB611)> for optimization to TURBOFAN_JS, ConcurrencyMode::kConcurrent, reason: hot and stable]
[marking 0x006fec3ea151 <JSFunction connect4RbaCofactorBasis (sfi = 0000006FEC3DA5F9)> for optimization to TURBOFAN_JS, ConcurrencyMode::kConcurrent, reason: hot and stable]
[marking 0x024884422d49 <JSFunction connect4RbaCofactorKnownHeight (sfi = 0000024884413371)> for optimization to TURBOFAN_JS, ConcurrencyMode::kConcurrent, reason: hot and stable]
[marking 0x03f5f48a0641 <JSFunction connect4RbaCofactorKnownHeight (sfi = 000003F5F4890B81)> for optimization to TURBOFAN_JS, ConcurrencyMode::kConcurrent, reason: hot and stable]
[marking 0x03f5f48a0281 <JSFunction emitSortedSetBits32 (sfi = 000003F5F4891AC1)> for optimization to TURBOFAN_JS, ConcurrencyMode::kConcurrent, reason: hot and stable]
[marking 0x03f5f489f5f9 <JSFunction publishSpan32 (sfi = 000003F5F4889889)> for optimization to TURBOFAN_JS, ConcurrencyMode::kConcurrent, reason: hot and stable]
[marking 0x024884422989 <JSFunction emitSortedSetBits32 (sfi = 00000248844142B1)> for optimization to TURBOFAN_JS, ConcurrencyMode::kConcurrent, reason: hot and stable]
[marking 0x03f5f489f639 <JSFunction mixSpan32Locator32 (sfi = 000003F5F48898D1)> for optimization to TURBOFAN_JS, ConcurrencyMode::kConcurrent, reason: hot and stable[marking ]
0x006fec3e9e51 <JSFunction emitSortedSetBits32 (sfi = 0000006FEC3DB611)> for optimization to TURBOFAN_JS, ConcurrencyMode::kConcurrent, reason: hot and stable]
[marking 0x03f5f48a0641 <JSFunction connect4RbaCofactorKnownHeight (sfi = 000003F5F4890B81)> for optimization to TURBOFAN_JS, ConcurrencyMode::kConcurrent, reason: hot and stable]
[marking 0x006fec3ea211 <JSFunction connect4RbaCofactorKnownHeight (sfi = 0000006FEC3DA6D1)> for optimization to TURBOFAN_JS, ConcurrencyMode::kConcurrent, reason: hot and stable]
[marking 0x03f5f48a0281 <JSFunction emitSortedSetBits32 (sfi = 000003F5F4891AC1)> for optimization to TURBOFAN_JS, ConcurrencyMode::kConcurrent, reason: hot and stable]
[marking 0x03f5f48a0641 <JSFunction connect4RbaCofactorKnownHeight (sfi = 000003F5F4890B81)>[marking  for optimization to TURBOFAN_JS, ConcurrencyMode::kConcurrent, reason: hot and stable]
0x02358b9929a1 <JSFunction connect4RbaCofactorBasis (sfi = 000002358B982F99)> for optimization to TURBOFAN_JS, ConcurrencyMode::kConcurrent, reason: hot and stable]
[bailout (kind: deopt-eager, reason: Insufficient type feedback for generic keyed access): begin. deoptimizing 0x006fec3eac71 <JSFunction evaluateConnect4CpcNonterminal32 (sfi = 0000006FEC3DD751)>, 0x034e39122419 <Code MAGLEV>, opt id 89, bytecode offset 325, deopt exit 61, FP to SP delta 192, caller SP 0x0060099f95b8, pc 0x022cc3322bbc]
[marking [marking 0x03f5f48a0581 0x016ef3267fb9 <JSFunction connect4RbaCofactorBasis (sfi = 000003F5F4890AA9)> for optimization to TURBOFAN_JS, ConcurrencyMode::kConcurrent, reason: hot and stable]
<JSFunction advanceConnect4LiveLineState32 (sfi = 0000016EF325C389)> for optimization to TURBOFAN_JS, ConcurrencyMode::kConcurrent, reason: hot and stable]
[marking 0x0212c4628af1 <JSFunction publishSpan32 (sfi = 00000212C4612DE1)>[marking  for optimization to TURBOFAN_JS, ConcurrencyMode::kConcurrent, reason: hot and stable0x03f5f48a0281 ]
<JSFunction emitSortedSetBits32 (sfi = 000003F5F4891AC1)> for optimization to TURBOFAN_JS, ConcurrencyMode::kConcurrent, reason: hot and stable]
[marking 0x0362c72e1631 <JSFunction connect4RbaCofactorKnownHeight (sfi = 00000362C72D1AD9)> for optimization to TURBOFAN_JS, ConcurrencyMode::kConcurrent, reason: hot and stable]
[marking 0x006fec3e9e51 <JSFunction emitSortedSetBits32 (sfi = 0000006FEC3DB611)>[marking  for optimization to TURBOFAN_JS, ConcurrencyMode::kConcurrent, reason: hot and stable]
0x03e59bd0e4a1 <JSFunction permutePair3 (sfi = 000003F5F488C671)> for optimization to TURBOFAN_JS, ConcurrencyMode::kConcurrent, reason: hot and stable]
[marking 0x03f5f48a0641 <JSFunction connect4RbaCofactorKnownHeight (sfi = 000003F5F4890B81)> for optimization to TURBOFAN_JS, ConcurrencyMode::kConcurrent, reason: hot and stable]
[marking 0x024884422989 <JSFunction emitSortedSetBits32 (sfi = 00000248844142B1)> for optimization to TURBOFAN_JS, ConcurrencyMode::kConcurrent, reason: hot and stable]
[completed compiling [marking 0x007730019131 0x016ef3265769 <JSFunction searchCpcOnlyFrontier (sfi = 00000362C72C58E9)> (target MAGLEV) - took 0.000, 3.156, 0.028 ms<JSFunction publishSpan32 (sfi = 0000016EF324FA29)>]
 for optimization to TURBOFAN_JS, ConcurrencyMode::kConcurrent, reason: hot and stable]
[marking 0x024884422d49 <JSFunction connect4RbaCofactorKnownHeight (sfi = 0000024884413371)> for optimization to TURBOFAN_JS, ConcurrencyMode::kConcurrent, reason: hot and stable]
[marking 0x03f5f48a0281 <JSFunction emitSortedSetBits32 (sfi = 000003F5F4891AC1)> for optimization to TURBOFAN_JS, ConcurrencyMode::kConcurrent, reason: hot and stable]
[marking 0x006fec3e9209 <JSFunction mixSpan32Locator32 (sfi = 0000006FEC3D3409)> for optimization to TURBOFAN_JS, ConcurrencyMode::kConcurrent, reason: hot and stable]
[marking 0x03f5f48a0641 <JSFunction connect4RbaCofactorKnownHeight (sfi = 000003F5F4890B81)> for optimization to TURBOFAN_JS, ConcurrencyMode::kConcurrent, reason: hot and stable]
[marking 0x006fec3e9e51 <JSFunction emitSortedSetBits32 (sfi = 0000006FEC3DB611)> for optimization to TURBOFAN_JS, ConcurrencyMode::kConcurrent, reason: hot and stable]
[marking 0x006fec3ea151 <JSFunction connect4RbaCofactorBasis (sfi = 0000006FEC3DA5F9)> for optimization to TURBOFAN_JS, ConcurrencyMode::kConcurrent, reason: hot and stable]
[marking 0x03f5f48a0281 <JSFunction emitSortedSetBits32 (sfi = 000003F5F4891AC1)> for optimization to TURBOFAN_JS, ConcurrencyMode::kConcurrent, reason: hot and stable]
[marking 0x03f5f48a0641 <JSFunction connect4RbaCofactorKnownHeight (sfi = 000003F5F4890B81)> for optimization to TURBOFAN_JS, ConcurrencyMode::kConcurrent, reason: hot and stable]
[marking 0x0362c72e1631 <JSFunction connect4RbaCofactorKnownHeight (sfi = 00000362C72D1AD9)> for optimization to TURBOFAN_JS, ConcurrencyMode::kConcurrent, reason: hot and stable]
[marking 0x006fec3ea211 <JSFunction connect4RbaCofactorKnownHeight (sfi = 0000006FEC3DA6D1)> for optimization to TURBOFAN_JS, ConcurrencyMode::kConcurrent, reason: hot and stable[marking ]
0x03f5f48a0581 <JSFunction connect4RbaCofactorBasis (sfi = 000003F5F4890AA9)> for optimization to TURBOFAN_JS, ConcurrencyMode::kConcurrent, reason: hot and stable]
[marking 0x026e68e66e01 <JSFunction collectSingletonProfiles (sfi = 0000016EF3259F09)> for optimization to TURBOFAN_JS, ConcurrencyMode::kConcurrent, reason: hot and stable]
[marking 0x024884422989 <JSFunction emitSortedSetBits32 (sfi = 00000248844142B1)> for optimization to TURBOFAN_JS, ConcurrencyMode::kConcurrent, reason: hot and stable]
[marking 0x03f5f48a0641 <JSFunction connect4RbaCofactorKnownHeight (sfi = 000003F5F4890B81)> for optimization to TURBOFAN_JS, ConcurrencyMode::kConcurrent, reason: hot and stable]
[marking 0x024884422d49 <JSFunction connect4RbaCofactorKnownHeight (sfi = 0000024884413371)> for optimization to TURBOFAN_JS, ConcurrencyMode::kConcurrent, reason: hot and stable]
[marking 0x006fec3e9e51 <JSFunction emitSortedSetBits32 (sfi = 0000006FEC3DB611)> for optimization to TURBOFAN_JS, ConcurrencyMode::kConcurrent, reason: hot and stable]
[marking 0x03f5f48a0281 <JSFunction emitSortedSetBits32 (sfi = 000003F5F4891AC1)> for optimization to TURBOFAN_JS, ConcurrencyMode::kConcurrent, reason: hot and stable]
[marking 0x024884421d41 <JSFunction mixSpan32Locator32 (sfi = 000002488440C0A9)> for optimization to TURBOFAN_JS, ConcurrencyMode::kConcurrent, reason: hot and stable]
[marking 0x03f5f48a0641 <JSFunction connect4RbaCofactorKnownHeight (sfi = 000003F5F4890B81)> for optimization to TURBOFAN_JS, ConcurrencyMode::kConcurrent, reason: hot and stable]
[marking [marking 0x006fec3e9209 0x02358b9929a1 <JSFunction mixSpan32Locator32 (sfi = 0000006FEC3D3409)> for optimization to TURBOFAN_JS, ConcurrencyMode::kConcurrent, reason: hot and stable]
<JSFunction connect4RbaCofactorBasis (sfi = 000002358B982F99)> for optimization to TURBOFAN_JS, ConcurrencyMode::kConcurrent, reason: hot and stable]
[marking 0x03f5f48a10a1 <JSFunction evaluateConnect4CpcNonterminal32 (sfi = 000003F5F4893C01)> for optimization to MAGLEV, ConcurrencyMode::kConcurrent, reason: hot and stable]
[marking 0x006fec3e9e51 <JSFunction emitSortedSetBits32 (sfi = 0000006FEC3DB611)> for optimization to TURBOFAN_JS, ConcurrencyMode::kConcurrent, reason: hot and stable]
[compiling method 0x03f5f48a10a1 <JSFunction evaluateConnect4CpcNonterminal32 (sfi = 000003F5F4893C01)> (target MAGLEV), mode: ConcurrencyMode::kConcurrent]
[marking 0x0362c72e1631 <JSFunction connect4RbaCofactorKnownHeight (sfi = 00000362C72D1AD9)> for optimization to TURBOFAN_JS, ConcurrencyMode::kConcurrent, reason: hot and stable]
[marking 0x03f5f48a0281 <JSFunction emitSortedSetBits32 (sfi = 000003F5F4891AC1)> for optimization to TURBOFAN_JS, ConcurrencyMode::kConcurrent, reason: hot and stable]
[marking 0x03f5f489f639 <JSFunction mixSpan32Locator32 (sfi = 000003F5F48898D1)> for optimization to TURBOFAN_JS, ConcurrencyMode::kConcurrent, reason: hot and stable]
[marking 0x03f5f48a0641 <JSFunction connect4RbaCofactorKnownHeight (sfi = 000003F5F4890B81)> for optimization to TURBOFAN_JS, ConcurrencyMode::kConcurrent, reason: hot and stable]
[marking 0x024884422989 <JSFunction emitSortedSetBits32 (sfi = 00000248844142B1)> for optimization to TURBOFAN_JS, ConcurrencyMode::kConcurrent, reason: hot and stable]
[marking 0x03f5f48a0581 <JSFunction connect4RbaCofactorBasis (sfi = 000003F5F4890AA9)> for optimization to TURBOFAN_JS, ConcurrencyMode::kConcurrent, reason: hot and stable]
[marking 0x006fec3ea211 <JSFunction connect4RbaCofactorKnownHeight (sfi = 0000006FEC3DA6D1)> for optimization to TURBOFAN_JS, ConcurrencyMode::kConcurrent, reason: hot and stable]
[marking 0x03f5f48a0281 <JSFunction emitSortedSetBits32 (sfi = 000003F5F4891AC1)> for optimization to TURBOFAN_JS, ConcurrencyMode::kConcurrent, reason: hot and stable]
[marking 0x024884422d49 <JSFunction connect4RbaCofactorKnownHeight (sfi = 0000024884413371)> for optimization to TURBOFAN_JS, ConcurrencyMode::kConcurrent, reason: hot and stable]
[marking 0x03f5f48a0641 <JSFunction connect4RbaCofactorKnownHeight (sfi = 000003F5F4890B81)> for optimization to TURBOFAN_JS, ConcurrencyMode::kConcurrent, reason: hot and stable]
[marking 0x006fec3e9e51 <JSFunction emitSortedSetBits32 (sfi = 0000006FEC3DB611)> for optimization to TURBOFAN_JS, ConcurrencyMode::kConcurrent, reason: hot and stable]
[marking 0x03f5f489f5f9 <JSFunction publishSpan32 (sfi = 000003F5F4889889)> for optimization to TURBOFAN_JS, ConcurrencyMode::kConcurrent, reason: hot and stable]
[marking 0x03f5f48a0281 <JSFunction emitSortedSetBits32 (sfi = 000003F5F4891AC1)> for optimization to TURBOFAN_JS, ConcurrencyMode::kConcurrent, reason: hot and stable]
[marking 0x0362c72e1631 <JSFunction connect4RbaCofactorKnownHeight (sfi = 00000362C72D1AD9)> for optimization to TURBOFAN_JS, ConcurrencyMode::kConcurrent, reason: hot and stable]
[marking 0x03f5f48a0641 <JSFunction connect4RbaCofactorKnownHeight (sfi = 000003F5F4890B81)> for optimization to TURBOFAN_JS, ConcurrencyMode::kConcurrent, reason: hot and stable]
[marking 0x006fec3ea151 <JSFunction connect4RbaCofactorBasis (sfi = 0000006FEC3DA5F9)> for optimization to TURBOFAN_JS, ConcurrencyMode::kConcurrent, reason: hot and stable]
[marking 0x024884422989 <JSFunction emitSortedSetBits32 (sfi = 00000248844142B1)> for optimization to TURBOFAN_JS, ConcurrencyMode::kConcurrent, reason: hot and stable]
[marking 0x03f5f48a0281 <JSFunction emitSortedSetBits32 (sfi = 000003F5F4891AC1)> for optimization to TURBOFAN_JS, ConcurrencyMode::kConcurrent, reason: hot and stable]
[marking 0x03f5f48a0641 <JSFunction connect4RbaCofactorKnownHeight (sfi = 000003F5F4890B81)> for optimization to TURBOFAN_JS, ConcurrencyMode::kConcurrent, reason: hot and stable]
[marking 0x024884422d49 <JSFunction connect4RbaCofactorKnownHeight (sfi = 0000024884413371)> for optimization to TURBOFAN_JS, ConcurrencyMode::kConcurrent, reason: hot and stable]
[marking 0x006fec3e9e51 <JSFunction emitSortedSetBits32 (sfi = 0000006FEC3DB611)> for optimization to TURBOFAN_JS, ConcurrencyMode::kConcurrent, reason: hot and stable]
[marking 0x006fec3ea211 <JSFunction connect4RbaCofactorKnownHeight (sfi = 0000006FEC3DA6D1)> for optimization to TURBOFAN_JS, ConcurrencyMode::kConcurrent, reason: hot and stable]
[marking 0x03f5f48a0581 <JSFunction connect4RbaCofactorBasis (sfi = 000003F5F4890AA9)> for optimization to TURBOFAN_JS, ConcurrencyMode::kConcurrent, reason: hot and stable]
[marking 0x03f5f48a0281 <JSFunction emitSortedSetBits32 (sfi = 000003F5F4891AC1)> for optimization to TURBOFAN_JS, ConcurrencyMode::kConcurrent, reason: hot and stable]
[marking [marking 0x0174ba059bf9 0x03e59bd0e4a1 <JSFunction permutePair3 (sfi = 000003F5F488C671)> for optimization to TURBOFAN_JS, ConcurrencyMode::kConcurrent, reason: hot and stable]
<JSFunction collectSingletonProfiles (sfi = 000002358B986211)> for optimization to TURBOFAN_JS, ConcurrencyMode::kConcurrent, reason: hot and stable]
[marking 0x0362c72e1631 [marking <JSFunction connect4RbaCofactorKnownHeight (sfi = 00000362C72D1AD9)> for optimization to TURBOFAN_JS, ConcurrencyMode::kConcurrent, reason: hot and stable]
0x023e389ceec1 [marking [marking 0x0362c72e05e9 0x03f5f48a0641 <JSFunction collectSingletonProfiles (sfi = 00000212C461D2A9)><JSFunction connect4RbaCofactorKnownHeight (sfi = 000003F5F4890B81)> for optimization to TURBOFAN_JS, ConcurrencyMode::kConcurrent, reason: hot and stable<JSFunction publishSpan32 (sfi = 00000362C72CA7C9)>]
 for optimization to TURBOFAN_JS, ConcurrencyMode::kConcurrent, reason: hot and stable for optimization to TURBOFAN_JS, ConcurrencyMode::kConcurrent, reason: hot and stable]
]
[marking 0x02358b9929a1 <JSFunction connect4RbaCofactorBasis (sfi = 000002358B982F99)>[marking  for optimization to TURBOFAN_JS, ConcurrencyMode::kConcurrent, reason: hot and stable0x024884422989 ]
<JSFunction emitSortedSetBits32 (sfi = 00000248844142B1)> for optimization to TURBOFAN_JS, ConcurrencyMode::kConcurrent, reason: hot and stable]
[marking 0x03f5f48a0281 <JSFunction emitSortedSetBits32 (sfi = 000003F5F4891AC1)> for optimization to TURBOFAN_JS, ConcurrencyMode::kConcurrent, reason: hot and stable]
[marking 0x03f5f48a0641 <JSFunction connect4RbaCofactorKnownHeight (sfi = 000003F5F4890B81)> for optimization to TURBOFAN_JS, ConcurrencyMode::kConcurrent, reason: hot and stable[marking ]
0x006fec3e9209 <JSFunction mixSpan32Locator32 (sfi = 0000006FEC3D3409)> for optimization to TURBOFAN_JS, ConcurrencyMode::kConcurrent, reason: hot and stable]
[completed compiling 0x0212c4628b31 [marking 0x006fec3e9e51 <JSFunction emitSortedSetBits32 (sfi = 0000006FEC3DB611)><JSFunction mixSpan32Locator32 (sfi = 00000212C4612E29)> for optimization to TURBOFAN_JS, ConcurrencyMode::kConcurrent, reason: hot and stable[marking  (target TURBOFAN_JS)]
0x024884422d49  - took 0.003, 1.573, 0.011 ms]
<JSFunction connect4RbaCofactorKnownHeight (sfi = 0000024884413371)> for optimization to TURBOFAN_JS, ConcurrencyMode::kConcurrent, reason: hot and stable]
[completed optimizing 0x0212c4628b31 <JSFunction mixSpan32Locator32 (sfi = 00000212C4612E29)> (target TURBOFAN_JS)]
[compiling method 0x006fec3e9e51 <JSFunction emitSortedSetBits32 (sfi = 0000006FEC3DB611)> (target TURBOFAN_JS), mode: ConcurrencyMode::kConcurrent]
[marking 0x03f5f48a0281 <JSFunction emitSortedSetBits32 (sfi = 000003F5F4891AC1)> for optimization to TURBOFAN_JS, ConcurrencyMode::kConcurrent, reason: hot and stable]
[marking 0x03f5f48a0641 <JSFunction connect4RbaCofactorKnownHeight (sfi = 000003F5F4890B81)> for optimization to TURBOFAN_JS, ConcurrencyMode::kConcurrent, reason: hot and stable]
[marking 0x006fec3ea211 <JSFunction connect4RbaCofactorKnownHeight (sfi = 0000006FEC3DA6D1)> for optimization to TURBOFAN_JS, ConcurrencyMode::kConcurrent, reason: hot and stable]
[marking 0x03f5f489f639 [completed compiling <JSFunction mixSpan32Locator32 (sfi = 000003F5F48898D1)> for optimization to TURBOFAN_JS, ConcurrencyMode::kConcurrent, reason: hot and stable]
0x016ef32663f1 <JSFunction emitSortedSetBits32 (sfi = 0000016EF3257C91)> (target TURBOFAN_JS) - took 0.003, 2.911, 0.011 ms[marking ]
0x0362c72e1631 [completed optimizing 0x016ef32663f1 <JSFunction connect4RbaCofactorKnownHeight (sfi = 00000362C72D1AD9)><JSFunction emitSortedSetBits32 (sfi = 0000016EF3257C91)>[compiling method  (target TURBOFAN_JS)0x03f5f489f639]
  for optimization to TURBOFAN_JS, ConcurrencyMode::kConcurrent, reason: hot and stable<JSFunction mixSpan32Locator32 (sfi = 000003F5F48898D1)>]
 (target TURBOFAN_JS), mode: ConcurrencyMode::kConcurrent]
[marking 0x024884422989 <JSFunction emitSortedSetBits32 (sfi = 00000248844142B1)> for optimization to TURBOFAN_JS, ConcurrencyMode::kConcurrent, reason: hot and stable]
[marking 0x024884421d41 <JSFunction mixSpan32Locator32 (sfi = 000002488440C0A9)> for optimization to TURBOFAN_JS, ConcurrencyMode::kConcurrent, reason: hot and stable]
[marking 0x03f5f48a0581 <JSFunction connect4RbaCofactorBasis (sfi = 000003F5F4890AA9)> for optimization to TURBOFAN_JS, ConcurrencyMode::kConcurrent, reason: hot and stable]
[marking 0x006fec3ea151 <JSFunction connect4RbaCofactorBasis (sfi = 0000006FEC3DA5F9)> for optimization to TURBOFAN_JS, ConcurrencyMode::kConcurrent, reason: hot and stable]
[marking 0x03f5f48a0641 <JSFunction connect4RbaCofactorKnownHeight (sfi = 000003F5F4890B81)> for optimization to TURBOFAN_JS, ConcurrencyMode::kConcurrent, reason: hot and stable]
[marking 0x03f5f48a0281 <JSFunction emitSortedSetBits32 (sfi = 000003F5F4891AC1)> for optimization to TURBOFAN_JS, ConcurrencyMode::kConcurrent, reason: hot and stable]
[marking 0x016ef3267fb9 <JSFunction advanceConnect4LiveLineState32 (sfi = 0000016EF325C389)> for optimization to TURBOFAN_JS, ConcurrencyMode::kConcurrent, reason: hot and stable]
[marking 0x006fec3ea211 <JSFunction connect4RbaCofactorKnownHeight (sfi = 0000006FEC3DA6D1)> for optimization to TURBOFAN_JS, ConcurrencyMode::kConcurrent, reason: hot and stable]
[marking 0x03f5f48a0641 <JSFunction connect4RbaCofactorKnownHeight (sfi = 000003F5F4890B81)> for optimization to TURBOFAN_JS, ConcurrencyMode::kConcurrent, reason: hot and stable]
[marking 0x024884422d49 <JSFunction connect4RbaCofactorKnownHeight (sfi = 0000024884413371)> for optimization to TURBOFAN_JS, ConcurrencyMode::kConcurrent, reason: hot and stable]
[marking 0x02358b991a19 <JSFunction publishSpan32 (sfi = 0000015FF387B711)> for optimization to TURBOFAN_JS, ConcurrencyMode::kConcurrent, reason: hot and stable]
[marking 0x02358b994269 <JSFunction advanceConnect4LiveLineState32 (sfi = 000002358B988691)> for optimization to TURBOFAN_JS, ConcurrencyMode::kConcurrent, reason: hot and stable]
[marking 0x03f5f48a0281 <JSFunction emitSortedSetBits32 (sfi = 000003F5F4891AC1)> for optimization to TURBOFAN_JS, ConcurrencyMode::kConcurrent, reason: hot and stable]
[marking 0x024884422989 <JSFunction emitSortedSetBits32 (sfi = 00000248844142B1)> for optimization to TURBOFAN_JS, ConcurrencyMode::kConcurrent, reason: hot and stable]
[marking 0x03f5f48a0641 <JSFunction connect4RbaCofactorKnownHeight (sfi = 000003F5F4890B81)> for optimization to TURBOFAN_JS, ConcurrencyMode::kConcurrent, reason: hot and stable]
[marking 0x0362c72e1631 <JSFunction connect4RbaCofactorKnownHeight (sfi = 00000362C72D1AD9)> for optimization to TURBOFAN_JS, ConcurrencyMode::kConcurrent, reason: hot and stable]
[marking 0x03f5f48a0281 <JSFunction emitSortedSetBits32 (sfi = 000003F5F4891AC1)> for optimization to TURBOFAN_JS, ConcurrencyMode::kConcurrent, reason: hot and stable]
[marking 0x03f5f48a0581 <JSFunction connect4RbaCofactorBasis (sfi = 000003F5F4890AA9)> for optimization to TURBOFAN_JS, ConcurrencyMode::kConcurrent, reason: hot and stable]
[marking 0x026e68e66e01 [marking <JSFunction collectSingletonProfiles (sfi = 0000016EF3259F09)>0x03f5f48a0641 for optimization to TURBOFAN_JS, ConcurrencyMode::kConcurrent, reason: hot and stable]
 <JSFunction connect4RbaCofactorKnownHeight (sfi = 000003F5F4890B81)> for optimization to TURBOFAN_JS, ConcurrencyMode::kConcurrent, reason: hot and stable]
[marking 0x006fec3ea211[marking  0x02358b9929a1 <JSFunction connect4RbaCofactorKnownHeight (sfi = 0000006FEC3DA6D1)> for optimization to TURBOFAN_JS, ConcurrencyMode::kConcurrent, reason: hot and stable]
<JSFunction connect4RbaCofactorBasis (sfi = 000002358B982F99)> for optimization to TURBOFAN_JS, ConcurrencyMode::kConcurrent, reason: hot and stable]
[compiling method 0x006fec3ea211 [completed compiling <JSFunction connect4RbaCofactorKnownHeight (sfi = 0000006FEC3DA6D1)> (target TURBOFAN_JS), mode: ConcurrencyMode::kConcurrent0x016ef3267211 ]
<JSFunction evaluateConnect4CpcNonterminal32 (sfi = 0000016EF3259DE9)> (target MAGLEV) - took 0.000, 0.930, 0.010 ms]
[marking 0x024884422989 <JSFunction emitSortedSetBits32 (sfi = 00000248844142B1)> for optimization to TURBOFAN_JS, ConcurrencyMode::kConcurrent, reason: hot and stable[marking ]
0x03f5f48a0281 <JSFunction emitSortedSetBits32 (sfi = 000003F5F4891AC1)> for optimization to TURBOFAN_JS, ConcurrencyMode::kConcurrent, reason: hot and stable]
[marking 0x03f5f48a0641 <JSFunction connect4RbaCofactorKnownHeight (sfi = 000003F5F4890B81)> for optimization to TURBOFAN_JS, ConcurrencyMode::kConcurrent, reason: hot and stable]
[marking [marking 0x006fec3e9209 <JSFunction mixSpan32Locator32 (sfi = 0000006FEC3D3409)> for optimization to TURBOFAN_JS, ConcurrencyMode::kConcurrent, reason: hot and stable]
0x023e389ceec1 [marking <JSFunction collectSingletonProfiles (sfi = 00000212C461D2A9)>0x006fec3ea151  for optimization to TURBOFAN_JS, ConcurrencyMode::kConcurrent, reason: hot and stable<JSFunction connect4RbaCofactorBasis (sfi = 0000006FEC3DA5F9)>]
 for optimization to TURBOFAN_JS, ConcurrencyMode::kConcurrent, reason: hot and stable[marking ]
0x024884422d49 <JSFunction connect4RbaCofactorKnownHeight (sfi = 0000024884413371)> for optimization to TURBOFAN_JS, ConcurrencyMode::kConcurrent, reason: hot and stable]
[marking 0x03f5f48a0641 <JSFunction connect4RbaCofactorKnownHeight (sfi = 000003F5F4890B81)> for optimization to TURBOFAN_JS, ConcurrencyMode::kConcurrent, reason: hot and stable]
[marking 0x0362c72e1631 <JSFunction connect4RbaCofactorKnownHeight (sfi = 00000362C72D1AD9)> for optimization to TURBOFAN_JS, ConcurrencyMode::kConcurrent, reason: hot and stable]
[marking 0x03f5f48a0281 <JSFunction emitSortedSetBits32 (sfi = 000003F5F4891AC1)> for optimization to TURBOFAN_JS, ConcurrencyMode::kConcurrent, reason: hot and stable]
[marking 0x03f5f48a0641 <JSFunction connect4RbaCofactorKnownHeight (sfi = 000003F5F4890B81)> for optimization to TURBOFAN_JS, ConcurrencyMode::kConcurrent, reason: hot and stable]
[marking 0x03f5f48a0581 <JSFunction connect4RbaCofactorBasis (sfi = 000003F5F4890AA9)> for optimization to TURBOFAN_JS, ConcurrencyMode::kConcurrent, reason: hot and stable]
[marking 0x0248844237a9 <JSFunction evaluateConnect4CpcNonterminal32 (sfi = 00000248844163F1)> for optimization to MAGLEV, ConcurrencyMode::kConcurrent, reason: hot and stable]
[marking 0x03f5f489f5f9 <JSFunction publishSpan32 (sfi = 000003F5F4889889)> for optimization to TURBOFAN_JS, ConcurrencyMode::kConcurrent, reason: hot and stable]
[compiling method 0x0248844237a9 <JSFunction evaluateConnect4CpcNonterminal32 (sfi = 00000248844163F1)> (target MAGLEV), mode: ConcurrencyMode::kConcurrent]
[marking [marking 0x024884422989 0x03f5f48a0281 <JSFunction emitSortedSetBits32 (sfi = 00000248844142B1)> for optimization to TURBOFAN_JS, ConcurrencyMode::kConcurrent, reason: hot and stable<JSFunction emitSortedSetBits32 (sfi = 000003F5F4891AC1)>]
 for optimization to TURBOFAN_JS, ConcurrencyMode::kConcurrent, reason: hot and stable]
[marking 0x0212c4628af1 <JSFunction publishSpan32 (sfi = 00000212C4612DE1)> for optimization to TURBOFAN_JS, ConcurrencyMode::kConcurrent, reason: hot and stable]
[marking 0x03f5f48a0641 <JSFunction connect4RbaCofactorKnownHeight (sfi = 000003F5F4890B81)> for optimization to TURBOFAN_JS, ConcurrencyMode::kConcurrent, reason: hot and stable]
[marking 0x024884422d49 <JSFunction connect4RbaCofactorKnownHeight (sfi = 0000024884413371)> for optimization to TURBOFAN_JS, ConcurrencyMode::kConcurrent, reason: hot and stable]
[marking 0x0362c72e1631 <JSFunction connect4RbaCofactorKnownHeight (sfi = 00000362C72D1AD9)> for optimization to TURBOFAN_JS, ConcurrencyMode::kConcurrent, reason: hot and stable[marking ]
0x03f5f48a0641 <JSFunction connect4RbaCofactorKnownHeight (sfi = 000003F5F4890B81)> for optimization to TURBOFAN_JS, ConcurrencyMode::kConcurrent, reason: hot and stable]
[marking 0x03f5f48a0281 <JSFunction emitSortedSetBits32 (sfi = 000003F5F4891AC1)> for optimization to TURBOFAN_JS, ConcurrencyMode::kConcurrent, reason: hot and stable]
[completed compiling 0x0362c72e2091 <JSFunction evaluateConnect4CpcNonterminal32 (sfi = 00000362C72D4B59)> (target MAGLEV) - took 0.000, 1.531, 0.012 ms[marking ]
0x024884421d41 <JSFunction mixSpan32Locator32 (sfi = 000002488440C0A9)> for optimization to TURBOFAN_JS, ConcurrencyMode::kConcurrent, reason: hot and stable]
[marking 0x02358b9929a1 <JSFunction connect4RbaCofactorBasis (sfi = 000002358B982F99)> for optimization to TURBOFAN_JS, ConcurrencyMode::kConcurrent, reason: hot and stable]
[marking 0x03f5f48a0641 <JSFunction connect4RbaCofactorKnownHeight (sfi = 000003F5F4890B81)> for optimization to TURBOFAN_JS, ConcurrencyMode::kConcurrent, reason: hot and stable]
[marking 0x03f5f48a0581 <JSFunction connect4RbaCofactorBasis (sfi = 000003F5F4890AA9)> for optimization to TURBOFAN_JS, ConcurrencyMode::kConcurrent, reason: hot and stable]
[marking 0x006fec3ea151 <JSFunction connect4RbaCofactorBasis (sfi = 0000006FEC3DA5F9)> for optimization to TURBOFAN_JS, ConcurrencyMode::kConcurrent, reason: hot and stable]
[marking 0x024884422989 <JSFunction emitSortedSetBits32 (sfi = 00000248844142B1)>[marking  for optimization to TURBOFAN_JS, ConcurrencyMode::kConcurrent, reason: hot and stable]
0x03f5f48a0281 <JSFunction emitSortedSetBits32 (sfi = 000003F5F4891AC1)> for optimization to TURBOFAN_JS, ConcurrencyMode::kConcurrent, reason: hot and stable]
[marking 0x03f5f48a0641 <JSFunction connect4RbaCofactorKnownHeight (sfi = 000003F5F4890B81)> for optimization to TURBOFAN_JS, ConcurrencyMode::kConcurrent, reason: hot and stable[marking ]
0x006fec3e9209 <JSFunction mixSpan32Locator32 (sfi = 0000006FEC3D3409)> for optimization to TURBOFAN_JS, ConcurrencyMode::kConcurrent, reason: hot and stable]
[marking 0x03f5f48a0281 <JSFunction emitSortedSetBits32 (sfi = 000003F5F4891AC1)> for optimization to TURBOFAN_JS, ConcurrencyMode::kConcurrent, reason: hot and stable]
[marking 0x0174ba059bf9 <JSFunction collectSingletonProfiles (sfi = 000002358B986211)> for optimization to TURBOFAN_JS, ConcurrencyMode::kConcurrent, reason: hot and stable]
[marking 0x03f5f48a0641 <JSFunction connect4RbaCofactorKnownHeight (sfi = 000003F5F4890B81)> for optimization to TURBOFAN_JS, ConcurrencyMode::kConcurrent, reason: hot and stable]
[marking 0x0362c72e1631 <JSFunction connect4RbaCofactorKnownHeight (sfi = 00000362C72D1AD9)> for optimization to TURBOFAN_JS, ConcurrencyMode::kConcurrent, reason: hot and stable]
[marking 0x024884422989 <JSFunction emitSortedSetBits32 (sfi = 00000248844142B1)> for optimization to TURBOFAN_JS, ConcurrencyMode::kConcurrent, reason: hot and stable]
[marking 0x03f5f48a0641 <JSFunction connect4RbaCofactorKnownHeight (sfi = 000003F5F4890B81)> for optimization to TURBOFAN_JS, ConcurrencyMode::kConcurrent, reason: hot and stable]
[marking 0x03f5f48a0281 <JSFunction emitSortedSetBits32 (sfi = 000003F5F4891AC1)> for optimization to TURBOFAN_JS, ConcurrencyMode::kConcurrent, reason: hot and stable]
[marking 0x016ef3265769 <JSFunction publishSpan32 (sfi = 0000016EF324FA29)> for optimization to TURBOFAN_JS, ConcurrencyMode::kConcurrent, reason: hot and stable]
[marking 0x03f5f48a0581 <JSFunction connect4RbaCofactorBasis (sfi = 000003F5F4890AA9)> for optimization to TURBOFAN_JS, ConcurrencyMode::kConcurrent, reason: hot and stable]
[marking [marking 0x03f5f48a0641 0x02358b9929a1 <JSFunction connect4RbaCofactorKnownHeight (sfi = 000003F5F4890B81)> for optimization to TURBOFAN_JS, ConcurrencyMode::kConcurrent, reason: hot and stable]
<JSFunction connect4RbaCofactorBasis (sfi = 000002358B982F99)> for optimization to TURBOFAN_JS, ConcurrencyMode::kConcurrent, reason: hot and stable]
[marking 0x0362c72e1631 <JSFunction connect4RbaCofactorKnownHeight (sfi = 00000362C72D1AD9)> for optimization to TURBOFAN_JS, ConcurrencyMode::kConcurrent, reason: hot and stable]
[marking 0x03f5f48a0281 <JSFunction emitSortedSetBits32 (sfi = 000003F5F4891AC1)> for optimization to TURBOFAN_JS, ConcurrencyMode::kConcurrent, reason: hot and stable]
[marking 0x024884421d41 <JSFunction mixSpan32Locator32 (sfi = 000002488440C0A9)> for optimization to TURBOFAN_JS, ConcurrencyMode::kConcurrent, reason: hot and stable]
[marking 0x024884422989 <JSFunction emitSortedSetBits32 (sfi = 00000248844142B1)> for optimization to TURBOFAN_JS, ConcurrencyMode::kConcurrent, reason: hot and stable]
[marking 0x03f5f48a0641 <JSFunction connect4RbaCofactorKnownHeight (sfi = 000003F5F4890B81)>[marking  for optimization to TURBOFAN_JS, ConcurrencyMode::kConcurrent, reason: hot and stable]
0x006fec3ea151 <JSFunction connect4RbaCofactorBasis (sfi = 0000006FEC3DA5F9)> for optimization to TURBOFAN_JS, ConcurrencyMode::kConcurrent, reason: hot and stable]
[marking 0x03f5f48a0281 <JSFunction emitSortedSetBits32 (sfi = 000003F5F4891AC1)> for optimization to TURBOFAN_JS, ConcurrencyMode::kConcurrent, reason: hot and stable]
[marking 0x024884422d49 <JSFunction connect4RbaCofactorKnownHeight (sfi = 0000024884413371)> for optimization to TURBOFAN_JS, ConcurrencyMode::kConcurrent, reason: hot and stable]
[marking 0x03f5f48a0641 <JSFunction connect4RbaCofactorKnownHeight (sfi = 000003F5F4890B81)> for optimization to TURBOFAN_JS, ConcurrencyMode::kConcurrent, reason: hot and stable]
[marking 0x0362c72e1631 <JSFunction connect4RbaCofactorKnownHeight (sfi = 00000362C72D1AD9)> for optimization to TURBOFAN_JS, ConcurrencyMode::kConcurrent, reason: hot and stable]
[marking 0x03f5f48a0581 <JSFunction connect4RbaCofactorBasis (sfi = 000003F5F4890AA9)> for optimization to TURBOFAN_JS, ConcurrencyMode::kConcurrent, reason: hot and stable]
[marking [marking 0x03f5f48a02810x006fec3e9209  <JSFunction emitSortedSetBits32 (sfi = 000003F5F4891AC1)> for optimization to TURBOFAN_JS, ConcurrencyMode::kConcurrent, reason: hot and stable]
<JSFunction mixSpan32Locator32 (sfi = 0000006FEC3D3409)> for optimization to TURBOFAN_JS, ConcurrencyMode::kConcurrent, reason: hot and stable]
[marking 0x03e59bd0e4a1 <JSFunction permutePair3 (sfi = 000003F5F488C671)> for optimization to TURBOFAN_JS, ConcurrencyMode::kConcurrent, reason: hot and stable]
[marking 0x024884422989 <JSFunction emitSortedSetBits32 (sfi = 00000248844142B1)> for optimization to TURBOFAN_JS, ConcurrencyMode::kConcurrent, reason: hot and stable[marking ]
0x03f5f48a0641 <JSFunction connect4RbaCofactorKnownHeight (sfi = 000003F5F4890B81)> for optimization to TURBOFAN_JS, ConcurrencyMode::kConcurrent, reason: hot and stable]
[marking [marking 0x03f5f48a0281 0x024884422d49 <JSFunction emitSortedSetBits32 (sfi = 000003F5F4891AC1)> for optimization to TURBOFAN_JS, ConcurrencyMode::kConcurrent, reason: hot and stable]
<JSFunction connect4RbaCofactorKnownHeight (sfi = 0000024884413371)> for optimization to TURBOFAN_JS, ConcurrencyMode::kConcurrent, reason: hot and stable]
[marking 0x03f5f48a0641 <JSFunction connect4RbaCofactorKnownHeight (sfi = 000003F5F4890B81)> for optimization to TURBOFAN_JS, ConcurrencyMode::kConcurrent, reason: hot and stable]
[marking 0x02358b9929a1 <JSFunction connect4RbaCofactorBasis (sfi = 000002358B982F99)> for optimization to TURBOFAN_JS, ConcurrencyMode::kConcurrent, reason: hot and stable]
[marking 0x0362c72e1631 <JSFunction connect4RbaCofactorKnownHeight (sfi = 00000362C72D1AD9)> for optimization to TURBOFAN_JS, ConcurrencyMode::kConcurrent, reason: hot and stable[marking ]
0x03f5f48a0641 <JSFunction connect4RbaCofactorKnownHeight (sfi = 000003F5F4890B81)> for optimization to TURBOFAN_JS, ConcurrencyMode::kConcurrent, reason: hot and stable]
[marking 0x03f5f48a0281 <JSFunction emitSortedSetBits32 (sfi = 000003F5F4891AC1)> for optimization to TURBOFAN_JS, ConcurrencyMode::kConcurrent, reason: hot and stable]
[marking 0x024884422989 <JSFunction emitSortedSetBits32 (sfi = 00000248844142B1)> for optimization to TURBOFAN_JS, ConcurrencyMode::kConcurrent, reason: hot and stable]
[marking 0x03f5f48a0641 <JSFunction connect4RbaCofactorKnownHeight (sfi = 000003F5F4890B81)> for optimization to TURBOFAN_JS, ConcurrencyMode::kConcurrent, reason: hot and stable]
[marking 0x03f5f48a0581 <JSFunction connect4RbaCofactorBasis (sfi = 000003F5F4890AA9)> for optimization to TURBOFAN_JS, ConcurrencyMode::kConcurrent, reason: hot and stable]
[marking 0x006fec3ea151 <JSFunction connect4RbaCofactorBasis (sfi = 0000006FEC3DA5F9)> for optimization to TURBOFAN_JS, ConcurrencyMode::kConcurrent, reason: hot and stable]
[marking 0x03f5f48a0281 <JSFunction emitSortedSetBits32 (sfi = 000003F5F4891AC1)> for optimization to TURBOFAN_JS, ConcurrencyMode::kConcurrent, reason: hot and stable]
[marking 0x03f5f48a0641 <JSFunction connect4RbaCofactorKnownHeight (sfi = 000003F5F4890B81)> for optimization to TURBOFAN_JS, ConcurrencyMode::kConcurrent, reason: hot and stable]
[compiling method 0x03f5f48a0641 <JSFunction connect4RbaCofactorKnownHeight (sfi = 000003F5F4890B81)> (target TURBOFAN_JS), mode: ConcurrencyMode::kConcurrent]
[completed compiling 0x0362c72e0629 <JSFunction mixSpan32Locator32 (sfi = 00000362C72CA811)> (target TURBOFAN_JS) - took 0.002, 1.330, 0.012 ms]
[completed optimizing 0x0362c72e0629 <JSFunction mixSpan32Locator32 (sfi = 00000362C72CA811)> (target TURBOFAN_JS)]
[marking 0x024884422d49 <JSFunction connect4RbaCofactorKnownHeight (sfi = 0000024884413371)> for optimization to TURBOFAN_JS, ConcurrencyMode::kConcurrent, reason: hot and stable]
[marking 0x0362c72e1631 <JSFunction connect4RbaCofactorKnownHeight (sfi = 00000362C72D1AD9)> for optimization to TURBOFAN_JS, ConcurrencyMode::kConcurrent, reason: hot and stable]
[marking 0x03f5f48a0281 <JSFunction emitSortedSetBits32 (sfi = 000003F5F4891AC1)> for optimization to TURBOFAN_JS, ConcurrencyMode::kConcurrent, reason: hot and stable]
[marking 0x023e389ceec1 <JSFunction collectSingletonProfiles (sfi = 00000212C461D2A9)> for optimization to TURBOFAN_JS, ConcurrencyMode::kConcurrent, reason: hot and stable]
[marking 0x03f5f489f5f9 <JSFunction publishSpan32 (sfi = 000003F5F4889889)> for optimization to TURBOFAN_JS, ConcurrencyMode::kConcurrent, reason: hot and stable]
[marking 0x03f5f48a0581 <JSFunction connect4RbaCofactorBasis (sfi = 000003F5F4890AA9)>[marking  for optimization to TURBOFAN_JS, ConcurrencyMode::kConcurrent, reason: hot and stable0x024884422989]
 [marking 0x03f5f48a0281 <JSFunction emitSortedSetBits32 (sfi = 00000248844142B1)> for optimization to TURBOFAN_JS, ConcurrencyMode::kConcurrent, reason: hot and stable<JSFunction emitSortedSetBits32 (sfi = 000003F5F4891AC1)>]
 for optimization to TURBOFAN_JS, ConcurrencyMode::kConcurrent, reason: hot and stable]
[marking 0x006fec3e9209 <JSFunction mixSpan32Locator32 (sfi = 0000006FEC3D3409)> for optimization to TURBOFAN_JS, ConcurrencyMode::kConcurrent, reason: hot and stable]
[marking 0x0362c72e1631 [marking 0x024884421d41 <JSFunction connect4RbaCofactorKnownHeight (sfi = 00000362C72D1AD9)> for optimization to TURBOFAN_JS, ConcurrencyMode::kConcurrent, reason: hot and stable]
<JSFunction mixSpan32Locator32 (sfi = 000002488440C0A9)> for optimization to TURBOFAN_JS, ConcurrencyMode::kConcurrent, reason: hot and stable]
[marking 0x024884422d49 <JSFunction connect4RbaCofactorKnownHeight (sfi = 0000024884413371)> for optimization to TURBOFAN_JS, ConcurrencyMode::kConcurrent, reason: hot and stable]
[marking 0x026e68e66e01 <JSFunction collectSingletonProfiles (sfi = 0000016EF3259F09)> for optimization to TURBOFAN_JS, ConcurrencyMode::kConcurrent, reason: hot and stable]
[marking 0x00cbc4a82781 <JSFunction searchCpcOnlyFrontier (sfi = 0000006FEC3CE4E1)> for optimization to MAGLEV, ConcurrencyMode::kConcurrent, reason: hot and stable]
[compiling method 0x00cbc4a82781[marking  0x016ef3267fb9 <JSFunction searchCpcOnlyFrontier (sfi = 0000006FEC3CE4E1)>[marking  (target MAGLEV), mode: ConcurrencyMode::kConcurrent]
0x03f5f48a0281 <JSFunction advanceConnect4LiveLineState32 (sfi = 0000016EF325C389)> for optimization to TURBOFAN_JS, ConcurrencyMode::kConcurrent, reason: hot and stable]
<JSFunction emitSortedSetBits32 (sfi = 000003F5F4891AC1)> for optimization to TURBOFAN_JS, ConcurrencyMode::kConcurrent, reason: hot and stable]
[marking 0x024884422989 <JSFunction emitSortedSetBits32 (sfi = 00000248844142B1)> for optimization to TURBOFAN_JS, ConcurrencyMode::kConcurrent, reason: hot and stable]
[marking 0x02358b9929a1 <JSFunction connect4RbaCofactorBasis (sfi = 000002358B982F99)> for optimization to TURBOFAN_JS, ConcurrencyMode::kConcurrent, reason: hot and stable]
[marking 0x02358b994269 <JSFunction advanceConnect4LiveLineState32 (sfi = 000002358B988691)> for optimization to TURBOFAN_JS, ConcurrencyMode::kConcurrent, reason: hot and stable]
[marking 0x03f5f48a0281 <JSFunction emitSortedSetBits32 (sfi = 000003F5F4891AC1)> for optimization to TURBOFAN_JS, ConcurrencyMode::kConcurrent, reason: hot and stable[marking ]
0x024884422989 <JSFunction emitSortedSetBits32 (sfi = 00000248844142B1)> for optimization to TURBOFAN_JS, ConcurrencyMode::kConcurrent, reason: hot and stable]
[marking 0x024884422d49 <JSFunction connect4RbaCofactorKnownHeight (sfi = 0000024884413371)> for optimization to TURBOFAN_JS, ConcurrencyMode::kConcurrent, reason: hot and stable]
[marking 0x0362c72e05e9 [marking <JSFunction publishSpan32 (sfi = 00000362C72CA7C9)> for optimization to TURBOFAN_JS, ConcurrencyMode::kConcurrent, reason: hot and stable0x006fec3ea151 ]
<JSFunction connect4RbaCofactorBasis (sfi = 0000006FEC3DA5F9)> for optimization to TURBOFAN_JS, ConcurrencyMode::kConcurrent, reason: hot and stable]
[marking 0x0212c462b341 [marking <JSFunction advanceConnect4LiveLineState32 (sfi = 00000212C461F729)>0x0362c72e1631  for optimization to TURBOFAN_JS, ConcurrencyMode::kConcurrent, reason: hot and stable]
<JSFunction connect4RbaCofactorKnownHeight (sfi = 00000362C72D1AD9)> for optimization to TURBOFAN_JS, ConcurrencyMode::kConcurrent, reason: hot and stable]
[marking 0x03f5f48a0581 <JSFunction connect4RbaCofactorBasis (sfi = 000003F5F4890AA9)> for optimization to TURBOFAN_JS, ConcurrencyMode::kConcurrent, reason: hot and stable]
[marking 0x024884422989 <JSFunction emitSortedSetBits32 (sfi = 00000248844142B1)> for optimization to TURBOFAN_JS, ConcurrencyMode::kConcurrent, reason: hot and stable]
[marking 0x03f5f48a0281 <JSFunction emitSortedSetBits32 (sfi = 000003F5F4891AC1)> for optimization to TURBOFAN_JS, ConcurrencyMode::kConcurrent, reason: hot and stable]
[marking 0x024884422d49 <JSFunction connect4RbaCofactorKnownHeight (sfi = 0000024884413371)> for optimization to TURBOFAN_JS, ConcurrencyMode::kConcurrent, reason: hot and stable]
[marking [marking 0x024884421d41 0x03e59bd0e4a1 <JSFunction mixSpan32Locator32 (sfi = 000002488440C0A9)> for optimization to TURBOFAN_JS, ConcurrencyMode::kConcurrent, reason: hot and stable]
<JSFunction permutePair3 (sfi = 000003F5F488C671)> for optimization to TURBOFAN_JS, ConcurrencyMode::kConcurrent, reason: hot and stable]
[marking 0x03f5f48a0281 <JSFunction emitSortedSetBits32 (sfi = 000003F5F4891AC1)> for optimization to TURBOFAN_JS, ConcurrencyMode::kConcurrent, reason: hot and stable]
[marking 0x024884422989 <JSFunction emitSortedSetBits32 (sfi = 00000248844142B1)> for optimization to TURBOFAN_JS, ConcurrencyMode::kConcurrent, reason: hot and stable]
[marking 0x0362c72e1631 <JSFunction connect4RbaCofactorKnownHeight (sfi = 00000362C72D1AD9)> for optimization to TURBOFAN_JS, ConcurrencyMode::kConcurrent, reason: hot and stable]
[marking 0x02358b9929a1 <JSFunction connect4RbaCofactorBasis (sfi = 000002358B982F99)> for optimization to TURBOFAN_JS, ConcurrencyMode::kConcurrent, reason: hot and stable]
[marking 0x006fec3e9209 <JSFunction mixSpan32Locator32 (sfi = 0000006FEC3D3409)> for optimization to TURBOFAN_JS, ConcurrencyMode::kConcurrent, reason: hot and stable]
[marking 0x024884422989 <JSFunction emitSortedSetBits32 (sfi = 00000248844142B1)> for optimization to TURBOFAN_JS, ConcurrencyMode::kConcurrent, reason: hot and stable]
[marking 0x03f5f48a0281 <JSFunction emitSortedSetBits32 (sfi = 000003F5F4891AC1)> for optimization to TURBOFAN_JS, ConcurrencyMode::kConcurrent, reason: hot and stable]
[bailout (kind: deopt-eager, reason: Insufficient type feedback for call): begin. deoptimizing 0x0212c462c139 <JSFunction storeConnect4RbaSharedExactCache32 (sfi = 00000212C4626331)>, 0x00f07aab9249 <Code MAGLEV>, opt id 21, bytecode offset 125, deopt exit 23, FP to SP delta 144, caller SP 0x0060091f9800, pc 0x022c83366e59]
[marking 0x024884422d49 <JSFunction connect4RbaCofactorKnownHeight (sfi = 0000024884413371)> for optimization to TURBOFAN_JS, ConcurrencyMode::kConcurrent, reason: hot and stable]
[marking 0x03e59bd0fba1 <JSFunction searchCpcOnlyFrontier (sfi = 000003F5F48849A9)> for optimization to MAGLEV, ConcurrencyMode::kConcurrent, reason: hot and stable]
[compiling method 0x03e59bd0fba1 <JSFunction searchCpcOnlyFrontier (sfi = 000003F5F48849A9)> (target MAGLEV), mode: ConcurrencyMode::kConcurrent]
[marking 0x0362c72e1631 <JSFunction connect4RbaCofactorKnownHeight (sfi = 00000362C72D1AD9)> for optimization to TURBOFAN_JS, ConcurrencyMode::kConcurrent, reason: hot and stable]
[marking 0x02358b991a19 <JSFunction publishSpan32 (sfi = 0000015FF387B711)> for optimization to TURBOFAN_JS, ConcurrencyMode::kConcurrent, reason: hot and stable]
[marking 0x024884422989 <JSFunction emitSortedSetBits32 (sfi = 00000248844142B1)> for optimization to TURBOFAN_JS, ConcurrencyMode::kConcurrent, reason: hot and stable]
[marking 0x03f5f48a0581 <JSFunction connect4RbaCofactorBasis (sfi = 000003F5F4890AA9)> for optimization to TURBOFAN_JS, ConcurrencyMode::kConcurrent, reason: hot and stable]
[marking 0x006fec3ea151 <JSFunction connect4RbaCofactorBasis (sfi = 0000006FEC3DA5F9)> for optimization to TURBOFAN_JS, ConcurrencyMode::kConcurrent, reason: hot and stable]
[marking 0x03f5f48a0281 <JSFunction emitSortedSetBits32 (sfi = 000003F5F4891AC1)> for optimization to TURBOFAN_JS, ConcurrencyMode::kConcurrent, reason: hot and stable]
[marking 0x03f5f489f5f9 <JSFunction publishSpan32 (sfi = 000003F5F4889889)> for optimization to TURBOFAN_JS, ConcurrencyMode::kConcurrent, reason: hot and stable]
[marking 0x024884422989 <JSFunction emitSortedSetBits32 (sfi = 00000248844142B1)> for optimization to TURBOFAN_JS, ConcurrencyMode::kConcurrent, reason: hot and stable]
[marking 0x0174ba059bf9 <JSFunction collectSingletonProfiles (sfi = 000002358B986211)> for optimization to TURBOFAN_JS, ConcurrencyMode::kConcurrent, reason: hot and stable]
[marking 0x024884422d49 <JSFunction connect4RbaCofactorKnownHeight (sfi = 0000024884413371)> for optimization to TURBOFAN_JS, ConcurrencyMode::kConcurrent, reason: hot and stable]
[marking 0x0362c72e1631 <JSFunction connect4RbaCofactorKnownHeight (sfi = 00000362C72D1AD9)> for optimization to TURBOFAN_JS, ConcurrencyMode::kConcurrent, reason: hot and stable]
[completed compiling 0x02358b9934c1 <JSFunction evaluateConnect4CpcNonterminal32 (sfi = 000002358B9860F1)> (target MAGLEV) - took 0.000, 1.067, 0.011 ms]
[marking 0x03f5f48a0281 <JSFunction emitSortedSetBits32 (sfi = 000003F5F4891AC1)> for optimization to TURBOFAN_JS, ConcurrencyMode::kConcurrent, reason: hot and stable]
[marking 0x024884421d41 <JSFunction mixSpan32Locator32 (sfi = 000002488440C0A9)> for optimization to TURBOFAN_JS, ConcurrencyMode::kConcurrent, reason: hot and stable]
[marking 0x02358b9929a1 <JSFunction connect4RbaCofactorBasis (sfi = 000002358B982F99)> for optimization to TURBOFAN_JS, ConcurrencyMode::kConcurrent, reason: hot and stable]
[marking 0x024884422989 <JSFunction emitSortedSetBits32 (sfi = 00000248844142B1)> for optimization to TURBOFAN_JS, ConcurrencyMode::kConcurrent, reason: hot and stable]
[marking 0x0174ba059c79 <JSFunction pairedResponseNoWin (sfi = 000002358B9862A1)> for optimization to MAGLEV, ConcurrencyMode::kConcurrent, reason: hot and stable]
[compiling method 0x0174ba059c79 [marking 0x024884422d49 <JSFunction pairedResponseNoWin (sfi = 000002358B9862A1)> (target MAGLEV), mode: ConcurrencyMode::kConcurrent]
<JSFunction connect4RbaCofactorKnownHeight (sfi = 0000024884413371)> for optimization to TURBOFAN_JS, ConcurrencyMode::kConcurrent, reason: hot and stable]
[marking 0x03f5f48a0281 <JSFunction emitSortedSetBits32 (sfi = 000003F5F4891AC1)> for optimization to TURBOFAN_JS, ConcurrencyMode::kConcurrent, reason: hot and stable]
[marking 0x006fec3e9209 <JSFunction mixSpan32Locator32 (sfi = 0000006FEC3D3409)> for optimization to TURBOFAN_JS, ConcurrencyMode::kConcurrent, reason: hot and stable]
[marking 0x024884422989 <JSFunction emitSortedSetBits32 (sfi = 00000248844142B1)> for optimization to TURBOFAN_JS, ConcurrencyMode::kConcurrent, reason: hot and stable]
[marking 0x006fec3ea151 <JSFunction connect4RbaCofactorBasis (sfi = 0000006FEC3DA5F9)> for optimization to TURBOFAN_JS, ConcurrencyMode::kConcurrent, reason: hot and stable]
[marking 0x0362c72e1631 [marking 0x03f5f48a0581 <JSFunction connect4RbaCofactorKnownHeight (sfi = 00000362C72D1AD9)> for optimization to TURBOFAN_JS, ConcurrencyMode::kConcurrent, reason: hot and stable<JSFunction connect4RbaCofactorBasis (sfi = 000003F5F4890AA9)>]
 for optimization to TURBOFAN_JS, ConcurrencyMode::kConcurrent, reason: hot and stable]
[marking 0x024884422989 <JSFunction emitSortedSetBits32 (sfi = 00000248844142B1)> for optimization to TURBOFAN_JS, ConcurrencyMode::kConcurrent, reason: hot and stable]
[marking 0x03f5f48a0281 <JSFunction emitSortedSetBits32 (sfi = 000003F5F4891AC1)> for optimization to TURBOFAN_JS, ConcurrencyMode::kConcurrent, reason: hot and stable]
[marking 0x024884422d49 <JSFunction connect4RbaCofactorKnownHeight (sfi = 0000024884413371)> for optimization to TURBOFAN_JS, ConcurrencyMode::kConcurrent, reason: hot and stable]
[marking 0x0212c4628af1 <JSFunction publishSpan32 (sfi = 00000212C4612DE1)> for optimization to TURBOFAN_JS, ConcurrencyMode::kConcurrent, reason: hot and stable]
[marking 0x024884421d41 <JSFunction mixSpan32Locator32 (sfi = 000002488440C0A9)> for optimization to TURBOFAN_JS, ConcurrencyMode::kConcurrent, reason: hot and stable]
[marking 0x02358b9929a1 <JSFunction connect4RbaCofactorBasis (sfi = 000002358B982F99)> for optimization to TURBOFAN_JS, ConcurrencyMode::kConcurrent, reason: hot and stable]
[marking 0x0362c72e1631 <JSFunction connect4RbaCofactorKnownHeight (sfi = 00000362C72D1AD9)> for optimization to TURBOFAN_JS, ConcurrencyMode::kConcurrent, reason: hot and stable]
[marking 0x024884422989 <JSFunction emitSortedSetBits32 (sfi = 00000248844142B1)> for optimization to TURBOFAN_JS, ConcurrencyMode::kConcurrent, reason: hot and stable]
[marking 0x024884421d01 <JSFunction publishSpan32 (sfi = 000002488440C061)> for optimization to TURBOFAN_JS, ConcurrencyMode::kConcurrent, reason: hot and stable]
[marking 0x03f5f48a0281 <JSFunction emitSortedSetBits32 (sfi = 000003F5F4891AC1)> for optimization to TURBOFAN_JS, ConcurrencyMode::kConcurrent, reason: hot and stable]
[marking 0x024884422989 <JSFunction emitSortedSetBits32 (sfi = 00000248844142B1)> for optimization to TURBOFAN_JS, ConcurrencyMode::kConcurrent, reason: hot and stable]
[marking 0x023e389ceec1 <JSFunction collectSingletonProfiles (sfi = 00000212C461D2A9)> for optimization to TURBOFAN_JS, ConcurrencyMode::kConcurrent, reason: hot and stable]
[marking 0x024884422d49 <JSFunction connect4RbaCofactorKnownHeight (sfi = 0000024884413371)> for optimization to TURBOFAN_JS, ConcurrencyMode::kConcurrent, reason: hot and stable]
[completed compiling 0x02358b9926a1 <JSFunction emitSortedSetBits32 (sfi = 000002358B983FB1)> (target TURBOFAN_JS) - took 0.003, 1.738, 0.015 ms[compiling method ]
[compiling method 0x023e389ceec10x024884422d49  [completed optimizing <JSFunction connect4RbaCofactorKnownHeight (sfi = 0000024884413371)>0x02358b9926a1 (target TURBOFAN_JS), mode: ConcurrencyMode::kConcurrent<JSFunction collectSingletonProfiles (sfi = 00000212C461D2A9)>]
  (target TURBOFAN_JS), mode: ConcurrencyMode::kConcurrent[marking <JSFunction emitSortedSetBits32 (sfi = 000002358B983FB1)>]
 (target TURBOFAN_JS)]
0x006fec3e9209 <JSFunction mixSpan32Locator32 (sfi = 0000006FEC3D3409)> for optimization to TURBOFAN_JS, ConcurrencyMode::kConcurrent, reason: hot and stable]
[marking 0x03f5f48a0581 <JSFunction connect4RbaCofactorBasis (sfi = 000003F5F4890AA9)> for optimization to TURBOFAN_JS, ConcurrencyMode::kConcurrent, reason: hot and stable]
[marking 0x006fec3ea151 <JSFunction connect4RbaCofactorBasis (sfi = 0000006FEC3DA5F9)> for optimization to TURBOFAN_JS, ConcurrencyMode::kConcurrent, reason: hot and stable]
[marking 0x007730018bd9 <JSFunction pairedResponseNoWin (sfi = 00000362C72D4D09)> for optimization to MAGLEV, ConcurrencyMode::kConcurrent, reason: hot and stable]
[marking 0x0362c72e1631 <JSFunction connect4RbaCofactorKnownHeight (sfi = 00000362C72D1AD9)> for optimization to TURBOFAN_JS, ConcurrencyMode::kConcurrent, reason: hot and stable]
[marking 0x03f5f48a0281 <JSFunction emitSortedSetBits32 (sfi = 000003F5F4891AC1)> for optimization to TURBOFAN_JS, ConcurrencyMode::kConcurrent, reason: hot and stable]
[compiling method 0x007730018bd9 <JSFunction pairedResponseNoWin (sfi = 00000362C72D4D09)> (target MAGLEV), mode: ConcurrencyMode::kConcurrent]
[marking 0x007730018b59 <JSFunction collectSingletonProfiles (sfi = 00000362C72D4C79)> for optimization to TURBOFAN_JS, ConcurrencyMode::kConcurrent, reason: hot and stable]
[marking [marking 0x0362c72e05e9 0x02358b9929a1 <JSFunction publishSpan32 (sfi = 00000362C72CA7C9)> for optimization to TURBOFAN_JS, ConcurrencyMode::kConcurrent, reason: hot and stable]
<JSFunction connect4RbaCofactorBasis (sfi = 000002358B982F99)> for optimization to TURBOFAN_JS, ConcurrencyMode::kConcurrent, reason: hot and stable]
[marking 0x024884422989 <JSFunction emitSortedSetBits32 (sfi = 00000248844142B1)> for optimization to TURBOFAN_JS, ConcurrencyMode::kConcurrent, reason: hot and stable]
[marking 0x03f5f48a0281 <JSFunction emitSortedSetBits32 (sfi = 000003F5F4891AC1)> for optimization to TURBOFAN_JS, ConcurrencyMode::kConcurrent, reason: hot and stable]
[marking 0x016ef3267fb9 <JSFunction advanceConnect4LiveLineState32 (sfi = 0000016EF325C389)> for optimization to TURBOFAN_JS, ConcurrencyMode::kConcurrent, reason: hot and stable]
[marking 0x0362c72e1631 <JSFunction connect4RbaCofactorKnownHeight (sfi = 00000362C72D1AD9)> for optimization to TURBOFAN_JS, ConcurrencyMode::kConcurrent, reason: hot and stable]
[marking 0x026e68e66e01 <JSFunction collectSingletonProfiles (sfi = 0000016EF3259F09)> for optimization to TURBOFAN_JS, ConcurrencyMode::kConcurrent, reason: hot and stable]
[marking 0x024884422989 [marking 0x03f5f48a0281 <JSFunction emitSortedSetBits32 (sfi = 000003F5F4891AC1)> for optimization to TURBOFAN_JS, ConcurrencyMode::kConcurrent, reason: hot and stable]
<JSFunction emitSortedSetBits32 (sfi = 00000248844142B1)> for optimization to TURBOFAN_JS, ConcurrencyMode::kConcurrent, reason: hot and stable]
[marking 0x03f5f48a0581 <JSFunction connect4RbaCofactorBasis (sfi = 000003F5F4890AA9)> for optimization to TURBOFAN_JS, ConcurrencyMode::kConcurrent, reason: hot and stable]
[marking 0x006fec3e9209 <JSFunction mixSpan32Locator32 (sfi = 0000006FEC3D3409)> for optimization to TURBOFAN_JS, ConcurrencyMode::kConcurrent, reason: hot and stable]
[marking 0x006fec3ea151 <JSFunction connect4RbaCofactorBasis (sfi = 0000006FEC3DA5F9)> for optimization to TURBOFAN_JS, ConcurrencyMode::kConcurrent, reason: hot and stable]
[marking 0x024884421d41 <JSFunction mixSpan32Locator32 (sfi = 000002488440C0A9)> for optimization to TURBOFAN_JS, ConcurrencyMode::kConcurrent, reason: hot and stable]
[marking 0x02358b994269 <JSFunction advanceConnect4LiveLineState32 (sfi = 000002358B988691)> for optimization to TURBOFAN_JS, ConcurrencyMode::kConcurrent, reason: hot and stable]
[marking 0x03f5f48a0281 <JSFunction emitSortedSetBits32 (sfi = 000003F5F4891AC1)> for optimization to TURBOFAN_JS, ConcurrencyMode::kConcurrent, reason: hot and stable]
[marking 0x0212c462c139 [marking <JSFunction storeConnect4RbaSharedExactCache32 (sfi = 00000212C4626331)>0x0362c72e1631 for optimization to MAGLEV, ConcurrencyMode::kConcurrent, reason: hot and stable [completed compiling ]
0x0174ba059c79 <JSFunction connect4RbaCofactorKnownHeight (sfi = 00000362C72D1AD9)><JSFunction pairedResponseNoWin (sfi = 000002358B9862A1)> for optimization to TURBOFAN_JS, ConcurrencyMode::kConcurrent, reason: hot and stable]
 (target MAGLEV) - took 0.000, 0.518, 0.004 ms]
[marking 0x024884422989 [compiling method <JSFunction emitSortedSetBits32 (sfi = 00000248844142B1)>0x0212c462c139  for optimization to TURBOFAN_JS, ConcurrencyMode::kConcurrent, reason: hot and stable]
<JSFunction storeConnect4RbaSharedExactCache32 (sfi = 00000212C4626331)> (target MAGLEV), mode: ConcurrencyMode::kConcurrent]
[marking 0x02358b991a19 <JSFunction publishSpan32 (sfi = 0000015FF387B711)> for optimization to TURBOFAN_JS, ConcurrencyMode::kConcurrent, reason: hot and stable]
[marking 0x02358b9929a1 <JSFunction connect4RbaCofactorBasis (sfi = 000002358B982F99)> for optimization to TURBOFAN_JS, ConcurrencyMode::kConcurrent, reason: hot and stable]
[marking 0x0212c462b341 <JSFunction advanceConnect4LiveLineState32 (sfi = 00000212C461F729)> for optimization to TURBOFAN_JS, ConcurrencyMode::kConcurrent, reason: hot and stable]
[marking 0x03f5f48a0281 <JSFunction emitSortedSetBits32 (sfi = 000003F5F4891AC1)> for optimization to TURBOFAN_JS, ConcurrencyMode::kConcurrent, reason: hot and stable]
[marking 0x024884422989 <JSFunction emitSortedSetBits32 (sfi = 00000248844142B1)> for optimization to TURBOFAN_JS, ConcurrencyMode::kConcurrent, reason: hot and stable]
[marking 0x03f5f48a0581 [marking <JSFunction connect4RbaCofactorBasis (sfi = 000003F5F4890AA9)>0x0174ba059bf9  for optimization to TURBOFAN_JS, ConcurrencyMode::kConcurrent, reason: hot and stable]
<JSFunction collectSingletonProfiles (sfi = 000002358B986211)> for optimization to TURBOFAN_JS, ConcurrencyMode::kConcurrent, reason: hot and stable]
[marking 0x0362c72e1631 <JSFunction connect4RbaCofactorKnownHeight (sfi = 00000362C72D1AD9)> for optimization to TURBOFAN_JS, ConcurrencyMode::kConcurrent, reason: hot and stable]
[marking 0x03f5f48a0281 <JSFunction emitSortedSetBits32 (sfi = 000003F5F4891AC1)> for optimization to TURBOFAN_JS, ConcurrencyMode::kConcurrent, reason: hot and stable]
[marking 0x024884422989 <JSFunction emitSortedSetBits32 (sfi = 00000248844142B1)> for optimization to TURBOFAN_JS, ConcurrencyMode::kConcurrent, reason: hot and stable]
[marking 0x024884421d41 <JSFunction mixSpan32Locator32 (sfi = 000002488440C0A9)> for optimization to TURBOFAN_JS, ConcurrencyMode::kConcurrent, reason: hot and stable[marking ]
[marking 0x006fec3ea151 0x02358b9929a1 <JSFunction connect4RbaCofactorBasis (sfi = 0000006FEC3DA5F9)> for optimization to TURBOFAN_JS, ConcurrencyMode::kConcurrent, reason: hot and stable]
<JSFunction connect4RbaCofactorBasis (sfi = 000002358B982F99)> for optimization to TURBOFAN_JS, ConcurrencyMode::kConcurrent, reason: hot and stable]
[marking 0x03f5f48a0281 <JSFunction emitSortedSetBits32 (sfi = 000003F5F4891AC1)> for optimization to TURBOFAN_JS, ConcurrencyMode::kConcurrent, reason: hot and stable]
[marking 0x006fec3e9209 <JSFunction mixSpan32Locator32 (sfi = 0000006FEC3D3409)> for optimization to TURBOFAN_JS, ConcurrencyMode::kConcurrent, reason: hot and stable]
[marking 0x0362c72e1631 <JSFunction connect4RbaCofactorKnownHeight (sfi = 00000362C72D1AD9)> for optimization to TURBOFAN_JS, ConcurrencyMode::kConcurrent, reason: hot and stable]
[marking 0x03e59bd0e4a1 <JSFunction permutePair3 (sfi = 000003F5F488C671)> for optimization to TURBOFAN_JS, ConcurrencyMode::kConcurrent, reason: hot and stable]
[marking 0x024884422989 <JSFunction emitSortedSetBits32 (sfi = 00000248844142B1)> for optimization to TURBOFAN_JS, ConcurrencyMode::kConcurrent, reason: hot and stable]
[marking 0x0212c4628af1 <JSFunction publishSpan32 (sfi = 00000212C4612DE1)> for optimization to TURBOFAN_JS, ConcurrencyMode::kConcurrent, reason: hot and stable]
[marking 0x03f5f48a0281 <JSFunction emitSortedSetBits32 (sfi = 000003F5F4891AC1)> for optimization to TURBOFAN_JS, ConcurrencyMode::kConcurrent, reason: hot and stable]
[marking 0x03f5f48a0581 <JSFunction connect4RbaCofactorBasis (sfi = 000003F5F4890AA9)> for optimization to TURBOFAN_JS, ConcurrencyMode::kConcurrent, reason: hot and stable]
[marking 0x03f5f489f5f9 <JSFunction publishSpan32 (sfi = 000003F5F4889889)> for optimization to TURBOFAN_JS, ConcurrencyMode::kConcurrent, reason: hot and stable]
[marking 0x02358b9929a1 <JSFunction connect4RbaCofactorBasis (sfi = 000002358B982F99)> for optimization to TURBOFAN_JS, ConcurrencyMode::kConcurrent, reason: hot and stable]
[compiling method 0x02358b9929a1 [marking <JSFunction connect4RbaCofactorBasis (sfi = 000002358B982F99)> (target TURBOFAN_JS), mode: ConcurrencyMode::kConcurrent]
0x000b99635269 [marking 0x03f5f48a0281 <JSFunction emitSortedSetBits32 (sfi = 000003F5F4891AC1)><JSFunction pairedResponseNoWin (sfi = 00000248844165A1)> for optimization to TURBOFAN_JS, ConcurrencyMode::kConcurrent, reason: hot and stable for optimization to MAGLEV, ConcurrencyMode::kConcurrent, reason: hot and stable]
]
[marking 0x024884422989 <JSFunction emitSortedSetBits32 (sfi = 00000248844142B1)> for optimization to TURBOFAN_JS, ConcurrencyMode::kConcurrent, reason: hot and stable]
[completed compiling 0x0362c72e1571 <JSFunction connect4RbaCofactorBasis (sfi = 00000362C72D1A01)> (target TURBOFAN_JS) - took 0.001, 4.574, 0.026 ms[compiling method ]
0x000b99635269 <JSFunction pairedResponseNoWin (sfi = 00000248844165A1)> (target MAGLEV), mode: ConcurrencyMode::kConcurrent[completed optimizing ]
0x0362c72e1571 <JSFunction connect4RbaCofactorBasis (sfi = 00000362C72D1A01)> (target TURBOFAN_JS)]
[marking 0x007730018b59 <JSFunction collectSingletonProfiles (sfi = 00000362C72D4C79)> for optimization to TURBOFAN_JS, ConcurrencyMode::kConcurrent, reason: hot and stable[marking ]
0x0174ba059bf9 <JSFunction collectSingletonProfiles (sfi = 000002358B986211)> for optimization to TURBOFAN_JS, ConcurrencyMode::kConcurrent, reason: hot and stable]
[marking 0x02358b994269 <JSFunction advanceConnect4LiveLineState32 (sfi = 000002358B988691)> for optimization to TURBOFAN_JS, ConcurrencyMode::kConcurrent, reason: hot and stable]
[marking 0x03f5f48a0281 <JSFunction emitSortedSetBits32 (sfi = 000003F5F4891AC1)> for optimization to TURBOFAN_JS, ConcurrencyMode::kConcurrent, reason: hot and stable]
[compiling method 0x03f5f48a0281 <JSFunction emitSortedSetBits32 (sfi = 000003F5F4891AC1)>[completed compiling  (target TURBOFAN_JS), mode: ConcurrencyMode::kConcurrent]
0x0362c72e1271 <JSFunction emitSortedSetBits32 (sfi = 00000362C72D2A19)> (target TURBOFAN_JS) - took 0.001, 1.182, 0.008 ms]
[completed optimizing 0x0362c72e1271 <JSFunction emitSortedSetBits32 (sfi = 00000362C72D2A19)> (target TURBOFAN_JS)]
[marking 0x024884421d41 <JSFunction mixSpan32Locator32 (sfi = 000002488440C0A9)> for optimization to TURBOFAN_JS, ConcurrencyMode::kConcurrent, reason: hot and stable]
[marking 0x024884422989 <JSFunction emitSortedSetBits32 (sfi = 00000248844142B1)> for optimization to TURBOFAN_JS, ConcurrencyMode::kConcurrent, reason: hot and stable]
[marking 0x03f5f48a0581 <JSFunction connect4RbaCofactorBasis (sfi = 000003F5F4890AA9)> for optimization to TURBOFAN_JS, ConcurrencyMode::kConcurrent, reason: hot and stable]
[marking 0x006fec3ea151 <JSFunction connect4RbaCofactorBasis (sfi = 0000006FEC3DA5F9)> for optimization to TURBOFAN_JS, ConcurrencyMode::kConcurrent, reason: hot and stable]
[marking 0x0362c72e1631[marking  <JSFunction connect4RbaCofactorKnownHeight (sfi = 00000362C72D1AD9)> for optimization to TURBOFAN_JS, ConcurrencyMode::kConcurrent, reason: hot and stable]
0x023e389ceec1 <JSFunction collectSingletonProfiles (sfi = 00000212C461D2A9)> for optimization to TURBOFAN_JS, ConcurrencyMode::kConcurrent, reason: hot and stable]
[marking 0x024884422989 <JSFunction emitSortedSetBits32 (sfi = 00000248844142B1)> for optimization to TURBOFAN_JS, ConcurrencyMode::kConcurrent, reason: hot and stable]
[marking 0x006fec3e9209 <JSFunction mixSpan32Locator32 (sfi = 0000006FEC3D3409)> for optimization to TURBOFAN_JS, ConcurrencyMode::kConcurrent, reason: hot and stable]
[marking 0x024884421d01 <JSFunction publishSpan32 (sfi = 000002488440C061)> for optimization to TURBOFAN_JS, ConcurrencyMode::kConcurrent, reason: hot and stable]
[marking 0x024884422989 <JSFunction emitSortedSetBits32 (sfi = 00000248844142B1)> for optimization to TURBOFAN_JS, ConcurrencyMode::kConcurrent, reason: hot and stable]
[marking 0x024884421d41 <JSFunction mixSpan32Locator32 (sfi = 000002488440C0A9)> for optimization to TURBOFAN_JS, ConcurrencyMode::kConcurrent, reason: hot and stable]
[marking 0x0362c72e05e9 <JSFunction publishSpan32 (sfi = 00000362C72CA7C9)> for optimization to TURBOFAN_JS, ConcurrencyMode::kConcurrent, reason: hot and stable]
[marking 0x03f5f48a0581 <JSFunction connect4RbaCofactorBasis (sfi = 000003F5F4890AA9)> for optimization to TURBOFAN_JS, ConcurrencyMode::kConcurrent, reason: hot and stable]
[marking 0x024884422989 <JSFunction emitSortedSetBits32 (sfi = 00000248844142B1)> for optimization to TURBOFAN_JS, ConcurrencyMode::kConcurrent, reason: hot and stable]
[marking 0x0174ba059bf9 <JSFunction collectSingletonProfiles (sfi = 000002358B986211)> for optimization to TURBOFAN_JS, ConcurrencyMode::kConcurrent, reason: hot and stable]
[marking 0x02358b993001 <JSFunction firstSetBitIndex32 (sfi = 000002358B987609)> for optimization to MAGLEV, ConcurrencyMode::kConcurrent, reason: hot and stable]
[compiling method 0x02358b993001 <JSFunction firstSetBitIndex32 (sfi = 000002358B987609)> (target MAGLEV), mode: ConcurrencyMode::kConcurrent]
[marking 0x0362c72e1631[marking  0x02358b991a19 <JSFunction publishSpan32 (sfi = 0000015FF387B711)> for optimization to TURBOFAN_JS, ConcurrencyMode::kConcurrent, reason: hot and stable<JSFunction connect4RbaCofactorKnownHeight (sfi = 00000362C72D1AD9)>]
 for optimization to TURBOFAN_JS, ConcurrencyMode::kConcurrent, reason: hot and stable]
[marking 0x0212c462b341 <JSFunction advanceConnect4LiveLineState32 (sfi = 00000212C461F729)> for optimization to TURBOFAN_JS, ConcurrencyMode::kConcurrent, reason: hot and stable]
[marking 0x024884422989 <JSFunction emitSortedSetBits32 (sfi = 00000248844142B1)> for optimization to TURBOFAN_JS, ConcurrencyMode::kConcurrent, reason: hot and stable]
[marking 0x024884421d41 <JSFunction mixSpan32Locator32 (sfi = 000002488440C0A9)> for optimization to TURBOFAN_JS, ConcurrencyMode::kConcurrent, reason: hot and stable]
[marking 0x03f5f489f5f9 <JSFunction publishSpan32 (sfi = 000003F5F4889889)> for optimization to TURBOFAN_JS, ConcurrencyMode::kConcurrent, reason: hot and stable]
[marking 0x024884422989 <JSFunction emitSortedSetBits32 (sfi = 00000248844142B1)> for optimization to TURBOFAN_JS, ConcurrencyMode::kConcurrent, reason: hot and stable]
[marking 0x03e59bd0e4a1 <JSFunction permutePair3 (sfi = 000003F5F488C671)> for optimization to TURBOFAN_JS, ConcurrencyMode::kConcurrent, reason: hot and stable]
[marking 0x006fec3ea151 <JSFunction connect4RbaCofactorBasis (sfi = 0000006FEC3DA5F9)> for optimization to TURBOFAN_JS, ConcurrencyMode::kConcurrent, reason: hot and stable]
[marking 0x03f5f48a0581 <JSFunction connect4RbaCofactorBasis (sfi = 000003F5F4890AA9)> for optimization to TURBOFAN_JS, ConcurrencyMode::kConcurrent, reason: hot and stable]
[marking 0x02358b994269 <JSFunction advanceConnect4LiveLineState32 (sfi = 000002358B988691)> for optimization to TURBOFAN_JS, ConcurrencyMode::kConcurrent, reason: hot and stable]
[marking 0x023e389ceec1 <JSFunction collectSingletonProfiles (sfi = 00000212C461D2A9)> for optimization to TURBOFAN_JS, ConcurrencyMode::kConcurrent, reason: hot and stable]
[marking 0x024884422989 <JSFunction emitSortedSetBits32 (sfi = 00000248844142B1)> for optimization to TURBOFAN_JS, ConcurrencyMode::kConcurrent, reason: hot and stable]
[marking 0x007730018b59 <JSFunction collectSingletonProfiles (sfi = 00000362C72D4C79)> for optimization to TURBOFAN_JS, ConcurrencyMode::kConcurrent, reason: hot and stable]
[marking 0x0362c72e1bd1 <JSFunction firstSetBitIndex32 (sfi = 00000362C72D6071)> for optimization to MAGLEV, ConcurrencyMode::kConcurrent, reason: hot and stable]
[compiling method 0x0362c72e1bd1 <JSFunction firstSetBitIndex32 (sfi = 00000362C72D6071)> (target MAGLEV), mode: ConcurrencyMode::kConcurrent]
[marking 0x0362c72e1631 <JSFunction connect4RbaCofactorKnownHeight (sfi = 00000362C72D1AD9)> for optimization to TURBOFAN_JS, ConcurrencyMode::kConcurrent, reason: hot and stable]
[marking 0x024884421d41 <JSFunction mixSpan32Locator32 (sfi = 000002488440C0A9)> for optimization to TURBOFAN_JS, ConcurrencyMode::kConcurrent, reason: hot and stable]
[marking 0x006fec3e9209 <JSFunction mixSpan32Locator32 (sfi = 0000006FEC3D3409)> for optimization to TURBOFAN_JS, ConcurrencyMode::kConcurrent, reason: hot and stable]
[marking 0x024884422989 <JSFunction emitSortedSetBits32 (sfi = 00000248844142B1)> for optimization to TURBOFAN_JS, ConcurrencyMode::kConcurrent, reason: hot and stable]
[marking 0x03f5f48a0581 <JSFunction connect4RbaCofactorBasis (sfi = 000003F5F4890AA9)> for optimization to TURBOFAN_JS, ConcurrencyMode::kConcurrent, reason: hot and stable]
[marking 0x024884422989 <JSFunction emitSortedSetBits32 (sfi = 00000248844142B1)> for optimization to TURBOFAN_JS, ConcurrencyMode::kConcurrent, reason: hot and stable]
[marking 0x0362c72e1631 <JSFunction connect4RbaCofactorKnownHeight (sfi = 00000362C72D1AD9)> for optimization to TURBOFAN_JS, ConcurrencyMode::kConcurrent, reason: hot and stable]
[marking 0x0174ba059bf9 <JSFunction collectSingletonProfiles (sfi = 000002358B986211)> for optimization to TURBOFAN_JS, ConcurrencyMode::kConcurrent, reason: hot and stable]
[marking 0x024884422989 <JSFunction emitSortedSetBits32 (sfi = 00000248844142B1)> for optimization to TURBOFAN_JS, ConcurrencyMode::kConcurrent, reason: hot and stable]
[marking [marking 0x006fec3ea151 0x024884421d41 <JSFunction connect4RbaCofactorBasis (sfi = 0000006FEC3DA5F9)><JSFunction mixSpan32Locator32 (sfi = 000002488440C0A9)> for optimization to TURBOFAN_JS, ConcurrencyMode::kConcurrent, reason: hot and stable]
 for optimization to TURBOFAN_JS, ConcurrencyMode::kConcurrent, reason: hot and stable]
[marking 0x016ef3267fb9 <JSFunction advanceConnect4LiveLineState32 (sfi = 0000016EF325C389)> for optimization to TURBOFAN_JS, ConcurrencyMode::kConcurrent, reason: hot and stable]
[marking 0x006fec3e9209 <JSFunction mixSpan32Locator32 (sfi = 0000006FEC3D3409)> for optimization to TURBOFAN_JS, ConcurrencyMode::kConcurrent, reason: hot and stable]
[marking 0x024884422989 <JSFunction emitSortedSetBits32 (sfi = 00000248844142B1)> for optimization to TURBOFAN_JS, ConcurrencyMode::kConcurrent, reason: hot and stable]
[marking 0x03f5f489f5f9 <JSFunction publishSpan32 (sfi = 000003F5F4889889)> for optimization to TURBOFAN_JS, ConcurrencyMode::kConcurrent, reason: hot and stable]
[marking 0x03f5f48a0581 [marking <JSFunction connect4RbaCofactorBasis (sfi = 000003F5F4890AA9)> for optimization to TURBOFAN_JS, ConcurrencyMode::kConcurrent, reason: hot and stable]
0x026e68e66e01 [marking <JSFunction collectSingletonProfiles (sfi = 0000016EF3259F09)> for optimization to TURBOFAN_JS, ConcurrencyMode::kConcurrent, reason: hot and stable]
0x0212c4628af1 <JSFunction publishSpan32 (sfi = 00000212C4612DE1)> for optimization to TURBOFAN_JS, ConcurrencyMode::kConcurrent, reason: hot and stable]
[marking 0x0362c72e1631 <JSFunction connect4RbaCofactorKnownHeight (sfi = 00000362C72D1AD9)> for optimization to TURBOFAN_JS, ConcurrencyMode::kConcurrent, reason: hot and stable]
[marking 0x024884422989 <JSFunction emitSortedSetBits32 (sfi = 00000248844142B1)> for optimization to TURBOFAN_JS, ConcurrencyMode::kConcurrent, reason: hot and stable]
[marking 0x006fec3e9209 <JSFunction mixSpan32Locator32 (sfi = 0000006FEC3D3409)> for optimization to TURBOFAN_JS, ConcurrencyMode::kConcurrent, reason: hot and stable]
[marking 0x024884422989 <JSFunction emitSortedSetBits32 (sfi = 00000248844142B1)> for optimization to TURBOFAN_JS, ConcurrencyMode::kConcurrent, reason: hot and stable]
[compiling method [marking 0x024884422989 <JSFunction emitSortedSetBits32 (sfi = 00000248844142B1)>0x0362c72e1631 (target TURBOFAN_JS), mode: ConcurrencyMode::kConcurrent ]
<JSFunction connect4RbaCofactorKnownHeight (sfi = 00000362C72D1AD9)> for optimization to TURBOFAN_JS, ConcurrencyMode::kConcurrent, reason: hot and stable]
[marking 0x024884421d41 <JSFunction mixSpan32Locator32 (sfi = 000002488440C0A9)> for optimization to TURBOFAN_JS, ConcurrencyMode::kConcurrent, reason: hot and stable]
[completed compiling 0x0212c4629779 <JSFunction emitSortedSetBits32 (sfi = 00000212C461B031)> (target TURBOFAN_JS) - took 0.003, 1.155, 0.021 ms]
[completed optimizing 0x0212c4629779 <JSFunction emitSortedSetBits32 (sfi = 00000212C461B031)> (target TURBOFAN_JS)]
[marking 0x03f5f48a0581 <JSFunction connect4RbaCofactorBasis (sfi = 000003F5F4890AA9)> for optimization to TURBOFAN_JS, ConcurrencyMode::kConcurrent, reason: hot and stable]
[marking 0x0212c462b341 <JSFunction advanceConnect4LiveLineState32 (sfi = 00000212C461F729)> for optimization to TURBOFAN_JS, ConcurrencyMode::kConcurrent, reason: hot and stable]
[marking 0x023e389ceec1 <JSFunction collectSingletonProfiles (sfi = 00000212C461D2A9)> for optimization to TURBOFAN_JS, ConcurrencyMode::kConcurrent, reason: hot and stable]
[marking 0x006fec3ea151 <JSFunction connect4RbaCofactorBasis (sfi = 0000006FEC3DA5F9)> for optimization to TURBOFAN_JS, ConcurrencyMode::kConcurrent, reason: hot and stable]
[marking 0x0362c72e1631 <JSFunction connect4RbaCofactorKnownHeight (sfi = 00000362C72D1AD9)> for optimization to TURBOFAN_JS, ConcurrencyMode::kConcurrent, reason: hot and stable]
[marking 0x0248844232e9 <JSFunction firstSetBitIndex32 (sfi = 0000024884417909)> for optimization to MAGLEV, ConcurrencyMode::kConcurrent, reason: hot and stable]
[compiling method 0x0248844232e9 <JSFunction firstSetBitIndex32 (sfi = 0000024884417909)> (target MAGLEV), mode: ConcurrencyMode::kConcurrent]
[marking 0x03f5f48a0581 <JSFunction connect4RbaCofactorBasis (sfi = 000003F5F4890AA9)> for optimization to TURBOFAN_JS, ConcurrencyMode::kConcurrent, reason: hot and stable]
[marking 0x024884421d41 <JSFunction mixSpan32Locator32 (sfi = 000002488440C0A9)> for optimization to TURBOFAN_JS, ConcurrencyMode::kConcurrent, reason: hot and stable]
[marking 0x006fec3e9209 <JSFunction mixSpan32Locator32 (sfi = 0000006FEC3D3409)> for optimization to TURBOFAN_JS, ConcurrencyMode::kConcurrent, reason: hot and stable]
[marking 0x007730018b59 <JSFunction collectSingletonProfiles (sfi = 00000362C72D4C79)> for optimization to TURBOFAN_JS, ConcurrencyMode::kConcurrent, reason: hot and stable]
[marking 0x0362c72e1631 <JSFunction connect4RbaCofactorKnownHeight (sfi = 00000362C72D1AD9)> for optimization to TURBOFAN_JS, ConcurrencyMode::kConcurrent, reason: hot and stable]
[marking 0x02358b991a19 <JSFunction publishSpan32 (sfi = 0000015FF387B711)> for optimization to TURBOFAN_JS, ConcurrencyMode::kConcurrent, reason: hot and stable]
[marking 0x03e59bd0e4a1 <JSFunction permutePair3 (sfi = 000003F5F488C671)> for optimization to TURBOFAN_JS, ConcurrencyMode::kConcurrent, reason: hot and stable]
[marking 0x006fec3e9209 <JSFunction mixSpan32Locator32 (sfi = 0000006FEC3D3409)> for optimization to TURBOFAN_JS, ConcurrencyMode::kConcurrent, reason: hot and stable]
[marking [marking 0x03f5f48a0581 <JSFunction connect4RbaCofactorBasis (sfi = 000003F5F4890AA9)> for optimization to TURBOFAN_JS, ConcurrencyMode::kConcurrent, reason: hot and stable0x0362c72e1631]
 <JSFunction connect4RbaCofactorKnownHeight (sfi = 00000362C72D1AD9)> for optimization to TURBOFAN_JS, ConcurrencyMode::kConcurrent, reason: hot and stable]
[marking 0x006fec3ea151 <JSFunction connect4RbaCofactorBasis (sfi = 0000006FEC3DA5F9)> for optimization to TURBOFAN_JS, ConcurrencyMode::kConcurrent, reason: hot and stable]
[marking 0x02358b994269 <JSFunction advanceConnect4LiveLineState32 (sfi = 000002358B988691)> for optimization to TURBOFAN_JS, ConcurrencyMode::kConcurrent, reason: hot and stable]
[marking 0x024884421d01 <JSFunction publishSpan32 (sfi = 000002488440C061)> for optimization to TURBOFAN_JS, ConcurrencyMode::kConcurrent, reason: hot and stable]
[marking 0x006fec3eac71 <JSFunction evaluateConnect4CpcNonterminal32 (sfi = 0000006FEC3DD751)> for optimization to MAGLEV, ConcurrencyMode::kConcurrent, reason: hot and stable]
[compiling method 0x006fec3eac71 <JSFunction evaluateConnect4CpcNonterminal32 (sfi = 0000006FEC3DD751)> (target MAGLEV), mode: ConcurrencyMode::kConcurrent]
[marking 0x016ef3265769 <JSFunction publishSpan32 (sfi = 0000016EF324FA29)> for optimization to TURBOFAN_JS, ConcurrencyMode::kConcurrent, reason: hot and stable]
[marking 0x0362c72e1631 <JSFunction connect4RbaCofactorKnownHeight (sfi = 00000362C72D1AD9)> for optimization to TURBOFAN_JS, ConcurrencyMode::kConcurrent, reason: hot and stable]
[marking 0x03f5f489f5f9 <JSFunction publishSpan32 (sfi = 000003F5F4889889)> for optimization to TURBOFAN_JS, ConcurrencyMode::kConcurrent, reason: hot and stable]
[marking 0x0362c72e05e9 <JSFunction publishSpan32 (sfi = 00000362C72CA7C9)> for optimization to TURBOFAN_JS, ConcurrencyMode::kConcurrent, reason: hot and stable]
[marking 0x03f5f48a0581 <JSFunction connect4RbaCofactorBasis (sfi = 000003F5F4890AA9)> for optimization to TURBOFAN_JS, ConcurrencyMode::kConcurrent, reason: hot and stable]
[marking 0x006fec3e9209 <JSFunction mixSpan32Locator32 (sfi = 0000006FEC3D3409)> for optimization to TURBOFAN_JS, ConcurrencyMode::kConcurrent, reason: hot and stable]
[marking 0x0174ba059bf9 <JSFunction collectSingletonProfiles (sfi = 000002358B986211)> for optimization to TURBOFAN_JS, ConcurrencyMode::kConcurrent, reason: hot and stable]
[marking 0x006fec3ea151 <JSFunction connect4RbaCofactorBasis (sfi = 0000006FEC3DA5F9)> for optimization to TURBOFAN_JS, ConcurrencyMode::kConcurrent, reason: hot and stable]
[marking 0x0362c72e1631 <JSFunction connect4RbaCofactorKnownHeight (sfi = 00000362C72D1AD9)> for optimization to TURBOFAN_JS, ConcurrencyMode::kConcurrent, reason: hot and stable[marking ]
0x03e59bd0e4a1 <JSFunction permutePair3 (sfi = 000003F5F488C671)> for optimization to TURBOFAN_JS, ConcurrencyMode::kConcurrent, reason: hot and stable]
[marking 0x03e59bd0eec1 <JSFunction collectSingletonProfiles (sfi = 000003F5F4893D21)>[marking  for optimization to TURBOFAN_JS, ConcurrencyMode::kConcurrent, reason: hot and stable]
0x024884421d41 <JSFunction mixSpan32Locator32 (sfi = 000002488440C0A9)> for optimization to TURBOFAN_JS, ConcurrencyMode::kConcurrent, reason: hot and stable]
[marking 0x0362c72e1631 [marking 0x03f5f48a0581 <JSFunction connect4RbaCofactorBasis (sfi = 000003F5F4890AA9)> for optimization to TURBOFAN_JS, ConcurrencyMode::kConcurrent, reason: hot and stable]
<JSFunction connect4RbaCofactorKnownHeight (sfi = 00000362C72D1AD9)> for optimization to TURBOFAN_JS, ConcurrencyMode::kConcurrent, reason: hot and stable]
[marking 0x006fec3e9209 <JSFunction mixSpan32Locator32 (sfi = 0000006FEC3D3409)> for optimization to TURBOFAN_JS, ConcurrencyMode::kConcurrent, reason: hot and stable]
[marking 0x03f5f489f5f9 <JSFunction publishSpan32 (sfi = 000003F5F4889889)> for optimization to TURBOFAN_JS, ConcurrencyMode::kConcurrent, reason: hot and stable]
[marking 0x006fec3ea151 <JSFunction connect4RbaCofactorBasis (sfi = 0000006FEC3DA5F9)> for optimization to TURBOFAN_JS, ConcurrencyMode::kConcurrent, reason: hot and stable]
[marking 0x0362c72e1631 <JSFunction connect4RbaCofactorKnownHeight (sfi = 00000362C72D1AD9)> for optimization to TURBOFAN_JS, ConcurrencyMode::kConcurrent, reason: hot and stable]
[marking 0x03f5f48a0581 <JSFunction connect4RbaCofactorBasis (sfi = 000003F5F4890AA9)> for optimization to TURBOFAN_JS, ConcurrencyMode::kConcurrent, reason: hot and stable]
[marking 0x006fec3e9209 <JSFunction mixSpan32Locator32 (sfi = 0000006FEC3D3409)> for optimization to TURBOFAN_JS, ConcurrencyMode::kConcurrent, reason: hot and stable]
[completed compiling 0x000b9962bf09 <JSFunction searchCpcOnlyFrontier (sfi = 0000024884407181)> (target MAGLEV) - took 0.000, 2.851, 0.018 ms]
[marking 0x0362c72e2e39 <JSFunction advanceConnect4LiveLineState32 (sfi = 00000362C72D70F9)> for optimization to TURBOFAN_JS, ConcurrencyMode::kConcurrent, reason: hot and stable]
[marking 0x006fec3ea7b1 <JSFunction firstSetBitIndex32 (sfi = 0000006FEC3DEC69)> for optimization to MAGLEV, ConcurrencyMode::kConcurrent, reason: hot and stable]
[marking 0x0362c72e1631 <JSFunction connect4RbaCofactorKnownHeight (sfi = 00000362C72D1AD9)> for optimization to TURBOFAN_JS, ConcurrencyMode::kConcurrent, reason: hot and stable]
[marking 0x006fec3ea151 <JSFunction connect4RbaCofactorBasis (sfi = 0000006FEC3DA5F9)> for optimization to TURBOFAN_JS, ConcurrencyMode::kConcurrent, reason: hot and stable]
[marking 0x023e389ceec1 <JSFunction collectSingletonProfiles (sfi = 00000212C461D2A9)> for optimization to TURBOFAN_JS, ConcurrencyMode::kConcurrent, reason: hot and stable]
[bailout (kind: deopt-eager, reason: Insufficient type feedback for generic keyed access): begin. deoptimizing 0x02358b9934c1 <JSFunction evaluateConnect4CpcNonterminal32 (sfi = 000002358B9860F1)>, 0x0245b4b89699 <Code MAGLEV>, opt id 291, bytecode offset 264, deopt exit 59, FP to SP delta 192, caller SP 0x0060081f82d0, pc 0x022c22b9c9be]
[bailout (kind: deopt-eager, reason: Insufficient type feedback for generic keyed access): begin. deoptimizing 0x0362c72e2091 <JSFunction evaluateConnect4CpcNonterminal32 (sfi = 00000362C72D4B59)>, 0x015c4e9a6611 <Code MAGLEV>, opt id 201, bytecode offset 264, deopt exit 59, FP to SP delta 192, caller SP 0x0060089f8848, pc 0x022c62b328eb]
[marking 0x03f5f48a0581 <JSFunction connect4RbaCofactorBasis (sfi = 000003F5F4890AA9)> for optimization to TURBOFAN_JS, ConcurrencyMode::kConcurrent, reason: hot and stable]
[marking 0x0212c4628af1 <JSFunction publishSpan32 (sfi = 00000212C4612DE1)> for optimization to TURBOFAN_JS, ConcurrencyMode::kConcurrent, reason: hot and stable]
[bailout (kind: deopt-eager, reason: Insufficient type feedback for binary operation): begin. deoptimizing 0x0212c4629b39 <JSFunction connect4RbaCofactorKnownHeight (sfi = 00000212C461A0F1)>, 0x00df3a153051 <Code TURBOFAN_JS>, opt id 27, bytecode offset 461, deopt exit 228, FP to SP delta 304, caller SP 0x0060091f7f48, pc 0x022c833128a2]
[marking 0x03e59bd0e4a1 <JSFunction permutePair3 (sfi = 000003F5F488C671)> for optimization to TURBOFAN_JS, ConcurrencyMode::kConcurrent, reason: hot and stable]
[marking 0x026e68e66e01 <JSFunction collectSingletonProfiles (sfi = 0000016EF3259F09)> for optimization to TURBOFAN_JS, ConcurrencyMode::kConcurrent, reason: hot and stable]
[marking 0x03f5f489f5f9 <JSFunction publishSpan32 (sfi = 000003F5F4889889)> for optimization to TURBOFAN_JS, ConcurrencyMode::kConcurrent, reason: hot and stable]
[bailout (kind: deopt-eager, reason: Insufficient type feedback for call): begin. deoptimizing 0x023e389cfba1 <JSFunction searchCpcOnlyFrontier (sfi = 00000212C460DF01)>, 0x03dfe578f301 <Code MAGLEV>, opt id 86, bytecode offset 974, deopt exit 166, FP to SP delta 608, caller SP 0x0060091f8218, pc 0x022c8337a85c]
[marking 0x03f5f48a0581 <JSFunction connect4RbaCofactorBasis (sfi = 000003F5F4890AA9)> for optimization to TURBOFAN_JS, ConcurrencyMode::kConcurrent, reason: hot and stable]
[marking 0x016ef3267fb9 <JSFunction advanceConnect4LiveLineState32 (sfi = 0000016EF325C389)> for optimization to TURBOFAN_JS, ConcurrencyMode::kConcurrent, reason: hot and stable[marking ]
0x006fec3ea151 [marking <JSFunction connect4RbaCofactorBasis (sfi = 0000006FEC3DA5F9)> for optimization to TURBOFAN_JS, ConcurrencyMode::kConcurrent, reason: hot and stable0x0362c72e1631 ]
<JSFunction connect4RbaCofactorKnownHeight (sfi = 00000362C72D1AD9)> for optimization to TURBOFAN_JS, ConcurrencyMode::kConcurrent, reason: hot and stable]
[bailout (kind: deopt-lazy, reason: (unknown)): begin. deoptimizing 0x023e389cfba1 <JSFunction searchCpcOnlyFrontier (sfi = 00000212C460DF01)>, 0x03dfe578f301 <Code MAGLEV>[marking , opt id 86, bytecode offset 2072, deopt exit 192, FP to SP delta 608, caller SP 0x0060091f84e8, pc 0x022c8337a8c4]
0x006fec3e9209 <JSFunction mixSpan32Locator32 (sfi = 0000006FEC3D3409)> for optimization to TURBOFAN_JS, ConcurrencyMode::kConcurrent, reason: hot and stable]
[marking 0x0174ba059bf9 <JSFunction collectSingletonProfiles (sfi = 000002358B986211)> for optimization to TURBOFAN_JS, ConcurrencyMode::kConcurrent, reason: hot and stable]
[bailout (kind: deopt-lazy, reason: (unknown)): begin. deoptimizing 0x023e389cfba1 <JSFunction searchCpcOnlyFrontier (sfi = 00000212C460DF01)>, 0x03dfe578f301 <Code MAGLEV>, opt id 86, bytecode offset 2072, deopt exit 192, FP to SP delta 608, caller SP 0x0060091f87b8, pc 0x022c8337a8c4]
[bailout (kind: deopt-lazy, reason: (unknown)): begin. deoptimizing 0x023e389cfba1 <JSFunction searchCpcOnlyFrontier (sfi = 00000212C460DF01)>, 0x03dfe578f301 <Code MAGLEV>, opt id 86, bytecode offset 2072, deopt exit 192, FP to SP delta 608, caller SP 0x0060091f8a88, pc 0x022c8337a8c4]
[marking 0x02358b994269 [bailout (kind: deopt-lazy, reason: (unknown)): begin. deoptimizing <JSFunction advanceConnect4LiveLineState32 (sfi = 000002358B988691)> for optimization to TURBOFAN_JS, ConcurrencyMode::kConcurrent, reason: hot and stable]
0x023e389cfba1 <JSFunction searchCpcOnlyFrontier (sfi = 00000212C460DF01)>, 0x03dfe578f301 <Code MAGLEV>, opt id 86, bytecode offset 2072, deopt exit 192, FP to SP delta 608, caller SP 0x0060091f8d58, pc 0x022c8337a8c4]
[marking 0x007730018b59 <JSFunction collectSingletonProfiles (sfi = 00000362C72D4C79)> for optimization to TURBOFAN_JS, ConcurrencyMode::kConcurrent, reason: hot and stable]
[bailout (kind: deopt-lazy, reason: (unknown)): begin. deoptimizing 0x023e389cfba1 <JSFunction searchCpcOnlyFrontier (sfi = 00000212C460DF01)>, 0x03dfe578f301 <Code MAGLEV>, opt id 86, bytecode offset 2072, deopt exit 192, FP to SP delta 608, caller SP 0x0060091f9028, pc 0x022c8337a8c4]
[bailout (kind: deopt-lazy, reason: (unknown)): begin. deoptimizing 0x023e389cfba1 <JSFunction searchCpcOnlyFrontier (sfi = 00000212C460DF01)>, 0x03dfe578f301 <Code MAGLEV>, opt id 86, bytecode offset 2072, deopt exit 192, FP to SP delta 608, caller SP 0x0060091f92f8, pc 0x022c8337a8c4]
[marking 0x03f5f48a0581 <JSFunction connect4RbaCofactorBasis (sfi = 000003F5F4890AA9)> for optimization to TURBOFAN_JS, ConcurrencyMode::kConcurrent, reason: hot and stable]
[bailout (kind: deopt-lazy, reason: (unknown)): begin. deoptimizing 0x023e389cfba1 <JSFunction searchCpcOnlyFrontier (sfi = 00000212C460DF01)>, 0x03dfe578f301 <Code MAGLEV>, opt id 86, bytecode offset 2072, deopt exit 192, FP to SP delta 608, caller SP 0x0060091f95c8, pc 0x022c8337a8c4]
[marking 0x0362c72e1631 <JSFunction connect4RbaCofactorKnownHeight (sfi = 00000362C72D1AD9)> for optimization to TURBOFAN_JS, ConcurrencyMode::kConcurrent, reason: hot and stable]
[bailout (kind: deopt-lazy, reason: (unknown)): begin. deoptimizing 0x023e389cfba1 <JSFunction searchCpcOnlyFrontier (sfi = 00000212C460DF01)>, 0x03dfe578f301 <Code MAGLEV>, opt id 86, bytecode offset 2072, deopt exit 192, FP to SP delta 608, caller SP 0x0060091f9898, pc 0x022c8337a8c4]
[bailout (kind: deopt-lazy, reason: (unknown)): begin. deoptimizing 0x023e389cfba1 <JSFunction searchCpcOnlyFrontier (sfi = 00000212C460DF01)>, 0x03dfe578f301 <Code MAGLEV>, opt id 86, bytecode offset 2072, deopt exit 192, FP to SP delta 608, caller SP 0x0060091f9b68, pc 0x022c8337a8c4]
[marking 0x006fec3ea151 [bailout (kind: deopt-lazy, reason: (unknown)): begin. deoptimizing <JSFunction connect4RbaCofactorBasis (sfi = 0000006FEC3DA5F9)>[marking  for optimization to TURBOFAN_JS, ConcurrencyMode::kConcurrent, reason: hot and stable0x03e59bd0eec10x023e389cfba1  ]
<JSFunction collectSingletonProfiles (sfi = 000003F5F4893D21)> for optimization to TURBOFAN_JS, ConcurrencyMode::kConcurrent, reason: hot and stable<JSFunction searchCpcOnlyFrontier (sfi = 00000212C460DF01)>]
, 0x03dfe578f301 <Code MAGLEV>, opt id 86, bytecode offset 2072, deopt exit 192, FP to SP delta 608, caller SP 0x0060091f9e38, pc 0x022c8337a8c4]
[bailout (kind: deopt-lazy, reason: (unknown)): begin. deoptimizing 0x023e389cfba1 <JSFunction searchCpcOnlyFrontier (sfi = 00000212C460DF01)>, 0x03dfe578f301 <Code MAGLEV>, opt id 86, bytecode offset 2072, deopt exit 192, FP to SP delta 608, caller SP 0x0060091fa108, pc 0x022c8337a8c4]
[marking 0x03f5f48a0581 <JSFunction connect4RbaCofactorBasis (sfi = 000003F5F4890AA9)> for optimization to TURBOFAN_JS, ConcurrencyMode::kConcurrent, reason: hot and stable]
[marking 0x0212c462b341 <JSFunction advanceConnect4LiveLineState32 (sfi = 00000212C461F729)> for optimization to TURBOFAN_JS, ConcurrencyMode::kConcurrent, reason: hot and stable[marking ]
[marking 0x0362c72e16310x006fec3e9209  <JSFunction mixSpan32Locator32 (sfi = 0000006FEC3D3409)> for optimization to TURBOFAN_JS, ConcurrencyMode::kConcurrent, reason: hot and stable]
<JSFunction connect4RbaCofactorKnownHeight (sfi = 00000362C72D1AD9)> for optimization to TURBOFAN_JS, ConcurrencyMode::kConcurrent, reason: hot and stable]
[marking 0x02358b991a19 <JSFunction publishSpan32 (sfi = 0000015FF387B711)> for optimization to TURBOFAN_JS, ConcurrencyMode::kConcurrent, reason: hot and stable]
[marking 0x03f5f48a0581 <JSFunction connect4RbaCofactorBasis (sfi = 000003F5F4890AA9)> for optimization to TURBOFAN_JS, ConcurrencyMode::kConcurrent, reason: hot and stable]
[marking 0x03f5f489f5f9 <JSFunction publishSpan32 (sfi = 000003F5F4889889)> for optimization to TURBOFAN_JS, ConcurrencyMode::kConcurrent, reason: hot and stable]
[marking 0x0212c4629b39 [marking 0x0362c72e1631 <JSFunction connect4RbaCofactorKnownHeight (sfi = 00000362C72D1AD9)>[marking  for optimization to TURBOFAN_JS, ConcurrencyMode::kConcurrent, reason: hot and stable0x02358b993081<JSFunction connect4RbaCofactorKnownHeight (sfi = 00000212C461A0F1)>  for optimization to MAGLEV, ConcurrencyMode::kConcurrent, reason: hot and stable]
<JSFunction popcount32 (sfi = 000002358B987699)>]
 for optimization to MAGLEV, ConcurrencyMode::kConcurrent, reason: hot and stable]
[compiling method 0x02358b993081 <JSFunction popcount32 (sfi = 000002358B987699)> (target MAGLEV), mode: ConcurrencyMode::kConcurrent]
[compiling method 0x0212c4629b39 <JSFunction connect4RbaCofactorKnownHeight (sfi = 00000212C461A0F1)> (target MAGLEV), mode: ConcurrencyMode::kConcurrent]
[marking 0x0174ba059bf9 <JSFunction collectSingletonProfiles (sfi = 000002358B986211)> for optimization to TURBOFAN_JS, ConcurrencyMode::kConcurrent, reason: hot and stable]
[marking 0x0362c72e1c51 <JSFunction popcount32 (sfi = 00000362C72D6101)> for optimization to MAGLEV, ConcurrencyMode::kConcurrent, reason: hot and stable]
[marking [compiling method 0x006fec3ea151 0x0362c72e1c51 <JSFunction connect4RbaCofactorBasis (sfi = 0000006FEC3DA5F9)><JSFunction popcount32 (sfi = 00000362C72D6101)> for optimization to TURBOFAN_JS, ConcurrencyMode::kConcurrent, reason: hot and stable (target MAGLEV), mode: ConcurrencyMode::kConcurrent]
]
[marking 0x03e59bd0e4a1 <JSFunction permutePair3 (sfi = 000003F5F488C671)> for optimization to TURBOFAN_JS, ConcurrencyMode::kConcurrent, reason: hot and stable]
[marking [marking 0x03f5f48a0581 0x0362c72e1631 <JSFunction connect4RbaCofactorBasis (sfi = 000003F5F4890AA9)> for optimization to TURBOFAN_JS, ConcurrencyMode::kConcurrent, reason: hot and stable]
<JSFunction connect4RbaCofactorKnownHeight (sfi = 00000362C72D1AD9)> for optimization to TURBOFAN_JS, ConcurrencyMode::kConcurrent, reason: hot and stable]
[marking 0x0362c72e2e39 <JSFunction advanceConnect4LiveLineState32 (sfi = 00000362C72D70F9)> for optimization to TURBOFAN_JS, ConcurrencyMode::kConcurrent, reason: hot and stable]
[marking 0x006fec3e9209 <JSFunction mixSpan32Locator32 (sfi = 0000006FEC3D3409)> for optimization to TURBOFAN_JS, ConcurrencyMode::kConcurrent, reason: hot and stable]
[marking 0x007730018b59 <JSFunction collectSingletonProfiles (sfi = 00000362C72D4C79)> for optimization to TURBOFAN_JS, ConcurrencyMode::kConcurrent, reason: hot and stable]
[marking 0x000b99636d71 <JSFunction collectSingletonProfiles (sfi = 0000024884416511)> for optimization to TURBOFAN_JS, ConcurrencyMode::kConcurrent, reason: hot and stable]
[marking 0x02358b994269 <JSFunction advanceConnect4LiveLineState32 (sfi = 000002358B988691)> for optimization to TURBOFAN_JS, ConcurrencyMode::kConcurrent, reason: hot and stable]
[completed compiling 0x0248844237a9 <JSFunction evaluateConnect4CpcNonterminal32 (sfi = 00000248844163F1)> (target MAGLEV) - took 0.000, 1.262, 0.012 ms]
[marking 0x03f5f489f5f9 <JSFunction publishSpan32 (sfi = 000003F5F4889889)> for optimization to TURBOFAN_JS, ConcurrencyMode::kConcurrent, reason: hot and stable]
[marking 0x0212c4629a79 <JSFunction connect4RbaCofactorBasis (sfi = 00000212C461A019)> for optimization to TURBOFAN_JS, ConcurrencyMode::kConcurrent, reason: hot and stable]
[marking 0x0362c72e1631 <JSFunction connect4RbaCofactorKnownHeight (sfi = 00000362C72D1AD9)> for optimization to TURBOFAN_JS, ConcurrencyMode::kConcurrent, reason: hot and stable]
[marking 0x03f5f48a0581 [marking <JSFunction connect4RbaCofactorBasis (sfi = 000003F5F4890AA9)> for optimization to TURBOFAN_JS, ConcurrencyMode::kConcurrent, reason: hot and stable]
0x006fec3ea151 <JSFunction connect4RbaCofactorBasis (sfi = 0000006FEC3DA5F9)> for optimization to TURBOFAN_JS, ConcurrencyMode::kConcurrent, reason: hot and stable]
[marking 0x0362c72e1631 <JSFunction connect4RbaCofactorKnownHeight (sfi = 00000362C72D1AD9)> for optimization to TURBOFAN_JS, ConcurrencyMode::kConcurrent, reason: hot and stable]
[marking 0x03f5f48a0581 <JSFunction connect4RbaCofactorBasis (sfi = 000003F5F4890AA9)> for optimization to TURBOFAN_JS, ConcurrencyMode::kConcurrent, reason: hot and stable]
[marking 0x0174ba059bf9 <JSFunction collectSingletonProfiles (sfi = 000002358B986211)> for optimization to TURBOFAN_JS, ConcurrencyMode::kConcurrent, reason: hot and stable]
[marking 0x0362c72e1631 <JSFunction connect4RbaCofactorKnownHeight (sfi = 00000362C72D1AD9)> for optimization to TURBOFAN_JS, ConcurrencyMode::kConcurrent, reason: hot and stable]
[marking 0x03e59bd0e4a1 <JSFunction permutePair3 (sfi = 000003F5F488C671)> for optimization to TURBOFAN_JS, ConcurrencyMode::kConcurrent, reason: hot and stable]
[marking 0x006fec3ea151 <JSFunction connect4RbaCofactorBasis (sfi = 0000006FEC3DA5F9)> for optimization to TURBOFAN_JS, ConcurrencyMode::kConcurrent, reason: hot and stable]
[marking 0x006fec3e9209 <JSFunction mixSpan32Locator32 (sfi = 0000006FEC3D3409)> for optimization to TURBOFAN_JS, ConcurrencyMode::kConcurrent, reason: hot and stable]
[marking 0x03e59bd0eec1 <JSFunction collectSingletonProfiles (sfi = 000003F5F4893D21)> for optimization to TURBOFAN_JS, ConcurrencyMode::kConcurrent, reason: hot and stable]
[compiling method 0x03e59bd0eec1 <JSFunction collectSingletonProfiles (sfi = 000003F5F4893D21)> (target TURBOFAN_JS), mode: ConcurrencyMode::kConcurrent]
[completed compiling 0x016ef32666f1 <JSFunction connect4RbaCofactorBasis (sfi = 0000016EF3256C79)> (target TURBOFAN_JS) - took 0.003, 3.851, 0.029 ms]
[completed compiling [completed optimizing 0x000b99635269 0x016ef32666f1 <JSFunction connect4RbaCofactorBasis (sfi = 0000016EF3256C79)><JSFunction pairedResponseNoWin (sfi = 00000248844165A1)> (target MAGLEV) - took 0.000, 0.452, 0.005 ms]
 (target TURBOFAN_JS)]
[marking 0x0362c72e1631 <JSFunction connect4RbaCofactorKnownHeight (sfi = 00000362C72D1AD9)> for optimization to TURBOFAN_JS, ConcurrencyMode::kConcurrent, reason: hot and stable]
[marking 0x03f5f48a0581 <JSFunction connect4RbaCofactorBasis (sfi = 000003F5F4890AA9)> for optimization to TURBOFAN_JS, ConcurrencyMode::kConcurrent, reason: hot and stable]
[completed compiling 0x0248844232e9 <JSFunction firstSetBitIndex32 (sfi = 0000024884417909)> (target MAGLEV) - took 0.000, 0.078, 0.002 ms]
[marking 0x03f5f489f5f9 <JSFunction publishSpan32 (sfi = 000003F5F4889889)> for optimization to TURBOFAN_JS, ConcurrencyMode::kConcurrent, reason: hot and stable]
[marking 0x026e68e66e01 <JSFunction collectSingletonProfiles (sfi = 0000016EF3259F09)> for optimization to TURBOFAN_JS, ConcurrencyMode::kConcurrent, reason: hot and stable]
[marking 0x0362c72e1631 <JSFunction connect4RbaCofactorKnownHeight (sfi = 00000362C72D1AD9)> for optimization to TURBOFAN_JS, ConcurrencyMode::kConcurrent, reason: hot and stable]
[marking 0x0362c72e05e9 <JSFunction publishSpan32 (sfi = 00000362C72CA7C9)> for optimization to TURBOFAN_JS, ConcurrencyMode::kConcurrent, reason: hot and stable]
[marking 0x007730018b59 <JSFunction collectSingletonProfiles (sfi = 00000362C72D4C79)> for optimization to TURBOFAN_JS, ConcurrencyMode::kConcurrent, reason: hot and stable]
[marking 0x006fec3ea151 <JSFunction connect4RbaCofactorBasis (sfi = 0000006FEC3DA5F9)> for optimization to TURBOFAN_JS, ConcurrencyMode::kConcurrent, reason: hot and stable]
[marking [marking 0x0362c72e1631 0x016ef3267fb9 <JSFunction connect4RbaCofactorKnownHeight (sfi = 00000362C72D1AD9)> for optimization to TURBOFAN_JS, ConcurrencyMode::kConcurrent, reason: hot and stable]
<JSFunction advanceConnect4LiveLineState32 (sfi = 0000016EF325C389)> for optimization to TURBOFAN_JS, ConcurrencyMode::kConcurrent, reason: hot and stable]
[marking 0x006fec3e9209 <JSFunction mixSpan32Locator32 (sfi = 0000006FEC3D3409)> for optimization to TURBOFAN_JS, ConcurrencyMode::kConcurrent, reason: hot and stable]
[marking 0x0212c4629a79 <JSFunction connect4RbaCofactorBasis (sfi = 00000212C461A019)> for optimization to TURBOFAN_JS, ConcurrencyMode::kConcurrent, reason: hot and stable]
[marking 0x016ef3265769 <JSFunction publishSpan32 (sfi = 0000016EF324FA29)> for optimization to TURBOFAN_JS, ConcurrencyMode::kConcurrent, reason: hot and stable]
[marking 0x03f5f48a0581 <JSFunction connect4RbaCofactorBasis (sfi = 000003F5F4890AA9)> for optimization to TURBOFAN_JS, ConcurrencyMode::kConcurrent, reason: hot and stable]
[marking 0x000b99636d71 <JSFunction collectSingletonProfiles (sfi = 0000024884416511)> for optimization to TURBOFAN_JS, ConcurrencyMode::kConcurrent, reason: hot and stable]
[marking 0x0362c72e2e39 <JSFunction advanceConnect4LiveLineState32 (sfi = 00000362C72D70F9)> for optimization to TURBOFAN_JS, ConcurrencyMode::kConcurrent, reason: hot and stable]
[marking 0x024884423369 <JSFunction popcount32 (sfi = 0000024884417999)> for optimization to MAGLEV, ConcurrencyMode::kConcurrent, reason: hot and stable]
[compiling method 0x024884423369 <JSFunction popcount32 (sfi = 0000024884417999)> (target MAGLEV), mode: ConcurrencyMode::kConcurrent]
[marking 0x0362c72e1631 <JSFunction connect4RbaCofactorKnownHeight (sfi = 00000362C72D1AD9)> for optimization to TURBOFAN_JS, ConcurrencyMode::kConcurrent, reason: hot and stable]
[marking 0x0174ba059bf9 <JSFunction collectSingletonProfiles (sfi = 000002358B986211)> for optimization to TURBOFAN_JS, ConcurrencyMode::kConcurrent, reason: hot and stable]
[marking 0x023e389ceec1 <JSFunction collectSingletonProfiles (sfi = 00000212C461D2A9)> for optimization to TURBOFAN_JS, ConcurrencyMode::kConcurrent, reason: hot and stable]
[marking 0x02358b994269 <JSFunction advanceConnect4LiveLineState32 (sfi = 000002358B988691)> for optimization to TURBOFAN_JS, ConcurrencyMode::kConcurrent, reason: hot and stable]
[marking 0x006fec3ea151 <JSFunction connect4RbaCofactorBasis (sfi = 0000006FEC3DA5F9)>[marking  for optimization to TURBOFAN_JS, ConcurrencyMode::kConcurrent, reason: hot and stable0x0362c72e1631]
 <JSFunction connect4RbaCofactorKnownHeight (sfi = 00000362C72D1AD9)> for optimization to TURBOFAN_JS, ConcurrencyMode::kConcurrent, reason: hot and stable]
[marking 0x0362c72e1631 <JSFunction connect4RbaCofactorKnownHeight (sfi = 00000362C72D1AD9)> for optimization to TURBOFAN_JS, ConcurrencyMode::kConcurrent, reason: hot and stable]
[completed compiling 0x024884423369 <JSFunction popcount32 (sfi = 0000024884417999)> (target MAGLEV) - took 0.000, 0.111, 0.002 ms]
[marking 0x03f5f48a0581 <JSFunction connect4RbaCofactorBasis (sfi = 000003F5F4890AA9)> for optimization to TURBOFAN_JS, ConcurrencyMode::kConcurrent, reason: hot and stable]
[marking 0x006fec3e9209 <JSFunction mixSpan32Locator32 (sfi = 0000006FEC3D3409)> for optimization to TURBOFAN_JS, ConcurrencyMode::kConcurrent, reason: hot and stable]
[marking 0x0362c72e1631 <JSFunction connect4RbaCofactorKnownHeight (sfi = 00000362C72D1AD9)> for optimization to TURBOFAN_JS, ConcurrencyMode::kConcurrent, reason: hot and stable]
[marking 0x03e59bd0e4a1 <JSFunction permutePair3 (sfi = 000003F5F488C671)> for optimization to TURBOFAN_JS, ConcurrencyMode::kConcurrent, reason: hot and stable]
[marking 0x03f5f489f5f9 <JSFunction publishSpan32 (sfi = 000003F5F4889889)> for optimization to TURBOFAN_JS, ConcurrencyMode::kConcurrent, reason: hot and stable]
[marking 0x0362c72e1631 <JSFunction connect4RbaCofactorKnownHeight (sfi = 00000362C72D1AD9)> for optimization to TURBOFAN_JS, ConcurrencyMode::kConcurrent, reason: hot and stable]
[marking 0x024884421d01 <JSFunction publishSpan32 (sfi = 000002488440C061)> for optimization to TURBOFAN_JS, ConcurrencyMode::kConcurrent, reason: hot and stable]
[bailout (kind: deopt-lazy, reason: (unknown)): begin. deoptimizing 0x023e389cfba1 <JSFunction searchCpcOnlyFrontier (sfi = 00000212C460DF01)>, 0x03dfe578f301 <Code MAGLEV>, opt id 86, bytecode offset 2072, deopt exit 192, FP to SP delta 608, caller SP 0x0060091fa3d8, pc 0x022c8337a8c4]
[marking 0x007730018b59 <JSFunction collectSingletonProfiles (sfi = 00000362C72D4C79)> for optimization to TURBOFAN_JS, ConcurrencyMode::kConcurrent, reason: hot and stable]
[marking 0x006fec3ea151 <JSFunction connect4RbaCofactorBasis (sfi = 0000006FEC3DA5F9)> for optimization to TURBOFAN_JS, ConcurrencyMode::kConcurrent, reason: hot and stable]
[marking 0x02358b991a19 <JSFunction publishSpan32 (sfi = 0000015FF387B711)> for optimization to TURBOFAN_JS, ConcurrencyMode::kConcurrent, reason: hot and stable]
[marking 0x0362c72e1631 <JSFunction connect4RbaCofactorKnownHeight (sfi = 00000362C72D1AD9)> for optimization to TURBOFAN_JS, ConcurrencyMode::kConcurrent, reason: hot and stable]
[marking 0x03f5f48a0581 <JSFunction connect4RbaCofactorBasis (sfi = 000003F5F4890AA9)> for optimization to TURBOFAN_JS, ConcurrencyMode::kConcurrent, reason: hot and stable]
[marking 0x000b99636d71 <JSFunction collectSingletonProfiles (sfi = 0000024884416511)> for optimization to TURBOFAN_JS, ConcurrencyMode::kConcurrent, reason: hot and stable]
[marking 0x0362c72e1631 <JSFunction connect4RbaCofactorKnownHeight (sfi = 00000362C72D1AD9)> for optimization to TURBOFAN_JS, ConcurrencyMode::kConcurrent, reason: hot and stable]
[marking 0x0212c4629a79 <JSFunction connect4RbaCofactorBasis (sfi = 00000212C461A019)> for optimization to TURBOFAN_JS, ConcurrencyMode::kConcurrent, reason: hot and stable]
[marking 0x006fec3e9209 <JSFunction mixSpan32Locator32 (sfi = 0000006FEC3D3409)> for optimization to TURBOFAN_JS, ConcurrencyMode::kConcurrent, reason: hot and stable]
[marking 0x0174ba059bf9 <JSFunction collectSingletonProfiles (sfi = 000002358B986211)> for optimization to TURBOFAN_JS, ConcurrencyMode::kConcurrent, reason: hot and stable]
[marking 0x0362c72e1631 <JSFunction connect4RbaCofactorKnownHeight (sfi = 00000362C72D1AD9)> for optimization to TURBOFAN_JS, ConcurrencyMode::kConcurrent, reason: hot and stable]
[marking 0x026e68e66e01 <JSFunction collectSingletonProfiles (sfi = 0000016EF3259F09)> for optimization to TURBOFAN_JS, ConcurrencyMode::kConcurrent, reason: hot and stable]
[marking 0x0212c462b341 <JSFunction advanceConnect4LiveLineState32 (sfi = 00000212C461F729)> for optimization to TURBOFAN_JS, ConcurrencyMode::kConcurrent, reason: hot and stable]
[marking 0x006fec3ea151 <JSFunction connect4RbaCofactorBasis (sfi = 0000006FEC3DA5F9)> for optimization to TURBOFAN_JS, ConcurrencyMode::kConcurrent, reason: hot and stable]
[marking 0x0362c72e1631 <JSFunction connect4RbaCofactorKnownHeight (sfi = 00000362C72D1AD9)> for optimization to TURBOFAN_JS, ConcurrencyMode::kConcurrent, reason: hot and stable]
[marking 0x03f5f48a0581 <JSFunction connect4RbaCofactorBasis (sfi = 000003F5F4890AA9)> for optimization to TURBOFAN_JS, ConcurrencyMode::kConcurrent, reason: hot and stable]
[marking 0x0362c72e1631 <JSFunction connect4RbaCofactorKnownHeight (sfi = 00000362C72D1AD9)> for optimization to TURBOFAN_JS, ConcurrencyMode::kConcurrent, reason: hot and stable]
[marking 0x0362c72e2e39 <JSFunction advanceConnect4LiveLineState32 (sfi = 00000362C72D70F9)> for optimization to TURBOFAN_JS, ConcurrencyMode::kConcurrent, reason: hot and stable]
[marking 0x006fec3e9209 [marking <JSFunction mixSpan32Locator32 (sfi = 0000006FEC3D3409)> for optimization to TURBOFAN_JS, ConcurrencyMode::kConcurrent, reason: hot and stable]
0x03f5f489f5f9 <JSFunction publishSpan32 (sfi = 000003F5F4889889)> for optimization to TURBOFAN_JS, ConcurrencyMode::kConcurrent, reason: hot and stable]
[marking 0x0362c72e1631 <JSFunction connect4RbaCofactorKnownHeight (sfi = 00000362C72D1AD9)> for optimization to TURBOFAN_JS, ConcurrencyMode::kConcurrent, reason: hot and stable]
[marking 0x02358b994269 <JSFunction advanceConnect4LiveLineState32 (sfi = 000002358B988691)> for optimization to TURBOFAN_JS, ConcurrencyMode::kConcurrent, reason: hot and stable]
[marking 0x006fec3ea151 <JSFunction connect4RbaCofactorBasis (sfi = 0000006FEC3DA5F9)> for optimization to TURBOFAN_JS, ConcurrencyMode::kConcurrent, reason: hot and stable]
[marking 0x0362c72e05e9 <JSFunction publishSpan32 (sfi = 00000362C72CA7C9)> for optimization to TURBOFAN_JS, ConcurrencyMode::kConcurrent, reason: hot and stable]
[marking 0x024884421d01 <JSFunction publishSpan32 (sfi = 000002488440C061)> for optimization to TURBOFAN_JS, ConcurrencyMode::kConcurrent, reason: hot and stable]
[marking 0x0362c72e1631 <JSFunction connect4RbaCofactorKnownHeight (sfi = 00000362C72D1AD9)> for optimization to TURBOFAN_JS, ConcurrencyMode::kConcurrent, reason: hot and stable]
[marking 0x016ef3267fb9 <JSFunction advanceConnect4LiveLineState32 (sfi = 0000016EF325C389)> for optimization to TURBOFAN_JS, ConcurrencyMode::kConcurrent, reason: hot and stable]
[marking 0x03f5f48a0581 <JSFunction connect4RbaCofactorBasis (sfi = 000003F5F4890AA9)> for optimization to TURBOFAN_JS, ConcurrencyMode::kConcurrent, reason: hot and stable]
[marking 0x016ef3265769 <JSFunction publishSpan32 (sfi = 0000016EF324FA29)> for optimization to TURBOFAN_JS, ConcurrencyMode::kConcurrent, reason: hot and stable]
[marking 0x0362c72e1631 <JSFunction connect4RbaCofactorKnownHeight (sfi = 00000362C72D1AD9)> for optimization to TURBOFAN_JS, ConcurrencyMode::kConcurrent, reason: hot and stable]
[marking 0x006fec3e91c9 <JSFunction publishSpan32 (sfi = 0000006FEC3D33C1)> for optimization to TURBOFAN_JS, ConcurrencyMode::kConcurrent, reason: hot and stable]
[marking 0x02358b991a19 [marking 0x006fec3ea151 <JSFunction publishSpan32 (sfi = 0000015FF387B711)> for optimization to TURBOFAN_JS, ConcurrencyMode::kConcurrent, reason: hot and stable<JSFunction connect4RbaCofactorBasis (sfi = 0000006FEC3DA5F9)>]
 for optimization to TURBOFAN_JS, ConcurrencyMode::kConcurrent, reason: hot and stable[marking ]
0x0362c72e1631 <JSFunction connect4RbaCofactorKnownHeight (sfi = 00000362C72D1AD9)> for optimization to TURBOFAN_JS, ConcurrencyMode::kConcurrent, reason: hot and stable]
[marking 0x006fec3e9209 <JSFunction mixSpan32Locator32 (sfi = 0000006FEC3D3409)> for optimization to TURBOFAN_JS, ConcurrencyMode::kConcurrent, reason: hot and stable]
[marking 0x007730018b59 <JSFunction collectSingletonProfiles (sfi = 00000362C72D4C79)> for optimization to TURBOFAN_JS, ConcurrencyMode::kConcurrent, reason: hot and stable]
[marking 0x0212c4629a79 <JSFunction connect4RbaCofactorBasis (sfi = 00000212C461A019)> for optimization to TURBOFAN_JS, ConcurrencyMode::kConcurrent, reason: hot and stable]
[marking 0x000b99636d71 <JSFunction collectSingletonProfiles (sfi = 0000024884416511)> for optimization to TURBOFAN_JS, ConcurrencyMode::kConcurrent, reason: hot and stable]
[marking 0x0362c72e1631 <JSFunction connect4RbaCofactorKnownHeight (sfi = 00000362C72D1AD9)> for optimization to TURBOFAN_JS, ConcurrencyMode::kConcurrent, reason: hot and stable]
[marking 0x03f5f48a0581 <JSFunction connect4RbaCofactorBasis (sfi = 000003F5F4890AA9)> for optimization to TURBOFAN_JS, ConcurrencyMode::kConcurrent, reason: hot and stable]
[marking 0x0174ba059bf9 <JSFunction collectSingletonProfiles (sfi = 000002358B986211)> for optimization to TURBOFAN_JS, ConcurrencyMode::kConcurrent, reason: hot and stable]
[marking 0x024884424551 <JSFunction advanceConnect4LiveLineState32 (sfi = 0000024884418991)> for optimization to TURBOFAN_JS, ConcurrencyMode::kConcurrent, reason: hot and stable]
[marking 0x0362c72e1631 <JSFunction connect4RbaCofactorKnownHeight (sfi = 00000362C72D1AD9)> for optimization to TURBOFAN_JS, ConcurrencyMode::kConcurrent, reason: hot and stable]
[marking 0x006fec3ea151 <JSFunction connect4RbaCofactorBasis (sfi = 0000006FEC3DA5F9)> for optimization to TURBOFAN_JS, ConcurrencyMode::kConcurrent, reason: hot and stable]
[bailout (kind: deopt-lazy, reason: (unknown)): begin. deoptimizing 0x023e389cfba1 <JSFunction searchCpcOnlyFrontier (sfi = 00000212C460DF01)>, 0x03dfe578f301 <Code MAGLEV>, opt id 86, bytecode offset 2072, deopt exit 192, FP to SP delta 608, caller SP 0x0060091fa6a8, pc 0x022c8337a8c4]
[bailout (kind: deopt-lazy, reason: (unknown)): begin. deoptimizing 0x023e389cfba1 <JSFunction searchCpcOnlyFrontier (sfi = 00000212C460DF01)>, 0x03dfe578f301 <Code MAGLEV>, opt id 86, bytecode offset 2072, deopt exit 192, FP to SP delta 608, caller SP 0x0060091fa978, pc 0x022c8337a8c4]
[marking 0x03e59bd0e4a1 <JSFunction permutePair3 (sfi = 000003F5F488C671)> for optimization to TURBOFAN_JS, ConcurrencyMode::kConcurrent, reason: hot and stable]
[bailout (kind: deopt-lazy, reason: (unknown)): begin. deoptimizing 0x023e389cfba1 <JSFunction searchCpcOnlyFrontier (sfi = 00000212C460DF01)>, 0x03dfe578f301 <Code MAGLEV>, opt id 86, bytecode offset 2072, deopt exit 192, FP to SP delta 608, caller SP 0x0060091fac48, pc 0x022c8337a8c4]
[marking 0x0362c72e1631 <JSFunction connect4RbaCofactorKnownHeight (sfi = 00000362C72D1AD9)> for optimization to TURBOFAN_JS, ConcurrencyMode::kConcurrent, reason: hot and stable]
[marking 0x006fec3e9209 <JSFunction mixSpan32Locator32 (sfi = 0000006FEC3D3409)> for optimization to TURBOFAN_JS, ConcurrencyMode::kConcurrent, reason: hot and stable]
[bailout (kind: deopt-lazy, reason: (unknown)): begin. deoptimizing 0x023e389cfba1 <JSFunction searchCpcOnlyFrontier (sfi = 00000212C460DF01)>, 0x03dfe578f301 <Code MAGLEV>, opt id 86, bytecode offset 2072, deopt exit 192, FP to SP delta 608, caller SP 0x0060091faf18, pc 0x022c8337a8c4]
[marking 0x0362c72e05e9 <JSFunction publishSpan32 (sfi = 00000362C72CA7C9)> for optimization to TURBOFAN_JS, ConcurrencyMode::kConcurrent, reason: hot and stable]
[marking 0x0362c72e1631 <JSFunction connect4RbaCofactorKnownHeight (sfi = 00000362C72D1AD9)> for optimization to TURBOFAN_JS, ConcurrencyMode::kConcurrent, reason: hot and stable]
[marking 0x024884421d01 <JSFunction publishSpan32 (sfi = 000002488440C061)> for optimization to TURBOFAN_JS, ConcurrencyMode::kConcurrent, reason: hot and stable]
[marking 0x03f5f48a0581 <JSFunction connect4RbaCofactorBasis (sfi = 000003F5F4890AA9)> for optimization to TURBOFAN_JS, ConcurrencyMode::kConcurrent, reason: hot and stable]
[marking 0x006fec3ea151 <JSFunction connect4RbaCofactorBasis (sfi = 0000006FEC3DA5F9)> for optimization to TURBOFAN_JS, ConcurrencyMode::kConcurrent, reason: hot and stable]
[completed compiling 0x03f5f48a10a1 <JSFunction evaluateConnect4CpcNonterminal32 (sfi = 000003F5F4893C01)> (target MAGLEV) - took 0.000, 1.697, 0.010 ms]
[marking 0x0362c72e1631 <JSFunction connect4RbaCofactorKnownHeight (sfi = 00000362C72D1AD9)> for optimization to TURBOFAN_JS, ConcurrencyMode::kConcurrent, reason: hot and stable]
[marking 0x02358b991a19 <JSFunction publishSpan32 (sfi = 0000015FF387B711)> for optimization to TURBOFAN_JS, ConcurrencyMode::kConcurrent, reason: hot and stable]
[marking 0x0362c72e2e39 <JSFunction advanceConnect4LiveLineState32 (sfi = 00000362C72D70F9)> for optimization to TURBOFAN_JS, ConcurrencyMode::kConcurrent, reason: hot and stable]
[marking 0x0362c72e1631 <JSFunction connect4RbaCofactorKnownHeight (sfi = 00000362C72D1AD9)> for optimization to TURBOFAN_JS, ConcurrencyMode::kConcurrent, reason: hot and stable]
[marking 0x026e68e66e01 <JSFunction collectSingletonProfiles (sfi = 0000016EF3259F09)> for optimization to TURBOFAN_JS, ConcurrencyMode::kConcurrent, reason: hot and stable]
[marking 0x03f5f489f5f9 <JSFunction publishSpan32 (sfi = 000003F5F4889889)> for optimization to TURBOFAN_JS, ConcurrencyMode::kConcurrent, reason: hot and stable]
[marking 0x02358b994269 <JSFunction advanceConnect4LiveLineState32 (sfi = 000002358B988691)> for optimization to TURBOFAN_JS, ConcurrencyMode::kConcurrent, reason: hot and stable]
[marking 0x006fec3e9209 <JSFunction mixSpan32Locator32 (sfi = 0000006FEC3D3409)> for optimization to TURBOFAN_JS, ConcurrencyMode::kConcurrent, reason: hot and stable]
[marking 0x0362c72e1631 <JSFunction connect4RbaCofactorKnownHeight (sfi = 00000362C72D1AD9)> for optimization to TURBOFAN_JS, ConcurrencyMode::kConcurrent, reason: hot and stable]
[marking 0x03f5f48a0581 <JSFunction connect4RbaCofactorBasis (sfi = 000003F5F4890AA9)> for optimization to TURBOFAN_JS, ConcurrencyMode::kConcurrent, reason: hot and stable]
[marking 0x006fec3ea151 <JSFunction connect4RbaCofactorBasis (sfi = 0000006FEC3DA5F9)> for optimization to TURBOFAN_JS, ConcurrencyMode::kConcurrent, reason: hot and stable]
[marking 0x0362c72e1631 <JSFunction connect4RbaCofactorKnownHeight (sfi = 00000362C72D1AD9)> for optimization to TURBOFAN_JS, ConcurrencyMode::kConcurrent, reason: hot and stable]
[bailout (kind: deopt-lazy, reason: (unknown)): begin. deoptimizing 0x023e389cfba1 <JSFunction searchCpcOnlyFrontier (sfi = 00000212C460DF01)>, 0x03dfe578f301 [marking <Code MAGLEV>0x016ef3265769 , opt id 86, bytecode offset 2072, deopt exit 192, FP to SP delta 608, caller SP 0x0060091fb1e8, pc 0x022c8337a8c4]
<JSFunction publishSpan32 (sfi = 0000016EF324FA29)> for optimization to TURBOFAN_JS, ConcurrencyMode::kConcurrent, reason: hot and stable]
[marking 0x0362c72e1631 <JSFunction connect4RbaCofactorKnownHeight (sfi = 00000362C72D1AD9)> for optimization to TURBOFAN_JS, ConcurrencyMode::kConcurrent, reason: hot and stable]
[marking 0x000b99636d71 [marking 0x007730018b59 <JSFunction collectSingletonProfiles (sfi = 0000024884416511)> for optimization to TURBOFAN_JS, ConcurrencyMode::kConcurrent, reason: hot and stable]
<JSFunction collectSingletonProfiles (sfi = 00000362C72D4C79)> for optimization to TURBOFAN_JS, ConcurrencyMode::kConcurrent, reason: hot and stable]
[marking 0x0362c72e05e9 <JSFunction publishSpan32 (sfi = 00000362C72CA7C9)> for optimization to TURBOFAN_JS, ConcurrencyMode::kConcurrent, reason: hot and stable]
[marking 0x0362c72e1631 <JSFunction connect4RbaCofactorKnownHeight (sfi = 00000362C72D1AD9)> for optimization to TURBOFAN_JS, ConcurrencyMode::kConcurrent, reason: hot and stable]
[marking 0x03f5f48a0581 <JSFunction connect4RbaCofactorBasis (sfi = 000003F5F4890AA9)> for optimization to TURBOFAN_JS, ConcurrencyMode::kConcurrent, reason: hot and stable]
[marking 0x0174ba059bf9 <JSFunction collectSingletonProfiles (sfi = 000002358B986211)> for optimization to TURBOFAN_JS, ConcurrencyMode::kConcurrent, reason: hot and stable]
[marking 0x006fec3e9209 <JSFunction mixSpan32Locator32 (sfi = 0000006FEC3D3409)> for optimization to TURBOFAN_JS, ConcurrencyMode::kConcurrent, reason: hot and stable]
[marking 0x024884421d01 <JSFunction publishSpan32 (sfi = 000002488440C061)> for optimization to TURBOFAN_JS, ConcurrencyMode::kConcurrent, reason: hot and stable]
[marking 0x006fec3ea151 <JSFunction connect4RbaCofactorBasis (sfi = 0000006FEC3DA5F9)> for optimization to TURBOFAN_JS, ConcurrencyMode::kConcurrent, reason: hot and stable]
[marking 0x016ef3267fb9 <JSFunction advanceConnect4LiveLineState32 (sfi = 0000016EF325C389)> for optimization to TURBOFAN_JS, ConcurrencyMode::kConcurrent, reason: hot and stable]
[marking 0x0362c72e1631 <JSFunction connect4RbaCofactorKnownHeight (sfi = 00000362C72D1AD9)> for optimization to TURBOFAN_JS, ConcurrencyMode::kConcurrent, reason: hot and stable]
[marking 0x0174ba059779 <JSFunction permutePair3 (sfi = 0000015FF387E4F9)> for optimization to TURBOFAN_JS, ConcurrencyMode::kConcurrent, reason: hot and stable]
[marking 0x02358b9934c1 <JSFunction evaluateConnect4CpcNonterminal32 (sfi = 000002358B9860F1)> for optimization to MAGLEV, ConcurrencyMode::kConcurrent, reason: hot and stable]
[compiling method 0x02358b9934c1 <JSFunction evaluateConnect4CpcNonterminal32 (sfi = 000002358B9860F1)> (target MAGLEV), mode: ConcurrencyMode::kConcurrent]
[marking 0x006fec3e91c9 <JSFunction publishSpan32 (sfi = 0000006FEC3D33C1)> for optimization to TURBOFAN_JS, ConcurrencyMode::kConcurrent, reason: hot and stable]
[marking 0x024884424551 <JSFunction advanceConnect4LiveLineState32 (sfi = 0000024884418991)> for optimization to TURBOFAN_JS, ConcurrencyMode::kConcurrent, reason: hot and stable]
[marking 0x02358b991a19 <JSFunction publishSpan32 (sfi = 0000015FF387B711)> for optimization to TURBOFAN_JS, ConcurrencyMode::kConcurrent, reason: hot and stable]
[marking 0x03e59bd0e4a1 <JSFunction permutePair3 (sfi = 000003F5F488C671)> for optimization to TURBOFAN_JS, ConcurrencyMode::kConcurrent, reason: hot and stable]
[marking 0x03f5f489f5f9 <JSFunction publishSpan32 (sfi = 000003F5F4889889)> for optimization to TURBOFAN_JS, ConcurrencyMode::kConcurrent, reason: hot and stable]
[marking 0x0362c72e1631 <JSFunction connect4RbaCofactorKnownHeight (sfi = 00000362C72D1AD9)> for optimization to TURBOFAN_JS, ConcurrencyMode::kConcurrent, reason: hot and stable]
[marking 0x023e389ceec1 <JSFunction collectSingletonProfiles (sfi = 00000212C461D2A9)> for optimization to TURBOFAN_JS, ConcurrencyMode::kConcurrent, reason: hot and stable]
[marking 0x0212c4629a79 <JSFunction connect4RbaCofactorBasis (sfi = 00000212C461A019)> for optimization to TURBOFAN_JS, ConcurrencyMode::kConcurrent, reason: hot and stable]
[marking 0x03f5f48a0581 <JSFunction connect4RbaCofactorBasis (sfi = 000003F5F4890AA9)> for optimization to TURBOFAN_JS, ConcurrencyMode::kConcurrent, reason: hot and stable]
[marking 0x006fec3ea151 <JSFunction connect4RbaCofactorBasis (sfi = 0000006FEC3DA5F9)> for optimization to TURBOFAN_JS, ConcurrencyMode::kConcurrent, reason: hot and stable]
[marking 0x0362c72e1631 <JSFunction connect4RbaCofactorKnownHeight (sfi = 00000362C72D1AD9)> for optimization to TURBOFAN_JS, ConcurrencyMode::kConcurrent, reason: hot and stable]
[marking 0x006fec3e9209 <JSFunction mixSpan32Locator32 (sfi = 0000006FEC3D3409)> for optimization to TURBOFAN_JS, ConcurrencyMode::kConcurrent, reason: hot and stable]
[marking 0x0362c72e1631 <JSFunction connect4RbaCofactorKnownHeight (sfi = 00000362C72D1AD9)> for optimization to TURBOFAN_JS, ConcurrencyMode::kConcurrent, reason: hot and stable]
[marking 0x0362c72e1631 <JSFunction connect4RbaCofactorKnownHeight (sfi = 00000362C72D1AD9)> for optimization to TURBOFAN_JS, ConcurrencyMode::kConcurrent, reason: hot and stable]
[marking 0x0362c72e05e9 <JSFunction publishSpan32 (sfi = 00000362C72CA7C9)> for optimization to TURBOFAN_JS, ConcurrencyMode::kConcurrent, reason: hot and stable]
[marking 0x03f5f48a0581 <JSFunction connect4RbaCofactorBasis (sfi = 000003F5F4890AA9)> for optimization to TURBOFAN_JS, ConcurrencyMode::kConcurrent, reason: hot and stable]
[marking 0x006fec3ea151 <JSFunction connect4RbaCofactorBasis (sfi = 0000006FEC3DA5F9)> for optimization to TURBOFAN_JS, ConcurrencyMode::kConcurrent, reason: hot and stable]
[marking 0x0362c72e2e39 <JSFunction advanceConnect4LiveLineState32 (sfi = 00000362C72D70F9)> for optimization to TURBOFAN_JS, ConcurrencyMode::kConcurrent, reason: hot and stable]
[marking 0x0362c72e1631 <JSFunction connect4RbaCofactorKnownHeight (sfi = 00000362C72D1AD9)> for optimization to TURBOFAN_JS, ConcurrencyMode::kConcurrent, reason: hot and stable]
[marking 0x02358b994269 <JSFunction advanceConnect4LiveLineState32 (sfi = 000002358B988691)> for optimization to TURBOFAN_JS, ConcurrencyMode::kConcurrent, reason: hot and stable]
[marking 0x006fec3e9209 <JSFunction mixSpan32Locator32 (sfi = 0000006FEC3D3409)> for optimization to TURBOFAN_JS, ConcurrencyMode::kConcurrent, reason: hot and stable]
[marking 0x0362c72e1631 <JSFunction connect4RbaCofactorKnownHeight (sfi = 00000362C72D1AD9)> for optimization to TURBOFAN_JS, ConcurrencyMode::kConcurrent, reason: hot and stable]
[marking [marking 0x026e68e66e01 0x024884421d01 <JSFunction collectSingletonProfiles (sfi = 0000016EF3259F09)> for optimization to TURBOFAN_JS, ConcurrencyMode::kConcurrent, reason: hot and stable<JSFunction publishSpan32 (sfi = 000002488440C061)>]
 for optimization to TURBOFAN_JS, ConcurrencyMode::kConcurrent, reason: hot and stable]
[marking 0x000b99636d71 <JSFunction collectSingletonProfiles (sfi = 0000024884416511)> for optimization to TURBOFAN_JS, ConcurrencyMode::kConcurrent, reason: hot and stable]
[marking 0x007730018b59 <JSFunction collectSingletonProfiles (sfi = 00000362C72D4C79)> for optimization to TURBOFAN_JS, ConcurrencyMode::kConcurrent, reason: hot and stable]
[marking 0x006fec3ea151 <JSFunction connect4RbaCofactorBasis (sfi = 0000006FEC3DA5F9)> for optimization to TURBOFAN_JS, ConcurrencyMode::kConcurrent, reason: hot and stable]
[marking 0x03f5f48a0581 <JSFunction connect4RbaCofactorBasis (sfi = 000003F5F4890AA9)> for optimization to TURBOFAN_JS, ConcurrencyMode::kConcurrent, reason: hot and stable]
[marking 0x0362c72e1631 <JSFunction connect4RbaCofactorKnownHeight (sfi = 00000362C72D1AD9)> for optimization to TURBOFAN_JS, ConcurrencyMode::kConcurrent, reason: hot and stable]
[marking 0x0174ba059bf9 <JSFunction collectSingletonProfiles (sfi = 000002358B986211)> for optimization to TURBOFAN_JS, ConcurrencyMode::kConcurrent, reason: hot and stable]
[marking 0x0362c72e2091 <JSFunction evaluateConnect4CpcNonterminal32 (sfi = 00000362C72D4B59)> for optimization to MAGLEV, ConcurrencyMode::kConcurrent, reason: hot and stable]
[compiling method 0x0362c72e2091 <JSFunction evaluateConnect4CpcNonterminal32 (sfi = 00000362C72D4B59)> (target MAGLEV), mode: ConcurrencyMode::kConcurrent]
[marking 0x0362c72e1631 <JSFunction connect4RbaCofactorKnownHeight (sfi = 00000362C72D1AD9)> for optimization to TURBOFAN_JS, ConcurrencyMode::kConcurrent, reason: hot and stable]
[marking 0x006fec3e9209 <JSFunction mixSpan32Locator32 (sfi = 0000006FEC3D3409)> for optimization to TURBOFAN_JS, ConcurrencyMode::kConcurrent, reason: hot and stable]
[marking 0x0362c72e1631 <JSFunction connect4RbaCofactorKnownHeight (sfi = 00000362C72D1AD9)> for optimization to TURBOFAN_JS, ConcurrencyMode::kConcurrent, reason: hot and stable]
[marking 0x02358b991a19 <JSFunction publishSpan32 (sfi = 0000015FF387B711)> for optimization to TURBOFAN_JS, ConcurrencyMode::kConcurrent, reason: hot and stable]
[marking 0x03f5f489f5f9 <JSFunction publishSpan32 (sfi = 000003F5F4889889)> for optimization to TURBOFAN_JS, ConcurrencyMode::kConcurrent, reason: hot and stable]
[marking 0x006fec3ea151 <JSFunction connect4RbaCofactorBasis (sfi = 0000006FEC3DA5F9)> for optimization to TURBOFAN_JS, ConcurrencyMode::kConcurrent, reason: hot and stable]
[marking 0x0362c72e1631 <JSFunction connect4RbaCofactorKnownHeight (sfi = 00000362C72D1AD9)> for optimization to TURBOFAN_JS, ConcurrencyMode::kConcurrent, reason: hot and stable]
[marking 0x024884424551 <JSFunction advanceConnect4LiveLineState32 (sfi = 0000024884418991)> for optimization to TURBOFAN_JS, ConcurrencyMode::kConcurrent, reason: hot and stable]
[marking 0x03f5f48a0581 <JSFunction connect4RbaCofactorBasis (sfi = 000003F5F4890AA9)> for optimization to TURBOFAN_JS, ConcurrencyMode::kConcurrent, reason: hot and stable]
[marking 0x0212c4629a79 <JSFunction connect4RbaCofactorBasis (sfi = 00000212C461A019)> for optimization to TURBOFAN_JS, ConcurrencyMode::kConcurrent, reason: hot and stable]
[marking 0x0362c72e1631 <JSFunction connect4RbaCofactorKnownHeight (sfi = 00000362C72D1AD9)> for optimization to TURBOFAN_JS, ConcurrencyMode::kConcurrent, reason: hot and stable]
[marking 0x006fec3e91c9 <JSFunction publishSpan32 (sfi = 0000006FEC3D33C1)> for optimization to TURBOFAN_JS, ConcurrencyMode::kConcurrent, reason: hot and stable]
[marking 0x006fec3ea151 <JSFunction connect4RbaCofactorBasis (sfi = 0000006FEC3DA5F9)> for optimization to TURBOFAN_JS, ConcurrencyMode::kConcurrent, reason: hot and stable]
[marking 0x03e59bd0e4a1 <JSFunction permutePair3 (sfi = 000003F5F488C671)> for optimization to TURBOFAN_JS, ConcurrencyMode::kConcurrent, reason: hot and stable]
[marking 0x0362c72e1631 <JSFunction connect4RbaCofactorKnownHeight (sfi = 00000362C72D1AD9)> for optimization to TURBOFAN_JS, ConcurrencyMode::kConcurrent, reason: hot and stable]
[marking 0x006fec3e9209 <JSFunction mixSpan32Locator32 (sfi = 0000006FEC3D3409)> for optimization to TURBOFAN_JS, ConcurrencyMode::kConcurrent, reason: hot and stable]
[marking 0x0362c72e1631 <JSFunction connect4RbaCofactorKnownHeight (sfi = 00000362C72D1AD9)> for optimization to TURBOFAN_JS, ConcurrencyMode::kConcurrent, reason: hot and stable]
[marking 0x03f5f48a0581 <JSFunction connect4RbaCofactorBasis (sfi = 000003F5F4890AA9)> for optimization to TURBOFAN_JS, ConcurrencyMode::kConcurrent, reason: hot and stable]
[marking 0x0362c72e1631 <JSFunction connect4RbaCofactorKnownHeight (sfi = 00000362C72D1AD9)> for optimization to TURBOFAN_JS, ConcurrencyMode::kConcurrent, reason: hot and stable]
[marking 0x016ef3267fb9 <JSFunction advanceConnect4LiveLineState32 (sfi = 0000016EF325C389)> for optimization to TURBOFAN_JS, ConcurrencyMode::kConcurrent, reason: hot and stable]
[marking 0x0174ba059779 <JSFunction permutePair3 (sfi = 0000015FF387E4F9)> for optimization to TURBOFAN_JS, ConcurrencyMode::kConcurrent, reason: hot and stable]
[marking 0x000b99636d71 <JSFunction collectSingletonProfiles (sfi = 0000024884416511)> for optimization to TURBOFAN_JS, ConcurrencyMode::kConcurrent, reason: hot and stable]
[marking 0x006fec3ea151 <JSFunction connect4RbaCofactorBasis (sfi = 0000006FEC3DA5F9)> for optimization to TURBOFAN_JS, ConcurrencyMode::kConcurrent, reason: hot and stable]
[marking 0x0362c72e1631 <JSFunction connect4RbaCofactorKnownHeight (sfi = 00000362C72D1AD9)> for optimization to TURBOFAN_JS, ConcurrencyMode::kConcurrent, reason: hot and stable]
[marking 0x007730018b59 <JSFunction collectSingletonProfiles (sfi = 00000362C72D4C79)> for optimization to TURBOFAN_JS, ConcurrencyMode::kConcurrent, reason: hot and stable]
[marking 0x0174ba059bf9 <JSFunction collectSingletonProfiles (sfi = 000002358B986211)> for optimization to TURBOFAN_JS, ConcurrencyMode::kConcurrent, reason: hot and stable]
[marking 0x0362c72e2e39 <JSFunction advanceConnect4LiveLineState32 (sfi = 00000362C72D70F9)> for optimization to TURBOFAN_JS, ConcurrencyMode::kConcurrent, reason: hot and stable]
[marking 0x03f5f48a0581 <JSFunction connect4RbaCofactorBasis (sfi = 000003F5F4890AA9)> for optimization to TURBOFAN_JS, ConcurrencyMode::kConcurrent, reason: hot and stable]
[marking 0x02358b994269 <JSFunction advanceConnect4LiveLineState32 (sfi = 000002358B988691)> for optimization to TURBOFAN_JS, ConcurrencyMode::kConcurrent, reason: hot and stable]
[marking 0x0362c72e1631 <JSFunction connect4RbaCofactorKnownHeight (sfi = 00000362C72D1AD9)> for optimization to TURBOFAN_JS, ConcurrencyMode::kConcurrent, reason: hot and stable]
[marking 0x026e68e66e01 <JSFunction collectSingletonProfiles (sfi = 0000016EF3259F09)> for optimization to TURBOFAN_JS, ConcurrencyMode::kConcurrent, reason: hot and stable]
[marking 0x006fec3e9209 <JSFunction mixSpan32Locator32 (sfi = 0000006FEC3D3409)> for optimization to TURBOFAN_JS, ConcurrencyMode::kConcurrent, reason: hot and stable]
[marking 0x0362c72e1631 <JSFunction connect4RbaCofactorKnownHeight (sfi = 00000362C72D1AD9)> for optimization to TURBOFAN_JS, ConcurrencyMode::kConcurrent, reason: hot and stable]
[marking 0x006fec3ea151 <JSFunction connect4RbaCofactorBasis (sfi = 0000006FEC3DA5F9)> for optimization to TURBOFAN_JS, ConcurrencyMode::kConcurrent, reason: hot and stable]
[marking 0x03f5f489f5f9 <JSFunction publishSpan32 (sfi = 000003F5F4889889)> for optimization to TURBOFAN_JS, ConcurrencyMode::kConcurrent, reason: hot and stable]
[marking 0x0362c72e1631 <JSFunction connect4RbaCofactorKnownHeight (sfi = 00000362C72D1AD9)> for optimization to TURBOFAN_JS, ConcurrencyMode::kConcurrent, reason: hot and stable]
[marking 0x0362c72e05e9 <JSFunction publishSpan32 (sfi = 00000362C72CA7C9)> for optimization to TURBOFAN_JS, ConcurrencyMode::kConcurrent, reason: hot and stable]
[marking 0x016ef3265769 <JSFunction publishSpan32 (sfi = 0000016EF324FA29)> for optimization to TURBOFAN_JS, ConcurrencyMode::kConcurrent, reason: hot and stable]
[marking [marking 0x03f5f48a0581 <JSFunction connect4RbaCofactorBasis (sfi = 000003F5F4890AA9)>0x0212c4628af1 for optimization to TURBOFAN_JS, ConcurrencyMode::kConcurrent, reason: hot and stable ]
<JSFunction publishSpan32 (sfi = 00000212C4612DE1)> for optimization to TURBOFAN_JS, ConcurrencyMode::kConcurrent, reason: hot and stable]
[marking 0x0362c72e1631 <JSFunction connect4RbaCofactorKnownHeight (sfi = 00000362C72D1AD9)> for optimization to TURBOFAN_JS, ConcurrencyMode::kConcurrent, reason: hot and stable]
[marking 0x0362c72e1631 <JSFunction connect4RbaCofactorKnownHeight (sfi = 00000362C72D1AD9)> for optimization to TURBOFAN_JS, ConcurrencyMode::kConcurrent, reason: hot and stable]
[marking 0x024884421d01 <JSFunction publishSpan32 (sfi = 000002488440C061)> for optimization to TURBOFAN_JS, ConcurrencyMode::kConcurrent, reason: hot and stable]
[marking 0x006fec3e9209 <JSFunction mixSpan32Locator32 (sfi = 0000006FEC3D3409)> for optimization to TURBOFAN_JS, ConcurrencyMode::kConcurrent, reason: hot and stable]
[completed compiling 0x03e59bd0fba1 [marking 0x006fec3ea151 <JSFunction searchCpcOnlyFrontier (sfi = 000003F5F48849A9)> (target MAGLEV)<JSFunction connect4RbaCofactorBasis (sfi = 0000006FEC3DA5F9)> - took 0.000, 3.076, 0.025 ms for optimization to TURBOFAN_JS, ConcurrencyMode::kConcurrent, reason: hot and stable]
]
[marking 0x024884424551 <JSFunction advanceConnect4LiveLineState32 (sfi = 0000024884418991)> for optimization to TURBOFAN_JS, ConcurrencyMode::kConcurrent, reason: hot and stable]
[marking 0x0362c72e1631 <JSFunction connect4RbaCofactorKnownHeight (sfi = 00000362C72D1AD9)> for optimization to TURBOFAN_JS, ConcurrencyMode::kConcurrent, reason: hot and stable]
[marking 0x02358b991a19 <JSFunction publishSpan32 (sfi = 0000015FF387B711)> for optimization to TURBOFAN_JS, ConcurrencyMode::kConcurrent, reason: hot and stable]
[marking 0x0212c4629a79 [marking 0x000b99636d71 <JSFunction collectSingletonProfiles (sfi = 0000024884416511)> for optimization to TURBOFAN_JS, ConcurrencyMode::kConcurrent, reason: hot and stable]
<JSFunction connect4RbaCofactorBasis (sfi = 00000212C461A019)> for optimization to TURBOFAN_JS, ConcurrencyMode::kConcurrent, reason: hot and stable]
[marking 0x03f5f48a0581 <JSFunction connect4RbaCofactorBasis (sfi = 000003F5F4890AA9)> for optimization to TURBOFAN_JS, ConcurrencyMode::kConcurrent, reason: hot and stable]
[marking 0x0362c72e1631 <JSFunction connect4RbaCofactorKnownHeight (sfi = 00000362C72D1AD9)> for optimization to TURBOFAN_JS, ConcurrencyMode::kConcurrent, reason: hot and stable]
[marking 0x0174ba059bf9 <JSFunction collectSingletonProfiles (sfi = 000002358B986211)> for optimization to TURBOFAN_JS, ConcurrencyMode::kConcurrent, reason: hot and stable]
[marking 0x006fec3ea151 <JSFunction connect4RbaCofactorBasis (sfi = 0000006FEC3DA5F9)> for optimization to TURBOFAN_JS, ConcurrencyMode::kConcurrent, reason: hot and stable]
[marking 0x007730018b59 <JSFunction collectSingletonProfiles (sfi = 00000362C72D4C79)> for optimization to TURBOFAN_JS, ConcurrencyMode::kConcurrent, reason: hot and stable]
[marking 0x0362c72e1631 [marking <JSFunction connect4RbaCofactorKnownHeight (sfi = 00000362C72D1AD9)> for optimization to TURBOFAN_JS, ConcurrencyMode::kConcurrent, reason: hot and stable0x006fec3e9209 ]
<JSFunction mixSpan32Locator32 (sfi = 0000006FEC3D3409)> for optimization to TURBOFAN_JS, ConcurrencyMode::kConcurrent, reason: hot and stable]
[marking 0x03e59bd0e4a1 <JSFunction permutePair3 (sfi = 000003F5F488C671)> for optimization to TURBOFAN_JS, ConcurrencyMode::kConcurrent, reason: hot and stable]
[marking 0x03f5f48a0581 <JSFunction connect4RbaCofactorBasis (sfi = 000003F5F4890AA9)> for optimization to TURBOFAN_JS, ConcurrencyMode::kConcurrent, reason: hot and stable]
[marking 0x006fec3e91c9 <JSFunction publishSpan32 (sfi = 0000006FEC3D33C1)> for optimization to TURBOFAN_JS, ConcurrencyMode::kConcurrent, reason: hot and stable]
[marking 0x0362c72e1631 [marking <JSFunction connect4RbaCofactorKnownHeight (sfi = 00000362C72D1AD9)>0x0174ba059779 for optimization to TURBOFAN_JS, ConcurrencyMode::kConcurrent, reason: hot and stable]
 <JSFunction permutePair3 (sfi = 0000015FF387E4F9)> for optimization to TURBOFAN_JS, ConcurrencyMode::kConcurrent, reason: hot and stable]
[marking 0x0362c72e2e39 <JSFunction advanceConnect4LiveLineState32 (sfi = 00000362C72D70F9)> for optimization to TURBOFAN_JS, ConcurrencyMode::kConcurrent, reason: hot and stable]
[marking 0x0362c72e1631 <JSFunction connect4RbaCofactorKnownHeight (sfi = 00000362C72D1AD9)> for optimization to TURBOFAN_JS, ConcurrencyMode::kConcurrent, reason: hot and stable]
[marking 0x006fec3ea151 <JSFunction connect4RbaCofactorBasis (sfi = 0000006FEC3DA5F9)> for optimization to TURBOFAN_JS, ConcurrencyMode::kConcurrent, reason: hot and stable]
[marking 0x02358b994269 <JSFunction advanceConnect4LiveLineState32 (sfi = 000002358B988691)> for optimization to TURBOFAN_JS, ConcurrencyMode::kConcurrent, reason: hot and stable]
[marking 0x026e68e66e01 <JSFunction collectSingletonProfiles (sfi = 0000016EF3259F09)> for optimization to TURBOFAN_JS, ConcurrencyMode::kConcurrent, reason: hot and stable]
[marking 0x028b251dfc49 <JSFunction collectSingletonProfiles (sfi = 0000006FEC3DD871)> for optimization to TURBOFAN_JS, ConcurrencyMode::kConcurrent, reason: hot and stable]
[marking 0x03f5f48a0581 <JSFunction connect4RbaCofactorBasis (sfi = 000003F5F4890AA9)> for optimization to TURBOFAN_JS, ConcurrencyMode::kConcurrent, reason: hot and stable]
[marking 0x0362c72e1631 <JSFunction connect4RbaCofactorKnownHeight (sfi = 00000362C72D1AD9)> for optimization to TURBOFAN_JS, ConcurrencyMode::kConcurrent, reason: hot and stable]
[marking 0x0362c72e05e9 <JSFunction publishSpan32 (sfi = 00000362C72CA7C9)> for optimization to TURBOFAN_JS, ConcurrencyMode::kConcurrent, reason: hot and stable]
[marking 0x006fec3e9209 <JSFunction mixSpan32Locator32 (sfi = 0000006FEC3D3409)> for optimization to TURBOFAN_JS, ConcurrencyMode::kConcurrent, reason: hot and stable]
[marking 0x03f5f489f5f9 <JSFunction publishSpan32 (sfi = 000003F5F4889889)> for optimization to TURBOFAN_JS, ConcurrencyMode::kConcurrent, reason: hot and stable]
[marking 0x016ef3267fb9 <JSFunction advanceConnect4LiveLineState32 (sfi = 0000016EF325C389)> for optimization to TURBOFAN_JS, ConcurrencyMode::kConcurrent, reason: hot and stable]
[marking 0x0362c72e1631 <JSFunction connect4RbaCofactorKnownHeight (sfi = 00000362C72D1AD9)> for optimization to TURBOFAN_JS, ConcurrencyMode::kConcurrent, reason: hot and stable]
[marking 0x024884421d01 <JSFunction publishSpan32 (sfi = 000002488440C061)> for optimization to TURBOFAN_JS, ConcurrencyMode::kConcurrent, reason: hot and stable]
[marking 0x006fec3ea151 <JSFunction connect4RbaCofactorBasis (sfi = 0000006FEC3DA5F9)> for optimization to TURBOFAN_JS, ConcurrencyMode::kConcurrent, reason: hot and stable]
[marking 0x000b99636d71 <JSFunction collectSingletonProfiles (sfi = 0000024884416511)> for optimization to TURBOFAN_JS, ConcurrencyMode::kConcurrent, reason: hot and stable]
[marking 0x0362c72e1631 <JSFunction connect4RbaCofactorKnownHeight (sfi = 00000362C72D1AD9)> for optimization to TURBOFAN_JS, ConcurrencyMode::kConcurrent, reason: hot and stable]
[marking 0x03f5f48a0581 <JSFunction connect4RbaCofactorBasis (sfi = 000003F5F4890AA9)> for optimization to TURBOFAN_JS, ConcurrencyMode::kConcurrent, reason: hot and stable]
[marking 0x02358b991a19 <JSFunction publishSpan32 (sfi = 0000015FF387B711)> for optimization to TURBOFAN_JS, ConcurrencyMode::kConcurrent, reason: hot and stable]
[marking 0x0174ba059bf9 <JSFunction collectSingletonProfiles (sfi = 000002358B986211)> for optimization to TURBOFAN_JS, ConcurrencyMode::kConcurrent, reason: hot and stable]
[marking 0x024884424551 [marking <JSFunction advanceConnect4LiveLineState32 (sfi = 0000024884418991)> for optimization to TURBOFAN_JS, ConcurrencyMode::kConcurrent, reason: hot and stable]
0x0362c72e1631 <JSFunction connect4RbaCofactorKnownHeight (sfi = 00000362C72D1AD9)> for optimization to TURBOFAN_JS, ConcurrencyMode::kConcurrent, reason: hot and stable]
[marking 0x0362c72e1631 <JSFunction connect4RbaCofactorKnownHeight (sfi = 00000362C72D1AD9)> for optimization to TURBOFAN_JS, ConcurrencyMode::kConcurrent, reason: hot and stable]
[marking 0x006fec3ea151 <JSFunction connect4RbaCofactorBasis (sfi = 0000006FEC3DA5F9)> for optimization to TURBOFAN_JS, ConcurrencyMode::kConcurrent, reason: hot and stable]
[marking 0x006fec3e9209 [marking <JSFunction mixSpan32Locator32 (sfi = 0000006FEC3D3409)> for optimization to TURBOFAN_JS, ConcurrencyMode::kConcurrent, reason: hot and stable0x007730018b59]
 <JSFunction collectSingletonProfiles (sfi = 00000362C72D4C79)> for optimization to TURBOFAN_JS, ConcurrencyMode::kConcurrent, reason: hot and stable]
[marking 0x03f5f48a0581 <JSFunction connect4RbaCofactorBasis (sfi = 000003F5F4890AA9)> for optimization to TURBOFAN_JS, ConcurrencyMode::kConcurrent, reason: hot and stable]
[marking 0x0212c4629a79 <JSFunction connect4RbaCofactorBasis (sfi = 00000212C461A019)> for optimization to TURBOFAN_JS, ConcurrencyMode::kConcurrent, reason: hot and stable]
[marking 0x0362c72e1631 <JSFunction connect4RbaCofactorKnownHeight (sfi = 00000362C72D1AD9)> for optimization to TURBOFAN_JS, ConcurrencyMode::kConcurrent, reason: hot and stable]
[marking 0x016ef3265769 <JSFunction publishSpan32 (sfi = 0000016EF324FA29)> for optimization to TURBOFAN_JS, ConcurrencyMode::kConcurrent, reason: hot and stable]
[marking 0x0362c72e1631 <JSFunction connect4RbaCofactorKnownHeight (sfi = 00000362C72D1AD9)> for optimization to TURBOFAN_JS, ConcurrencyMode::kConcurrent, reason: hot and stable]
[marking 0x0212c462b341 [marking 0x03f5f48a0581 <JSFunction connect4RbaCofactorBasis (sfi = 000003F5F4890AA9)> for optimization to TURBOFAN_JS, ConcurrencyMode::kConcurrent, reason: hot and stable<JSFunction advanceConnect4LiveLineState32 (sfi = 00000212C461F729)>]
 for optimization to TURBOFAN_JS, ConcurrencyMode::kConcurrent, reason: hot and stable]
[marking 0x0362c72e1631 <JSFunction connect4RbaCofactorKnownHeight (sfi = 00000362C72D1AD9)> for optimization to TURBOFAN_JS, ConcurrencyMode::kConcurrent, reason: hot and stable]
[marking 0x006fec3ea151 <JSFunction connect4RbaCofactorBasis (sfi = 0000006FEC3DA5F9)> for optimization to TURBOFAN_JS, ConcurrencyMode::kConcurrent, reason: hot and stable]
[marking 0x007730018a99 <JSFunction coordHas (sfi = 00000362C72D4BA1)> for optimization to MAGLEV, ConcurrencyMode::kConcurrent, reason: hot and stable]
[marking [marking 0x0174ba059b39 0x000b99639bb1 <JSFunction coordHas (sfi = 0000024884416439)><JSFunction coordHas (sfi = 000002358B986139)> for optimization to MAGLEV, ConcurrencyMode::kConcurrent, reason: hot and stable]
 for optimization to MAGLEV, ConcurrencyMode::kConcurrent, reason: hot and stable]
[compiling method 0x007730018a99 <JSFunction coordHas (sfi = 00000362C72D4BA1)> (target MAGLEV), mode: ConcurrencyMode::kConcurrent]
[compiling method [compiling method 0x000b99639bb1 0x0174ba059b39 <JSFunction coordHas (sfi = 0000024884416439)> (target MAGLEV), mode: ConcurrencyMode::kConcurrent]
<JSFunction coordHas (sfi = 000002358B986139)> (target MAGLEV), mode: ConcurrencyMode::kConcurrent]
[marking 0x006fec3e91c9 <JSFunction publishSpan32 (sfi = 0000006FEC3D33C1)>[marking  for optimization to TURBOFAN_JS, ConcurrencyMode::kConcurrent, reason: hot and stable0x0362c72e1631]
 <JSFunction connect4RbaCofactorKnownHeight (sfi = 00000362C72D1AD9)> for optimization to TURBOFAN_JS, ConcurrencyMode::kConcurrent, reason: hot and stable]
[marking 0x0362c72e05e9 <JSFunction publishSpan32 (sfi = 00000362C72CA7C9)> for optimization to TURBOFAN_JS, ConcurrencyMode::kConcurrent, reason: hot and stable]
[marking 0x006fec3e9209 <JSFunction mixSpan32Locator32 (sfi = 0000006FEC3D3409)> for optimization to TURBOFAN_JS, ConcurrencyMode::kConcurrent, reason: hot and stable]
[compiling method 0x006fec3ea7b1 <JSFunction firstSetBitIndex32 (sfi = 0000006FEC3DEC69)> (target MAGLEV), mode: ConcurrencyMode::kConcurrent]
[marking 0x0174ba059779 <JSFunction permutePair3 (sfi = 0000015FF387E4F9)> for optimization to TURBOFAN_JS, ConcurrencyMode::kConcurrent, reason: hot and stable]
[marking 0x0362c72e2e39 <JSFunction advanceConnect4LiveLineState32 (sfi = 00000362C72D70F9)> for optimization to TURBOFAN_JS, ConcurrencyMode::kConcurrent, reason: hot and stable]
[marking 0x03f5f48a0581 <JSFunction connect4RbaCofactorBasis (sfi = 000003F5F4890AA9)> for optimization to TURBOFAN_JS, ConcurrencyMode::kConcurrent, reason: hot and stable]
[marking 0x02358b994269 <JSFunction advanceConnect4LiveLineState32 (sfi = 000002358B988691)> for optimization to TURBOFAN_JS, ConcurrencyMode::kConcurrent, reason: hot and stable]
[marking 0x024884421d01 <JSFunction publishSpan32 (sfi = 000002488440C061)> for optimization to TURBOFAN_JS, ConcurrencyMode::kConcurrent, reason: hot and stable]
[marking 0x0362c72e1631 <JSFunction connect4RbaCofactorKnownHeight (sfi = 00000362C72D1AD9)> for optimization to TURBOFAN_JS, ConcurrencyMode::kConcurrent, reason: hot and stable]
[marking 0x026e68e66e01 <JSFunction collectSingletonProfiles (sfi = 0000016EF3259F09)> for optimization to TURBOFAN_JS, ConcurrencyMode::kConcurrent, reason: hot and stable]
[marking 0x000b99636d71 <JSFunction collectSingletonProfiles (sfi = 0000024884416511)> for optimization to TURBOFAN_JS, ConcurrencyMode::kConcurrent, reason: hot and stable]
[marking 0x028b251dfc49 <JSFunction collectSingletonProfiles (sfi = 0000006FEC3DD871)> for optimization to TURBOFAN_JS, ConcurrencyMode::kConcurrent, reason: hot and stable]
[marking 0x006fec3ea151 <JSFunction connect4RbaCofactorBasis (sfi = 0000006FEC3DA5F9)> for optimization to TURBOFAN_JS, ConcurrencyMode::kConcurrent, reason: hot and stable]
[marking 0x02358b991a19 <JSFunction publishSpan32 (sfi = 0000015FF387B711)> for optimization to TURBOFAN_JS, ConcurrencyMode::kConcurrent, reason: hot and stable]
[marking 0x03f5f48a0581 <JSFunction connect4RbaCofactorBasis (sfi = 000003F5F4890AA9)> for optimization to TURBOFAN_JS, ConcurrencyMode::kConcurrent, reason: hot and stable]
[marking 0x0362c72e1631 <JSFunction connect4RbaCofactorKnownHeight (sfi = 00000362C72D1AD9)> for optimization to TURBOFAN_JS, ConcurrencyMode::kConcurrent, reason: hot and stable]
[marking 0x0174ba059bf9 <JSFunction collectSingletonProfiles (sfi = 000002358B986211)> for optimization to TURBOFAN_JS, ConcurrencyMode::kConcurrent, reason: hot and stable]
[marking 0x03f5f489f5f9 <JSFunction publishSpan32 (sfi = 000003F5F4889889)> for optimization to TURBOFAN_JS, ConcurrencyMode::kConcurrent, reason: hot and stable]
[marking 0x006fec3e9209 <JSFunction mixSpan32Locator32 (sfi = 0000006FEC3D3409)> for optimization to TURBOFAN_JS, ConcurrencyMode::kConcurrent, reason: hot and stable]
[marking 0x0362c72e1631 <JSFunction connect4RbaCofactorKnownHeight (sfi = 00000362C72D1AD9)> for optimization to TURBOFAN_JS, ConcurrencyMode::kConcurrent, reason: hot and stable]
[marking 0x016ef3267fb9 <JSFunction advanceConnect4LiveLineState32 (sfi = 0000016EF325C389)> for optimization to TURBOFAN_JS, ConcurrencyMode::kConcurrent, reason: hot and stable]
[marking 0x03e59bd0e4a1 <JSFunction permutePair3 (sfi = 000003F5F488C671)> for optimization to TURBOFAN_JS, ConcurrencyMode::kConcurrent, reason: hot and stable]
[marking 0x007730018b59 <JSFunction collectSingletonProfiles (sfi = 00000362C72D4C79)> for optimization to TURBOFAN_JS, ConcurrencyMode::kConcurrent, reason: hot and stable]
[marking 0x024884424551 <JSFunction advanceConnect4LiveLineState32 (sfi = 0000024884418991)> for optimization to TURBOFAN_JS, ConcurrencyMode::kConcurrent, reason: hot and stable]
[marking 0x03f5f48a0581 <JSFunction connect4RbaCofactorBasis (sfi = 000003F5F4890AA9)> for optimization to TURBOFAN_JS, ConcurrencyMode::kConcurrent, reason: hot and stable]
[marking 0x006fec3ea151 <JSFunction connect4RbaCofactorBasis (sfi = 0000006FEC3DA5F9)> for optimization to TURBOFAN_JS, ConcurrencyMode::kConcurrent, reason: hot and stable]
[marking 0x0362c72e1631 <JSFunction connect4RbaCofactorKnownHeight (sfi = 00000362C72D1AD9)> for optimization to TURBOFAN_JS, ConcurrencyMode::kConcurrent, reason: hot and stable]
[marking 0x026e68e66e01 <JSFunction collectSingletonProfiles (sfi = 0000016EF3259F09)> for optimization to TURBOFAN_JS, ConcurrencyMode::kConcurrent, reason: hot and stable]
[marking 0x016ef3265769 <JSFunction publishSpan32 (sfi = 0000016EF324FA29)> for optimization to TURBOFAN_JS, ConcurrencyMode::kConcurrent, reason: hot and stable]
[marking 0x0212c4629a79 <JSFunction connect4RbaCofactorBasis (sfi = 00000212C461A019)> for optimization to TURBOFAN_JS, ConcurrencyMode::kConcurrent, reason: hot and stable]
[marking 0x0362c72e1631 <JSFunction connect4RbaCofactorKnownHeight (sfi = 00000362C72D1AD9)> for optimization to TURBOFAN_JS, ConcurrencyMode::kConcurrent, reason: hot and stable]
[marking 0x03f5f48a0581 <JSFunction connect4RbaCofactorBasis (sfi = 000003F5F4890AA9)> for optimization to TURBOFAN_JS, ConcurrencyMode::kConcurrent, reason: hot and stable]
[marking 0x0362c72e1631 <JSFunction connect4RbaCofactorKnownHeight (sfi = 00000362C72D1AD9)> for optimization to TURBOFAN_JS, ConcurrencyMode::kConcurrent, reason: hot and stable]
[marking 0x006fec3e9209 <JSFunction mixSpan32Locator32 (sfi = 0000006FEC3D3409)> for optimization to TURBOFAN_JS, ConcurrencyMode::kConcurrent, reason: hot and stable]
[marking 0x000b99636d71 <JSFunction collectSingletonProfiles (sfi = 0000024884416511)> for optimization to TURBOFAN_JS, ConcurrencyMode::kConcurrent, reason: hot and stable]
[marking 0x006fec3e91c9 <JSFunction publishSpan32 (sfi = 0000006FEC3D33C1)> for optimization to TURBOFAN_JS, ConcurrencyMode::kConcurrent, reason: hot and stable]
[marking 0x006fec3ea151 <JSFunction connect4RbaCofactorBasis (sfi = 0000006FEC3DA5F9)> for optimization to TURBOFAN_JS, ConcurrencyMode::kConcurrent, reason: hot and stable]
[marking 0x028b251dfc49 <JSFunction collectSingletonProfiles (sfi = 0000006FEC3DD871)> for optimization to TURBOFAN_JS, ConcurrencyMode::kConcurrent, reason: hot and stable]
[marking 0x0362c72e2e39 <JSFunction advanceConnect4LiveLineState32 (sfi = 00000362C72D70F9)> for optimization to TURBOFAN_JS, ConcurrencyMode::kConcurrent, reason: hot and stable]
[marking 0x0362c72e1631 <JSFunction connect4RbaCofactorKnownHeight (sfi = 00000362C72D1AD9)> for optimization to TURBOFAN_JS, ConcurrencyMode::kConcurrent, reason: hot and stable]
[marking 0x02358b994269 [marking <JSFunction advanceConnect4LiveLineState32 (sfi = 000002358B988691)> for optimization to TURBOFAN_JS, ConcurrencyMode::kConcurrent, reason: hot and stable0x016ef3267fb9]
 [marking <JSFunction advanceConnect4LiveLineState32 (sfi = 0000016EF325C389)> for optimization to TURBOFAN_JS, ConcurrencyMode::kConcurrent, reason: hot and stable0x03f5f48a0581]
 <JSFunction connect4RbaCofactorBasis (sfi = 000003F5F4890AA9)> for optimization to TURBOFAN_JS, ConcurrencyMode::kConcurrent, reason: hot and stable]
[marking 0x0174ba059bf9 <JSFunction collectSingletonProfiles (sfi = 000002358B986211)> for optimization to TURBOFAN_JS, ConcurrencyMode::kConcurrent, reason: hot and stable]
[marking 0x026e68e66e01 <JSFunction collectSingletonProfiles (sfi = 0000016EF3259F09)> for optimization to TURBOFAN_JS, ConcurrencyMode::kConcurrent, reason: hot and stable]
[marking 0x0362c72e1631 <JSFunction connect4RbaCofactorKnownHeight (sfi = 00000362C72D1AD9)> for optimization to TURBOFAN_JS, ConcurrencyMode::kConcurrent, reason: hot and stable[marking ]
0x0212c4628af1 <JSFunction publishSpan32 (sfi = 00000212C4612DE1)> for optimization to TURBOFAN_JS, ConcurrencyMode::kConcurrent, reason: hot and stable[marking ]
0x0362c72e05e9 <JSFunction publishSpan32 (sfi = 00000362C72CA7C9)> for optimization to TURBOFAN_JS, ConcurrencyMode::kConcurrent, reason: hot and stable]
[marking 0x03f5f48a0581 <JSFunction connect4RbaCofactorBasis (sfi = 000003F5F4890AA9)> for optimization to TURBOFAN_JS, ConcurrencyMode::kConcurrent, reason: hot and stable]
[marking 0x0362c72e1631 <JSFunction connect4RbaCofactorKnownHeight (sfi = 00000362C72D1AD9)> for optimization to TURBOFAN_JS, ConcurrencyMode::kConcurrent, reason: hot and stable]
[compiling method 0x0362c72e1631 <JSFunction connect4RbaCofactorKnownHeight (sfi = 00000362C72D1AD9)> (target TURBOFAN_JS), mode: ConcurrencyMode::kConcurrent]
[completed compiling 0x02358b992a61 <JSFunction connect4RbaCofactorKnownHeight (sfi = 000002358B983071)> (target TURBOFAN_JS) - took 0.003, 17.674, 0.040 ms]
[completed optimizing 0x02358b992a61 <JSFunction connect4RbaCofactorKnownHeight (sfi = 000002358B983071)> (target TURBOFAN_JS)]
[marking 0x006fec3ea151 <JSFunction connect4RbaCofactorBasis (sfi = 0000006FEC3DA5F9)> for optimization to TURBOFAN_JS, ConcurrencyMode::kConcurrent, reason: hot and stable]
[marking 0x006fec3e9209 <JSFunction mixSpan32Locator32 (sfi = 0000006FEC3D3409)> for optimization to TURBOFAN_JS, ConcurrencyMode::kConcurrent, reason: hot and stable]
[marking 0x007730018b59 <JSFunction collectSingletonProfiles (sfi = 00000362C72D4C79)> for optimization to TURBOFAN_JS, ConcurrencyMode::kConcurrent, reason: hot and stable]
[marking 0x023e389ceec1 <JSFunction collectSingletonProfiles (sfi = 00000212C461D2A9)> for optimization to TURBOFAN_JS, ConcurrencyMode::kConcurrent, reason: hot and stable]
[marking [marking 0x024884421d01 0x03f5f489f5f9 <JSFunction publishSpan32 (sfi = 000002488440C061)> for optimization to TURBOFAN_JS, ConcurrencyMode::kConcurrent, reason: hot and stable]
<JSFunction publishSpan32 (sfi = 000003F5F4889889)> for optimization to TURBOFAN_JS, ConcurrencyMode::kConcurrent, reason: hot and stable]
[marking 0x03f5f48a0581 <JSFunction connect4RbaCofactorBasis (sfi = 000003F5F4890AA9)> for optimization to TURBOFAN_JS, ConcurrencyMode::kConcurrent, reason: hot and stable]
[marking 0x024884424551 <JSFunction advanceConnect4LiveLineState32 (sfi = 0000024884418991)> for optimization to TURBOFAN_JS, ConcurrencyMode::kConcurrent, reason: hot and stable]
[completed compiling 0x00cbc4a82781 <JSFunction searchCpcOnlyFrontier (sfi = 0000006FEC3CE4E1)> (target MAGLEV) - took 0.000, 3.570, 0.016 ms]
[marking 0x026e68e66e01 <JSFunction collectSingletonProfiles (sfi = 0000016EF3259F09)> for optimization to TURBOFAN_JS, ConcurrencyMode::kConcurrent, reason: hot and stable]
[marking 0x016ef3267fb9 [marking <JSFunction advanceConnect4LiveLineState32 (sfi = 0000016EF325C389)> for optimization to TURBOFAN_JS, ConcurrencyMode::kConcurrent, reason: hot and stable]
0x02358b991a19 <JSFunction publishSpan32 (sfi = 0000015FF387B711)> for optimization to TURBOFAN_JS, ConcurrencyMode::kConcurrent, reason: hot and stable]
[marking 0x006fec3ea151 <JSFunction connect4RbaCofactorBasis (sfi = 0000006FEC3DA5F9)> for optimization to TURBOFAN_JS, ConcurrencyMode::kConcurrent, reason: hot and stable]
[marking 0x03f5f48a0581 <JSFunction connect4RbaCofactorBasis (sfi = 000003F5F4890AA9)> for optimization to TURBOFAN_JS, ConcurrencyMode::kConcurrent, reason: hot and stable]
[marking 0x03e59bd0e4a1 <JSFunction permutePair3 (sfi = 000003F5F488C671)> for optimization to TURBOFAN_JS, ConcurrencyMode::kConcurrent, reason: hot and stable]
[marking 0x028b251dfc49 <JSFunction collectSingletonProfiles (sfi = 0000006FEC3DD871)> for optimization to TURBOFAN_JS, ConcurrencyMode::kConcurrent, reason: hot and stable]
[marking 0x000b99636d71 <JSFunction collectSingletonProfiles (sfi = 0000024884416511)> for optimization to TURBOFAN_JS, ConcurrencyMode::kConcurrent, reason: hot and stable]
[marking 0x0212c4629a79 <JSFunction connect4RbaCofactorBasis (sfi = 00000212C461A019)> for optimization to TURBOFAN_JS, ConcurrencyMode::kConcurrent, reason: hot and stable]
[marking 0x006fec3ea151 <JSFunction connect4RbaCofactorBasis (sfi = 0000006FEC3DA5F9)> for optimization to TURBOFAN_JS, ConcurrencyMode::kConcurrent, reason: hot and stable]
[marking 0x03f5f489f5f9 <JSFunction publishSpan32 (sfi = 000003F5F4889889)> for optimization to TURBOFAN_JS, ConcurrencyMode::kConcurrent, reason: hot and stable]
[marking 0x03f5f48a0581 <JSFunction connect4RbaCofactorBasis (sfi = 000003F5F4890AA9)> for optimization to TURBOFAN_JS, ConcurrencyMode::kConcurrent, reason: hot and stable]
[marking 0x0077300186d9 <JSFunction permutePair3 (sfi = 00000362C72CD5B1)> for optimization to TURBOFAN_JS, ConcurrencyMode::kConcurrent, reason: hot and stable]
[marking 0x0174ba059779 <JSFunction permutePair3 (sfi = 0000015FF387E4F9)> for optimization to TURBOFAN_JS, ConcurrencyMode::kConcurrent, reason: hot and stable]
[marking 0x0174ba059bf9 [marking 0x0362c72e2e39 <JSFunction collectSingletonProfiles (sfi = 000002358B986211)> for optimization to TURBOFAN_JS, ConcurrencyMode::kConcurrent, reason: hot and stable<JSFunction advanceConnect4LiveLineState32 (sfi = 00000362C72D70F9)>]
 for optimization to TURBOFAN_JS, ConcurrencyMode::kConcurrent, reason: hot and stable]
[marking 0x02358b994269 <JSFunction advanceConnect4LiveLineState32 (sfi = 000002358B988691)> for optimization to TURBOFAN_JS, ConcurrencyMode::kConcurrent, reason: hot and stable]
[marking 0x006fec3e91c9 <JSFunction publishSpan32 (sfi = 0000006FEC3D33C1)> for optimization to TURBOFAN_JS, ConcurrencyMode::kConcurrent, reason: hot and stable]
[marking 0x006fec3ea151 <JSFunction connect4RbaCofactorBasis (sfi = 0000006FEC3DA5F9)> for optimization to TURBOFAN_JS, ConcurrencyMode::kConcurrent, reason: hot and stable]
[marking 0x03f5f48a0581 <JSFunction connect4RbaCofactorBasis (sfi = 000003F5F4890AA9)> for optimization to TURBOFAN_JS, ConcurrencyMode::kConcurrent, reason: hot and stable]
[marking 0x007730018b59 <JSFunction collectSingletonProfiles (sfi = 00000362C72D4C79)> for optimization to TURBOFAN_JS, ConcurrencyMode::kConcurrent, reason: hot and stable]
[marking 0x026e68e66e01 <JSFunction collectSingletonProfiles (sfi = 0000016EF3259F09)> for optimization to TURBOFAN_JS, ConcurrencyMode::kConcurrent, reason: hot and stable]
[completed compiling 0x006fec3eac71 <JSFunction evaluateConnect4CpcNonterminal32 (sfi = 0000006FEC3DD751)> (target MAGLEV) - took 0.000, 0.947, 0.008 ms]
[completed compiling 0x006fec3ea7b1 <JSFunction firstSetBitIndex32 (sfi = 0000006FEC3DEC69)> (target MAGLEV) - took 0.000, 0.044, 0.001 ms]
[marking 0x006fec3ea151 <JSFunction connect4RbaCofactorBasis (sfi = 0000006FEC3DA5F9)> for optimization to TURBOFAN_JS, ConcurrencyMode::kConcurrent, reason: hot and stable]
[marking 0x03f5f48a0581 <JSFunction connect4RbaCofactorBasis (sfi = 000003F5F4890AA9)> for optimization to TURBOFAN_JS, ConcurrencyMode::kConcurrent, reason: hot and stable]
[marking [marking 0x006fec3ea151 0x024884424551 <JSFunction connect4RbaCofactorBasis (sfi = 0000006FEC3DA5F9)> for optimization to TURBOFAN_JS, ConcurrencyMode::kConcurrent, reason: hot and stable]
<JSFunction advanceConnect4LiveLineState32 (sfi = 0000024884418991)> for optimization to TURBOFAN_JS, ConcurrencyMode::kConcurrent, reason: hot and stable]
[marking 0x028b251dfc49 <JSFunction collectSingletonProfiles (sfi = 0000006FEC3DD871)> for optimization to TURBOFAN_JS, ConcurrencyMode::kConcurrent, reason: hot and stable]
[marking 0x03f5f48a0581 <JSFunction connect4RbaCofactorBasis (sfi = 000003F5F4890AA9)> for optimization to TURBOFAN_JS, ConcurrencyMode::kConcurrent, reason: hot and stable]
[marking 0x03f5f489f5f9 <JSFunction publishSpan32 (sfi = 000003F5F4889889)> for optimization to TURBOFAN_JS, ConcurrencyMode::kConcurrent, reason: hot and stable]
[marking 0x03e59bd0e4a1 <JSFunction permutePair3 (sfi = 000003F5F488C671)> for optimization to TURBOFAN_JS, ConcurrencyMode::kConcurrent, reason: hot and stable]
[marking 0x0362c72e05e9 <JSFunction publishSpan32 (sfi = 00000362C72CA7C9)>[completed compiling  for optimization to TURBOFAN_JS, ConcurrencyMode::kConcurrent, reason: hot and stable]
0x02358b993001 <JSFunction firstSetBitIndex32 (sfi = 000002358B987609)> (target MAGLEV) - took 0.000, 0.061, 0.002 ms]
[completed compiling 0x02358b993081 <JSFunction popcount32 (sfi = 000002358B987699)> (target MAGLEV) - took 0.000, 0.059, 0.001 ms]
[marking 0x006fec3ea151 <JSFunction connect4RbaCofactorBasis (sfi = 0000006FEC3DA5F9)> for optimization to TURBOFAN_JS, ConcurrencyMode::kConcurrent, reason: hot and stable]
[marking 0x016ef3265769 <JSFunction publishSpan32 (sfi = 0000016EF324FA29)> for optimization to TURBOFAN_JS, ConcurrencyMode::kConcurrent, reason: hot and stable]
[marking 0x0212c4629a79 <JSFunction connect4RbaCofactorBasis (sfi = 00000212C461A019)> for optimization to TURBOFAN_JS, ConcurrencyMode::kConcurrent, reason: hot and stable]
[marking 0x016ef3267fb9 <JSFunction advanceConnect4LiveLineState32 (sfi = 0000016EF325C389)> for optimization to TURBOFAN_JS, ConcurrencyMode::kConcurrent, reason: hot and stable]
[marking 0x03f5f48a0581 <JSFunction connect4RbaCofactorBasis (sfi = 000003F5F4890AA9)> for optimization to TURBOFAN_JS, ConcurrencyMode::kConcurrent, reason: hot and stable]
[marking 0x000b99636d71 <JSFunction collectSingletonProfiles (sfi = 0000024884416511)> for optimization to TURBOFAN_JS, ConcurrencyMode::kConcurrent, reason: hot and stable]
[marking 0x006fec3e91c9 <JSFunction publishSpan32 (sfi = 0000006FEC3D33C1)> for optimization to TURBOFAN_JS, ConcurrencyMode::kConcurrent, reason: hot and stable]
[marking 0x007730018b59 <JSFunction collectSingletonProfiles (sfi = 00000362C72D4C79)> for optimization to TURBOFAN_JS, ConcurrencyMode::kConcurrent, reason: hot and stable]
[marking [marking 0x026e68e66e01 0x0174ba059bf9 <JSFunction collectSingletonProfiles (sfi = 0000016EF3259F09)> for optimization to TURBOFAN_JS, ConcurrencyMode::kConcurrent, reason: hot and stable]
<JSFunction collectSingletonProfiles (sfi = 000002358B986211)> for optimization to TURBOFAN_JS, ConcurrencyMode::kConcurrent, reason: hot and stable]
[marking 0x006fec3ea151 <JSFunction connect4RbaCofactorBasis (sfi = 0000006FEC3DA5F9)> for optimization to TURBOFAN_JS, ConcurrencyMode::kConcurrent, reason: hot and stable]
[marking 0x0362c72e2e39 <JSFunction advanceConnect4LiveLineState32 (sfi = 00000362C72D70F9)> for optimization to TURBOFAN_JS, ConcurrencyMode::kConcurrent, reason: hot and stable]
[marking 0x03f5f48a0581 <JSFunction connect4RbaCofactorBasis (sfi = 000003F5F4890AA9)> for optimization to TURBOFAN_JS, ConcurrencyMode::kConcurrent, reason: hot and stable]
[marking 0x02358b994269 <JSFunction advanceConnect4LiveLineState32 (sfi = 000002358B988691)> for optimization to TURBOFAN_JS, ConcurrencyMode::kConcurrent, reason: hot and stable]
[marking 0x024884421d01 <JSFunction publishSpan32 (sfi = 000002488440C061)> for optimization to TURBOFAN_JS, ConcurrencyMode::kConcurrent, reason: hot and stable]
[marking 0x028b251dfc49 <JSFunction collectSingletonProfiles (sfi = 0000006FEC3DD871)> for optimization to TURBOFAN_JS, ConcurrencyMode::kConcurrent, reason: hot and stable]
[marking 0x006fec3ea151 <JSFunction connect4RbaCofactorBasis (sfi = 0000006FEC3DA5F9)> for optimization to TURBOFAN_JS, ConcurrencyMode::kConcurrent, reason: hot and stable]
[marking 0x03f5f489f5f9 <JSFunction publishSpan32 (sfi = 000003F5F4889889)> for optimization to TURBOFAN_JS, ConcurrencyMode::kConcurrent, reason: hot and stable]
[marking 0x03f5f48a0581 <JSFunction connect4RbaCofactorBasis (sfi = 000003F5F4890AA9)> for optimization to TURBOFAN_JS, ConcurrencyMode::kConcurrent, reason: hot and stable]
[marking 0x02358b991a19 <JSFunction publishSpan32 (sfi = 0000015FF387B711)> for optimization to TURBOFAN_JS, ConcurrencyMode::kConcurrent, reason: hot and stable]
[marking 0x016ef3266dd1 <JSFunction popcount32 (sfi = 0000016EF325B391)> for optimization to MAGLEV, ConcurrencyMode::kConcurrent, reason: hot and stable]
[compiling method 0x016ef3266dd1 <JSFunction popcount32 (sfi = 0000016EF325B391)> (target MAGLEV), mode: ConcurrencyMode::kConcurrent]
[marking 0x006fec3e91c9 <JSFunction publishSpan32 (sfi = 0000006FEC3D33C1)> for optimization to TURBOFAN_JS, ConcurrencyMode::kConcurrent, reason: hot and stable]
[marking 0x03f5f48a0581 [marking 0x006fec3ea151 <JSFunction connect4RbaCofactorBasis (sfi = 000003F5F4890AA9)> for optimization to TURBOFAN_JS, ConcurrencyMode::kConcurrent, reason: hot and stable]
<JSFunction connect4RbaCofactorBasis (sfi = 0000006FEC3DA5F9)> for optimization to TURBOFAN_JS, ConcurrencyMode::kConcurrent, reason: hot and stable]
[marking 0x026e68e66e01 <JSFunction collectSingletonProfiles (sfi = 0000016EF3259F09)> for optimization to TURBOFAN_JS, ConcurrencyMode::kConcurrent, reason: hot and stable]
[marking 0x03e59bd0e4a1 <JSFunction permutePair3 (sfi = 000003F5F488C671)> for optimization to TURBOFAN_JS, ConcurrencyMode::kConcurrent, reason: hot and stable]
[completed compiling 0x02358b9934c1[marking  0x024884424551 <JSFunction evaluateConnect4CpcNonterminal32 (sfi = 000002358B9860F1)> (target MAGLEV) - took 0.000, 1.184, 0.013 ms]
<JSFunction advanceConnect4LiveLineState32 (sfi = 0000024884418991)> for optimization to TURBOFAN_JS, ConcurrencyMode::kConcurrent, reason: hot and stable]
[marking 0x03f5f48a0581 <JSFunction connect4RbaCofactorBasis (sfi = 000003F5F4890AA9)> for optimization to TURBOFAN_JS, ConcurrencyMode::kConcurrent, reason: hot and stable]
[marking 0x0212c4629a79 <JSFunction connect4RbaCofactorBasis (sfi = 00000212C461A019)> for optimization to TURBOFAN_JS, ConcurrencyMode::kConcurrent, reason: hot and stable]
[marking 0x006fec3ea151 <JSFunction connect4RbaCofactorBasis (sfi = 0000006FEC3DA5F9)> for optimization to TURBOFAN_JS, ConcurrencyMode::kConcurrent, reason: hot and stable]
[marking 0x03f5f489f5f9 <JSFunction publishSpan32 (sfi = 000003F5F4889889)> for optimization to TURBOFAN_JS, ConcurrencyMode::kConcurrent, reason: hot and stable]
[marking 0x0174ba059bf9 <JSFunction collectSingletonProfiles (sfi = 000002358B986211)> for optimization to TURBOFAN_JS, ConcurrencyMode::kConcurrent, reason: hot and stable]
[marking 0x03f5f48a0581 <JSFunction connect4RbaCofactorBasis (sfi = 000003F5F4890AA9)> for optimization to TURBOFAN_JS, ConcurrencyMode::kConcurrent, reason: hot and stable]
[marking 0x000b99636d71 [marking <JSFunction collectSingletonProfiles (sfi = 0000024884416511)> for optimization to TURBOFAN_JS, ConcurrencyMode::kConcurrent, reason: hot and stable0x028b251dfc49 ]
<JSFunction collectSingletonProfiles (sfi = 0000006FEC3DD871)> for optimization to TURBOFAN_JS, ConcurrencyMode::kConcurrent, reason: hot and stable]
[marking 0x026e68e66d41 <JSFunction coordHas (sfi = 0000016EF3259E31)> for optimization to MAGLEV, ConcurrencyMode::kConcurrent, reason: hot and stable]
[compiling method 0x026e68e66d41 <JSFunction coordHas (sfi = 0000016EF3259E31)> (target MAGLEV), mode: ConcurrencyMode::kConcurrent]
[marking 0x007730018b59 <JSFunction collectSingletonProfiles (sfi = 00000362C72D4C79)> for optimization to TURBOFAN_JS, ConcurrencyMode::kConcurrent, reason: hot and stable]
[completed compiling 0x0174ba059b39 <JSFunction coordHas (sfi = 000002358B986139)> (target MAGLEV) - took 0.000, 0.621, 0.002 ms]
[marking 0x006fec3e91c9 <JSFunction publishSpan32 (sfi = 0000006FEC3D33C1)> for optimization to TURBOFAN_JS, ConcurrencyMode::kConcurrent, reason: hot and stable]
[marking 0x016ef3267fb9 <JSFunction advanceConnect4LiveLineState32 (sfi = 0000016EF325C389)> for optimization to TURBOFAN_JS, ConcurrencyMode::kConcurrent, reason: hot and stable]
[marking 0x03f5f48a0581 <JSFunction connect4RbaCofactorBasis (sfi = 000003F5F4890AA9)> for optimization to TURBOFAN_JS, ConcurrencyMode::kConcurrent, reason: hot and stable]
[marking 0x006fec3ea151 <JSFunction connect4RbaCofactorBasis (sfi = 0000006FEC3DA5F9)> for optimization to TURBOFAN_JS, ConcurrencyMode::kConcurrent, reason: hot and stable]
[marking 0x02358b994269 <JSFunction advanceConnect4LiveLineState32 (sfi = 000002358B988691)> for optimization to TURBOFAN_JS, ConcurrencyMode::kConcurrent, reason: hot and stable]
[marking 0x0362c72e2e39 <JSFunction advanceConnect4LiveLineState32 (sfi = 00000362C72D70F9)> for optimization to TURBOFAN_JS, ConcurrencyMode::kConcurrent, reason: hot and stable]
[marking 0x03f5f48a0581 <JSFunction connect4RbaCofactorBasis (sfi = 000003F5F4890AA9)> for optimization to TURBOFAN_JS, ConcurrencyMode::kConcurrent, reason: hot and stable]
[marking 0x016ef3265769 <JSFunction publishSpan32 (sfi = 0000016EF324FA29)> for optimization to TURBOFAN_JS, ConcurrencyMode::kConcurrent, reason: hot and stable]
[marking 0x03f5f489f5f9 <JSFunction publishSpan32 (sfi = 000003F5F4889889)> for optimization to TURBOFAN_JS, ConcurrencyMode::kConcurrent, reason: hot and stable]
[marking 0x006fec3ea151 <JSFunction connect4RbaCofactorBasis (sfi = 0000006FEC3DA5F9)> for optimization to TURBOFAN_JS, ConcurrencyMode::kConcurrent, reason: hot and stable]
[marking 0x03e59bd0e4a1 <JSFunction permutePair3 (sfi = 000003F5F488C671)> for optimization to TURBOFAN_JS, ConcurrencyMode::kConcurrent, reason: hot and stable]
[marking 0x026e68e66e01 <JSFunction collectSingletonProfiles (sfi = 0000016EF3259F09)> for optimization to TURBOFAN_JS, ConcurrencyMode::kConcurrent, reason: hot and stable]
[marking 0x006fec3e91c9 <JSFunction publishSpan32 (sfi = 0000006FEC3D33C1)> for optimization to TURBOFAN_JS, ConcurrencyMode::kConcurrent, reason: hot and stable]
[marking 0x023e389ceec1 <JSFunction collectSingletonProfiles (sfi = 00000212C461D2A9)> for optimization to TURBOFAN_JS, ConcurrencyMode::kConcurrent, reason: hot and stable]
[marking 0x0174ba059bf9 <JSFunction collectSingletonProfiles (sfi = 000002358B986211)> for optimization to TURBOFAN_JS, ConcurrencyMode::kConcurrent, reason: hot and stable]
[completed compiling 0x03e59bd0eec1 <JSFunction collectSingletonProfiles (sfi = 000003F5F4893D21)> (target TURBOFAN_JS) - took 0.002, 4.536, 0.027 ms]
[completed optimizing 0x03e59bd0eec1 <JSFunction collectSingletonProfiles (sfi = 000003F5F4893D21)> (target TURBOFAN_JS)]
[marking 0x028b251dfc49 <JSFunction collectSingletonProfiles (sfi = 0000006FEC3DD871)> for optimization to TURBOFAN_JS, ConcurrencyMode::kConcurrent, reason: hot and stable]
[compiling method 0x028b251dfc49 <JSFunction collectSingletonProfiles (sfi = 0000006FEC3DD871)> (target TURBOFAN_JS), mode: ConcurrencyMode::kConcurrent]
[marking 0x02358b993ff1 <JSFunction popcount3x32 (sfi = 000002358B98AE61)> for optimization to TURBOFAN_JS, ConcurrencyMode::kConcurrent, reason: hot and stable]
[marking 0x0212c4628af1 <JSFunction publishSpan32 (sfi = 00000212C4612DE1)> for optimization to TURBOFAN_JS, ConcurrencyMode::kConcurrent, reason: hot and stable]
[marking 0x03f5f48a0581 <JSFunction connect4RbaCofactorBasis (sfi = 000003F5F4890AA9)> for optimization to TURBOFAN_JS, ConcurrencyMode::kConcurrent, reason: hot and stable]
[marking 0x006fec3ea151 <JSFunction connect4RbaCofactorBasis (sfi = 0000006FEC3DA5F9)> for optimization to TURBOFAN_JS, ConcurrencyMode::kConcurrent, reason: hot and stable]
[marking 0x0212c4629a79 <JSFunction connect4RbaCofactorBasis (sfi = 00000212C461A019)> for optimization to TURBOFAN_JS, ConcurrencyMode::kConcurrent, reason: hot and stable]
[marking 0x0174ba059779 <JSFunction permutePair3 (sfi = 0000015FF387E4F9)> for optimization to TURBOFAN_JS, ConcurrencyMode::kConcurrent, reason: hot and stable]
[marking 0x0077300186d9 <JSFunction permutePair3 (sfi = 00000362C72CD5B1)> for optimization to TURBOFAN_JS, ConcurrencyMode::kConcurrent, reason: hot and stable]
[marking 0x0362c72e05e9 <JSFunction publishSpan32 (sfi = 00000362C72CA7C9)> for optimization to TURBOFAN_JS, ConcurrencyMode::kConcurrent, reason: hot and stable]
[marking [marking 0x0248844245510x03f5f489f5f9  <JSFunction publishSpan32 (sfi = 000003F5F4889889)> for optimization to TURBOFAN_JS, ConcurrencyMode::kConcurrent, reason: hot and stable]
<JSFunction advanceConnect4LiveLineState32 (sfi = 0000024884418991)> for optimization to TURBOFAN_JS, ConcurrencyMode::kConcurrent, reason: hot and stable]
[marking 0x03f5f48a0581 <JSFunction connect4RbaCofactorBasis (sfi = 000003F5F4890AA9)> for optimization to TURBOFAN_JS, ConcurrencyMode::kConcurrent, reason: hot and stable]
[completed compiling [marking 0x006fec3ea151 <JSFunction connect4RbaCofactorBasis (sfi = 0000006FEC3DA5F9)> for optimization to TURBOFAN_JS, ConcurrencyMode::kConcurrent, reason: hot and stable0x0212c462c139]
 <JSFunction storeConnect4RbaSharedExactCache32 (sfi = 00000212C4626331)> (target MAGLEV) - took 0.001, 0.555, 0.010 ms[compiling method ]
0x006fec3ea151 <JSFunction connect4RbaCofactorBasis (sfi = 0000006FEC3DA5F9)> (target TURBOFAN_JS), mode: ConcurrencyMode::kConcurrent]
[completed compiling 0x024884422d49 <JSFunction connect4RbaCofactorKnownHeight (sfi = 0000024884413371)> (target TURBOFAN_JS) - took 0.002, 16.980, 0.064 ms]
[completed optimizing 0x024884422d49 <JSFunction connect4RbaCofactorKnownHeight (sfi = 0000024884413371)> (target TURBOFAN_JS)]
[marking 0x024884421d01 <JSFunction publishSpan32 (sfi = 000002488440C061)> for optimization to TURBOFAN_JS, ConcurrencyMode::kConcurrent, reason: hot and stable]
[marking [marking 0x02358b991a19 0x0212c462b341 <JSFunction publishSpan32 (sfi = 0000015FF387B711)> for optimization to TURBOFAN_JS, ConcurrencyMode::kConcurrent, reason: hot and stable]
<JSFunction advanceConnect4LiveLineState32 (sfi = 00000212C461F729)> for optimization to TURBOFAN_JS, ConcurrencyMode::kConcurrent, reason: hot and stable]
[marking 0x03f5f48a0581 <JSFunction connect4RbaCofactorBasis (sfi = 000003F5F4890AA9)> for optimization to TURBOFAN_JS, ConcurrencyMode::kConcurrent, reason: hot and stable]
[marking 0x03e59bd0e4a1 <JSFunction permutePair3 (sfi = 000003F5F488C671)> for optimization to TURBOFAN_JS, ConcurrencyMode::kConcurrent, reason: hot and stable]
[marking 0x02358b994269 [marking <JSFunction advanceConnect4LiveLineState32 (sfi = 000002358B988691)> for optimization to TURBOFAN_JS, ConcurrencyMode::kConcurrent, reason: hot and stable]
0x000b99636d71 <JSFunction collectSingletonProfiles (sfi = 0000024884416511)> for optimization to TURBOFAN_JS, ConcurrencyMode::kConcurrent, reason: hot and stable]
[marking 0x03f5f489f5f9 <JSFunction publishSpan32 (sfi = 000003F5F4889889)> for optimization to TURBOFAN_JS, ConcurrencyMode::kConcurrent, reason: hot and stable]
[marking 0x007730018b59 <JSFunction collectSingletonProfiles (sfi = 00000362C72D4C79)> for optimization to TURBOFAN_JS, ConcurrencyMode::kConcurrent, reason: hot and stable]
[marking 0x026e68e66e01 <JSFunction collectSingletonProfiles (sfi = 0000016EF3259F09)> for optimization to TURBOFAN_JS, ConcurrencyMode::kConcurrent, reason: hot and stable]
[marking 0x03f5f48a0581 <JSFunction connect4RbaCofactorBasis (sfi = 000003F5F4890AA9)> for optimization to TURBOFAN_JS, ConcurrencyMode::kConcurrent, reason: hot and stable]
[marking 0x0174ba059bf9 <JSFunction collectSingletonProfiles (sfi = 000002358B986211)> for optimization to TURBOFAN_JS, ConcurrencyMode::kConcurrent, reason: hot and stable]
[marking 0x006fec3eba19 <JSFunction advanceConnect4LiveLineState32 (sfi = 0000006FEC3DFCF1)> for optimization to TURBOFAN_JS, ConcurrencyMode::kConcurrent, reason: hot and stable]
[marking 0x016ef3267fb9 <JSFunction advanceConnect4LiveLineState32 (sfi = 0000016EF325C389)> for optimization to TURBOFAN_JS, ConcurrencyMode::kConcurrent, reason: hot and stable]
[marking 0x0362c72e2e39 <JSFunction advanceConnect4LiveLineState32 (sfi = 00000362C72D70F9)> for optimization to TURBOFAN_JS, ConcurrencyMode::kConcurrent, reason: hot and stable]
[completed compiling 0x006fec3e9e51 <JSFunction emitSortedSetBits32 (sfi = 0000006FEC3DB611)> (target TURBOFAN_JS) - took 0.002, 1.124, 0.015 ms]
[completed optimizing 0x006fec3e9e51 <JSFunction emitSortedSetBits32 (sfi = 0000006FEC3DB611)> (target TURBOFAN_JS)]
[marking 0x03f5f48a0581 <JSFunction connect4RbaCofactorBasis (sfi = 000003F5F4890AA9)> for optimization to TURBOFAN_JS, ConcurrencyMode::kConcurrent, reason: hot and stable]
[compiling method 0x03f5f48a0581 <JSFunction connect4RbaCofactorBasis (sfi = 000003F5F4890AA9)> (target TURBOFAN_JS), mode: ConcurrencyMode::kConcurrent]
[marking 0x016ef3265769 <JSFunction publishSpan32 (sfi = 0000016EF324FA29)> for optimization to TURBOFAN_JS, ConcurrencyMode::kConcurrent, reason: hot and stable]
[marking 0x006fec3e91c9 <JSFunction publishSpan32 (sfi = 0000006FEC3D33C1)> for optimization to TURBOFAN_JS, ConcurrencyMode::kConcurrent, reason: hot and stable]
[compiling method 0x006fec3e91c9 <JSFunction publishSpan32 (sfi = 0000006FEC3D33C1)> (target TURBOFAN_JS), mode: ConcurrencyMode::kConcurrent]
[completed compiling 0x03f5f489f639 <JSFunction mixSpan32Locator32 (sfi = 000003F5F48898D1)> (target TURBOFAN_JS) - took 0.001, 0.892, 0.009 ms]
[completed optimizing 0x03f5f489f639 <JSFunction mixSpan32Locator32 (sfi = 000003F5F48898D1)> (target TURBOFAN_JS)]
[marking 0x0212c4629a79 <JSFunction connect4RbaCofactorBasis (sfi = 00000212C461A019)> for optimization to TURBOFAN_JS, ConcurrencyMode::kConcurrent, reason: hot and stable]
[marking 0x024884424551 <JSFunction advanceConnect4LiveLineState32 (sfi = 0000024884418991)> for optimization to TURBOFAN_JS, ConcurrencyMode::kConcurrent, reason: hot and stable]
[marking 0x03f5f489f5f9 <JSFunction publishSpan32 (sfi = 000003F5F4889889)> for optimization to TURBOFAN_JS, ConcurrencyMode::kConcurrent, reason: hot and stable]
[marking 0x03e59bd0e4a1 <JSFunction permutePair3 (sfi = 000003F5F488C671)> for optimization to TURBOFAN_JS, ConcurrencyMode::kConcurrent, reason: hot and stable]
[marking 0x0174ba059bf9 <JSFunction collectSingletonProfiles (sfi = 000002358B986211)> for optimization to TURBOFAN_JS, ConcurrencyMode::kConcurrent, reason: hot and stable]
[marking 0x026e68e66e01 <JSFunction collectSingletonProfiles (sfi = 0000016EF3259F09)> for optimization to TURBOFAN_JS, ConcurrencyMode::kConcurrent, reason: hot and stable]
[marking 0x02358b994269 <JSFunction advanceConnect4LiveLineState32 (sfi = 000002358B988691)> for optimization to TURBOFAN_JS, ConcurrencyMode::kConcurrent, reason: hot and stable]
[marking 0x023e389cfba1 <JSFunction searchCpcOnlyFrontier (sfi = 00000212C460DF01)> for optimization to MAGLEV, ConcurrencyMode::kConcurrent, reason: hot and stable]
[marking 0x000b99636d71 <JSFunction collectSingletonProfiles (sfi = 0000024884416511)> for optimization to TURBOFAN_JS, ConcurrencyMode::kConcurrent, reason: hot and stable]
[compiling method 0x023e389cfba1 <JSFunction searchCpcOnlyFrontier (sfi = 00000212C460DF01)> (target MAGLEV), mode: ConcurrencyMode::kConcurrent]
[marking 0x0362c72e05e9 <JSFunction publishSpan32 (sfi = 00000362C72CA7C9)> for optimization to TURBOFAN_JS, ConcurrencyMode::kConcurrent, reason: hot and stable]
[marking 0x02358b993ff1 <JSFunction popcount3x32 (sfi = 000002358B98AE61)> for optimization to TURBOFAN_JS, ConcurrencyMode::kConcurrent, reason: hot and stable]
[marking 0x024884421d01 <JSFunction publishSpan32 (sfi = 000002488440C061)> for optimization to TURBOFAN_JS, ConcurrencyMode::kConcurrent, reason: hot and stable]
[marking 0x02358b991a19 <JSFunction publishSpan32 (sfi = 0000015FF387B711)> for optimization to TURBOFAN_JS, ConcurrencyMode::kConcurrent, reason: hot and stable]
[marking 0x006fec3eba19 <JSFunction advanceConnect4LiveLineState32 (sfi = 0000006FEC3DFCF1)> for optimization to TURBOFAN_JS, ConcurrencyMode::kConcurrent, reason: hot and stable]
[marking 0x007730018b59 <JSFunction collectSingletonProfiles (sfi = 00000362C72D4C79)> for optimization to TURBOFAN_JS, ConcurrencyMode::kConcurrent, reason: hot and stable]
[completed compiling 0x024884422989 <JSFunction emitSortedSetBits32 (sfi = 00000248844142B1)> (target TURBOFAN_JS) - took 0.002, 1.162, 0.014 ms]
[completed optimizing 0x024884422989 <JSFunction emitSortedSetBits32 (sfi = 00000248844142B1)> (target TURBOFAN_JS)]
[marking 0x024d8a683b49 <JSFunction permutePair3 (sfi = 000002488440EE49)> for optimization to TURBOFAN_JS, ConcurrencyMode::kConcurrent, reason: hot and stable]
[marking 0x03f5f489f5f9 <JSFunction publishSpan32 (sfi = 000003F5F4889889)> for optimization to TURBOFAN_JS, ConcurrencyMode::kConcurrent, reason: hot and stable]
[compiling method 0x03f5f489f5f9 <JSFunction publishSpan32 (sfi = 000003F5F4889889)> (target TURBOFAN_JS), mode: ConcurrencyMode::kConcurrent]
[marking 0x0174ba059779 <JSFunction permutePair3 (sfi = 0000015FF387E4F9)> for optimization to TURBOFAN_JS, ConcurrencyMode::kConcurrent, reason: hot and stable]
[marking 0x0212c4629a79 <JSFunction connect4RbaCofactorBasis (sfi = 00000212C461A019)> for optimization to TURBOFAN_JS, ConcurrencyMode::kConcurrent, reason: hot and stable]
[marking 0x0362c72e2e39 <JSFunction advanceConnect4LiveLineState32 (sfi = 00000362C72D70F9)> for optimization to TURBOFAN_JS, ConcurrencyMode::kConcurrent, reason: hot and stable]
[marking 0x03e59bd0e4a1 <JSFunction permutePair3 (sfi = 000003F5F488C671)> for optimization to TURBOFAN_JS, ConcurrencyMode::kConcurrent, reason: hot and stable]
[marking 0x0174ba059bf9 <JSFunction collectSingletonProfiles (sfi = 000002358B986211)> for optimization to TURBOFAN_JS, ConcurrencyMode::kConcurrent, reason: hot and stable]
[marking 0x016ef3267fb9 <JSFunction advanceConnect4LiveLineState32 (sfi = 0000016EF325C389)> for optimization to TURBOFAN_JS, ConcurrencyMode::kConcurrent, reason: hot and stable]
[completed compiling 0x0212c4629b39 [marking 0x026e68e66e01 <JSFunction connect4RbaCofactorKnownHeight (sfi = 00000212C461A0F1)> (target MAGLEV) - took 0.001, 2.257, 0.009 ms<JSFunction collectSingletonProfiles (sfi = 0000016EF3259F09)>]
 for optimization to TURBOFAN_JS, ConcurrencyMode::kConcurrent, reason: hot and stable]
[marking 0x023e389ceec1 <JSFunction collectSingletonProfiles (sfi = 00000212C461D2A9)> for optimization to TURBOFAN_JS, ConcurrencyMode::kConcurrent, reason: hot and stable]
[marking 0x03e59bd0ee41 <JSFunction cellMarked (sfi = 000003F5F4893C91)> for optimization to TURBOFAN_JS, ConcurrencyMode::kConcurrent, reason: hot and stable]
[marking 0x02358b994269 <JSFunction advanceConnect4LiveLineState32 (sfi = 000002358B988691)> for optimization to TURBOFAN_JS, ConcurrencyMode::kConcurrent, reason: hot and stable]
[marking 0x024884424551 <JSFunction advanceConnect4LiveLineState32 (sfi = 0000024884418991)> for optimization to TURBOFAN_JS, ConcurrencyMode::kConcurrent, reason: hot and stable]
[marking 0x0212c4629a79 <JSFunction connect4RbaCofactorBasis (sfi = 00000212C461A019)> for optimization to TURBOFAN_JS, ConcurrencyMode::kConcurrent, reason: hot and stable]
[marking 0x016ef3265769 <JSFunction publishSpan32 (sfi = 0000016EF324FA29)> for optimization to TURBOFAN_JS, ConcurrencyMode::kConcurrent, reason: hot and stable]
[marking 0x000b99636d71 <JSFunction collectSingletonProfiles (sfi = 0000024884416511)> for optimization to TURBOFAN_JS, ConcurrencyMode::kConcurrent, reason: hot and stable]
[marking 0x026e68e66981 <JSFunction permutePair3 (sfi = 0000016EF3252811)> for optimization to TURBOFAN_JS, ConcurrencyMode::kConcurrent, reason: hot and stable]
[marking 0x03f5f48a1e49 <JSFunction advanceConnect4LiveLineState32 (sfi = 000003F5F48961A1)> for optimization to TURBOFAN_JS, ConcurrencyMode::kConcurrent, reason: hot and stable]
[marking 0x0077300186d9 <JSFunction permutePair3 (sfi = 00000362C72CD5B1)> for optimization to TURBOFAN_JS, ConcurrencyMode::kConcurrent, reason: hot and stable]
[marking 0x03e59bd0e4a1 <JSFunction permutePair3 (sfi = 000003F5F488C671)> for optimization to TURBOFAN_JS, ConcurrencyMode::kConcurrent, reason: hot and stable]
[marking 0x006fec3eba19 <JSFunction advanceConnect4LiveLineState32 (sfi = 0000006FEC3DFCF1)> for optimization to TURBOFAN_JS, ConcurrencyMode::kConcurrent, reason: hot and stable]
[marking 0x0212c4629a79 <JSFunction connect4RbaCofactorBasis (sfi = 00000212C461A019)> for optimization to TURBOFAN_JS, ConcurrencyMode::kConcurrent, reason: hot and stable]
[marking 0x0174ba059bf9 <JSFunction collectSingletonProfiles (sfi = 000002358B986211)> for optimization to TURBOFAN_JS, ConcurrencyMode::kConcurrent, reason: hot and stable]
[compiling method 0x0212c4629a79 [compiling method <JSFunction connect4RbaCofactorBasis (sfi = 00000212C461A019)>0x0174ba059bf9  (target TURBOFAN_JS), mode: ConcurrencyMode::kConcurrent<JSFunction collectSingletonProfiles (sfi = 000002358B986211)>]
 (target TURBOFAN_JS), mode: ConcurrencyMode::kConcurrent]
[completed compiling 0x006fec3ea211 <JSFunction connect4RbaCofactorKnownHeight (sfi = 0000006FEC3DA6D1)> (target TURBOFAN_JS) - took 0.001, 17.302, 0.041 ms]
[completed optimizing 0x006fec3ea211 <JSFunction connect4RbaCofactorKnownHeight (sfi = 0000006FEC3DA6D1)> (target TURBOFAN_JS)]
[marking 0x026e68e66e01 <JSFunction collectSingletonProfiles (sfi = 0000016EF3259F09)> for optimization to TURBOFAN_JS, ConcurrencyMode::kConcurrent, reason: hot and stable]
[marking 0x007730018b59 <JSFunction collectSingletonProfiles (sfi = 00000362C72D4C79)> for optimization to TURBOFAN_JS, ConcurrencyMode::kConcurrent, reason: hot and stable]
[marking 0x02358b991a19 <JSFunction publishSpan32 (sfi = 0000015FF387B711)> for optimization to TURBOFAN_JS, ConcurrencyMode::kConcurrent, reason: hot and stable]
[marking 0x02358b993ff1 <JSFunction popcount3x32 (sfi = 000002358B98AE61)> for optimization to TURBOFAN_JS, ConcurrencyMode::kConcurrent, reason: hot and stable]
[marking 0x0212c462b341 <JSFunction advanceConnect4LiveLineState32 (sfi = 00000212C461F729)> for optimization to TURBOFAN_JS, ConcurrencyMode::kConcurrent, reason: hot and stable]
[marking 0x028b251dfb89 <JSFunction coordHas (sfi = 0000006FEC3DD799)> for optimization to MAGLEV, ConcurrencyMode::kConcurrent, reason: hot and stable]
[compiling method 0x028b251dfb89 <JSFunction coordHas (sfi = 0000006FEC3DD799)> (target MAGLEV), mode: ConcurrencyMode::kConcurrent]
[marking 0x03e59bd0e4a1 [marking <JSFunction permutePair3 (sfi = 000003F5F488C671)> for optimization to TURBOFAN_JS, ConcurrencyMode::kConcurrent, reason: hot and stable]
0x0362c72e2e39 <JSFunction advanceConnect4LiveLineState32 (sfi = 00000362C72D70F9)> for optimization to TURBOFAN_JS, ConcurrencyMode::kConcurrent, reason: hot and stable]
[marking 0x0212c4628af1 <JSFunction publishSpan32 (sfi = 00000212C4612DE1)> for optimization to TURBOFAN_JS, ConcurrencyMode::kConcurrent, reason: hot and stable]
[marking 0x02358b994269 <JSFunction advanceConnect4LiveLineState32 (sfi = 000002358B988691)> for optimization to TURBOFAN_JS, ConcurrencyMode::kConcurrent, reason: hot and stable]
[marking 0x03e59bd0ee41 <JSFunction cellMarked (sfi = 000003F5F4893C91)> for optimization to TURBOFAN_JS, ConcurrencyMode::kConcurrent, reason: hot and stable]
[marking 0x024884421d01 <JSFunction publishSpan32 (sfi = 000002488440C061)> for optimization to TURBOFAN_JS, ConcurrencyMode::kConcurrent, reason: hot and stable]
[marking 0x024884424551 <JSFunction advanceConnect4LiveLineState32 (sfi = 0000024884418991)> for optimization to TURBOFAN_JS, ConcurrencyMode::kConcurrent, reason: hot and stable]
[marking 0x016ef3265769 <JSFunction publishSpan32 (sfi = 0000016EF324FA29)> for optimization to TURBOFAN_JS, ConcurrencyMode::kConcurrent, reason: hot and stable]
[marking [marking 0x023e389ceec1 0x000b99636d71 <JSFunction collectSingletonProfiles (sfi = 0000024884416511)> for optimization to TURBOFAN_JS, ConcurrencyMode::kConcurrent, reason: hot and stable]
<JSFunction collectSingletonProfiles (sfi = 00000212C461D2A9)> for optimization to TURBOFAN_JS, ConcurrencyMode::kConcurrent, reason: hot and stable]
[marking 0x0174ba059bf9 <JSFunction collectSingletonProfiles (sfi = 000002358B986211)> for optimization to TURBOFAN_JS, ConcurrencyMode::kConcurrent, reason: hot and stable]
[marking 0x016ef3267fb9 <JSFunction advanceConnect4LiveLineState32 (sfi = 0000016EF325C389)> for optimization to TURBOFAN_JS, ConcurrencyMode::kConcurrent, reason: hot and stable]
[marking 0x026e68e66e01 <JSFunction collectSingletonProfiles (sfi = 0000016EF3259F09)> for optimization to TURBOFAN_JS, ConcurrencyMode::kConcurrent, reason: hot and stable]
[marking 0x0174ba059779 <JSFunction permutePair3 (sfi = 0000015FF387E4F9)> for optimization to TURBOFAN_JS, ConcurrencyMode::kConcurrent, reason: hot and stable]
[marking 0x03f5f48a0681 <JSFunction connect4RbaCanonicalize (sfi = 000003F5F4890BC9)> for optimization to TURBOFAN_JS, ConcurrencyMode::kConcurrent, reason: hot and stable]
[marking 0x0362c72e05e9 <JSFunction publishSpan32 (sfi = 00000362C72CA7C9)> for optimization to TURBOFAN_JS, ConcurrencyMode::kConcurrent, reason: hot and stable]
[completed compiling 0x03f5f48a0581 <JSFunction connect4RbaCofactorBasis (sfi = 000003F5F4890AA9)> (target TURBOFAN_JS)[marking  - took 0.003, 2.426, 0.023 ms]
0x006fec3eba19 [completed optimizing 0x03f5f48a0581 <JSFunction advanceConnect4LiveLineState32 (sfi = 0000006FEC3DFCF1)> for optimization to TURBOFAN_JS, ConcurrencyMode::kConcurrent, reason: hot and stable<JSFunction connect4RbaCofactorBasis (sfi = 000003F5F4890AA9)>]
 (target TURBOFAN_JS)]
[compiling method [compiling method 0x0362c72e05e9 0x006fec3eba19 <JSFunction advanceConnect4LiveLineState32 (sfi = 0000006FEC3DFCF1)> (target TURBOFAN_JS), mode: ConcurrencyMode::kConcurrent]
<JSFunction publishSpan32 (sfi = 00000362C72CA7C9)> (target TURBOFAN_JS), mode: ConcurrencyMode::kConcurrent]
[marking 0x03e59bd0e4a1 <JSFunction permutePair3 (sfi = 000003F5F488C671)> for optimization to TURBOFAN_JS, ConcurrencyMode::kConcurrent, reason: hot and stable]
[completed compiling 0x02358b9929a1 <JSFunction connect4RbaCofactorBasis (sfi = 000002358B982F99)> (target TURBOFAN_JS) - took 0.004, 3.647, 0.018 ms]
[completed optimizing 0x02358b9929a1 <JSFunction connect4RbaCofactorBasis (sfi = 000002358B982F99)> (target TURBOFAN_JS)]
[marking 0x024d8a683b49 <JSFunction permutePair3 (sfi = 000002488440EE49)> for optimization to TURBOFAN_JS, ConcurrencyMode::kConcurrent, reason: hot and stable]
[compiling method 0x024d8a683b49 <JSFunction permutePair3 (sfi = 000002488440EE49)> (target TURBOFAN_JS), mode: ConcurrencyMode::kConcurrent]
[marking 0x02358b994269 <JSFunction advanceConnect4LiveLineState32 (sfi = 000002358B988691)> for optimization to TURBOFAN_JS, ConcurrencyMode::kConcurrent, reason: hot and stable]
[marking 0x02358b991a19 <JSFunction publishSpan32 (sfi = 0000015FF387B711)> for optimization to TURBOFAN_JS, ConcurrencyMode::kConcurrent, reason: hot and stable]
[marking 0x0174ba059bf9 <JSFunction collectSingletonProfiles (sfi = 000002358B986211)> for optimization to TURBOFAN_JS, ConcurrencyMode::kConcurrent, reason: hot and stable]
[marking 0x007730018b59 <JSFunction collectSingletonProfiles (sfi = 00000362C72D4C79)> for optimization to TURBOFAN_JS, ConcurrencyMode::kConcurrent, reason: hot and stable]
[marking 0x000b99636d71 <JSFunction collectSingletonProfiles (sfi = 0000024884416511)> for optimization to TURBOFAN_JS, ConcurrencyMode::kConcurrent, reason: hot and stable]
[marking 0x03f5f48a1e49 <JSFunction advanceConnect4LiveLineState32 (sfi = 000003F5F48961A1)> for optimization to TURBOFAN_JS, ConcurrencyMode::kConcurrent, reason: hot and stable]
[marking 0x024884421d01 <JSFunction publishSpan32 (sfi = 000002488440C061)> for optimization to TURBOFAN_JS, ConcurrencyMode::kConcurrent, reason: hot and stable]
[marking 0x024884424551 <JSFunction advanceConnect4LiveLineState32 (sfi = 0000024884418991)> for optimization to TURBOFAN_JS, ConcurrencyMode::kConcurrent, reason: hot and stable]
[completed compiling 0x03f5f489f5f9 <JSFunction publishSpan32 (sfi = 000003F5F4889889)> (target TURBOFAN_JS) - took 0.002, 0.595, 0.007 ms]
[completed optimizing 0x03f5f489f5f9 <JSFunction publishSpan32 (sfi = 000003F5F4889889)> (target TURBOFAN_JS)]
[marking 0x02358b993ff1 <JSFunction popcount3x32 (sfi = 000002358B98AE61)> for optimization to TURBOFAN_JS, ConcurrencyMode::kConcurrent, reason: hot and stable]
[compiling method 0x02358b993ff1 <JSFunction popcount3x32 (sfi = 000002358B98AE61)> (target TURBOFAN_JS), mode: ConcurrencyMode::kConcurrent]
[marking 0x026e68e66e01 <JSFunction collectSingletonProfiles (sfi = 0000016EF3259F09)> for optimization to TURBOFAN_JS, ConcurrencyMode::kConcurrent, reason: hot and stable]
[completed compiling 0x023e389cfba1 <JSFunction searchCpcOnlyFrontier (sfi = 00000212C460DF01)> (target MAGLEV) - took 0.000, 2.743, 0.020 ms]
[marking 0x03e59bd0e4a1 <JSFunction permutePair3 (sfi = 000003F5F488C671)> for optimization to TURBOFAN_JS, ConcurrencyMode::kConcurrent, reason: hot and stable]
[marking 0x0362c72e2e39 <JSFunction advanceConnect4LiveLineState32 (sfi = 00000362C72D70F9)> for optimization to TURBOFAN_JS, ConcurrencyMode::kConcurrent, reason: hot and stable]
[marking 0x03e59bd0ee41 [marking <JSFunction cellMarked (sfi = 000003F5F4893C91)> for optimization to TURBOFAN_JS, ConcurrencyMode::kConcurrent, reason: hot and stable0x0077300186d9 ]
<JSFunction permutePair3 (sfi = 00000362C72CD5B1)> for optimization to TURBOFAN_JS, ConcurrencyMode::kConcurrent, reason: hot and stable]
[marking 0x0174ba059779 <JSFunction permutePair3 (sfi = 0000015FF387E4F9)> for optimization to TURBOFAN_JS, ConcurrencyMode::kConcurrent, reason: hot and stable]
[marking 0x02358b991a19 <JSFunction publishSpan32 (sfi = 0000015FF387B711)> for optimization to TURBOFAN_JS, ConcurrencyMode::kConcurrent, reason: hot and stable]
[marking 0x0362c72e05e9 <JSFunction publishSpan32 (sfi = 00000362C72CA7C9)> for optimization to TURBOFAN_JS, ConcurrencyMode::kConcurrent, reason: hot and stable]
[marking 0x023e389ceec1 <JSFunction collectSingletonProfiles (sfi = 00000212C461D2A9)> for optimization to TURBOFAN_JS, ConcurrencyMode::kConcurrent, reason: hot and stable]
[marking 0x024884421d01 <JSFunction publishSpan32 (sfi = 000002488440C061)> for optimization to TURBOFAN_JS, ConcurrencyMode::kConcurrent, reason: hot and stable]
[marking 0x016ef3267fb9 <JSFunction advanceConnect4LiveLineState32 (sfi = 0000016EF325C389)> for optimization to TURBOFAN_JS, ConcurrencyMode::kConcurrent, reason: hot and stable]
[marking 0x0174ba059bf9 <JSFunction collectSingletonProfiles (sfi = 000002358B986211)> for optimization to TURBOFAN_JS, ConcurrencyMode::kConcurrent, reason: hot and stable]
[marking 0x02358b994269[marking  <JSFunction advanceConnect4LiveLineState32 (sfi = 000002358B988691)> for optimization to TURBOFAN_JS, ConcurrencyMode::kConcurrent, reason: hot and stable0x0212c462b341]
 <JSFunction advanceConnect4LiveLineState32 (sfi = 00000212C461F729)> for optimization to TURBOFAN_JS, ConcurrencyMode::kConcurrent, reason: hot and stable]
[marking 0x000b99636d71 <JSFunction collectSingletonProfiles (sfi = 0000024884416511)> for optimization to TURBOFAN_JS, ConcurrencyMode::kConcurrent, reason: hot and stable]
[marking 0x024884424551 <JSFunction advanceConnect4LiveLineState32 (sfi = 0000024884418991)> for optimization to TURBOFAN_JS, ConcurrencyMode::kConcurrent, reason: hot and stable]
[marking 0x007730018b59 <JSFunction collectSingletonProfiles (sfi = 00000362C72D4C79)> for optimization to TURBOFAN_JS, ConcurrencyMode::kConcurrent, reason: hot and stable]
[marking 0x026e68e66e01 <JSFunction collectSingletonProfiles (sfi = 0000016EF3259F09)> for optimization to TURBOFAN_JS, ConcurrencyMode::kConcurrent, reason: hot and stable]
[marking 0x0212c4628af1 <JSFunction publishSpan32 (sfi = 00000212C4612DE1)> for optimization to TURBOFAN_JS, ConcurrencyMode::kConcurrent, reason: hot and stable]
[marking 0x00cbc4aac941 <JSFunction permutePair3 (sfi = 0000006FEC3D61A9)> for optimization to TURBOFAN_JS, ConcurrencyMode::kConcurrent, reason: hot and stable]
[completed compiling 0x028b251dfb89 <JSFunction coordHas (sfi = 0000006FEC3DD799)> (target MAGLEV) - took 0.001, 0.091, 0.002 ms]
[marking 0x026e68e66981 <JSFunction permutePair3 (sfi = 0000016EF3252811)> for optimization to TURBOFAN_JS, ConcurrencyMode::kConcurrent, reason: hot and stable]
[marking 0x0362c72e2e39 <JSFunction advanceConnect4LiveLineState32 (sfi = 00000362C72D70F9)> for optimization to TURBOFAN_JS, ConcurrencyMode::kConcurrent, reason: hot and stable]
[marking 0x03e59bd0e4a1 <JSFunction permutePair3 (sfi = 000003F5F488C671)> for optimization to TURBOFAN_JS, ConcurrencyMode::kConcurrent, reason: hot and stable]
[marking 0x02358b991a19 <JSFunction publishSpan32 (sfi = 0000015FF387B711)> for optimization to TURBOFAN_JS, ConcurrencyMode::kConcurrent, reason: hot and stable]
[marking 0x0362c72e05e9 <JSFunction publishSpan32 (sfi = 00000362C72CA7C9)> for optimization to TURBOFAN_JS, ConcurrencyMode::kConcurrent, reason: hot and stable]
[marking 0x016ef3265769 <JSFunction publishSpan32 (sfi = 0000016EF324FA29)> for optimization to TURBOFAN_JS, ConcurrencyMode::kConcurrent, reason: hot and stable]
[marking 0x0077300186d9 <JSFunction permutePair3 (sfi = 00000362C72CD5B1)> for optimization to TURBOFAN_JS, ConcurrencyMode::kConcurrent, reason: hot and stable]
[marking 0x0174ba059779 <JSFunction permutePair3 (sfi = 0000015FF387E4F9)> for optimization to TURBOFAN_JS, ConcurrencyMode::kConcurrent, reason: hot and stable]
[marking 0x024884421d01 <JSFunction publishSpan32 (sfi = 000002488440C061)> for optimization to TURBOFAN_JS, ConcurrencyMode::kConcurrent, reason: hot and stable]
[marking 0x0174ba059bf9 <JSFunction collectSingletonProfiles (sfi = 000002358B986211)> for optimization to TURBOFAN_JS, ConcurrencyMode::kConcurrent, reason: hot and stable]
[marking 0x03f5f48a0681 <JSFunction connect4RbaCanonicalize (sfi = 000003F5F4890BC9)> for optimization to TURBOFAN_JS, ConcurrencyMode::kConcurrent, reason: hot and stable]
[marking 0x000b99636d71 <JSFunction collectSingletonProfiles (sfi = 0000024884416511)> for optimization to TURBOFAN_JS, ConcurrencyMode::kConcurrent, reason: hot and stable]
[completed compiling 0x006fec3e91c9 <JSFunction publishSpan32 (sfi = 0000006FEC3D33C1)> (target TURBOFAN_JS) - took 0.001, 1.701, 0.007 ms]
[completed optimizing 0x006fec3e91c9 <JSFunction publishSpan32 (sfi = 0000006FEC3D33C1)> (target TURBOFAN_JS)]
[marking 0x02358b994269 <JSFunction advanceConnect4LiveLineState32 (sfi = 000002358B988691)> for optimization to TURBOFAN_JS, ConcurrencyMode::kConcurrent, reason: hot and stable]
[compiling method [completed compiling 0x02358b994269 0x007730018bd9 <JSFunction advanceConnect4LiveLineState32 (sfi = 000002358B988691)> (target TURBOFAN_JS), mode: ConcurrencyMode::kConcurrent]
<JSFunction pairedResponseNoWin (sfi = 00000362C72D4D09)> (target MAGLEV) - took 0.000, 0.539, 0.007 ms]
[marking 0x03e59bd0ee41 <JSFunction cellMarked (sfi = 000003F5F4893C91)> for optimization to TURBOFAN_JS, ConcurrencyMode::kConcurrent, reason: hot and stable]
[completed compiling 0x0362c72e1bd1 <JSFunction firstSetBitIndex32 (sfi = 00000362C72D6071)> (target MAGLEV) - took 0.000, 0.101, 0.001 ms]
[marking 0x023e389ceec1 <JSFunction collectSingletonProfiles (sfi = 00000212C461D2A9)> for optimization to TURBOFAN_JS, ConcurrencyMode::kConcurrent, reason: hot and stable]
[marking 0x02358b991a19 <JSFunction publishSpan32 (sfi = 0000015FF387B711)> for optimization to TURBOFAN_JS, ConcurrencyMode::kConcurrent, reason: hot and stable]
[marking 0x024884424551 <JSFunction advanceConnect4LiveLineState32 (sfi = 0000024884418991)> for optimization to TURBOFAN_JS, ConcurrencyMode::kConcurrent, reason: hot and stable]
[marking 0x0362c72e05e9 <JSFunction publishSpan32 (sfi = 00000362C72CA7C9)> for optimization to TURBOFAN_JS, ConcurrencyMode::kConcurrent, reason: hot and stable]
[marking 0x0212c462a159 <JSFunction popcount32 (sfi = 00000212C461E731)> for optimization to MAGLEV, ConcurrencyMode::kConcurrent, reason: hot and stable]
[completed compiling 0x0362c72e1c51 <JSFunction popcount32 (sfi = 00000362C72D6101)> (target MAGLEV) - took 0.001, 0.152, 0.001 ms]
[compiling method 0x0212c462a159 <JSFunction popcount32 (sfi = 00000212C461E731)> (target MAGLEV), mode: ConcurrencyMode::kConcurrent]
[marking 0x026e68e66e01 <JSFunction collectSingletonProfiles (sfi = 0000016EF3259F09)> for optimization to TURBOFAN_JS, ConcurrencyMode::kConcurrent, reason: hot and stable]
[marking 0x007730018b59 <JSFunction collectSingletonProfiles (sfi = 00000362C72D4C79)> for optimization to TURBOFAN_JS, ConcurrencyMode::kConcurrent, reason: hot and stable]
[marking 0x0212c462b341 <JSFunction advanceConnect4LiveLineState32 (sfi = 00000212C461F729)> for optimization to TURBOFAN_JS, ConcurrencyMode::kConcurrent, reason: hot and stable]
[marking 0x03f5f48a1e49 <JSFunction advanceConnect4LiveLineState32 (sfi = 000003F5F48961A1)> for optimization to TURBOFAN_JS, ConcurrencyMode::kConcurrent, reason: hot and stable]
[marking 0x0212c4629b39 <JSFunction connect4RbaCofactorKnownHeight (sfi = 00000212C461A0F1)> for optimization to TURBOFAN_JS, ConcurrencyMode::kConcurrent, reason: hot and stable]
[marking 0x024884421d01 <JSFunction publishSpan32 (sfi = 000002488440C061)> for optimization to TURBOFAN_JS, ConcurrencyMode::kConcurrent, reason: hot and stable]
[marking 0x016ef3267fb9 <JSFunction advanceConnect4LiveLineState32 (sfi = 0000016EF325C389)>[marking  for optimization to TURBOFAN_JS, ConcurrencyMode::kConcurrent, reason: hot and stable0x023e389cee01 ]
<JSFunction coordHas (sfi = 00000212C461D1D1)> for optimization to MAGLEV, ConcurrencyMode::kConcurrent, reason: hot and stable]
[compiling method 0x023e389cee01 <JSFunction coordHas (sfi = 00000212C461D1D1)> (target MAGLEV), mode: ConcurrencyMode::kConcurrent]
[marking 0x016ef3267d41 <JSFunction popcount3x32 (sfi = 0000016EF325EB59)> for optimization to TURBOFAN_JS, ConcurrencyMode::kConcurrent, reason: hot and stable]
[marking 0x0362c72e2e39 <JSFunction advanceConnect4LiveLineState32 (sfi = 00000362C72D70F9)> for optimization to TURBOFAN_JS, ConcurrencyMode::kConcurrent, reason: hot and stable]
[marking 0x03e59bd0e4a1 <JSFunction permutePair3 (sfi = 000003F5F488C671)> for optimization to TURBOFAN_JS, ConcurrencyMode::kConcurrent, reason: hot and stable]
[marking 0x023e389ceec1 <JSFunction collectSingletonProfiles (sfi = 00000212C461D2A9)> for optimization to TURBOFAN_JS, ConcurrencyMode::kConcurrent, reason: hot and stable]
[marking 0x0174ba059bf9 <JSFunction collectSingletonProfiles (sfi = 000002358B986211)> for optimization to TURBOFAN_JS, ConcurrencyMode::kConcurrent, reason: hot and stable]
[marking 0x000b99636d71 <JSFunction collectSingletonProfiles (sfi = 0000024884416511)> for optimization to TURBOFAN_JS, ConcurrencyMode::kConcurrent, reason: hot and stable]
[marking 0x0212c4629b39 <JSFunction connect4RbaCofactorKnownHeight (sfi = 00000212C461A0F1)> for optimization to TURBOFAN_JS, ConcurrencyMode::kConcurrent, reason: hot and stable]
[marking 0x016ef3265769 <JSFunction publishSpan32 (sfi = 0000016EF324FA29)> for optimization to TURBOFAN_JS, ConcurrencyMode::kConcurrent, reason: hot and stable]
[marking 0x0212c4629b39 <JSFunction connect4RbaCofactorKnownHeight (sfi = 00000212C461A0F1)> for optimization to TURBOFAN_JS, ConcurrencyMode::kConcurrent, reason: hot and stable]
[marking 0x0212c4629b39 <JSFunction connect4RbaCofactorKnownHeight (sfi = 00000212C461A0F1)> for optimization to TURBOFAN_JS, ConcurrencyMode::kConcurrent, reason: hot and stable]
[marking 0x00cbc4aac941 <JSFunction permutePair3 (sfi = 0000006FEC3D61A9)> for optimization to TURBOFAN_JS, ConcurrencyMode::kConcurrent, reason: hot and stable]
[marking 0x024884424551 <JSFunction advanceConnect4LiveLineState32 (sfi = 0000024884418991)> for optimization to TURBOFAN_JS, ConcurrencyMode::kConcurrent, reason: hot and stable]
[completed compiling 0x006fec3eba19 <JSFunction advanceConnect4LiveLineState32 (sfi = 0000006FEC3DFCF1)> (target TURBOFAN_JS) - took 0.001, 1.302, 0.011 ms]
[completed optimizing 0x006fec3eba19 <JSFunction advanceConnect4LiveLineState32 (sfi = 0000006FEC3DFCF1)> (target TURBOFAN_JS)]
[marking 0x0174ba059779 <JSFunction permutePair3 (sfi = 0000015FF387E4F9)> for optimization to TURBOFAN_JS, ConcurrencyMode::kConcurrent, reason: hot and stable]
[marking 0x0077300186d9 <JSFunction permutePair3 (sfi = 00000362C72CD5B1)> for optimization to TURBOFAN_JS, ConcurrencyMode::kConcurrent, reason: hot and stable]
[compiling method 0x0174ba059779 <JSFunction permutePair3 (sfi = 0000015FF387E4F9)> (target TURBOFAN_JS), mode: ConcurrencyMode::kConcurrent]
[compiling method 0x0077300186d9 <JSFunction permutePair3 (sfi = 00000362C72CD5B1)> (target TURBOFAN_JS), mode: ConcurrencyMode::kConcurrent]
[completed compiling 0x024884422c89 <JSFunction connect4RbaCofactorBasis (sfi = 0000024884413299)> (target TURBOFAN_JS) - took 0.003, 4.851, 0.021 ms]
[marking [completed optimizing 0x023e389ceec1 0x024884422c89 <JSFunction connect4RbaCofactorBasis (sfi = 0000024884413299)> (target TURBOFAN_JS)]
<JSFunction collectSingletonProfiles (sfi = 00000212C461D2A9)> for optimization to TURBOFAN_JS, ConcurrencyMode::kConcurrent, reason: hot and stable]
[marking 0x0212c462b341 <JSFunction advanceConnect4LiveLineState32 (sfi = 00000212C461F729)> for optimization to TURBOFAN_JS, ConcurrencyMode::kConcurrent, reason: hot and stable]
[marking 0x026e68e66e01 <JSFunction collectSingletonProfiles (sfi = 0000016EF3259F09)> for optimization to TURBOFAN_JS, ConcurrencyMode::kConcurrent, reason: hot and stable]
[marking 0x0212c4629b39 <JSFunction connect4RbaCofactorKnownHeight (sfi = 00000212C461A0F1)> for optimization to TURBOFAN_JS, ConcurrencyMode::kConcurrent, reason: hot and stable]
[marking 0x007730018b59 <JSFunction collectSingletonProfiles (sfi = 00000362C72D4C79)> for optimization to TURBOFAN_JS, ConcurrencyMode::kConcurrent, reason: hot and stable]
[marking 0x026e68e66981 <JSFunction permutePair3 (sfi = 0000016EF3252811)> for optimization to TURBOFAN_JS, ConcurrencyMode::kConcurrent, reason: hot and stable]
[marking 0x02358b991a19 <JSFunction publishSpan32 (sfi = 0000015FF387B711)> for optimization to TURBOFAN_JS, ConcurrencyMode::kConcurrent, reason: hot and stable]
[marking 0x0174ba059bf9 <JSFunction collectSingletonProfiles (sfi = 000002358B986211)> for optimization to TURBOFAN_JS, ConcurrencyMode::kConcurrent, reason: hot and stable]
[marking 0x000b99636d71 <JSFunction collectSingletonProfiles (sfi = 0000024884416511)> for optimization to TURBOFAN_JS, ConcurrencyMode::kConcurrent, reason: hot and stable]
[marking 0x0212c4629b39 <JSFunction connect4RbaCofactorKnownHeight (sfi = 00000212C461A0F1)> for optimization to TURBOFAN_JS, ConcurrencyMode::kConcurrent, reason: hot and stable]
[marking 0x0362c72e2e39 <JSFunction advanceConnect4LiveLineState32 (sfi = 00000362C72D70F9)> for optimization to TURBOFAN_JS, ConcurrencyMode::kConcurrent, reason: hot and stable]
[marking 0x0362c72e2bc1 <JSFunction popcount3x32 (sfi = 00000362C72D98E1)> for optimization to TURBOFAN_JS, ConcurrencyMode::kConcurrent, reason: hot and stable]
[completed compiling 0x0362c72e2091 [marking 0x0212c4628af1<JSFunction evaluateConnect4CpcNonterminal32 (sfi = 00000362C72D4B59)>  (target MAGLEV) - took 0.000, 1.439, 0.007 ms]
<JSFunction publishSpan32 (sfi = 00000212C4612DE1)> for optimization to TURBOFAN_JS, ConcurrencyMode::kConcurrent, reason: hot and stable]
[marking 0x03e59bd0ee41 <JSFunction cellMarked (sfi = 000003F5F4893C91)> for optimization to TURBOFAN_JS, ConcurrencyMode::kConcurrent, reason: hot and stable]
[marking 0x0362c72e05e9 <JSFunction publishSpan32 (sfi = 00000362C72CA7C9)> for optimization to TURBOFAN_JS, ConcurrencyMode::kConcurrent, reason: hot and stable]
[completed compiling 0x007730018a99 <JSFunction coordHas (sfi = 00000362C72D4BA1)> (target MAGLEV) - took 0.000, 0.068, 0.001 ms]
[marking 0x0212c4629b39 <JSFunction connect4RbaCofactorKnownHeight (sfi = 00000212C461A0F1)> for optimization to TURBOFAN_JS, ConcurrencyMode::kConcurrent, reason: hot and stable]
[marking 0x016ef3265769 <JSFunction publishSpan32 (sfi = 0000016EF324FA29)> for optimization to TURBOFAN_JS, ConcurrencyMode::kConcurrent, reason: hot and stable]
[marking 0x0212c4629b39 <JSFunction connect4RbaCofactorKnownHeight (sfi = 00000212C461A0F1)> for optimization to TURBOFAN_JS, ConcurrencyMode::kConcurrent, reason: hot and stable]
[completed compiling 0x016ef3266dd1 <JSFunction popcount32 (sfi = 0000016EF325B391)> (target MAGLEV) - took 0.000, 0.121, 0.003 ms]
[marking 0x03e59bd0e4a1 <JSFunction permutePair3 (sfi = 000003F5F488C671)> for optimization to TURBOFAN_JS, ConcurrencyMode::kConcurrent, reason: hot and stable]
[completed compiling 0x026e68e66d41 <JSFunction coordHas (sfi = 0000016EF3259E31)> (target MAGLEV) - took 0.000, 0.062, 0.002 ms]
[marking 0x024884421d01 <JSFunction publishSpan32 (sfi = 000002488440C061)> for optimization to TURBOFAN_JS, ConcurrencyMode::kConcurrent, reason: hot and stable]
[marking 0x016ef3267fb9 <JSFunction advanceConnect4LiveLineState32 (sfi = 0000016EF325C389)> for optimization to TURBOFAN_JS, ConcurrencyMode::kConcurrent, reason: hot and stable]
[marking 0x023e389ceec1 <JSFunction collectSingletonProfiles (sfi = 00000212C461D2A9)> for optimization to TURBOFAN_JS, ConcurrencyMode::kConcurrent, reason: hot and stable]
[marking 0x024884424551 <JSFunction advanceConnect4LiveLineState32 (sfi = 0000024884418991)> for optimization to TURBOFAN_JS, ConcurrencyMode::kConcurrent, reason: hot and stable]
[marking 0x0212c4629b39 <JSFunction connect4RbaCofactorKnownHeight (sfi = 00000212C461A0F1)> for optimization to TURBOFAN_JS, ConcurrencyMode::kConcurrent, reason: hot and stable]
[completed compiling 0x0212c462a159 <JSFunction popcount32 (sfi = 00000212C461E731)> (target MAGLEV) - took 0.001, 0.175, 0.003 ms]
[completed compiling 0x023e389cee01 <JSFunction coordHas (sfi = 00000212C461D1D1)> (target MAGLEV) - took 0.000, 0.065, 0.003 ms[marking ]
0x007730018b59 <JSFunction collectSingletonProfiles (sfi = 00000362C72D4C79)> for optimization to TURBOFAN_JS, ConcurrencyMode::kConcurrent, reason: hot and stable]
[marking 0x026e68e66e01 <JSFunction collectSingletonProfiles (sfi = 0000016EF3259F09)> for optimization to TURBOFAN_JS, ConcurrencyMode::kConcurrent, reason: hot and stable]
[compiling method 0x026e68e66e01 <JSFunction collectSingletonProfiles (sfi = 0000016EF3259F09)> (target TURBOFAN_JS), mode: ConcurrencyMode::kConcurrent]
[marking 0x0174ba059bf9 <JSFunction collectSingletonProfiles (sfi = 000002358B986211)> for optimization to TURBOFAN_JS, ConcurrencyMode::kConcurrent, reason: hot and stable]
[marking [marking 0x0212c4629b39 0x03f5f48a1e49 <JSFunction connect4RbaCofactorKnownHeight (sfi = 00000212C461A0F1)> for optimization to TURBOFAN_JS, ConcurrencyMode::kConcurrent, reason: hot and stable]
<JSFunction advanceConnect4LiveLineState32 (sfi = 000003F5F48961A1)> for optimization to TURBOFAN_JS, ConcurrencyMode::kConcurrent, reason: hot and stable]
[marking 0x000b99636d71 <JSFunction collectSingletonProfiles (sfi = 0000024884416511)> for optimization to TURBOFAN_JS, ConcurrencyMode::kConcurrent, reason: hot and stable]
[marking 0x0212c462b341 <JSFunction advanceConnect4LiveLineState32 (sfi = 00000212C461F729)> for optimization to TURBOFAN_JS, ConcurrencyMode::kConcurrent, reason: hot and stable]
[marking 0x0362c72e2e39 <JSFunction advanceConnect4LiveLineState32 (sfi = 00000362C72D70F9)> for optimization to TURBOFAN_JS, ConcurrencyMode::kConcurrent, reason: hot and stable]
[marking 0x0212c4629b39 <JSFunction connect4RbaCofactorKnownHeight (sfi = 00000212C461A0F1)> for optimization to TURBOFAN_JS, ConcurrencyMode::kConcurrent, reason: hot and stable]
[marking 0x023e389ceec1 <JSFunction collectSingletonProfiles (sfi = 00000212C461D2A9)> for optimization to TURBOFAN_JS, ConcurrencyMode::kConcurrent, reason: hot and stable]
[marking 0x0212c4629b39 <JSFunction connect4RbaCofactorKnownHeight (sfi = 00000212C461A0F1)> for optimization to TURBOFAN_JS, ConcurrencyMode::kConcurrent, reason: hot and stable]
[marking 0x02358b991a19 <JSFunction publishSpan32 (sfi = 0000015FF387B711)> for optimization to TURBOFAN_JS, ConcurrencyMode::kConcurrent, reason: hot and stable]
[marking 0x03f5f48a0681 <JSFunction connect4RbaCanonicalize (sfi = 000003F5F4890BC9)> for optimization to TURBOFAN_JS, ConcurrencyMode::kConcurrent, reason: hot and stable]
[marking 0x016ef3267d41 <JSFunction popcount3x32 (sfi = 0000016EF325EB59)> for optimization to TURBOFAN_JS, ConcurrencyMode::kConcurrent, reason: hot and stable]
[marking 0x026e68e66981 <JSFunction permutePair3 (sfi = 0000016EF3252811)> for optimization to TURBOFAN_JS, ConcurrencyMode::kConcurrent, reason: hot and stable]
[marking 0x00cbc4aac941 <JSFunction permutePair3 (sfi = 0000006FEC3D61A9)> for optimization to TURBOFAN_JS, ConcurrencyMode::kConcurrent, reason: hot and stable]
[marking 0x024884424551 <JSFunction advanceConnect4LiveLineState32 (sfi = 0000024884418991)> for optimization to TURBOFAN_JS, ConcurrencyMode::kConcurrent, reason: hot and stable]
[marking 0x03e59bd0ee41 <JSFunction cellMarked (sfi = 000003F5F4893C91)> for optimization to TURBOFAN_JS, ConcurrencyMode::kConcurrent, reason: hot and stable]
[marking 0x007730018b59 <JSFunction collectSingletonProfiles (sfi = 00000362C72D4C79)> for optimization to TURBOFAN_JS, ConcurrencyMode::kConcurrent, reason: hot and stable]
[marking [marking 0x0174ba059bf9 0x0212c4629b39 <JSFunction collectSingletonProfiles (sfi = 000002358B986211)> for optimization to TURBOFAN_JS, ConcurrencyMode::kConcurrent, reason: hot and stable]
<JSFunction connect4RbaCofactorKnownHeight (sfi = 00000212C461A0F1)> for optimization to TURBOFAN_JS, ConcurrencyMode::kConcurrent, reason: hot and stable]
[marking 0x000b99636d71 <JSFunction collectSingletonProfiles (sfi = 0000024884416511)> for optimization to TURBOFAN_JS, ConcurrencyMode::kConcurrent, reason: hot and stable]
[marking 0x0362c72e05e9 <JSFunction publishSpan32 (sfi = 00000362C72CA7C9)> for optimization to TURBOFAN_JS, ConcurrencyMode::kConcurrent, reason: hot and stable]
[marking 0x03e59bd0e4a1 <JSFunction permutePair3 (sfi = 000003F5F488C671)> for optimization to TURBOFAN_JS, ConcurrencyMode::kConcurrent, reason: hot and stable]
[marking 0x024884421d01 <JSFunction publishSpan32 (sfi = 000002488440C061)> for optimization to TURBOFAN_JS, ConcurrencyMode::kConcurrent, reason: hot and stable]
[marking 0x016ef3265769 <JSFunction publishSpan32 (sfi = 0000016EF324FA29)> for optimization to TURBOFAN_JS, ConcurrencyMode::kConcurrent, reason: hot and stable]
[marking 0x0362c72e2bc1 <JSFunction popcount3x32 (sfi = 00000362C72D98E1)> for optimization to TURBOFAN_JS, ConcurrencyMode::kConcurrent, reason: hot and stable]
[marking 0x0212c4629b39 <JSFunction connect4RbaCofactorKnownHeight (sfi = 00000212C461A0F1)> for optimization to TURBOFAN_JS, ConcurrencyMode::kConcurrent, reason: hot and stable]
[completed compiling 0x03f5f48a0281 <JSFunction emitSortedSetBits32 (sfi = 000003F5F4891AC1)> (target TURBOFAN_JS) - took 0.002, 1.063, 0.014 ms]
[completed optimizing 0x03f5f48a0281 <JSFunction emitSortedSetBits32 (sfi = 000003F5F4891AC1)> (target TURBOFAN_JS)]
[marking 0x0362c72e2e39 <JSFunction advanceConnect4LiveLineState32 (sfi = 00000362C72D70F9)> for optimization to TURBOFAN_JS, ConcurrencyMode::kConcurrent, reason: hot and stable]
[compiling method 0x0362c72e2e39 <JSFunction advanceConnect4LiveLineState32 (sfi = 00000362C72D70F9)> (target TURBOFAN_JS), mode: ConcurrencyMode::kConcurrent]
[marking 0x016ef3267fb9 <JSFunction advanceConnect4LiveLineState32 (sfi = 0000016EF325C389)> for optimization to TURBOFAN_JS, ConcurrencyMode::kConcurrent, reason: hot and stable]
[marking 0x0248844242d9 <JSFunction popcount3x32 (sfi = 000002488441B161)> for optimization to TURBOFAN_JS, ConcurrencyMode::kConcurrent, reason: hot and stable]
[marking 0x0212c462b341 <JSFunction advanceConnect4LiveLineState32 (sfi = 00000212C461F729)> for optimization to TURBOFAN_JS, ConcurrencyMode::kConcurrent, reason: hot and stable]
[marking 0x0212c4629b39 <JSFunction connect4RbaCofactorKnownHeight (sfi = 00000212C461A0F1)> for optimization to TURBOFAN_JS, ConcurrencyMode::kConcurrent, reason: hot and stable]
[marking 0x023e389ceec1 <JSFunction collectSingletonProfiles (sfi = 00000212C461D2A9)> for optimization to TURBOFAN_JS, ConcurrencyMode::kConcurrent, reason: hot and stable]
[marking 0x00cbc4aac941 <JSFunction permutePair3 (sfi = 0000006FEC3D61A9)> for optimization to TURBOFAN_JS, ConcurrencyMode::kConcurrent, reason: hot and stable]
[marking 0x0212c4629b39 <JSFunction connect4RbaCofactorKnownHeight (sfi = 00000212C461A0F1)> for optimization to TURBOFAN_JS, ConcurrencyMode::kConcurrent, reason: hot and stable]
[marking 0x0174ba059bf9 <JSFunction collectSingletonProfiles (sfi = 000002358B986211)> for optimization to TURBOFAN_JS, ConcurrencyMode::kConcurrent, reason: hot and stable]
[marking [marking 0x007730018b59 0x024884424551 <JSFunction collectSingletonProfiles (sfi = 00000362C72D4C79)> for optimization to TURBOFAN_JS, ConcurrencyMode::kConcurrent, reason: hot and stable]
<JSFunction advanceConnect4LiveLineState32 (sfi = 0000024884418991)> for optimization to TURBOFAN_JS, ConcurrencyMode::kConcurrent, reason: hot and stable]
[marking 0x000b99636d71 <JSFunction collectSingletonProfiles (sfi = 0000024884416511)> for optimization to TURBOFAN_JS, ConcurrencyMode::kConcurrent, reason: hot and stable]
[marking 0x0212c4629b39 <JSFunction connect4RbaCofactorKnownHeight (sfi = 00000212C461A0F1)> for optimization to TURBOFAN_JS, ConcurrencyMode::kConcurrent, reason: hot and stable]
[completed compiling 0x028b251dfc49 <JSFunction collectSingletonProfiles (sfi = 0000006FEC3DD871)> (target TURBOFAN_JS) - took 0.002, 2.853, 0.018 ms]
[completed optimizing 0x028b251dfc49 <JSFunction collectSingletonProfiles (sfi = 0000006FEC3DD871)> (target TURBOFAN_JS)]
[marking 0x016ef3268db1 <JSFunction storeConnect4RbaSharedExactCache32 (sfi = 0000016EF3262F91)> for optimization to TURBOFAN_JS, ConcurrencyMode::kConcurrent, reason: hot and stable]
[marking 0x0212c4629b39 [compiling method 0x016ef3268db1 <JSFunction connect4RbaCofactorKnownHeight (sfi = 00000212C461A0F1)> for optimization to TURBOFAN_JS, ConcurrencyMode::kConcurrent, reason: hot and stable]
<JSFunction storeConnect4RbaSharedExactCache32 (sfi = 0000016EF3262F91)> (target TURBOFAN_JS), mode: ConcurrencyMode::kConcurrent]
[marking 0x0212c4629b39 <JSFunction connect4RbaCofactorKnownHeight (sfi = 00000212C461A0F1)> for optimization to TURBOFAN_JS, ConcurrencyMode::kConcurrent, reason: hot and stable]
[marking 0x03f5f48a1e49 <JSFunction advanceConnect4LiveLineState32 (sfi = 000003F5F48961A1)> for optimization to TURBOFAN_JS, ConcurrencyMode::kConcurrent, reason: hot and stable]
[marking 0x03e59bd0ee41 <JSFunction cellMarked (sfi = 000003F5F4893C91)> for optimization to TURBOFAN_JS, ConcurrencyMode::kConcurrent, reason: hot and stable]
[marking 0x023e389ceec1 [marking <JSFunction collectSingletonProfiles (sfi = 00000212C461D2A9)> for optimization to TURBOFAN_JS, ConcurrencyMode::kConcurrent, reason: hot and stable]
0x02358b991a19 <JSFunction publishSpan32 (sfi = 0000015FF387B711)> for optimization to TURBOFAN_JS, ConcurrencyMode::kConcurrent, reason: hot and stable]
[marking 0x0212c462b341 <JSFunction advanceConnect4LiveLineState32 (sfi = 00000212C461F729)> for optimization to TURBOFAN_JS, ConcurrencyMode::kConcurrent, reason: hot and stable]
[marking 0x016ef3267fb9 <JSFunction advanceConnect4LiveLineState32 (sfi = 0000016EF325C389)> for optimization to TURBOFAN_JS, ConcurrencyMode::kConcurrent, reason: hot and stable]
[marking 0x0212c4629b39 <JSFunction connect4RbaCofactorKnownHeight (sfi = 00000212C461A0F1)> for optimization to TURBOFAN_JS, ConcurrencyMode::kConcurrent, reason: hot and stable]
[marking 0x0362c72e05e9 <JSFunction publishSpan32 (sfi = 00000362C72CA7C9)> for optimization to TURBOFAN_JS, ConcurrencyMode::kConcurrent, reason: hot and stable]
[marking 0x0174ba059bf9 <JSFunction collectSingletonProfiles (sfi = 000002358B986211)> for optimization to TURBOFAN_JS, ConcurrencyMode::kConcurrent, reason: hot and stable]
[marking 0x007730018b59 <JSFunction collectSingletonProfiles (sfi = 00000362C72D4C79)> for optimization to TURBOFAN_JS, ConcurrencyMode::kConcurrent, reason: hot and stable]
[marking 0x03e59bd0e4a1 <JSFunction permutePair3 (sfi = 000003F5F488C671)> for optimization to TURBOFAN_JS, ConcurrencyMode::kConcurrent, reason: hot and stable]
[marking 0x024884421d01 <JSFunction publishSpan32 (sfi = 000002488440C061)> for optimization to TURBOFAN_JS, ConcurrencyMode::kConcurrent, reason: hot and stable]
[marking 0x000b99636d71 <JSFunction collectSingletonProfiles (sfi = 0000024884416511)> for optimization to TURBOFAN_JS, ConcurrencyMode::kConcurrent, reason: hot and stable]
[marking 0x0212c4629b39 <JSFunction connect4RbaCofactorKnownHeight (sfi = 00000212C461A0F1)> for optimization to TURBOFAN_JS, ConcurrencyMode::kConcurrent, reason: hot and stable]
[marking 0x024884424551 <JSFunction advanceConnect4LiveLineState32 (sfi = 0000024884418991)> for optimization to TURBOFAN_JS, ConcurrencyMode::kConcurrent, reason: hot and stable]
[marking 0x0362c72e2bc1 <JSFunction popcount3x32 (sfi = 00000362C72D98E1)> for optimization to TURBOFAN_JS, ConcurrencyMode::kConcurrent, reason: hot and stable]
[marking 0x0212c4629b39 <JSFunction connect4RbaCofactorKnownHeight (sfi = 00000212C461A0F1)> for optimization to TURBOFAN_JS, ConcurrencyMode::kConcurrent, reason: hot and stable]
[marking 0x00cbc4aac941 <JSFunction permutePair3 (sfi = 0000006FEC3D61A9)> for optimization to TURBOFAN_JS, ConcurrencyMode::kConcurrent, reason: hot and stable]
[marking 0x02358b991a19 <JSFunction publishSpan32 (sfi = 0000015FF387B711)> for optimization to TURBOFAN_JS, ConcurrencyMode::kConcurrent, reason: hot and stable]
[marking 0x0212c4629b39 <JSFunction connect4RbaCofactorKnownHeight (sfi = 00000212C461A0F1)> for optimization to TURBOFAN_JS, ConcurrencyMode::kConcurrent, reason: hot and stable]
[marking 0x023e389ceec1 <JSFunction collectSingletonProfiles (sfi = 00000212C461D2A9)> for optimization to TURBOFAN_JS, ConcurrencyMode::kConcurrent, reason: hot and stable]
[marking 0x03f5f48a0681 <JSFunction connect4RbaCanonicalize (sfi = 000003F5F4890BC9)> for optimization to TURBOFAN_JS, ConcurrencyMode::kConcurrent, reason: hot and stable]
[marking 0x0248844242d9 <JSFunction popcount3x32 (sfi = 000002488441B161)> for optimization to TURBOFAN_JS, ConcurrencyMode::kConcurrent, reason: hot and stable]
[marking 0x0212c4629b39 <JSFunction connect4RbaCofactorKnownHeight (sfi = 00000212C461A0F1)> for optimization to TURBOFAN_JS, ConcurrencyMode::kConcurrent, reason: hot and stable]
[marking 0x0212c462b341 <JSFunction advanceConnect4LiveLineState32 (sfi = 00000212C461F729)> for optimization to TURBOFAN_JS, ConcurrencyMode::kConcurrent, reason: hot and stable]
[marking 0x03e59bd0e4a1 <JSFunction permutePair3 (sfi = 000003F5F488C671)> for optimization to TURBOFAN_JS, ConcurrencyMode::kConcurrent, reason: hot and stable]
[marking 0x000b99636d71 <JSFunction collectSingletonProfiles (sfi = 0000024884416511)> for optimization to TURBOFAN_JS, ConcurrencyMode::kConcurrent, reason: hot and stable]
[marking 0x007730018b59 <JSFunction collectSingletonProfiles (sfi = 00000362C72D4C79)> for optimization to TURBOFAN_JS, ConcurrencyMode::kConcurrent, reason: hot and stable]
[marking 0x0212c4629b39 <JSFunction connect4RbaCofactorKnownHeight (sfi = 00000212C461A0F1)> for optimization to TURBOFAN_JS, ConcurrencyMode::kConcurrent, reason: hot and stable[marking ]
0x0174ba059bf9 <JSFunction collectSingletonProfiles (sfi = 000002358B986211)> for optimization to TURBOFAN_JS, ConcurrencyMode::kConcurrent, reason: hot and stable]
[marking 0x016ef3267fb9 <JSFunction advanceConnect4LiveLineState32 (sfi = 0000016EF325C389)> for optimization to TURBOFAN_JS, ConcurrencyMode::kConcurrent, reason: hot and stable]
[marking 0x024884425309 <JSFunction probeConnect4RbaSharedExactCache32 (sfi = 000002488441F551)> for optimization to TURBOFAN_JS, ConcurrencyMode::kConcurrent, reason: hot and stable]
[marking 0x016ef3267d41 <JSFunction popcount3x32 (sfi = 0000016EF325EB59)> for optimization to TURBOFAN_JS, ConcurrencyMode::kConcurrent, reason: hot and stable]
[marking 0x0212c4629b39 <JSFunction connect4RbaCofactorKnownHeight (sfi = 00000212C461A0F1)> for optimization to TURBOFAN_JS, ConcurrencyMode::kConcurrent, reason: hot and stable]
[marking 0x03e59bd0ee41 <JSFunction cellMarked (sfi = 000003F5F4893C91)> for optimization to TURBOFAN_JS, ConcurrencyMode::kConcurrent, reason: hot and stable]
[marking 0x023e389ceec1 <JSFunction collectSingletonProfiles (sfi = 00000212C461D2A9)> for optimization to TURBOFAN_JS, ConcurrencyMode::kConcurrent, reason: hot and stable]
[marking 0x0362c72e05e9 <JSFunction publishSpan32 (sfi = 00000362C72CA7C9)> for optimization to TURBOFAN_JS, ConcurrencyMode::kConcurrent, reason: hot and stable]
[marking 0x0212c4629b39 <JSFunction connect4RbaCofactorKnownHeight (sfi = 00000212C461A0F1)> for optimization to TURBOFAN_JS, ConcurrencyMode::kConcurrent, reason: hot and stable]
[marking 0x024884421d01 <JSFunction publishSpan32 (sfi = 000002488440C061)> for optimization to TURBOFAN_JS, ConcurrencyMode::kConcurrent, reason: hot and stable]
[marking 0x0212c4629b39 <JSFunction connect4RbaCofactorKnownHeight (sfi = 00000212C461A0F1)> for optimization to TURBOFAN_JS, ConcurrencyMode::kConcurrent, reason: hot and stable]
[marking 0x024884424551 <JSFunction advanceConnect4LiveLineState32 (sfi = 0000024884418991)> for optimization to TURBOFAN_JS, ConcurrencyMode::kConcurrent, reason: hot and stable]
[marking 0x000b99636d71 <JSFunction collectSingletonProfiles (sfi = 0000024884416511)> for optimization to TURBOFAN_JS, ConcurrencyMode::kConcurrent, reason: hot and stable]
[marking 0x02358b991a19 <JSFunction publishSpan32 (sfi = 0000015FF387B711)> for optimization to TURBOFAN_JS, ConcurrencyMode::kConcurrent, reason: hot and stable]
[marking 0x007730018b59 <JSFunction collectSingletonProfiles (sfi = 00000362C72D4C79)> for optimization to TURBOFAN_JS, ConcurrencyMode::kConcurrent, reason: hot and stable]
[marking 0x0212c4629b39 <JSFunction connect4RbaCofactorKnownHeight (sfi = 00000212C461A0F1)> for optimization to TURBOFAN_JS, ConcurrencyMode::kConcurrent, reason: hot and stable]
[completed compiling 0x0212c4629a79 <JSFunction connect4RbaCofactorBasis (sfi = 00000212C461A019)> (target TURBOFAN_JS) - took 0.002, 3.021, 0.029 ms]
[completed optimizing 0x0212c4629a79 <JSFunction connect4RbaCofactorBasis (sfi = 00000212C461A019)> (target TURBOFAN_JS)]
[marking 0x03f5f48a1e49 <JSFunction advanceConnect4LiveLineState32 (sfi = 000003F5F48961A1)> for optimization to TURBOFAN_JS, ConcurrencyMode::kConcurrent, reason: hot and stable]
[compiling method 0x03f5f48a1e49 <JSFunction advanceConnect4LiveLineState32 (sfi = 000003F5F48961A1)> (target TURBOFAN_JS), mode: ConcurrencyMode::kConcurrent]
[marking 0x0174ba059bf9 <JSFunction collectSingletonProfiles (sfi = 000002358B986211)> for optimization to TURBOFAN_JS, ConcurrencyMode::kConcurrent, reason: hot and stable]
[marking 0x03e59bd0e4a1 <JSFunction permutePair3 (sfi = 000003F5F488C671)> for optimization to TURBOFAN_JS, ConcurrencyMode::kConcurrent, reason: hot and stable]
[marking 0x00cbc4aac941 <JSFunction permutePair3 (sfi = 0000006FEC3D61A9)> for optimization to TURBOFAN_JS, ConcurrencyMode::kConcurrent, reason: hot and stable]
[marking 0x0212c4629b39 <JSFunction connect4RbaCofactorKnownHeight (sfi = 00000212C461A0F1)> for optimization to TURBOFAN_JS, ConcurrencyMode::kConcurrent, reason: hot and stable]
[marking 0x0212c4628af1 <JSFunction publishSpan32 (sfi = 00000212C4612DE1)> for optimization to TURBOFAN_JS, ConcurrencyMode::kConcurrent, reason: hot and stable]
[marking 0x000b99636d71 <JSFunction collectSingletonProfiles (sfi = 0000024884416511)> for optimization to TURBOFAN_JS, ConcurrencyMode::kConcurrent, reason: hot and stable]
[marking 0x016ef3267fb9 <JSFunction advanceConnect4LiveLineState32 (sfi = 0000016EF325C389)> for optimization to TURBOFAN_JS, ConcurrencyMode::kConcurrent, reason: hot and stable]
[marking 0x0212c4629b39 <JSFunction connect4RbaCofactorKnownHeight (sfi = 00000212C461A0F1)> for optimization to TURBOFAN_JS, ConcurrencyMode::kConcurrent, reason: hot and stable]
[marking 0x02358b991a19 <JSFunction publishSpan32 (sfi = 0000015FF387B711)> for optimization to TURBOFAN_JS, ConcurrencyMode::kConcurrent, reason: hot and stable]
[marking 0x0212c462b341 <JSFunction advanceConnect4LiveLineState32 (sfi = 00000212C461F729)> for optimization to TURBOFAN_JS, ConcurrencyMode::kConcurrent, reason: hot and stable]
[marking 0x007730018b59 <JSFunction collectSingletonProfiles (sfi = 00000362C72D4C79)> for optimization to TURBOFAN_JS, ConcurrencyMode::kConcurrent, reason: hot and stable]
[marking 0x02358b995061 <JSFunction storeConnect4RbaSharedExactCache32 (sfi = 000002358B98F299)> for optimization to TURBOFAN_JS, ConcurrencyMode::kConcurrent, reason: hot and stable]
[marking 0x0212c4629b39 <JSFunction connect4RbaCofactorKnownHeight (sfi = 00000212C461A0F1)> for optimization to TURBOFAN_JS, ConcurrencyMode::kConcurrent, reason: hot and stable]
[marking 0x024884424551 <JSFunction advanceConnect4LiveLineState32 (sfi = 0000024884418991)> for optimization to TURBOFAN_JS, ConcurrencyMode::kConcurrent, reason: hot and stable]
[marking 0x0212c4629b39 <JSFunction connect4RbaCofactorKnownHeight (sfi = 00000212C461A0F1)> for optimization to TURBOFAN_JS, ConcurrencyMode::kConcurrent, reason: hot and stable]
[marking 0x024884421d01 <JSFunction publishSpan32 (sfi = 000002488440C061)> for optimization to TURBOFAN_JS, ConcurrencyMode::kConcurrent, reason: hot and stable]
[bailout (kind: deopt-eager, reason: overflow): begin. deoptimizing 0x007730019131 <JSFunction searchCpcOnlyFrontier (sfi = 00000362C72C58E9)>, 0x015c4e9a4729 <Code MAGLEV>, opt id 191, bytecode offset 276, deopt exit 25, FP to SP delta 608, caller SP 0x0060089f9178, pc 0x022c62b2fd33]
[bailout (kind: deopt-eager, reason: Insufficient type feedback for binary operation): begin. deoptimizing 0x006fec3ea211 <JSFunction connect4RbaCofactorKnownHeight (sfi = 0000006FEC3DA6D1)>, 0x03f9ffcb7289 <Code TURBOFAN_JS>, opt id 153, bytecode offset 461, deopt exit 228, FP to SP delta 304, caller SP 0x0060099f81f8, pc 0x022cc33317a2]
[completed compiling 0x024d8a683b49 <JSFunction permutePair3 (sfi = 000002488440EE49)> (target TURBOFAN_JS) - took 0.001, 0.975, 0.015 ms]
[completed optimizing 0x024d8a683b49 <JSFunction permutePair3 (sfi = 000002488440EE49)> (target TURBOFAN_JS)]
[marking 0x000b99636d71 <JSFunction collectSingletonProfiles (sfi = 0000024884416511)> for optimization to TURBOFAN_JS, ConcurrencyMode::kConcurrent, reason: hot and stable]
[bailout (kind: deopt-eager, reason: Insufficient type feedback for call): begin. deoptimizing 0x00cbc4a82781 [compiling method 0x000b99636d71 <JSFunction searchCpcOnlyFrontier (sfi = 0000006FEC3CE4E1)>, [marking <JSFunction collectSingletonProfiles (sfi = 0000024884416511)>0x034e3912aea1  (target TURBOFAN_JS)<Code , mode: ConcurrencyMode::kConcurrent]
MAGLEV>0x023e389ceec1, opt id 256, bytecode offset 974, deopt exit 167, FP to SP delta 608, caller SP 0x0060099f84c8, pc 0x022cc332afce]
 <JSFunction collectSingletonProfiles (sfi = 00000212C461D2A9)> for optimization to TURBOFAN_JS, ConcurrencyMode::kConcurrent, reason: hot and stable]
[marking 0x03e59bd0ee41 <JSFunction cellMarked (sfi = 000003F5F4893C91)> for optimization to TURBOFAN_JS, ConcurrencyMode::kConcurrent, reason: hot and stable]
[marking 0x0174ba059bf9 <JSFunction collectSingletonProfiles (sfi = 000002358B986211)> for optimization to TURBOFAN_JS, ConcurrencyMode::kConcurrent, reason: hot and stable]
[marking 0x0212c4629b39 <JSFunction connect4RbaCofactorKnownHeight (sfi = 00000212C461A0F1)> for optimization to TURBOFAN_JS, ConcurrencyMode::kConcurrent, reason: hot and stable]
[bailout (kind: deopt-lazy, reason: (unknown)): begin. deoptimizing 0x00cbc4a82781 <JSFunction searchCpcOnlyFrontier (sfi = 0000006FEC3CE4E1)>, 0x034e3912aea1 <Code MAGLEV>, opt id 256, bytecode offset 2072, deopt exit 193, FP to SP delta 608, caller SP 0x0060099f8798, pc 0x022cc332b036]
[bailout (kind: deopt-lazy, reason: (unknown)): begin. deoptimizing 0x00cbc4a82781 <JSFunction searchCpcOnlyFrontier (sfi = 0000006FEC3CE4E1)>, 0x034e3912aea1 <Code MAGLEV>, opt id 256, bytecode offset 2072, deopt exit 193, FP to SP delta 608, caller SP 0x0060099f8a68, pc 0x022cc332b036]
[marking 0x03e59bd0e4a1 <JSFunction permutePair3 (sfi = 000003F5F488C671)> for optimization to TURBOFAN_JS, ConcurrencyMode::kConcurrent, reason: hot and stable]
[bailout (kind: deopt-lazy, reason: (unknown)): begin. deoptimizing 0x00cbc4a82781 <JSFunction searchCpcOnlyFrontier (sfi = 0000006FEC3CE4E1)>, 0x034e3912aea1 <Code MAGLEV>, opt id 256, bytecode offset 2072, deopt exit 193, FP to SP delta 608, caller SP 0x0060099f8d38, pc 0x022cc332b036]
[bailout (kind: deopt-lazy, reason: (unknown)): begin. deoptimizing 0x00cbc4a82781 <JSFunction searchCpcOnlyFrontier (sfi = 0000006FEC3CE4E1)>, 0x034e3912aea1 <Code MAGLEV>, opt id 256, bytecode offset 2072, deopt exit 193, FP to SP delta 608, caller SP 0x0060099f9008, pc 0x022cc332b036]
[bailout (kind: deopt-lazy, reason: (unknown)): begin. deoptimizing 0x00cbc4a82781 <JSFunction searchCpcOnlyFrontier (sfi = 0000006FEC3CE4E1)>, 0x034e3912aea1 <Code MAGLEV[marking >, opt id 256, bytecode offset 2072, deopt exit 193, FP to SP delta 608, caller SP 0x0060099f92d8, pc 0x022cc332b036]
0x02358b991a19 <JSFunction publishSpan32 (sfi = 0000015FF387B711)> for optimization to TURBOFAN_JS, ConcurrencyMode::kConcurrent, reason: hot and stable]
[compiling method 0x02358b991a19 <JSFunction publishSpan32 (sfi = 0000015FF387B711)> (target TURBOFAN_JS), mode: ConcurrencyMode::kConcurrent]
[completed compiling 0x006fec3ea151 <JSFunction connect4RbaCofactorBasis (sfi = 0000006FEC3DA5F9)> (target TURBOFAN_JS) - took 0.001, 3.506, 0.025 ms]
[completed optimizing 0x006fec3ea151 <JSFunction connect4RbaCofactorBasis (sfi = 0000006FEC3DA5F9)> (target TURBOFAN_JS)]
[bailout (kind: deopt-lazy, reason: (unknown)): begin. deoptimizing 0x007730019131 <JSFunction searchCpcOnlyFrontier (sfi = 00000362C72C58E9)>, 0x015c4e9a4729 <Code MAGLEV>, opt id 191, bytecode offset 2072, deopt exit 193, FP to SP delta 608, caller SP 0x0060089f9448, pc 0x022c62b2ffd3]
[marking 0x03f5f48a0681 <JSFunction connect4RbaCanonicalize (sfi = 000003F5F4890BC9)> for optimization to TURBOFAN_JS, ConcurrencyMode::kConcurrent, reason: hot and stable]
[marking 0x0212c4629b39 <JSFunction connect4RbaCofactorKnownHeight (sfi = 00000212C461A0F1)> for optimization to TURBOFAN_JS, ConcurrencyMode::kConcurrent, reason: hot and stable]
[bailout (kind: deopt-lazy, reason: (unknown)): begin. deoptimizing 0x007730019131 <JSFunction searchCpcOnlyFrontier (sfi = 00000362C72C58E9)>, 0x015c4e9a4729 <Code MAGLEV>, opt id 191, bytecode offset 2072, deopt exit 193, FP to SP delta 608, caller SP 0x0060089f9718, pc 0x022c62b2ffd3]
[bailout (kind: deopt-lazy, reason: (unknown)): begin. deoptimizing 0x007730019131 <JSFunction searchCpcOnlyFrontier (sfi = 00000362C72C58E9)>, 0x015c4e9a4729 <Code MAGLEV>, opt id 191, bytecode offset 2072, deopt exit 193, FP to SP delta 608, caller SP 0x0060089f99e8, pc 0x022c62b2ffd3]
[bailout (kind: deopt-lazy, reason: (unknown)): begin. deoptimizing 0x007730019131 <JSFunction searchCpcOnlyFrontier (sfi = 00000362C72C58E9)>, 0x015c4e9a4729 <Code MAGLEV>, opt id 191, bytecode offset 2072, deopt exit 193, FP to SP delta 608, caller SP 0x0060089f9cb8, pc 0x022c62b2ffd3]
[bailout (kind: deopt-lazy, reason: (unknown)): begin. deoptimizing 0x00cbc4a82781 <JSFunction searchCpcOnlyFrontier (sfi = 0000006FEC3CE4E1)>, 0x034e3912aea1 <Code MAGLEV>, opt id 256, bytecode offset 2072, deopt exit 193, FP to SP delta 608, caller SP 0x0060099f95a8, pc 0x022cc332b036]
[bailout (kind: deopt-lazy, reason: (unknown)): begin. deoptimizing 0x00cbc4a82781 <JSFunction searchCpcOnlyFrontier (sfi = 0000006FEC3CE4E1)>, 0x034e3912aea1 <Code MAGLEV>, opt id 256, bytecode offset 2072, deopt exit 193, FP to SP delta 608, caller SP 0x0060099f9878, pc 0x022cc332b036]
[bailout (kind: deopt-lazy, reason: (unknown)): begin. deoptimizing 0x00cbc4a82781 <JSFunction searchCpcOnlyFrontier (sfi = 0000006FEC3CE4E1)>, 0x034e3912aea1 <Code MAGLEV>, opt id 256, bytecode offset 2072, deopt exit 193, FP to SP delta 608, caller SP 0x0060099f9b48, pc 0x022cc332b036]
[bailout (kind: deopt-lazy, reason: (unknown)): begin. deoptimizing 0x007730019131 <JSFunction searchCpcOnlyFrontier (sfi = 00000362C72C58E9)>, 0x015c4e9a4729 <Code MAGLEV>, opt id 191, bytecode offset 2072, deopt exit 193, FP to SP delta 608, caller SP 0x0060089f9f88, pc 0x022c62b2ffd3]
[marking 0x0212c4629b39 <JSFunction connect4RbaCofactorKnownHeight (sfi = 00000212C461A0F1)> for optimization to TURBOFAN_JS, ConcurrencyMode::kConcurrent, reason: hot and stable]
[marking 0x024884424551 <JSFunction advanceConnect4LiveLineState32 (sfi = 0000024884418991)> for optimization to TURBOFAN_JS, ConcurrencyMode::kConcurrent, reason: hot and stable]
[marking 0x0248844242d9 <JSFunction popcount3x32 (sfi = 000002488441B161)> for optimization to TURBOFAN_JS, ConcurrencyMode::kConcurrent, reason: hot and stable]
[marking 0x024884421d01 <JSFunction publishSpan32 (sfi = 000002488440C061)> for optimization to TURBOFAN_JS, ConcurrencyMode::kConcurrent, reason: hot and stable]
[marking 0x0362c72e05e9 <JSFunction publishSpan32 (sfi = 00000362C72CA7C9)> for optimization to TURBOFAN_JS, ConcurrencyMode::kConcurrent, reason: hot and stable]
[marking 0x0212c4629b39 <JSFunction connect4RbaCofactorKnownHeight (sfi = 00000212C461A0F1)> for optimization to TURBOFAN_JS, ConcurrencyMode::kConcurrent, reason: hot and stable]
[marking 0x007730018b59 <JSFunction collectSingletonProfiles (sfi = 00000362C72D4C79)> for optimization to TURBOFAN_JS, ConcurrencyMode::kConcurrent, reason: hot and stable]
[bailout (kind: deopt-lazy, reason: (unknown)): begin. deoptimizing 0x00cbc4a82781 <JSFunction searchCpcOnlyFrontier (sfi = 0000006FEC3CE4E1)>, 0x034e3912aea1 <Code MAGLEV>, opt id 256, bytecode offset 2072, deopt exit 193, FP to SP delta 608, caller SP 0x0060099f9e18, pc 0x022cc332b036]
[marking [marking 0x016ef3267fb9 0x000b99636691 <JSFunction deriveForkPreemption32 (sfi = 0000024884416559)> for optimization to MAGLEV, ConcurrencyMode::kConcurrent, reason: hot and stable]
<JSFunction advanceConnect4LiveLineState32 (sfi = 0000016EF325C389)> for optimization to TURBOFAN_JS, ConcurrencyMode::kConcurrent, reason: hot and stable]
[marking 0x006fec3ea211 [compiling method <JSFunction connect4RbaCofactorKnownHeight (sfi = 0000006FEC3DA6D1)> for optimization to MAGLEV, ConcurrencyMode::kConcurrent, reason: hot and stable0x000b99636691 ]
<JSFunction deriveForkPreemption32 (sfi = 0000024884416559)> (target MAGLEV), mode: ConcurrencyMode::kConcurrent]
[marking 0x024884425309 <JSFunction probeConnect4RbaSharedExactCache32 (sfi = 000002488441F551)> for optimization to TURBOFAN_JS, ConcurrencyMode::kConcurrent, reason: hot and stable]
[marking 0x024884424551 <JSFunction advanceConnect4LiveLineState32 (sfi = 0000024884418991)> for optimization to TURBOFAN_JS, ConcurrencyMode::kConcurrent, reason: hot and stable]
[marking 0x0212c4629b39 <JSFunction connect4RbaCofactorKnownHeight (sfi = 00000212C461A0F1)> for optimization to TURBOFAN_JS, ConcurrencyMode::kConcurrent, reason: hot and stable]
[marking 0x0174ba059bf9 <JSFunction collectSingletonProfiles (sfi = 000002358B986211)> for optimization to TURBOFAN_JS, ConcurrencyMode::kConcurrent, reason: hot and stable]
[compiling method 0x006fec3ea211 <JSFunction connect4RbaCofactorKnownHeight (sfi = 0000006FEC3DA6D1)> (target MAGLEV), mode: ConcurrencyMode::kConcurrent]
[marking 0x0362c72e2bc1 <JSFunction popcount3x32 (sfi = 00000362C72D98E1)> for optimization to TURBOFAN_JS, ConcurrencyMode::kConcurrent, reason: hot and stable]
[completed compiling 0x02358b993ff1 <JSFunction popcount3x32 (sfi = 000002358B98AE61)> (target TURBOFAN_JS) - took 0.001, 1.038, 0.013 ms]
[completed optimizing 0x02358b993ff1 <JSFunction popcount3x32 (sfi = 000002358B98AE61)> (target TURBOFAN_JS)]
[marking 0x0212c4629b39 <JSFunction connect4RbaCofactorKnownHeight (sfi = 00000212C461A0F1)> for optimization to TURBOFAN_JS, ConcurrencyMode::kConcurrent, reason: hot and stable]
[compiling method 0x0212c4629b39 <JSFunction connect4RbaCofactorKnownHeight (sfi = 00000212C461A0F1)> (target TURBOFAN_JS), mode: ConcurrencyMode::kConcurrent]
[marking 0x016ef3267d41 <JSFunction popcount3x32 (sfi = 0000016EF325EB59)> for optimization to TURBOFAN_JS, ConcurrencyMode::kConcurrent, reason: hot and stable]
[marking 0x006fec3e9209 <JSFunction mixSpan32Locator32 (sfi = 0000006FEC3D3409)> for optimization to TURBOFAN_JS, ConcurrencyMode::kConcurrent, reason: hot and stable]
[bailout (kind: deopt-lazy, reason: (unknown)): begin. deoptimizing 0x007730019131 <JSFunction searchCpcOnlyFrontier (sfi = 00000362C72C58E9)>, 0x015c4e9a4729 <Code MAGLEV>, opt id 191, bytecode offset 2072, deopt exit 193, FP to SP delta 608, caller SP 0x0060089fa258, pc 0x022c62b2ffd3]
[marking 0x007730018b59 <JSFunction collectSingletonProfiles (sfi = 00000362C72D4C79)> for optimization to TURBOFAN_JS, ConcurrencyMode::kConcurrent, reason: hot and stable]
[marking 0x023e389ceec1 <JSFunction collectSingletonProfiles (sfi = 00000212C461D2A9)> for optimization to TURBOFAN_JS, ConcurrencyMode::kConcurrent, reason: hot and stable]
[marking 0x0212c462b341 <JSFunction advanceConnect4LiveLineState32 (sfi = 00000212C461F729)> for optimization to TURBOFAN_JS, ConcurrencyMode::kConcurrent, reason: hot and stable]
[marking 0x03e59bd0ee41 <JSFunction cellMarked (sfi = 000003F5F4893C91)> for optimization to TURBOFAN_JS, ConcurrencyMode::kConcurrent, reason: hot and stable]
[bailout (kind: deopt-lazy, reason: (unknown)): begin. deoptimizing 0x007730019131 <JSFunction searchCpcOnlyFrontier (sfi = 00000362C72C58E9)>, 0x015c4e9a4729 <Code MAGLEV>, opt id 191, bytecode offset 2072, deopt exit 193, FP to SP delta 608, caller SP 0x0060089fa528, pc 0x022c62b2ffd3]
[marking 0x028b251dfc89 <JSFunction deriveForkPreemption32 (sfi = 0000006FEC3DD8B9)> for optimization to MAGLEV, ConcurrencyMode::kConcurrent, reason: hot and stable]
[marking 0x03e59bd0e4a1 <JSFunction permutePair3 (sfi = 000003F5F488C671)> for optimization to TURBOFAN_JS, ConcurrencyMode::kConcurrent, reason: hot and stable]
[compiling method 0x028b251dfc89 <JSFunction deriveForkPreemption32 (sfi = 0000006FEC3DD8B9)> (target MAGLEV), mode: ConcurrencyMode::kConcurrent]
[marking 0x016ef3265769 [completed compiling <JSFunction publishSpan32 (sfi = 0000016EF324FA29)> for optimization to TURBOFAN_JS, ConcurrencyMode::kConcurrent, reason: hot and stable]
0x0174ba059779 <JSFunction permutePair3 (sfi = 0000015FF387E4F9)> (target TURBOFAN_JS) - took 0.001, 1.753, 0.019 ms]
[compiling method 0x016ef3265769 [completed optimizing <JSFunction publishSpan32 (sfi = 0000016EF324FA29)> (target TURBOFAN_JS), mode: ConcurrencyMode::kConcurrent]
0x0174ba059779 <JSFunction permutePair3 (sfi = 0000015FF387E4F9)> (target TURBOFAN_JS)]
[marking 0x024884421d01 <JSFunction publishSpan32 (sfi = 000002488440C061)> for optimization to TURBOFAN_JS, ConcurrencyMode::kConcurrent, reason: hot and stable]
[marking 0x02358b995061 <JSFunction storeConnect4RbaSharedExactCache32 (sfi = 000002358B98F299)> for optimization to TURBOFAN_JS, ConcurrencyMode::kConcurrent, reason: hot and stable]
[bailout (kind: deopt-lazy, reason: (unknown)): begin. deoptimizing 0x00cbc4a82781 <JSFunction searchCpcOnlyFrontier (sfi = 0000006FEC3CE4E1)>, 0x034e3912aea1 <Code MAGLEV>, opt id 256, bytecode offset 2072, deopt exit 193, FP to SP delta 608, caller SP 0x0060099fa0e8, pc 0x022cc332b036]
[marking 0x026e68e66981 <JSFunction permutePair3 (sfi = 0000016EF3252811)> for optimization to TURBOFAN_JS, ConcurrencyMode::kConcurrent, reason: hot and stable]
[marking 0x0174ba059bf9 <JSFunction collectSingletonProfiles (sfi = 000002358B986211)> for optimization to TURBOFAN_JS, ConcurrencyMode::kConcurrent, reason: hot and stable]
[bailout (kind: deopt-eager, reason: Insufficient type feedback for binary operation): begin. deoptimizing 0x03f5f48a2c01 <JSFunction probeConnect4RbaSharedExactCache32 (sfi = 000003F5F489CD61)>, 0x03d2c1ae6ad9 <Code MAGLEV>, opt id 428, bytecode offset 128, deopt exit 17, FP to SP delta 104, caller SP 0x0060071fb818, pc 0x022bd2b67464]
[marking 0x024884424551 <JSFunction advanceConnect4LiveLineState32 (sfi = 0000024884418991)> for optimization to TURBOFAN_JS, ConcurrencyMode::kConcurrent, reason: hot and stable]
[marking 0x023e389ceec1 <JSFunction collectSingletonProfiles (sfi = 00000212C461D2A9)> for optimization to TURBOFAN_JS, ConcurrencyMode::kConcurrent, reason: hot and stable]
[marking 0x0362c72e05e9 <JSFunction publishSpan32 (sfi = 00000362C72CA7C9)> for optimization to TURBOFAN_JS, ConcurrencyMode::kConcurrent, reason: hot and stable]
[marking 0x016ef3267fb9 <JSFunction advanceConnect4LiveLineState32 (sfi = 0000016EF325C389)> for optimization to TURBOFAN_JS, ConcurrencyMode::kConcurrent, reason: hot and stable]
[completed compiling 0x02358b994269 <JSFunction advanceConnect4LiveLineState32 (sfi = 000002358B988691)> (target TURBOFAN_JS) - took 0.002, 1.213, 0.014 ms]
[completed optimizing 0x02358b994269 <JSFunction advanceConnect4LiveLineState32 (sfi = 000002358B988691)> (target TURBOFAN_JS)]
[marking 0x03e59bd0e4a1 <JSFunction permutePair3 (sfi = 000003F5F488C671)> for optimization to TURBOFAN_JS, ConcurrencyMode::kConcurrent, reason: hot and stable]
[compiling method 0x03e59bd0e4a1 <JSFunction permutePair3 (sfi = 000003F5F488C671)> (target TURBOFAN_JS), mode: ConcurrencyMode::kConcurrent]
[marking 0x0212c462b341 <JSFunction advanceConnect4LiveLineState32 (sfi = 00000212C461F729)> for optimization to TURBOFAN_JS, ConcurrencyMode::kConcurrent, reason: hot and stable]
[marking [marking 0x007730018b59 0x006fec3e9209 <JSFunction collectSingletonProfiles (sfi = 00000362C72D4C79)> for optimization to TURBOFAN_JS, ConcurrencyMode::kConcurrent, reason: hot and stable]
<JSFunction mixSpan32Locator32 (sfi = 0000006FEC3D3409)> for optimization to TURBOFAN_JS, ConcurrencyMode::kConcurrent, reason: hot and stable]
[marking 0x0248844242d9 [marking 0x03f5f48a0681 <JSFunction popcount3x32 (sfi = 000002488441B161)> for optimization to TURBOFAN_JS, ConcurrencyMode::kConcurrent, reason: hot and stable]
<JSFunction connect4RbaCanonicalize (sfi = 000003F5F4890BC9)> for optimization to TURBOFAN_JS, ConcurrencyMode::kConcurrent, reason: hot and stable]
[marking 0x023e389ceec1 <JSFunction collectSingletonProfiles (sfi = 00000212C461D2A9)> for optimization to TURBOFAN_JS, ConcurrencyMode::kConcurrent, reason: hot and stable]
[marking [marking 0x024884421d01 <JSFunction publishSpan32 (sfi = 000002488440C061)>0x0174ba059bf9 for optimization to TURBOFAN_JS, ConcurrencyMode::kConcurrent, reason: hot and stable ]
<JSFunction collectSingletonProfiles (sfi = 000002358B986211)> for optimization to TURBOFAN_JS, ConcurrencyMode::kConcurrent, reason: hot and stable]
[completed compiling 0x0362c72e2e39 <JSFunction advanceConnect4LiveLineState32 (sfi = 00000362C72D70F9)> (target TURBOFAN_JS) - took 0.002, 1.427, 0.013 ms]
[completed optimizing 0x0362c72e2e39 <JSFunction advanceConnect4LiveLineState32 (sfi = 00000362C72D70F9)> (target TURBOFAN_JS)]
[marking 0x00cbc4a84281 <JSFunction subsetDensePrepared (sfi = 0000006FEC3D6119)> for optimization to TURBOFAN_JS, ConcurrencyMode::kConcurrent, reason: hot and stable]
[compiling method 0x00cbc4a84281 <JSFunction subsetDensePrepared (sfi = 0000006FEC3D6119)> (target TURBOFAN_JS), mode: ConcurrencyMode::kConcurrent]
[marking 0x0212c4628af1 <JSFunction publishSpan32 (sfi = 00000212C4612DE1)> for optimization to TURBOFAN_JS, ConcurrencyMode::kConcurrent, reason: hot and stable]
[marking 0x016ef3267fb9 <JSFunction advanceConnect4LiveLineState32 (sfi = 0000016EF325C389)> for optimization to TURBOFAN_JS, ConcurrencyMode::kConcurrent, reason: hot and stable]
[marking 0x0212c462b341 <JSFunction advanceConnect4LiveLineState32 (sfi = 00000212C461F729)> for optimization to TURBOFAN_JS, ConcurrencyMode::kConcurrent, reason: hot and stable]
[compiling method 0x0212c462b341 <JSFunction advanceConnect4LiveLineState32 (sfi = 00000212C461F729)> (target TURBOFAN_JS), mode: ConcurrencyMode::kConcurrent]
[completed compiling 0x016ef3265769 <JSFunction publishSpan32 (sfi = 0000016EF324FA29)> (target TURBOFAN_JS) - took 0.002, 0.964, 0.010 ms]
[completed optimizing 0x016ef3265769 <JSFunction publishSpan32 (sfi = 0000016EF324FA29)> (target TURBOFAN_JS)]
[marking 0x023e389ceec1 <JSFunction collectSingletonProfiles (sfi = 00000212C461D2A9)> for optimization to TURBOFAN_JS, ConcurrencyMode::kConcurrent, reason: hot and stable]
[marking 0x024884424551 <JSFunction advanceConnect4LiveLineState32 (sfi = 0000024884418991)> for optimization to TURBOFAN_JS, ConcurrencyMode::kConcurrent, reason: hot and stable]
[marking 0x007730018b59 <JSFunction collectSingletonProfiles (sfi = 00000362C72D4C79)> for optimization to TURBOFAN_JS, ConcurrencyMode::kConcurrent, reason: hot and stable]
[marking 0x016ef3267d41 <JSFunction popcount3x32 (sfi = 0000016EF325EB59)> for optimization to TURBOFAN_JS, ConcurrencyMode::kConcurrent, reason: hot and stable]
[marking 0x023e389ce4a1 <JSFunction permutePair3 (sfi = 00000212C4615BC9)>[marking  for optimization to TURBOFAN_JS, ConcurrencyMode::kConcurrent, reason: hot and stable]
0x0362c72e3bf1 <JSFunction probeConnect4RbaSharedExactCache32 (sfi = 00000362C72DDCD1)> for optimization to TURBOFAN_JS, ConcurrencyMode::kConcurrent, reason: hot and stable]
[marking 0x006fec3e9209 <JSFunction mixSpan32Locator32 (sfi = 0000006FEC3D3409)> for optimization to TURBOFAN_JS, ConcurrencyMode::kConcurrent, reason: hot and stable]
[marking 0x02358b995061 <JSFunction storeConnect4RbaSharedExactCache32 (sfi = 000002358B98F299)> for optimization to TURBOFAN_JS, ConcurrencyMode::kConcurrent, reason: hot and stable]
[marking 0x0174ba059bf9 <JSFunction collectSingletonProfiles (sfi = 000002358B986211)> for optimization to TURBOFAN_JS, ConcurrencyMode::kConcurrent, reason: hot and stable]
[marking 0x023e389ceec1 <JSFunction collectSingletonProfiles (sfi = 00000212C461D2A9)> for optimization to TURBOFAN_JS, ConcurrencyMode::kConcurrent, reason: hot and stable]
[marking 0x007730019131 <JSFunction searchCpcOnlyFrontier (sfi = 00000362C72C58E9)> for optimization to MAGLEV, ConcurrencyMode::kConcurrent, reason: hot and stable]
[compiling method 0x007730019131 <JSFunction searchCpcOnlyFrontier (sfi = 00000362C72C58E9)> (target MAGLEV), mode: ConcurrencyMode::kConcurrent]
[marking 0x007730018b59 <JSFunction collectSingletonProfiles (sfi = 00000362C72D4C79)> for optimization to TURBOFAN_JS, ConcurrencyMode::kConcurrent, reason: hot and stable]
[marking 0x0362c72e2bc1 <JSFunction popcount3x32 (sfi = 00000362C72D98E1)> for optimization to TURBOFAN_JS, ConcurrencyMode::kConcurrent, reason: hot and stable]
[marking 0x0212c4628af1 <JSFunction publishSpan32 (sfi = 00000212C4612DE1)> for optimization to TURBOFAN_JS, ConcurrencyMode::kConcurrent, reason: hot and stable]
[marking 0x016ef3267fb9 <JSFunction advanceConnect4LiveLineState32 (sfi = 0000016EF325C389)> for optimization to TURBOFAN_JS, ConcurrencyMode::kConcurrent, reason: hot and stable]
[marking 0x026e68e66981 <JSFunction permutePair3 (sfi = 0000016EF3252811)> for optimization to TURBOFAN_JS, ConcurrencyMode::kConcurrent, reason: hot and stable]
[marking 0x02358b992aa1 <JSFunction connect4RbaCanonicalize (sfi = 000002358B9830B9)> for optimization to TURBOFAN_JS, ConcurrencyMode::kConcurrent, reason: hot and stable]
[marking 0x0362c72e05e9 <JSFunction publishSpan32 (sfi = 00000362C72CA7C9)> for optimization to TURBOFAN_JS, ConcurrencyMode::kConcurrent, reason: hot and stable]
[marking 0x007730018b59 <JSFunction collectSingletonProfiles (sfi = 00000362C72D4C79)> for optimization to TURBOFAN_JS, ConcurrencyMode::kConcurrent, reason: hot and stable]
[marking 0x023e389ceec1 <JSFunction collectSingletonProfiles (sfi = 00000212C461D2A9)> for optimization to TURBOFAN_JS, ConcurrencyMode::kConcurrent, reason: hot and stable]
[marking 0x03e59bd0ee41 <JSFunction cellMarked (sfi = 000003F5F4893C91)> for optimization to TURBOFAN_JS, ConcurrencyMode::kConcurrent, reason: hot and stable]
[marking 0x006fec3e9209 <JSFunction mixSpan32Locator32 (sfi = 0000006FEC3D3409)> for optimization to TURBOFAN_JS, ConcurrencyMode::kConcurrent, reason: hot and stable]
[marking 0x024884424551 <JSFunction advanceConnect4LiveLineState32 (sfi = 0000024884418991)> for optimization to TURBOFAN_JS, ConcurrencyMode::kConcurrent, reason: hot and stable[compiling method ]
[completed compiling 0x006fec3e9209 0x0077300186d9 <JSFunction mixSpan32Locator32 (sfi = 0000006FEC3D3409)><JSFunction permutePair3 (sfi = 00000362C72CD5B1)> (target TURBOFAN_JS), mode: ConcurrencyMode::kConcurrent]
 (target TURBOFAN_JS) - took 0.002, 1.591, 0.014 ms]
[compiling method [completed optimizing 0x0077300186d9 0x024884424551 <JSFunction permutePair3 (sfi = 00000362C72CD5B1)> (target TURBOFAN_JS)]
<JSFunction advanceConnect4LiveLineState32 (sfi = 0000024884418991)> (target TURBOFAN_JS), mode: ConcurrencyMode::kConcurrent]
[bailout (kind: deopt-lazy, reason: (unknown)): begin. deoptimizing 0x00cbc4a82781 <JSFunction searchCpcOnlyFrontier (sfi = 0000006FEC3CE4E1)>, 0x034e3912aea1 <Code MAGLEV>, opt id 256, bytecode offset 2072, deopt exit 193, FP to SP delta 608, caller SP 0x0060099fa3b8, pc 0x022cc332b036]
[marking 0x0174ba059bf9 <JSFunction collectSingletonProfiles (sfi = 000002358B986211)> for optimization to TURBOFAN_JS, ConcurrencyMode::kConcurrent, reason: hot and stable]
[marking 0x0248844242d9 <JSFunction popcount3x32 (sfi = 000002488441B161)> for optimization to TURBOFAN_JS, ConcurrencyMode::kConcurrent, reason: hot and stable]
[marking 0x016ef3267fb9 <JSFunction advanceConnect4LiveLineState32 (sfi = 0000016EF325C389)> for optimization to TURBOFAN_JS, ConcurrencyMode::kConcurrent, reason: hot and stable]
[marking 0x007730018b59 <JSFunction collectSingletonProfiles (sfi = 00000362C72D4C79)> for optimization to TURBOFAN_JS, ConcurrencyMode::kConcurrent, reason: hot and stable]
[marking 0x03f5f48a0681 <JSFunction connect4RbaCanonicalize (sfi = 000003F5F4890BC9)> for optimization to TURBOFAN_JS, ConcurrencyMode::kConcurrent, reason: hot and stable]
[marking 0x023e389ceec1 <JSFunction collectSingletonProfiles (sfi = 00000212C461D2A9)> for optimization to TURBOFAN_JS, ConcurrencyMode::kConcurrent, reason: hot and stable]
[compiling method 0x023e389ceec1 <JSFunction collectSingletonProfiles (sfi = 00000212C461D2A9)> (target TURBOFAN_JS), mode: ConcurrencyMode::kConcurrent]
[completed compiling 0x0362c72e1631 <JSFunction connect4RbaCofactorKnownHeight (sfi = 00000362C72D1AD9)> (target TURBOFAN_JS) - took 0.002, 15.303, 0.047 ms]
[completed optimizing 0x0362c72e1631 <JSFunction connect4RbaCofactorKnownHeight (sfi = 00000362C72D1AD9)> (target TURBOFAN_JS)]
[marking 0x024884421d01 <JSFunction publishSpan32 (sfi = 000002488440C061)> for optimization to TURBOFAN_JS, ConcurrencyMode::kConcurrent, reason: hot and stable]
[marking 0x0174ba059bf9 <JSFunction collectSingletonProfiles (sfi = 000002358B986211)> for optimization to TURBOFAN_JS, ConcurrencyMode::kConcurrent, reason: hot and stable]
[marking 0x024884424551 <JSFunction advanceConnect4LiveLineState32 (sfi = 0000024884418991)> for optimization to TURBOFAN_JS, ConcurrencyMode::kConcurrent, reason: hot and stable]
[marking 0x0212c4628af1 <JSFunction publishSpan32 (sfi = 00000212C4612DE1)> for optimization to TURBOFAN_JS, ConcurrencyMode::kConcurrent, reason: hot and stable]
[marking 0x016ef3267fb9 <JSFunction advanceConnect4LiveLineState32 (sfi = 0000016EF325C389)> for optimization to TURBOFAN_JS, ConcurrencyMode::kConcurrent, reason: hot and stable]
[completed compiling [compiling method [compiling method 0x016ef3267fb9 0x03f5f48a0641 0x0212c4628af1 <JSFunction advanceConnect4LiveLineState32 (sfi = 0000016EF325C389)> (target TURBOFAN_JS), mode: ConcurrencyMode::kConcurrent]
<JSFunction publishSpan32 (sfi = 00000212C4612DE1)><JSFunction connect4RbaCofactorKnownHeight (sfi = 000003F5F4890B81)> (target TURBOFAN_JS) (target TURBOFAN_JS), mode: ConcurrencyMode::kConcurrent - took 0.001, 12.280, 0.065 ms]
]
[completed optimizing 0x03f5f48a0641 <JSFunction connect4RbaCofactorKnownHeight (sfi = 000003F5F4890B81)> (target TURBOFAN_JS)]
[marking 0x016ef3267d41 <JSFunction popcount3x32 (sfi = 0000016EF325EB59)> for optimization to TURBOFAN_JS, ConcurrencyMode::kConcurrent, reason: hot and stable]
[marking 0x0174ba059bf9 <JSFunction collectSingletonProfiles (sfi = 000002358B986211)> for optimization to TURBOFAN_JS, ConcurrencyMode::kConcurrent, reason: hot and stable]
[marking 0x02358b995061 <JSFunction storeConnect4RbaSharedExactCache32 (sfi = 000002358B98F299)> for optimization to TURBOFAN_JS, ConcurrencyMode::kConcurrent, reason: hot and stable]
[marking 0x0174ba05a091 <JSFunction probeConnect4RbaExactCacheSlot32Frontier (sfi = 0000015FF38766C9)> for optimization to TURBOFAN_JS, ConcurrencyMode::kConcurrent, reason: hot and stable]
[completed compiling 0x02358b991a19 <JSFunction publishSpan32 (sfi = 0000015FF387B711)> (target TURBOFAN_JS) - took 0.002, 0.479, 0.009 ms]
[completed optimizing 0x02358b991a19 <JSFunction publishSpan32 (sfi = 0000015FF387B711)> (target TURBOFAN_JS)]
[marking 0x007730018b59 [compiling method 0x02358b995061 <JSFunction storeConnect4RbaSharedExactCache32 (sfi = 000002358B98F299)> (target TURBOFAN_JS), mode: ConcurrencyMode::kConcurrent]
<JSFunction collectSingletonProfiles (sfi = 00000362C72D4C79)> for optimization to TURBOFAN_JS, ConcurrencyMode::kConcurrent, reason: hot and stable]
[marking 0x007730018b99 <JSFunction deriveForkPreemption32 (sfi = 00000362C72D4CC1)> for optimization to MAGLEV, ConcurrencyMode::kConcurrent, reason: hot and stable]
[compiling method 0x007730018b99 <JSFunction deriveForkPreemption32 (sfi = 00000362C72D4CC1)> (target MAGLEV), mode: ConcurrencyMode::kConcurrent]
[marking 0x026e68e66981 <JSFunction permutePair3 (sfi = 0000016EF3252811)> for optimization to TURBOFAN_JS, ConcurrencyMode::kConcurrent, reason: hot and stable]
[marking 0x026e68e66e41 <JSFunction deriveForkPreemption32 (sfi = 0000016EF3259F51)> for optimization to MAGLEV, ConcurrencyMode::kConcurrent, reason: hot and stable]
[compiling method 0x026e68e66e41 <JSFunction deriveForkPreemption32 (sfi = 0000016EF3259F51)> (target MAGLEV), mode: ConcurrencyMode::kConcurrent]
[marking 0x0174ba059bf9 <JSFunction collectSingletonProfiles (sfi = 000002358B986211)>[completed compiling  for optimization to TURBOFAN_JS, ConcurrencyMode::kConcurrent, reason: hot and stable]
0x03e59bd0e4a1 <JSFunction permutePair3 (sfi = 000003F5F488C671)> (target TURBOFAN_JS) - took 0.003, 2.054, 0.010 ms]
[completed optimizing [compiling method 0x03e59bd0e4a1 0x0174ba059bf9 <JSFunction permutePair3 (sfi = 000003F5F488C671)><JSFunction collectSingletonProfiles (sfi = 000002358B986211)> (target TURBOFAN_JS) (target TURBOFAN_JS)]
, mode: ConcurrencyMode::kConcurrent]
[marking 0x024884425309 <JSFunction probeConnect4RbaSharedExactCache32 (sfi = 000002488441F551)> for optimization to TURBOFAN_JS, ConcurrencyMode::kConcurrent, reason: hot and stable]
[bailout (kind: deopt-eager, reason: Insufficient type feedback for binary operation): begin. deoptimizing 0x016ef32667b1 <JSFunction connect4RbaCofactorKnownHeight (sfi = 0000016EF3256D51)>, 0x018cd806b3e1 <Code TURBOFAN_JS>, opt id 31, bytecode offset 461, deopt exit 228, FP to SP delta 304, caller SP 0x00600a1f81c8, pc 0x022ce3329de2]
[marking 0x024884421d01 <JSFunction publishSpan32 (sfi = 000002488440C061)> for optimization to TURBOFAN_JS, ConcurrencyMode::kConcurrent, reason: hot and stable]
[marking 0x023e389ce4a1 [bailout (kind: deopt-eager, reason: Insufficient type feedback for call): begin. deoptimizing 0x026e68e673d9 <JSFunction permutePair3 (sfi = 00000212C4615BC9)><JSFunction searchCpcOnlyFrontier (sfi = 0000016EF324AB49)>,  for optimization to TURBOFAN_JS, ConcurrencyMode::kConcurrent, reason: hot and stable[marking 0x01768e6f4479 <Code MAGLEV>]
, opt id 62, bytecode offset 974, deopt exit 166, FP to SP delta 608, caller SP 0x00600a1f8498, pc 0x022ce336723c]
0x03e59bd0ee41 <JSFunction cellMarked (sfi = 000003F5F4893C91)> for optimization to TURBOFAN_JS, ConcurrencyMode::kConcurrent, reason: hot and stable]
[bailout (kind: deopt-lazy, reason: (unknown)): begin. deoptimizing 0x026e68e673d9 <JSFunction searchCpcOnlyFrontier (sfi = 0000016EF324AB49)>, 0x01768e6f4479 <Code MAGLEV>, opt id 62, bytecode offset 2072, deopt exit 192, FP to SP delta 608, caller SP 0x00600a1f8768, pc 0x022ce33672a4]
[marking 0x0212c462b0c9 <JSFunction popcount3x32 (sfi = 00000212C4621EF9)> for optimization to TURBOFAN_JS, ConcurrencyMode::kConcurrent, reason: hot and stable]
[completed compiling 0x026e68e66e01 <JSFunction collectSingletonProfiles (sfi = 0000016EF3259F09)> (target TURBOFAN_JS) - took 0.002, 3.629, 0.016 ms]
[completed optimizing 0x026e68e66e01 <JSFunction collectSingletonProfiles (sfi = 0000016EF3259F09)> (target TURBOFAN_JS)]
[bailout (kind: deopt-lazy, reason: (unknown)): begin. deoptimizing 0x026e68e673d9 <JSFunction searchCpcOnlyFrontier (sfi = 0000016EF324AB49)>, 0x01768e6f4479 <Code MAGLEV>, opt id 62, bytecode offset 2072, deopt exit 192, FP to SP delta 608, caller SP 0x00600a1f8a38, pc 0x022ce33672a4]
[bailout (kind: deopt-lazy, reason: (unknown)): begin. deoptimizing 0x026e68e673d9 <JSFunction searchCpcOnlyFrontier (sfi = 0000016EF324AB49)>, 0x01768e6f4479 <Code MAGLEV>, opt id 62, bytecode offset 2072, deopt exit 192, FP to SP delta 608, caller SP 0x00600a1f8d08, pc 0x022ce33672a4]
[bailout (kind: deopt-lazy, reason: (unknown)): begin. deoptimizing 0x026e68e673d9 <JSFunction searchCpcOnlyFrontier (sfi = 0000016EF324AB49)>, 0x01768e6f4479 <Code MAGLEV>, opt id 62, bytecode offset 2072, deopt exit 192, FP to SP delta 608, caller SP 0x00600a1f8fd8, pc 0x022ce33672a4]
[bailout (kind: deopt-lazy, reason: (unknown)): begin. deoptimizing 0x026e68e673d9 <JSFunction searchCpcOnlyFrontier (sfi = 0000016EF324AB49)>, 0x01768e6f4479 <Code MAGLEV>, opt id 62, bytecode offset 2072, deopt exit 192, FP to SP delta 608, caller SP 0x00600a1f92a8, pc 0x022ce33672a4]
[bailout (kind: deopt-lazy, reason: (unknown)): begin. deoptimizing 0x026e68e673d9 <JSFunction searchCpcOnlyFrontier (sfi = 0000016EF324AB49)>, 0x01768e6f4479 <Code MAGLEV>, opt id 62, bytecode offset 2072, deopt exit 192, FP to SP delta 608, caller SP 0x00600a1f9578, pc 0x022ce33672a4]
[marking 0x0362c72e05e9 <JSFunction publishSpan32 (sfi = 00000362C72CA7C9)> for optimization to TURBOFAN_JS, ConcurrencyMode::kConcurrent, reason: hot and stable]
[compiling method [bailout (kind: deopt-lazy, reason: (unknown)): begin. deoptimizing 0x0362c72e05e9 <JSFunction publishSpan32 (sfi = 00000362C72CA7C9)> (target TURBOFAN_JS), mode: ConcurrencyMode::kConcurrent0x026e68e673d9]
 <JSFunction searchCpcOnlyFrontier (sfi = 0000016EF324AB49)>, 0x01768e6f4479 <Code MAGLEV>, opt id 62, bytecode offset 2072, deopt exit 192, FP to SP delta 608, caller SP 0x00600a1f9848, pc 0x022ce33672a4]
[bailout (kind: deopt-lazy, reason: (unknown)): begin. deoptimizing 0x026e68e673d9 <JSFunction searchCpcOnlyFrontier (sfi = 0000016EF324AB49)>, 0x01768e6f4479 <Code MAGLEV>, opt id 62, bytecode offset 2072, deopt exit 192, FP to SP delta 608, caller SP 0x00600a1f9b18, pc 0x022ce33672a4]
[completed compiling 0x0212c462b341 <JSFunction advanceConnect4LiveLineState32 (sfi = 00000212C461F729)> (target TURBOFAN_JS) - took 0.002, 0.757, 0.018 ms]
[completed optimizing 0x0212c462b341 <JSFunction advanceConnect4LiveLineState32 (sfi = 00000212C461F729)> (target TURBOFAN_JS)]
[marking 0x016ef32667b1 <JSFunction connect4RbaCofactorKnownHeight (sfi = 0000016EF3256D51)> for optimization to MAGLEV, ConcurrencyMode::kConcurrent, reason: hot and stable]
[marking 0x024884424551 <JSFunction advanceConnect4LiveLineState32 (sfi = 0000024884418991)> for optimization to TURBOFAN_JS, ConcurrencyMode::kConcurrent, reason: hot and stable]
[compiling method 0x016ef32667b1 <JSFunction connect4RbaCofactorKnownHeight (sfi = 0000016EF3256D51)> (target MAGLEV), mode: ConcurrencyMode::kConcurrent]
[compiling method 0x024884424551 <JSFunction advanceConnect4LiveLineState32 (sfi = 0000024884418991)> (target TURBOFAN_JS), mode: ConcurrencyMode::kConcurrent]
[marking 0x0248844242d9 <JSFunction popcount3x32 (sfi = 000002488441B161)> for optimization to TURBOFAN_JS, ConcurrencyMode::kConcurrent, reason: hot and stable]
[marking 0x02358b992aa1 <JSFunction connect4RbaCanonicalize (sfi = 000002358B9830B9)> for optimization to TURBOFAN_JS, ConcurrencyMode::kConcurrent, reason: hot and stable]
[completed compiling [bailout (kind: deopt-lazy, reason: (unknown)): begin. deoptimizing 0x026e68e673d9 0x006fec3e9209 <JSFunction searchCpcOnlyFrontier (sfi = 0000016EF324AB49)>, 0x01768e6f4479 <Code MAGLEV>, opt id 62, bytecode offset 2072, deopt exit 192, FP to SP delta 608, caller SP 0x00600a1f9de8, pc 0x022ce33672a4]
<JSFunction mixSpan32Locator32 (sfi = 0000006FEC3D3409)> (target TURBOFAN_JS) - took 0.003, 0.556, 0.012 ms]
[completed optimizing 0x006fec3e9209 <JSFunction mixSpan32Locator32 (sfi = 0000006FEC3D3409)> (target TURBOFAN_JS)]
[bailout (kind: deopt-lazy, reason: (unknown)): begin. deoptimizing 0x026e68e673d9 <JSFunction searchCpcOnlyFrontier (sfi = 0000016EF324AB49)>, 0x01768e6f4479 <Code MAGLEV>, opt id 62, bytecode offset 2072, deopt exit 192, FP to SP delta 608, caller SP 0x00600a1fa0b8, pc 0x022ce33672a4]
[bailout (kind: deopt-lazy, reason: (unknown)): begin. deoptimizing 0x026e68e673d9 <JSFunction searchCpcOnlyFrontier (sfi = 0000016EF324AB49)>, 0x01768e6f4479 <Code MAGLEV>, opt id 62, bytecode offset 2072, deopt exit 192, FP to SP delta 608, caller SP 0x00600a1fa388, pc 0x022ce33672a4]
[marking 0x007730018b59 <JSFunction collectSingletonProfiles (sfi = 00000362C72D4C79)> for optimization to TURBOFAN_JS, ConcurrencyMode::kConcurrent, reason: hot and stable]
[marking 0x0362c72e2bc1 <JSFunction popcount3x32 (sfi = 00000362C72D98E1)> for optimization to TURBOFAN_JS, ConcurrencyMode::kConcurrent, reason: hot and stable]
[compiling method 0x0362c72e2bc1 <JSFunction popcount3x32 (sfi = 00000362C72D98E1)> (target TURBOFAN_JS), mode: ConcurrencyMode::kConcurrent]
[completed compiling 0x03f5f48a1e49 <JSFunction advanceConnect4LiveLineState32 (sfi = 000003F5F48961A1)> (target TURBOFAN_JS) - took 0.002, 1.037, 0.017 ms]
[completed optimizing 0x03f5f48a1e49 <JSFunction advanceConnect4LiveLineState32 (sfi = 000003F5F48961A1)> (target TURBOFAN_JS)]
[marking 0x0174ba05a091 <JSFunction probeConnect4RbaExactCacheSlot32Frontier (sfi = 0000015FF38766C9)> for optimization to TURBOFAN_JS, ConcurrencyMode::kConcurrent, reason: hot and stable]
[compiling method 0x0174ba05a091 <JSFunction probeConnect4RbaExactCacheSlot32Frontier (sfi = 0000015FF38766C9)> (target TURBOFAN_JS), mode: ConcurrencyMode::kConcurrent]
[marking 0x03f5f48a0681 <JSFunction connect4RbaCanonicalize (sfi = 000003F5F4890BC9)> for optimization to TURBOFAN_JS, ConcurrencyMode::kConcurrent, reason: hot and stable]
[completed compiling 0x00cbc4a84281 <JSFunction subsetDensePrepared (sfi = 0000006FEC3D6119)> (target TURBOFAN_JS) - took 0.003, 0.358, 0.004 ms]
[completed optimizing 0x00cbc4a84281 <JSFunction subsetDensePrepared (sfi = 0000006FEC3D6119)> (target TURBOFAN_JS)]
[marking 0x0212c4628af1 <JSFunction publishSpan32 (sfi = 00000212C4612DE1)> for optimization to TURBOFAN_JS, ConcurrencyMode::kConcurrent, reason: hot and stable]
[compiling method 0x0212c4628af1 <JSFunction publishSpan32 (sfi = 00000212C4612DE1)> (target TURBOFAN_JS), mode: ConcurrencyMode::kConcurrent]
[marking 0x024884421d01 <JSFunction publishSpan32 (sfi = 000002488440C061)> for optimization to TURBOFAN_JS, ConcurrencyMode::kConcurrent, reason: hot and stable]
[marking 0x03e59bd0ee41 <JSFunction cellMarked (sfi = 000003F5F4893C91)> for optimization to TURBOFAN_JS, ConcurrencyMode::kConcurrent, reason: hot and stable]
[completed compiling 0x000b99636d71 <JSFunction collectSingletonProfiles (sfi = 0000024884416511)> (target TURBOFAN_JS) - took 0.002, 3.203, 0.025 ms]
[completed optimizing 0x000b99636d71 <JSFunction collectSingletonProfiles (sfi = 0000024884416511)> (target TURBOFAN_JS)]
[completed compiling 0x016ef3268db1 <JSFunction storeConnect4RbaSharedExactCache32 (sfi = 0000016EF3262F91)> (target TURBOFAN_JS) - took 0.002, 2.134, 0.023 ms]
[completed optimizing 0x016ef3268db1 <JSFunction storeConnect4RbaSharedExactCache32 (sfi = 0000016EF3262F91)> (target TURBOFAN_JS)]
[marking 0x0362c72e3bf1 <JSFunction probeConnect4RbaSharedExactCache32 (sfi = 00000362C72DDCD1)> for optimization to TURBOFAN_JS, ConcurrencyMode::kConcurrent, reason: hot and stable]
[compiling method 0x0362c72e3bf1 <JSFunction probeConnect4RbaSharedExactCache32 (sfi = 00000362C72DDCD1)> (target TURBOFAN_JS), mode: ConcurrencyMode::kConcurrent]
[marking 0x016ef3267d41 <JSFunction popcount3x32 (sfi = 0000016EF325EB59)> for optimization to TURBOFAN_JS, ConcurrencyMode::kConcurrent, reason: hot and stable]
[compiling method 0x016ef3267d41 <JSFunction popcount3x32 (sfi = 0000016EF325EB59)> (target TURBOFAN_JS), mode: ConcurrencyMode::kConcurrent]
[marking 0x007730018b59 <JSFunction collectSingletonProfiles (sfi = 00000362C72D4C79)> for optimization to TURBOFAN_JS, ConcurrencyMode::kConcurrent, reason: hot and stable]
[marking 0x0174ba059c39 <JSFunction deriveForkPreemption32 (sfi = 000002358B986259)> for optimization to MAGLEV, ConcurrencyMode::kConcurrent, reason: hot and stable]
[compiling method 0x0174ba059c39 <JSFunction deriveForkPreemption32 (sfi = 000002358B986259)> (target MAGLEV), mode: ConcurrencyMode::kConcurrent]
[marking 0x024884425349 <JSFunction storeConnect4RbaSharedExactCache32 (sfi = 000002488441F599)> for optimization to TURBOFAN_JS, ConcurrencyMode::kConcurrent, reason: hot and stable]
[completed compiling 0x023e389ceec1 <JSFunction collectSingletonProfiles (sfi = 00000212C461D2A9)> (target TURBOFAN_JS) - took 0.003, 1.781, 0.025 ms]
[completed optimizing 0x023e389ceec1 <JSFunction collectSingletonProfiles (sfi = 00000212C461D2A9)> (target TURBOFAN_JS)]
[marking 0x02358b992aa1 <JSFunction connect4RbaCanonicalize (sfi = 000002358B9830B9)> for optimization to TURBOFAN_JS, ConcurrencyMode::kConcurrent, reason: hot and stable]
[compiling method 0x02358b992aa1 <JSFunction connect4RbaCanonicalize (sfi = 000002358B9830B9)> (target TURBOFAN_JS), mode: ConcurrencyMode::kConcurrent]
[marking 0x0248844242d9 <JSFunction popcount3x32 (sfi = 000002488441B161)> for optimization to TURBOFAN_JS, ConcurrencyMode::kConcurrent, reason: hot and stable]
[compiling method 0x0248844242d9 [completed compiling 0x016ef3267fb9 <JSFunction popcount3x32 (sfi = 000002488441B161)> (target TURBOFAN_JS), mode: ConcurrencyMode::kConcurrent]
[22880:0000022C82C03000]      169 ms: Scavenge 8.7 (12.1) -> 7.5 (12.4) MB, pooled: 0.0 MB, 0.72 / 0.00 ms (average mu = 1.000, current mu = 1.000) allocation failure; 
<JSFunction advanceConnect4LiveLineState32 (sfi = 0000016EF325C389)> (target TURBOFAN_JS) - took 0.002, 1.086, 0.006 ms]
[completed optimizing 0x016ef3267fb9 <JSFunction advanceConnect4LiveLineState32 (sfi = 0000016EF325C389)> (target TURBOFAN_JS)]
[marking 0x024884421d01 [marking <JSFunction publishSpan32 (sfi = 000002488440C061)> for optimization to TURBOFAN_JS, ConcurrencyMode::kConcurrent, reason: hot and stable0x0035ebcd6211 ]
<JSFunction permutePair3 (sfi = 0000006FEC3D61A9)> for optimization to TURBOFAN_JS, ConcurrencyMode::kConcurrent, reason: hot and stable]
[marking 0x0212c462b0c9 <JSFunction popcount3x32 (sfi = 00000212C4621EF9)> for optimization to TURBOFAN_JS, ConcurrencyMode::kConcurrent, reason: hot and stable]
[marking [marking 0x023e389ce4a1 <JSFunction permutePair3 (sfi = 00000212C4615BC9)>0x007730018b59 for optimization to TURBOFAN_JS, ConcurrencyMode::kConcurrent, reason: hot and stable ]
<JSFunction collectSingletonProfiles (sfi = 00000362C72D4C79)> for optimization to TURBOFAN_JS, ConcurrencyMode::kConcurrent, reason: hot and stable]
[marking 0x03e59bd0ee41 <JSFunction cellMarked (sfi = 000003F5F4893C91)> for optimization to TURBOFAN_JS, ConcurrencyMode::kConcurrent, reason: hot and stable]
[marking 0x03f5f48a0681 <JSFunction connect4RbaCanonicalize (sfi = 000003F5F4890BC9)> for optimization to TURBOFAN_JS, ConcurrencyMode::kConcurrent, reason: hot and stable]
[completed compiling 0x0362c72e05e9 <JSFunction publishSpan32 (sfi = 00000362C72CA7C9)> (target TURBOFAN_JS) - took 0.002, 0.640, 0.012 ms]
[completed optimizing 0x0362c72e05e9 <JSFunction publishSpan32 (sfi = 00000362C72CA7C9)> (target TURBOFAN_JS)]
[marking 0x026e68e67299 <JSFunction probeConnect4RbaExactCacheSlot32Frontier (sfi = 0000016EF324A9E1)> for optimization to TURBOFAN_JS, ConcurrencyMode::kConcurrent, reason: hot and stable]
[compiling method 0x026e68e67299 <JSFunction probeConnect4RbaExactCacheSlot32Frontier (sfi = 0000016EF324A9E1)> (target TURBOFAN_JS), mode: ConcurrencyMode::kConcurrent]
[marking 0x007730018b59 <JSFunction collectSingletonProfiles (sfi = 00000362C72D4C79)> for optimization to TURBOFAN_JS, ConcurrencyMode::kConcurrent, reason: hot and stable]
[marking 0x023e389cef01 <JSFunction deriveForkPreemption32 (sfi = 00000212C461D2F1)> for optimization to MAGLEV, ConcurrencyMode::kConcurrent, reason: hot and stable]
[marking 0x024884421d01 [compiling method <JSFunction publishSpan32 (sfi = 000002488440C061)> for optimization to TURBOFAN_JS, ConcurrencyMode::kConcurrent, reason: hot and stable0x023e389cef01]
 <JSFunction deriveForkPreemption32 (sfi = 00000212C461D2F1)> (target MAGLEV), mode: ConcurrencyMode::kConcurrent]
[bailout (kind: deopt-lazy, reason: (unknown)): begin. deoptimizing 0x007730019131 <JSFunction searchCpcOnlyFrontier (sfi = 00000362C72C58E9)>, 0x015c4e9a4729 <Code MAGLEV>, opt id 191, bytecode offset 2072, deopt exit 193, FP to SP delta 608, caller SP 0x0060089fa7f8, pc 0x022c62b2ffd3]
[bailout (kind: deopt-lazy, reason: (unknown)): begin. deoptimizing 0x007730019131 <JSFunction searchCpcOnlyFrontier (sfi = 00000362C72C58E9)>, 0x015c4e9a4729 <Code MAGLEV>, opt id 191, bytecode offset 2072, deopt exit 193, FP to SP delta 608, caller SP 0x0060089faac8, pc 0x022c62b2ffd3]
[marking 0x024884425349 <JSFunction storeConnect4RbaSharedExactCache32 (sfi = 000002488441F599)> for optimization to TURBOFAN_JS, ConcurrencyMode::kConcurrent, reason: hot and stable]
[completed compiling 0x024884424551 <JSFunction advanceConnect4LiveLineState32 (sfi = 0000024884418991)> (target TURBOFAN_JS) - took 0.002, 1.073, 0.012 ms]
[completed optimizing 0x024884424551 <JSFunction advanceConnect4LiveLineState32 (sfi = 0000024884418991)> (target TURBOFAN_JS)]
[marking 0x026e68e673d9 <JSFunction searchCpcOnlyFrontier (sfi = 0000016EF324AB49)> for optimization to MAGLEV, ConcurrencyMode::kConcurrent, reason: hot and stable]
[compiling method 0x026e68e673d9 [completed compiling <JSFunction searchCpcOnlyFrontier (sfi = 0000016EF324AB49)> (target MAGLEV), mode: ConcurrencyMode::kConcurrent]
0x0174ba059bf9 <JSFunction collectSingletonProfiles (sfi = 000002358B986211)> (target TURBOFAN_JS) - took 0.002, 2.833, 0.016 ms]
[completed optimizing 0x0174ba059bf9 <JSFunction collectSingletonProfiles (sfi = 000002358B986211)> (target TURBOFAN_JS)]
[bailout (kind: deopt-lazy, reason: (unknown)): begin. deoptimizing 0x026e68e673d9 <JSFunction searchCpcOnlyFrontier (sfi = 0000016EF324AB49)>, 0x01768e6f4479 <Code MAGLEV>, opt id 62, bytecode offset 2072, deopt exit 192, FP to SP delta 608, caller SP 0x00600a1fa658, pc 0x022ce33672a4]
[completed compiling 0x0362c72e2bc1 <JSFunction popcount3x32 (sfi = 00000362C72D98E1)> (target TURBOFAN_JS) - took 0.002, 0.392, 0.008 ms]
[completed optimizing 0x0362c72e2bc1 <JSFunction popcount3x32 (sfi = 00000362C72D98E1)> (target TURBOFAN_JS)]
[bailout (kind: deopt-lazy, reason: (unknown)): begin. deoptimizing 0x010acf6be911 <JSFunction searchCpcOnlyFrontier (sfi = 0000006FEC3CE4E1)>, 0x034e3912aea1 <Code MAGLEV>, opt id 256, bytecode offset 2072, deopt exit 193, FP to SP delta 608, caller SP 0x0060099fa688, pc 0x022cc332b036]
[completed compiling 0x0174ba05a091 <JSFunction probeConnect4RbaExactCacheSlot32Frontier (sfi = 0000015FF38766C9)> (target TURBOFAN_JS) - took 0.001, 2.517, 0.018 ms]
[completed optimizing 0x0174ba05a091 <JSFunction probeConnect4RbaExactCacheSlot32Frontier (sfi = 0000015FF38766C9)> (target TURBOFAN_JS)]
[marking 0x007730018b59 <JSFunction collectSingletonProfiles (sfi = 00000362C72D4C79)> for optimization to TURBOFAN_JS, ConcurrencyMode::kConcurrent, reason: hot and stable]
[compiling method 0x007730018b59 <JSFunction collectSingletonProfiles (sfi = 00000362C72D4C79)> (target TURBOFAN_JS), mode: ConcurrencyMode::kConcurrent]
[bailout (kind: deopt-lazy, reason: (unknown)): begin. deoptimizing 0x007730019131 <JSFunction searchCpcOnlyFrontier (sfi = 00000362C72C58E9)>, 0x015c4e9a4729 <Code MAGLEV>, opt id 191, bytecode offset 2072, deopt exit 193, FP to SP delta 608, caller SP 0x0060089fad98, pc 0x022c62b2ffd3]
[marking 0x026e68e66dc1 <JSFunction playableCell (sfi = 0000016EF3259EC1)> for optimization to MAGLEV, ConcurrencyMode::kConcurrent, reason: hot and stable]
[compiling method 0x026e68e66dc1 <JSFunction playableCell (sfi = 0000016EF3259EC1)> (target MAGLEV), mode: ConcurrencyMode::kConcurrent]
[marking 0x026e68e66981 <JSFunction permutePair3 (sfi = 0000016EF3252811)> for optimization to TURBOFAN_JS, ConcurrencyMode::kConcurrent, reason: hot and stable]
[marking 0x010acf6be911 <JSFunction searchCpcOnlyFrontier (sfi = 0000006FEC3CE4E1)> for optimization to MAGLEV, ConcurrencyMode::kConcurrent, reason: hot and stable]
[compiling method 0x010acf6be911 <JSFunction searchCpcOnlyFrontier (sfi = 0000006FEC3CE4E1)> (target MAGLEV), mode: ConcurrencyMode::kConcurrent]
[compiling method 0x026e68e66981 <JSFunction permutePair3 (sfi = 0000016EF3252811)> (target TURBOFAN_JS), mode: ConcurrencyMode::kConcurrent]
[marking 0x024884421d01 <JSFunction publishSpan32 (sfi = 000002488440C061)> for optimization to TURBOFAN_JS, ConcurrencyMode::kConcurrent, reason: hot and stable]
[compiling method 0x024884421d01 <JSFunction publishSpan32 (sfi = 000002488440C061)> (target TURBOFAN_JS), mode: ConcurrencyMode::kConcurrent]
[completed compiling 0x0212c4628af1 <JSFunction publishSpan32 (sfi = 00000212C4612DE1)> (target TURBOFAN_JS) - took 0.002, 0.590, 0.012 ms]
[completed optimizing 0x0212c4628af1 <JSFunction publishSpan32 (sfi = 00000212C4612DE1)> (target TURBOFAN_JS)]
[marking 0x03f5f48a0681 <JSFunction connect4RbaCanonicalize (sfi = 000003F5F4890BC9)> for optimization to TURBOFAN_JS, ConcurrencyMode::kConcurrent, reason: hot and stable]
[compiling method 0x03f5f48a0681 <JSFunction connect4RbaCanonicalize (sfi = 000003F5F4890BC9)> (target TURBOFAN_JS), mode: ConcurrencyMode::kConcurrent]
[marking 0x0174ba059bb9 <JSFunction playableCell (sfi = 000002358B9861C9)> for optimization to MAGLEV, ConcurrencyMode::kConcurrent, reason: hot and stable]
[compiling method 0x0174ba059bb9 <JSFunction playableCell (sfi = 000002358B9861C9)> (target MAGLEV), mode: ConcurrencyMode::kConcurrent]
[completed compiling 0x016ef3267d41 <JSFunction popcount3x32 (sfi = 0000016EF325EB59)> (target TURBOFAN_JS) - took 0.001, 0.348, 0.010 ms]
[completed optimizing 0x016ef3267d41 <JSFunction popcount3x32 (sfi = 0000016EF325EB59)> (target TURBOFAN_JS)]
[marking 0x03e59bd0ee41 <JSFunction cellMarked (sfi = 000003F5F4893C91)> for optimization to TURBOFAN_JS, ConcurrencyMode::kConcurrent, reason: hot and stable]
[compiling method 0x03e59bd0ee41 <JSFunction cellMarked (sfi = 000003F5F4893C91)> (target TURBOFAN_JS), mode: ConcurrencyMode::kConcurrent]
[marking 0x0212c462b0c9 <JSFunction popcount3x32 (sfi = 00000212C4621EF9)> for optimization to TURBOFAN_JS, ConcurrencyMode::kConcurrent, reason: hot and stable]
[compiling method 0x0212c462b0c9 <JSFunction popcount3x32 (sfi = 00000212C4621EF9)> (target TURBOFAN_JS), mode: ConcurrencyMode::kConcurrent]
[marking 0x023e389ce4a1 <JSFunction permutePair3 (sfi = 00000212C4615BC9)> for optimization to TURBOFAN_JS, ConcurrencyMode::kConcurrent, reason: hot and stable]
[marking 0x024884425349 <JSFunction storeConnect4RbaSharedExactCache32 (sfi = 000002488441F599)> for optimization to TURBOFAN_JS, ConcurrencyMode::kConcurrent, reason: hot and stable]
[marking 0x03f5f48a2c01 <JSFunction probeConnect4RbaSharedExactCache32 (sfi = 000003F5F489CD61)> for optimization to MAGLEV, ConcurrencyMode::kConcurrent, reason: hot and stable]
[compiling method 0x03f5f48a2c01 <JSFunction probeConnect4RbaSharedExactCache32 (sfi = 000003F5F489CD61)> (target MAGLEV), mode: ConcurrencyMode::kConcurrent]
[completed compiling 0x0362c72e3bf1 <JSFunction probeConnect4RbaSharedExactCache32 (sfi = 00000362C72DDCD1)> (target TURBOFAN_JS) - took 0.002, 1.803, 0.025 ms]
[completed optimizing 0x0362c72e3bf1 <JSFunction probeConnect4RbaSharedExactCache32 (sfi = 00000362C72DDCD1)> (target TURBOFAN_JS)]
[marking 0x007730018ff1 <JSFunction probeConnect4RbaExactCacheSlot32Frontier (sfi = 00000362C72C5781)> for optimization to TURBOFAN_JS, ConcurrencyMode::kConcurrent, reason: hot and stable]
[compiling method 0x007730018ff1 <JSFunction probeConnect4RbaExactCacheSlot32Frontier (sfi = 00000362C72C5781)> (target TURBOFAN_JS), mode: ConcurrencyMode::kConcurrent]
[completed compiling 0x0248844242d9 <JSFunction popcount3x32 (sfi = 000002488441B161)> (target TURBOFAN_JS) - took 0.002, 0.398, 0.011 ms]
[completed optimizing 0x0248844242d9 <JSFunction popcount3x32 (sfi = 000002488441B161)> (target TURBOFAN_JS)]
[completed compiling 0x02358b995061 <JSFunction storeConnect4RbaSharedExactCache32 (sfi = 000002358B98F299)> (target TURBOFAN_JS) - took 0.002, 1.445, 0.024 ms]
[completed optimizing 0x02358b995061 <JSFunction storeConnect4RbaSharedExactCache32 (sfi = 000002358B98F299)> (target TURBOFAN_JS)]
[bailout (kind: deopt-lazy, reason: (unknown)): begin. deoptimizing 0x026e68e673d9 <JSFunction searchCpcOnlyFrontier (sfi = 0000016EF324AB49)>, 0x01768e6f4479 <Code MAGLEV>, opt id 62, bytecode offset 2072, deopt exit 192, FP to SP delta 608, caller SP 0x00600a1fa928, pc 0x022ce33672a4]
[marking 0x024884425349 <JSFunction storeConnect4RbaSharedExactCache32 (sfi = 000002488441F599)> for optimization to TURBOFAN_JS, ConcurrencyMode::kConcurrent, reason: hot and stable]
[compiling method 0x024884425349 <JSFunction storeConnect4RbaSharedExactCache32 (sfi = 000002488441F599)> (target TURBOFAN_JS), mode: ConcurrencyMode::kConcurrent]
[bailout (kind: deopt-eager, reason: Insufficient type feedback for binary operation): begin. deoptimizing 0x02358b992a61 <JSFunction connect4RbaCofactorKnownHeight (sfi = 000002358B983071)>, 0x02e7c689d519 <Code TURBOFAN_JS>, opt id 184, bytecode offset 461, deopt exit 228, FP to SP delta 304, caller SP 0x0060081f83a8, pc 0x022c22b156a2]
[bailout (kind: deopt-eager, reason: Insufficient type feedback for call): begin. deoptimizing 0x0174ba05a1d1 <JSFunction searchCpcOnlyFrontier (sfi = 0000015FF3876831)>, 0x0245b4b877b1 <Code MAGLEV>, opt id 265, bytecode offset 974, deopt exit 167, FP to SP delta 600, caller SP 0x0060081f8670, pc 0x022c22b99ff3]
[bailout (kind: deopt-lazy, reason: (unknown)): begin. deoptimizing 0x010acf6be911 [bailout (kind: deopt-lazy, reason: (unknown)): begin. deoptimizing <JSFunction searchCpcOnlyFrontier (sfi = 0000006FEC3CE4E1)>, 0x0174ba05a1d1 0x034e3912aea1 <Code MAGLEV><JSFunction searchCpcOnlyFrontier (sfi = 0000015FF3876831)>, opt id 256, bytecode offset 2072, deopt exit 193, FP to SP delta 608, caller SP 0x0060099fa958, pc 0x022cc332b036]
, 0x0245b4b877b1 <Code MAGLEV>, opt id 265, bytecode offset 2072, deopt exit 193, FP to SP delta 600, caller SP 0x0060081f8938, pc 0x022c22b9a05b]
[bailout (kind: deopt-lazy, reason: (unknown)): begin. deoptimizing 0x0174ba05a1d1 <JSFunction searchCpcOnlyFrontier (sfi = 0000015FF3876831)>, 0x0245b4b877b1 <Code MAGLEV>, opt id 265, bytecode offset 2072, deopt exit 193, FP to SP delta 600, caller SP 0x0060081f8c00, pc 0x022c22b9a05b]
[bailout (kind: deopt-lazy, reason: (unknown)): begin. deoptimizing 0x0174ba05a1d1 <JSFunction searchCpcOnlyFrontier (sfi = 0000015FF3876831)>, 0x0245b4b877b1 <Code MAGLEV>, opt id 265, bytecode offset 2072, deopt exit 193, FP to SP delta 600, caller SP 0x0060081f8ec8, pc 0x022c22b9a05b]
[bailout (kind: deopt-lazy, reason: (unknown)): begin. deoptimizing 0x0174ba05a1d1 <JSFunction searchCpcOnlyFrontier (sfi = 0000015FF3876831)>, 0x0245b4b877b1 <Code MAGLEV>, opt id 265, bytecode offset 2072, deopt exit 193, FP to SP delta 600, caller SP 0x0060081f9190, pc 0x022c22b9a05b]
[bailout (kind: deopt-lazy, reason: (unknown)): begin. deoptimizing 0x0174ba05a1d1 <JSFunction searchCpcOnlyFrontier (sfi = 0000015FF3876831)>, 0x0245b4b877b1 <Code MAGLEV>, opt id 265, bytecode offset 2072, deopt exit 193, FP to SP delta 600, caller SP 0x0060081f9458, pc 0x022c22b9a05b]
[bailout (kind: deopt-lazy, reason: (unknown)): begin. deoptimizing 0x0174ba05a1d1 <JSFunction searchCpcOnlyFrontier (sfi = 0000015FF3876831)>, 0x0245b4b877b1 <Code MAGLEV>, opt id 265, bytecode offset 2072, deopt exit 193, FP to SP delta 600, caller SP 0x0060081f9720, pc 0x022c22b9a05b]
[bailout (kind: deopt-lazy, reason: (unknown)): begin. deoptimizing 0x0174ba05a1d1 <JSFunction searchCpcOnlyFrontier (sfi = 0000015FF3876831)>, 0x0245b4b877b1 <Code MAGLEV>, opt id 265, bytecode offset 2072, deopt exit 193, FP to SP delta 600, caller SP 0x0060081f99e8, pc 0x022c22b9a05b]
[bailout (kind: deopt-lazy, reason: (unknown)): begin. deoptimizing 0x0174ba05a1d1 <JSFunction searchCpcOnlyFrontier (sfi = 0000015FF3876831)>, 0x0245b4b877b1 <Code MAGLEV>, opt id 265, bytecode offset 2072, deopt exit 193, FP to SP delta 600, caller SP 0x0060081f9cb0, pc 0x022c22b9a05b]
[marking 0x0035ebcd6211 <JSFunction permutePair3 (sfi = 0000006FEC3D61A9)> for optimization to TURBOFAN_JS, ConcurrencyMode::kConcurrent, reason: hot and stable]
[compiling method 0x0035ebcd6211 <JSFunction permutePair3 (sfi = 0000006FEC3D61A9)> (target TURBOFAN_JS), mode: ConcurrencyMode::kConcurrent]
[marking 0x02358b992a61 <JSFunction connect4RbaCofactorKnownHeight (sfi = 000002358B983071)> for optimization to MAGLEV, ConcurrencyMode::kConcurrent, reason: hot and stable]
[compiling method 0x02358b992a61 <JSFunction connect4RbaCofactorKnownHeight (sfi = 000002358B983071)> (target MAGLEV), mode: ConcurrencyMode::kConcurrent]
[marking 0x02358b991a59 <JSFunction mixSpan32Locator32 (sfi = 0000015FF387B759)> for optimization to TURBOFAN_JS, ConcurrencyMode::kConcurrent, reason: hot and stable]
[marking 0x02358b991a59 <JSFunction mixSpan32Locator32 (sfi = 0000015FF387B759)> for optimization to TURBOFAN_JS, ConcurrencyMode::kConcurrent, reason: hot and stable]
[22880:00000229C47B0000]      177 ms: Scavenge 8.7 (11.6) -> 7.5 (12.1) MB, pooled: 0.0 MB, 1.08 / 0.00 ms (average mu = 1.000, current mu = 1.000) allocation failure; 
[completed compiling 0x01699550f5a9 <JSFunction collectSingletonProfiles (sfi = 00000362C72D4C79)> (target TURBOFAN_JS) - took 0.002, 2.821, 0.030 ms]
[completed optimizing 0x01699550f5a9 <JSFunction collectSingletonProfiles (sfi = 00000362C72D4C79)> (target TURBOFAN_JS)]
[marking 0x02358b991a59 <JSFunction mixSpan32Locator32 (sfi = 0000015FF387B759)> for optimization to TURBOFAN_JS, ConcurrencyMode::kConcurrent, reason: hot and stable]
[compiling method 0x02358b991a59 <JSFunction mixSpan32Locator32 (sfi = 0000015FF387B759)> (target TURBOFAN_JS), mode: ConcurrencyMode::kConcurrent]
[marking 0x023e389ce4a1 <JSFunction permutePair3 (sfi = 00000212C4615BC9)> for optimization to TURBOFAN_JS, ConcurrencyMode::kConcurrent, reason: hot and stable]
[marking 0x024884425309 [marking <JSFunction probeConnect4RbaSharedExactCache32 (sfi = 000002488441F551)> for optimization to TURBOFAN_JS, ConcurrencyMode::kConcurrent, reason: hot and stable]
0x0174ba0596f9 <JSFunction subsetDensePrepared (sfi = 0000015FF387E469)> for optimization to TURBOFAN_JS, ConcurrencyMode::kConcurrent, reason: hot and stable]
[bailout (kind: deopt-lazy, reason: (unknown)): begin. deoptimizing 0x0174ba05a1d1 <JSFunction searchCpcOnlyFrontier (sfi = 0000015FF3876831)>, 0x0245b4b877b1 <Code MAGLEV>, opt id 265, bytecode offset 2072, deopt exit 193, FP to SP delta 600, caller SP 0x0060081f9f78, pc 0x022c22b9a05b]
[bailout (kind: deopt-lazy, reason: (unknown)): begin. deoptimizing 0x0174ba05a1d1 <JSFunction searchCpcOnlyFrontier (sfi = 0000015FF3876831)>, 0x0245b4b877b1 <Code MAGLEV>, opt id 265, bytecode offset 2072, deopt exit 193, FP to SP delta 600, caller SP 0x0060081fa240, pc 0x022c22b9a05b]
[marking 0x0174ba0596f9 <JSFunction subsetDensePrepared (sfi = 0000015FF387E469)> for optimization to TURBOFAN_JS, ConcurrencyMode::kConcurrent, reason: hot and stable]
[marking 0x0174ba0596f9 <JSFunction subsetDensePrepared (sfi = 0000015FF387E469)> for optimization to TURBOFAN_JS, ConcurrencyMode::kConcurrent, reason: hot and stable]
[completed compiling 0x026e68e67299 <JSFunction probeConnect4RbaExactCacheSlot32Frontier (sfi = 0000016EF324A9E1)> (target TURBOFAN_JS) - took 0.002, 3.684, 0.031 ms]
[completed optimizing 0x026e68e67299 <JSFunction probeConnect4RbaExactCacheSlot32Frontier (sfi = 0000016EF324A9E1)> (target TURBOFAN_JS)]
[marking 0x0174ba0596f9 <JSFunction subsetDensePrepared (sfi = 0000015FF387E469)> for optimization to TURBOFAN_JS, ConcurrencyMode::kConcurrent, reason: hot and stable]
[compiling method 0x0174ba0596f9 <JSFunction subsetDensePrepared (sfi = 0000015FF387E469)> (target TURBOFAN_JS), mode: ConcurrencyMode::kConcurrent]
[bailout (kind: deopt-lazy, reason: (unknown)): begin. deoptimizing 0x010acf6be911 <JSFunction searchCpcOnlyFrontier (sfi = 0000006FEC3CE4E1)>, 0x034e3912aea1 <Code MAGLEV>, opt id 256, bytecode offset 2072, deopt exit 193, FP to SP delta 608, caller SP 0x0060099fac28, pc 0x022cc332b036]
[completed compiling 0x026e68e66981 <JSFunction permutePair3 (sfi = 0000016EF3252811)> (target TURBOFAN_JS) - took 0.002, 1.551, 0.005 ms]
[completed optimizing 0x026e68e66981 <JSFunction permutePair3 (sfi = 0000016EF3252811)> (target TURBOFAN_JS)]
[marking 0x0174ba05a1d1 <JSFunction searchCpcOnlyFrontier (sfi = 0000015FF3876831)> for optimization to MAGLEV, ConcurrencyMode::kConcurrent, reason: hot and stable]
[compiling method 0x0174ba05a1d1 <JSFunction searchCpcOnlyFrontier (sfi = 0000015FF3876831)> (target MAGLEV), mode: ConcurrencyMode::kConcurrent]
[marking [bailout (kind: deopt-lazy, reason: (unknown)): begin. deoptimizing 0x000b9962e4b9 0x01ca262ffe51 <JSFunction probeConnect4RbaExactCacheSlot32Frontier (sfi = 0000024884407019)> for optimization to TURBOFAN_JS, ConcurrencyMode::kConcurrent, reason: hot and stable<JSFunction searchCpcOnlyFrontier (sfi = 00000362C72C58E9)>]
, 0x015c4e9a4729 <Code MAGLEV>, opt id 191, bytecode offset 2072, deopt exit 193, FP to SP delta 608, caller SP 0x0060089fb068, pc 0x022c62b2ffd3]
[compiling method 0x000b9962e4b9 <JSFunction probeConnect4RbaExactCacheSlot32Frontier (sfi = 0000024884407019)> (target TURBOFAN_JS), mode: ConcurrencyMode::kConcurrent]
[bailout (kind: deopt-lazy, reason: (unknown)): begin. deoptimizing 0x01ca262ffe51 <JSFunction searchCpcOnlyFrontier (sfi = 00000362C72C58E9)>, 0x015c4e9a4729 <Code MAGLEV>, opt id 191, bytecode offset 2072, deopt exit 193, FP to SP delta 608, caller SP 0x0060089fb338, pc 0x022c62b2ffd3]
[bailout (kind: deopt-lazy, reason: (unknown)): begin. deoptimizing 0x010acf6be911 <JSFunction searchCpcOnlyFrontier (sfi = 0000006FEC3CE4E1)>, 0x034e3912aea1 <Code MAGLEV>, opt id 256, bytecode offset 2072, deopt exit 193, FP to SP delta 608, caller SP 0x0060099faef8, pc 0x022cc332b036]
[completed compiling 0x02358b992aa1 <JSFunction connect4RbaCanonicalize (sfi = 000002358B9830B9)> (target TURBOFAN_JS) - took 0.001, 8.203, 0.043 ms]
[completed optimizing 0x02358b992aa1 <JSFunction connect4RbaCanonicalize (sfi = 000002358B9830B9)> (target TURBOFAN_JS)]
[marking 0x023e389ce4a1 <JSFunction permutePair3 (sfi = 00000212C4615BC9)> for optimization to TURBOFAN_JS, ConcurrencyMode::kConcurrent, reason: hot and stable]
[compiling method 0x023e389ce4a1 <JSFunction permutePair3 (sfi = 00000212C4615BC9)> (target TURBOFAN_JS), mode: ConcurrencyMode::kConcurrent]
[completed compiling 0x0212c4629b39 <JSFunction connect4RbaCofactorKnownHeight (sfi = 00000212C461A0F1)>[marking  (target TURBOFAN_JS) - took 0.004, 12.096, 0.059 ms]
0x024884422d89 [completed optimizing 0x0212c4629b39 <JSFunction connect4RbaCanonicalize (sfi = 00000248844133B9)> for optimization to TURBOFAN_JS, ConcurrencyMode::kConcurrent, reason: hot and stable<JSFunction connect4RbaCofactorKnownHeight (sfi = 00000212C461A0F1)>]
 (target TURBOFAN_JS)]
[compiling method 0x024884422d89 <JSFunction connect4RbaCanonicalize (sfi = 00000248844133B9)> (target TURBOFAN_JS), mode: ConcurrencyMode::kConcurrent]
[completed compiling 0x03e59bd0ee41 <JSFunction cellMarked (sfi = 000003F5F4893C91)> (target TURBOFAN_JS) - took 0.002, 0.734, 0.009 ms]
[completed optimizing 0x03e59bd0ee41 <JSFunction cellMarked (sfi = 000003F5F4893C91)> (target TURBOFAN_JS)]
[marking 0x024884425309 <JSFunction probeConnect4RbaSharedExactCache32 (sfi = 000002488441F551)> for optimization to TURBOFAN_JS, ConcurrencyMode::kConcurrent, reason: hot and stable]
[compiling method 0x024884425309 <JSFunction probeConnect4RbaSharedExactCache32 (sfi = 000002488441F551)> (target TURBOFAN_JS), mode: ConcurrencyMode::kConcurrent]
[completed compiling 0x0212c462b0c9 <JSFunction popcount3x32 (sfi = 00000212C4621EF9)> (target TURBOFAN_JS) - took 0.002, 0.466, 0.010 ms]
[completed optimizing 0x0212c462b0c9 <JSFunction popcount3x32 (sfi = 00000212C4621EF9)> (target TURBOFAN_JS)]
[completed compiling 0x024884425349 <JSFunction storeConnect4RbaSharedExactCache32 (sfi = 000002488441F599)> (target TURBOFAN_JS) - took 0.002, 3.056, 0.033 ms]
[completed optimizing 0x024884425349 <JSFunction storeConnect4RbaSharedExactCache32 (sfi = 000002488441F599)> (target TURBOFAN_JS)]
[completed compiling 0x024884421d01 <JSFunction publishSpan32 (sfi = 000002488440C061)> (target TURBOFAN_JS) - took 0.002, 0.639, 0.009 ms]
[completed optimizing 0x024884421d01 <JSFunction publishSpan32 (sfi = 000002488440C061)> (target TURBOFAN_JS)]
[marking 0x0362c72e3c31 <JSFunction storeConnect4RbaSharedExactCache32 (sfi = 00000362C72DDD19)> for optimization to TURBOFAN_JS, ConcurrencyMode::kConcurrent, reason: hot and stable]
[compiling method 0x0362c72e3c31 <JSFunction storeConnect4RbaSharedExactCache32 (sfi = 00000362C72DDD19)> (target TURBOFAN_JS), mode: ConcurrencyMode::kConcurrent]
[completed compiling 0x02358b991a59 <JSFunction mixSpan32Locator32 (sfi = 0000015FF387B759)> (target TURBOFAN_JS) - took 0.004, 0.814, 0.012 ms]
[completed optimizing 0x02358b991a59 <JSFunction mixSpan32Locator32 (sfi = 0000015FF387B759)> (target TURBOFAN_JS)]
[bailout (kind: deopt-lazy, reason: (unknown)): begin. deoptimizing 0x0174ba05a1d1 <JSFunction searchCpcOnlyFrontier (sfi = 0000015FF3876831)>, 0x0245b4b877b1 <Code MAGLEV>, opt id 265, bytecode offset 2072, deopt exit 193, FP to SP delta 600, caller SP 0x0060081fa508, pc 0x022c22b9a05b]
[completed compiling 0x0035ebcd6211 <JSFunction permutePair3 (sfi = 0000006FEC3D61A9)> (target TURBOFAN_JS) - took 0.002, 1.523, 0.014 ms]
[completed optimizing 0x0035ebcd6211 <JSFunction permutePair3 (sfi = 0000006FEC3D61A9)> (target TURBOFAN_JS)]
[completed compiling 0x0174ba0596f9 <JSFunction subsetDensePrepared (sfi = 0000015FF387E469)> (target TURBOFAN_JS) - took 0.003, 0.400, 0.009 ms]
[completed optimizing 0x0174ba0596f9 <JSFunction subsetDensePrepared (sfi = 0000015FF387E469)> (target TURBOFAN_JS)]
[bailout (kind: deopt-eager, reason: Insufficient type feedback for generic keyed access): begin. deoptimizing 0x03f5f48a10a1 <JSFunction evaluateConnect4CpcNonterminal32 (sfi = 000003F5F4893C01)>, 0x03d2c1ae8689 <Code MAGLEV>, opt id 764, bytecode offset 680, deopt exit 53, FP to SP delta 176, caller SP 0x0060071fb5c8, pc 0x022bd2b6917d]
[completed compiling 0x023e389ce4a1 <JSFunction permutePair3 (sfi = 00000212C4615BC9)> (target TURBOFAN_JS) - took 0.006, 1.427, 0.018 ms]
[completed optimizing 0x023e389ce4a1 <JSFunction permutePair3 (sfi = 00000212C4615BC9)> (target TURBOFAN_JS)]
[completed compiling 0x01699550f569 <JSFunction probeConnect4RbaExactCacheSlot32Frontier (sfi = 00000362C72C5781)> (target TURBOFAN_JS) - took 0.002, 4.034, 0.025 ms]
[completed optimizing 0x01699550f569 <JSFunction probeConnect4RbaExactCacheSlot32Frontier (sfi = 00000362C72C5781)> (target TURBOFAN_JS)]
[marking 0x026e68e66881 <JSFunction prepareSubsetDense (sfi = 0000016EF32526F1)> for optimization to TURBOFAN_JS, ConcurrencyMode::kConcurrent, reason: hot and stable]
[compiling method 0x026e68e66881 <JSFunction prepareSubsetDense (sfi = 0000016EF32526F1)> (target TURBOFAN_JS), mode: ConcurrencyMode::kConcurrent]
[completed compiling 0x024884425309 <JSFunction probeConnect4RbaSharedExactCache32 (sfi = 000002488441F551)> (target TURBOFAN_JS) - took 0.002, 2.302, 0.026 ms]
[completed optimizing 0x024884425309 <JSFunction probeConnect4RbaSharedExactCache32 (sfi = 000002488441F551)> (target TURBOFAN_JS)]
[marking 0x006fec3ea831 <JSFunction popcount32 (sfi = 0000006FEC3DECF9)> for optimization to MAGLEV, ConcurrencyMode::kConcurrent, reason: hot and stable]
[compiling method 0x006fec3ea831 <JSFunction popcount32 (sfi = 0000006FEC3DECF9)> (target MAGLEV), mode: ConcurrencyMode::kConcurrent]
[completed compiling 0x03f5f48a0681 <JSFunction connect4RbaCanonicalize (sfi = 000003F5F4890BC9)> (target TURBOFAN_JS) - took 0.003, 7.054, 0.033 ms]
[completed optimizing 0x03f5f48a0681 <JSFunction connect4RbaCanonicalize (sfi = 000003F5F4890BC9)> (target TURBOFAN_JS)]
[completed compiling 0x026e68e66881 <JSFunction prepareSubsetDense (sfi = 0000016EF32526F1)> (target TURBOFAN_JS) - took 0.002, 0.190, 0.007 ms]
[completed optimizing 0x026e68e66881 <JSFunction prepareSubsetDense (sfi = 0000016EF32526F1)> (target TURBOFAN_JS)]
[completed compiling 0x0362c72e3c31 <JSFunction storeConnect4RbaSharedExactCache32 (sfi = 00000362C72DDD19)> (target TURBOFAN_JS) - took 0.002, 2.073, 0.021 ms]
[completed optimizing 0x0362c72e3c31 <JSFunction storeConnect4RbaSharedExactCache32 (sfi = 00000362C72DDD19)> (target TURBOFAN_JS)]
[marking 0x023e389cfa61 <JSFunction probeConnect4RbaExactCacheSlot32Frontier (sfi = 00000212C460DD99)> for optimization to TURBOFAN_JS, ConcurrencyMode::kConcurrent, reason: hot and stable]
[compiling method 0x023e389cfa61 <JSFunction probeConnect4RbaExactCacheSlot32Frontier (sfi = 00000212C460DD99)> (target TURBOFAN_JS), mode: ConcurrencyMode::kConcurrent]
[marking 0x03f5f48a10a1 <JSFunction evaluateConnect4CpcNonterminal32 (sfi = 000003F5F4893C01)> for optimization to MAGLEV, ConcurrencyMode::kConcurrent, reason: hot and stable]
[compiling method 0x03f5f48a10a1 <JSFunction evaluateConnect4CpcNonterminal32 (sfi = 000003F5F4893C01)> (target MAGLEV), mode: ConcurrencyMode::kConcurrent]
[completed compiling 0x01ca262ffe51 <JSFunction searchCpcOnlyFrontier (sfi = 00000362C72C58E9)> (target MAGLEV) - took 0.000, 1.837, 0.020 ms]
[completed compiling 0x0174ba059c39 <JSFunction deriveForkPreemption32 (sfi = 000002358B986259)> (target MAGLEV) - took 0.000, 1.496, 0.013 ms]
[marking 0x000b996388d1 <JSFunction playableCell (sfi = 00000248844164C9)> for optimization to MAGLEV, ConcurrencyMode::kConcurrent, reason: hot and stable]
[compiling method 0x000b996388d1 <JSFunction playableCell (sfi = 00000248844164C9)> (target MAGLEV), mode: ConcurrencyMode::kConcurrent]
[completed compiling 0x0174ba059bb9 <JSFunction playableCell (sfi = 000002358B9861C9)> (target MAGLEV) - took 0.000, 0.094, 0.002 ms]
[completed compiling 0x000b9962e4b9 <JSFunction probeConnect4RbaExactCacheSlot32Frontier (sfi = 0000024884407019)> (target TURBOFAN_JS) - took 0.002, 3.816, 0.041 ms]
[completed optimizing 0x000b9962e4b9 <JSFunction probeConnect4RbaExactCacheSlot32Frontier (sfi = 0000024884407019)> (target TURBOFAN_JS)]
[completed compiling 0x01699550fd01 <JSFunction deriveForkPreemption32 (sfi = 00000362C72D4CC1)> (target MAGLEV) - took 0.001, 1.523, 0.009 ms]
[marking 0x0362c72e1671 <JSFunction connect4RbaCanonicalize (sfi = 00000362C72D1B21)> for optimization to TURBOFAN_JS, ConcurrencyMode::kConcurrent, reason: hot and stable]
[compiling method 0x0362c72e1671 <JSFunction connect4RbaCanonicalize (sfi = 00000362C72D1B21)> (target TURBOFAN_JS), mode: ConcurrencyMode::kConcurrent]
[bailout (kind: deopt-lazy, reason: (unknown)): begin. deoptimizing 0x0174ba05a1d1 <JSFunction searchCpcOnlyFrontier (sfi = 0000015FF3876831)>, 0x0245b4b877b1 <Code MAGLEV>, opt id 265, bytecode offset 2072, deopt exit 193, FP to SP delta 600, caller SP 0x0060081fa7d0, pc 0x022c22b9a05b]
[bailout (kind: deopt-lazy, reason: (unknown)): begin. deoptimizing 0x0174ba05a1d1 <JSFunction searchCpcOnlyFrontier (sfi = 0000015FF3876831)>, 0x0245b4b877b1 <Code MAGLEV>, opt id 265, bytecode offset 2072, deopt exit 193, FP to SP delta 600, caller SP 0x0060081faa98, pc 0x022c22b9a05b]
[completed compiling 0x023e389cef01 <JSFunction deriveForkPreemption32 (sfi = 00000212C461D2F1)> (target MAGLEV) - took 0.000, 1.244, 0.014 ms]
[completed compiling 0x02358b992a61 <JSFunction connect4RbaCofactorKnownHeight (sfi = 000002358B983071)> (target MAGLEV) - took 0.000, 2.907, 0.012 ms]
[marking 0x0035ebcd6111 <JSFunction prepareSubsetDense (sfi = 0000006FEC3D6089)> for optimization to TURBOFAN_JS, ConcurrencyMode::kConcurrent, reason: hot and stable]
[compiling method 0x0035ebcd6111 <JSFunction prepareSubsetDense (sfi = 0000006FEC3D6089)> (target TURBOFAN_JS), mode: ConcurrencyMode::kConcurrent]
[bailout (kind: deopt-lazy, reason: (unknown)): begin. deoptimizing 0x0174ba05a1d1 <JSFunction searchCpcOnlyFrontier (sfi = 0000015FF3876831)>, 0x0245b4b877b1 <Code MAGLEV>, opt id 265, bytecode offset 2072, deopt exit 193, FP to SP delta 600, caller SP 0x0060081fad60, pc 0x022c22b9a05b]
[bailout (kind: deopt-lazy, reason: (unknown)): begin. deoptimizing 0x0174ba05a1d1 <JSFunction searchCpcOnlyFrontier (sfi = 0000015FF3876831)>, 0x0245b4b877b1 <Code MAGLEV>, opt id 265, bytecode offset 2072, deopt exit 193, FP to SP delta 600, caller SP 0x0060081fb028, pc 0x022c22b9a05b]
[completed compiling 0x024884422d89 <JSFunction connect4RbaCanonicalize (sfi = 00000248844133B9)> (target TURBOFAN_JS) - took 0.002, 9.067, 0.034 ms]
[completed optimizing 0x024884422d89 <JSFunction connect4RbaCanonicalize (sfi = 00000248844133B9)> (target TURBOFAN_JS)]
[bailout (kind: deopt-lazy, reason: (unknown)): begin. deoptimizing 0x0174ba05a1d1 <JSFunction searchCpcOnlyFrontier (sfi = 0000015FF3876831)>, 0x0245b4b877b1 <Code MAGLEV>, opt id 265, bytecode offset 2072, deopt exit 193, FP to SP delta 600, caller SP 0x0060081fb2f0, pc 0x022c22b9a05b]
[marking 0x006fec3eb7a1 <JSFunction popcount3x32 (sfi = 0000006FEC3E24C1)> for optimization to TURBOFAN_JS, ConcurrencyMode::kConcurrent, reason: hot and stable]
[compiling method 0x006fec3eb7a1 <JSFunction popcount3x32 (sfi = 0000006FEC3E24C1)> (target TURBOFAN_JS), mode: ConcurrencyMode::kConcurrent]
[marking 0x000b9962bf09 <JSFunction searchCpcOnlyFrontier (sfi = 0000024884407181)> for optimization to TURBOFAN_JS, ConcurrencyMode::kConcurrent, reason: hot and stable]
[compiling method 0x000b9962bf09 <JSFunction searchCpcOnlyFrontier (sfi = 0000024884407181)> (target TURBOFAN_JS), mode: ConcurrencyMode::kConcurrent]
[completed compiling 0x023e389cfa61 <JSFunction probeConnect4RbaExactCacheSlot32Frontier (sfi = 00000212C460DD99)> (target TURBOFAN_JS) - took 0.003, 5.281, 0.044 ms]
[completed optimizing 0x023e389cfa61 <JSFunction probeConnect4RbaExactCacheSlot32Frontier (sfi = 00000212C460DD99)> (target TURBOFAN_JS)]
[bailout (kind: deopt-lazy, reason: (unknown)): begin. deoptimizing 0x0174ba05a1d1 <JSFunction searchCpcOnlyFrontier (sfi = 0000015FF3876831)>, 0x0245b4b877b1 <Code MAGLEV>, opt id 265, bytecode offset 2072, deopt exit 193, FP to SP delta 600, caller SP 0x0060081fb5b8, pc 0x022c22b9a05b]
[completed compiling 0x0035ebcd6111 <JSFunction prepareSubsetDense (sfi = 0000006FEC3D6089)> (target TURBOFAN_JS) - took 0.002, 0.346, 0.021 ms]
[completed optimizing 0x0035ebcd6111 <JSFunction prepareSubsetDense (sfi = 0000006FEC3D6089)> (target TURBOFAN_JS)]
[completed compiling 0x006fec3eb7a1 <JSFunction popcount3x32 (sfi = 0000006FEC3E24C1)> (target TURBOFAN_JS) - took 0.003, 0.330, 0.009 ms]
[completed optimizing 0x006fec3eb7a1 <JSFunction popcount3x32 (sfi = 0000006FEC3E24C1)> (target TURBOFAN_JS)]
[completed compiling 0x0174ba05a1d1 <JSFunction searchCpcOnlyFrontier (sfi = 0000015FF3876831)> (target MAGLEV) - took 0.000, 3.374, 0.022 ms]
[marking 0x02358b992a61 <JSFunction connect4RbaCofactorKnownHeight (sfi = 000002358B983071)> for optimization to TURBOFAN_JS, ConcurrencyMode::kConcurrent, reason: hot and stable]
[compiling method 0x02358b992a61 <JSFunction connect4RbaCofactorKnownHeight (sfi = 000002358B983071)> (target TURBOFAN_JS), mode: ConcurrencyMode::kConcurrent]
[bailout (kind: deopt-lazy, reason: (unknown)): begin. deoptimizing 0x026e68e673d9 <JSFunction searchCpcOnlyFrontier (sfi = 0000016EF324AB49)>, 0x01768e6f4479 <Code MAGLEV>, opt id 62, bytecode offset 2072, deopt exit 192, FP to SP delta 608, caller SP 0x00600a1fabf8, pc 0x022ce33672a4]
[completed compiling 0x03f5f48a2c01 <JSFunction probeConnect4RbaSharedExactCache32 (sfi = 000003F5F489CD61)> (target MAGLEV) - took 0.001, 0.376, 0.013 ms]
[completed compiling 0x03f5f48a10a1 <JSFunction evaluateConnect4CpcNonterminal32 (sfi = 000003F5F4893C01)> (target MAGLEV) - took 0.000, 0.806, 0.018 ms]
[completed compiling 0x026e68e66e41 <JSFunction deriveForkPreemption32 (sfi = 0000016EF3259F51)> (target MAGLEV) - took 0.000, 0.963, 0.012 ms]
[bailout (kind: deopt-lazy, reason: (unknown)): begin. deoptimizing 0x010acf6be911 <JSFunction searchCpcOnlyFrontier (sfi = 0000006FEC3CE4E1)>, 0x034e3912aea1 <Code MAGLEV>, opt id 256, bytecode offset 2072, deopt exit 193, FP to SP delta 608, caller SP 0x0060099fb1c8, pc 0x022cc332b036]
[bailout (kind: deopt-lazy, reason: (unknown)): begin. deoptimizing 0x026e68e673d9 <JSFunction searchCpcOnlyFrontier (sfi = 0000016EF324AB49)>, 0x01768e6f4479 <Code MAGLEV>, opt id 62, bytecode offset 2072, deopt exit 192, FP to SP delta 608, caller SP 0x00600a1faec8, pc 0x022ce33672a4]
[22880:00000229C47B0000]      200 ms: Incremental Mark-Compact 7.9 (12.1) -> 6.6 (12.1) MB, pooled: 0.0 MB, 1.03 / 0.00 ms (+ 0.0 ms in 1 steps since start of marking, biggest step 0.0 ms, walltime since start of marking 12 ms) (average mu = 0.995, current mu = 0.995) finalize incremental marking via stack guard; GC in old space requested
[completed compiling 0x016ef32667b1 <JSFunction connect4RbaCofactorKnownHeight (sfi = 0000016EF3256D51)> (target MAGLEV) - took 0.000, 1.583, 0.007 ms]
[bailout (kind: deopt-lazy, reason: (unknown)): begin. deoptimizing 0x026e68e673d9 <JSFunction searchCpcOnlyFrontier (sfi = 0000016EF324AB49)>, 0x01768e6f4479 <Code MAGLEV>, opt id 62, bytecode offset 2072, deopt exit 192, FP to SP delta 608, caller SP 0x00600a1fb198, pc 0x022ce33672a4]
[bailout (kind: deopt-lazy, reason: (unknown)): begin. deoptimizing 0x026e68e673d9 <JSFunction searchCpcOnlyFrontier (sfi = 0000016EF324AB49)>, 0x01768e6f4479 <Code MAGLEV>, opt id 62, bytecode offset 2072, deopt exit 192, FP to SP delta 608, caller SP 0x00600a1fb468, pc 0x022ce33672a4]
[completed compiling 0x026e68e673d9 <JSFunction searchCpcOnlyFrontier (sfi = 0000016EF324AB49)> (target MAGLEV) - took 0.000, 1.873, 0.015 ms]
[completed compiling 0x026e68e66dc1 <JSFunction playableCell (sfi = 0000016EF3259EC1)> (target MAGLEV) - took 0.000, 0.068, 0.002 ms]
[marking 0x016ef32667b1 <JSFunction connect4RbaCofactorKnownHeight (sfi = 0000016EF3256D51)> for optimization to TURBOFAN_JS, ConcurrencyMode::kConcurrent, reason: hot and stable]
[compiling method 0x016ef32667b1 <JSFunction connect4RbaCofactorKnownHeight (sfi = 0000016EF3256D51)> (target TURBOFAN_JS), mode: ConcurrencyMode::kConcurrent]
[bailout (kind: deopt-lazy, reason: (unknown)): begin. deoptimizing 0x01ca262ffe51 <JSFunction searchCpcOnlyFrontier (sfi = 00000362C72C58E9)>, 0x015c4e9a4729 <Code MAGLEV>, opt id 191, bytecode offset 2072, deopt exit 193, FP to SP delta 608, caller SP 0x0060089fb608, pc 0x022c62b2ffd3]
[completed compiling 0x0362c72e1671 <JSFunction connect4RbaCanonicalize (sfi = 00000362C72D1B21)> (target TURBOFAN_JS) - took 0.002, 10.837, 0.076 ms]
[completed optimizing 0x0362c72e1671 <JSFunction connect4RbaCanonicalize (sfi = 00000362C72D1B21)> (target TURBOFAN_JS)]
[completed compiling 0x000b99639bb1 <JSFunction coordHas (sfi = 0000024884416439)> (target MAGLEV) - took 0.000, 0.075, 0.006 ms]
[bailout (kind: deopt-lazy, reason: (unknown)): begin. deoptimizing 0x01ca262ffe51 <JSFunction searchCpcOnlyFrontier (sfi = 00000362C72C58E9)>, 0x015c4e9a4729 <Code MAGLEV>, opt id 191, bytecode offset 2072, deopt exit 193, FP to SP delta 608, caller SP 0x0060089fb8d8, pc 0x022c62b2ffd3]
[marking 0x016ef32667f1 <JSFunction connect4RbaCanonicalize (sfi = 0000016EF3256D99)> for optimization to TURBOFAN_JS, ConcurrencyMode::kConcurrent, reason: hot and stable]
[compiling method 0x016ef32667f1 <JSFunction connect4RbaCanonicalize (sfi = 0000016EF3256D99)> (target TURBOFAN_JS), mode: ConcurrencyMode::kConcurrent]
[completed compiling 0x000b99636691 <JSFunction deriveForkPreemption32 (sfi = 0000024884416559)> (target MAGLEV) - took 0.000, 1.153, 0.016 ms]
[completed compiling 0x000b996388d1 <JSFunction playableCell (sfi = 00000248844164C9)> (target MAGLEV) - took 0.000, 0.082, 0.002 ms]
[marking 0x032f89192461 <JSFunction playableCell (sfi = 00000362C72D4C31)> for optimization to MAGLEV, ConcurrencyMode::kConcurrent, reason: hot and stable]
[compiling method 0x032f89192461 <JSFunction playableCell (sfi = 00000362C72D4C31)> (target MAGLEV), mode: ConcurrencyMode::kConcurrent]
[marking 0x03f5f48a1bd1 <JSFunction popcount3x32 (sfi = 000003F5F4898971)> for optimization to TURBOFAN_JS, ConcurrencyMode::kConcurrent, reason: hot and stable]
[compiling method 0x03f5f48a1bd1 <JSFunction popcount3x32 (sfi = 000003F5F4898971)> (target TURBOFAN_JS), mode: ConcurrencyMode::kConcurrent]
[bailout (kind: deopt-eager, reason: overflow): begin. deoptimizing 0x0174ba05a1d1 <JSFunction searchCpcOnlyFrontier (sfi = 0000015FF3876831)>, 0x0245b4b99dc9 <Code MAGLEV>, opt id 437, bytecode offset 1029, deopt exit 83, FP to SP delta 600, caller SP 0x0060081f8598, pc 0x022c22bad31a]
[bailout (kind: deopt-lazy, reason: (unknown)): begin. deoptimizing 0x0174ba05a1d1 <JSFunction searchCpcOnlyFrontier (sfi = 0000015FF3876831)>, 0x0245b4b99dc9 <Code MAGLEV>, opt id 437, bytecode offset 2072, deopt exit 205, FP to SP delta 600, caller SP 0x0060081f8860, pc 0x022c22bad502]
[bailout (kind: deopt-lazy, reason: (unknown)): begin. deoptimizing 0x0174ba05a1d1 <JSFunction searchCpcOnlyFrontier (sfi = 0000015FF3876831)>, 0x0245b4b99dc9 <Code MAGLEV>, opt id 437, bytecode offset 2072, deopt exit 205, FP to SP delta 600, caller SP 0x0060081f8b28, pc 0x022c22bad502]
[bailout (kind: deopt-lazy, reason: (unknown)): begin. deoptimizing 0x0174ba05a1d1 <JSFunction searchCpcOnlyFrontier (sfi = 0000015FF3876831)>, 0x0245b4b99dc9 <Code MAGLEV>, opt id 437, bytecode offset 2072, deopt exit 205, FP to SP delta 600, caller SP 0x0060081f8df0, pc 0x022c22bad502]
[bailout (kind: deopt-lazy, reason: (unknown)): begin. deoptimizing 0x0174ba05a1d1 <JSFunction searchCpcOnlyFrontier (sfi = 0000015FF3876831)>, 0x0245b4b99dc9 <Code MAGLEV>, opt id 437, bytecode offset 2072, deopt exit 205, FP to SP delta 600, caller SP 0x0060081f90b8, pc 0x022c22bad502]
[bailout (kind: deopt-lazy, reason: (unknown)): begin. deoptimizing 0x0174ba05a1d1 <JSFunction searchCpcOnlyFrontier (sfi = 0000015FF3876831)>, 0x0245b4b99dc9 <Code MAGLEV>, opt id 437, bytecode offset 2072, deopt exit 205, FP to SP delta 600, caller SP 0x0060081f9380, pc 0x022c22bad502]
[bailout (kind: deopt-lazy, reason: (unknown)): begin. deoptimizing 0x0174ba05a1d1 <JSFunction searchCpcOnlyFrontier (sfi = 0000015FF3876831)>, 0x0245b4b99dc9 <Code MAGLEV>, opt id 437, bytecode offset 2072, deopt exit 205, FP to SP delta 600, caller SP 0x0060081f9648, pc 0x022c22bad502]
[marking 0x023e389cee81 <JSFunction playableCell (sfi = 00000212C461D261)> for optimization to MAGLEV, ConcurrencyMode::kConcurrent, reason: hot and stable]
[compiling method 0x023e389cee81 <JSFunction playableCell (sfi = 00000212C461D261)> (target MAGLEV), mode: ConcurrencyMode::kConcurrent]
[bailout (kind: deopt-lazy, reason: (unknown)): begin. deoptimizing 0x0174ba05a1d1 <JSFunction searchCpcOnlyFrontier (sfi = 0000015FF3876831)>, 0x0245b4b99dc9 <Code MAGLEV>, opt id 437, bytecode offset 2072, deopt exit 205, FP to SP delta 600, caller SP 0x0060081f9910, pc 0x022c22bad502]
[bailout (kind: deopt-lazy, reason: (unknown)): begin. deoptimizing 0x0174ba05a1d1 <JSFunction searchCpcOnlyFrontier (sfi = 0000015FF3876831)>, 0x0245b4b99dc9 <Code MAGLEV>, opt id 437, bytecode offset 2072, deopt exit 205, FP to SP delta 600, caller SP 0x0060081f9bd8, pc 0x022c22bad502]
[marking 0x0174ba05a1d1 <JSFunction searchCpcOnlyFrontier (sfi = 0000015FF3876831)> for optimization to MAGLEV, ConcurrencyMode::kConcurrent, reason: hot and stable]
[compiling method 0x0174ba05a1d1 <JSFunction searchCpcOnlyFrontier (sfi = 0000015FF3876831)> (target MAGLEV), mode: ConcurrencyMode::kConcurrent]
[bailout (kind: deopt-lazy, reason: (unknown)): begin. deoptimizing 0x026e68e673d9 <JSFunction searchCpcOnlyFrontier (sfi = 0000016EF324AB49)>, 0x01768e6f4479 <Code MAGLEV>, opt id 62, bytecode offset 2072, deopt exit 192, FP to SP delta 608, caller SP 0x00600a1fb738, pc 0x022ce33672a4]
[bailout (kind: deopt-lazy, reason: (unknown)): begin. deoptimizing 0x0174ba05a1d1 <JSFunction searchCpcOnlyFrontier (sfi = 0000015FF3876831)>, 0x0245b4b99dc9 <Code MAGLEV>, opt id 437, bytecode offset 2072, deopt exit 205, FP to SP delta 600, caller SP 0x0060081f9ea0, pc 0x022c22bad502]
[bailout (kind: deopt-lazy, reason: (unknown)): begin. deoptimizing 0x0174ba05a1d1 <JSFunction searchCpcOnlyFrontier (sfi = 0000015FF3876831)>, 0x0245b4b99dc9 <Code MAGLEV>, opt id 437, bytecode offset 2072, deopt exit 205, FP to SP delta 600, caller SP 0x0060081fa168, pc 0x022c22bad502]
[bailout (kind: deopt-lazy, reason: (unknown)): begin. deoptimizing 0x0174ba05a1d1 <JSFunction searchCpcOnlyFrontier (sfi = 0000015FF3876831)>, 0x0245b4b99dc9 <Code MAGLEV>, opt id 437, bytecode offset 2072, deopt exit 205, FP to SP delta 600, caller SP 0x0060081fa430, pc 0x022c22bad502]
[bailout (kind: deopt-lazy, reason: (unknown)): begin. deoptimizing 0x0174ba05a1d1 <JSFunction searchCpcOnlyFrontier (sfi = 0000015FF3876831)>, 0x0245b4b99dc9 <Code MAGLEV>, opt id 437, bytecode offset 2072, deopt exit 205, FP to SP delta 600, caller SP 0x0060081fa6f8, pc 0x022c22bad502]
[bailout (kind: deopt-lazy, reason: (unknown)): begin. deoptimizing 0x0174ba05a1d1 <JSFunction searchCpcOnlyFrontier (sfi = 0000015FF3876831)>, 0x0245b4b99dc9 <Code MAGLEV>, opt id 437, bytecode offset 2072, deopt exit 205, FP to SP delta 600, caller SP 0x0060081fa9c0, pc 0x022c22bad502]
[completed compiling 0x02358b992a61 <JSFunction connect4RbaCofactorKnownHeight (sfi = 000002358B983071)> (target TURBOFAN_JS) - took 0.004, 13.895, 0.055 ms]
[completed optimizing 0x02358b992a61 <JSFunction connect4RbaCofactorKnownHeight (sfi = 000002358B983071)> (target TURBOFAN_JS)]
[marking 0x03f5f48a2c41 <JSFunction storeConnect4RbaSharedExactCache32 (sfi = 000003F5F489CDA9)> for optimization to MAGLEV, ConcurrencyMode::kConcurrent, reason: hot and stable]
[compiling method 0x03f5f48a2c41 <JSFunction storeConnect4RbaSharedExactCache32 (sfi = 000003F5F489CDA9)> (target MAGLEV), mode: ConcurrencyMode::kConcurrent]
[completed compiling 0x03f5f48a1bd1 <JSFunction popcount3x32 (sfi = 000003F5F4898971)> (target TURBOFAN_JS) - took 0.004, 0.421, 0.016 ms]
[completed optimizing 0x03f5f48a1bd1 <JSFunction popcount3x32 (sfi = 000003F5F4898971)> (target TURBOFAN_JS)]
[completed compiling 0x032f89192461 <JSFunction playableCell (sfi = 00000362C72D4C31)> (target MAGLEV) - took 0.001, 0.129, 0.005 ms]
[marking 0x0212c462c139 <JSFunction storeConnect4RbaSharedExactCache32 (sfi = 00000212C4626331)> for optimization to TURBOFAN_JS, ConcurrencyMode::kConcurrent, reason: hot and stable]
[compiling method 0x0212c462c139 <JSFunction storeConnect4RbaSharedExactCache32 (sfi = 00000212C4626331)> (target TURBOFAN_JS), mode: ConcurrencyMode::kConcurrent]
[marking 0x026e68e66d81 <JSFunction cellMarked (sfi = 0000016EF3259E79)> for optimization to TURBOFAN_JS, ConcurrencyMode::kConcurrent, reason: hot and stable]
[compiling method 0x026e68e66d81 <JSFunction cellMarked (sfi = 0000016EF3259E79)> (target TURBOFAN_JS), mode: ConcurrencyMode::kConcurrent]
[marking 0x016ef3267211 <JSFunction evaluateConnect4CpcNonterminal32 (sfi = 0000016EF3259DE9)> for optimization to TURBOFAN_JS, ConcurrencyMode::kConcurrent, reason: hot and stable]
[compiling method 0x016ef3267211 <JSFunction evaluateConnect4CpcNonterminal32 (sfi = 0000016EF3259DE9)> (target TURBOFAN_JS), mode: ConcurrencyMode::kConcurrent]
[completed compiling 0x0174ba05a1d1 <JSFunction searchCpcOnlyFrontier (sfi = 0000015FF3876831)> (target MAGLEV) - took 0.000, 3.287, 0.025 ms]
[completed compiling 0x023e389cee81 <JSFunction playableCell (sfi = 00000212C461D261)> (target MAGLEV) - took 0.000, 0.210, 0.007 ms]
[bailout (kind: deopt-lazy, reason: (unknown)): begin. deoptimizing 0x0174ba05a1d1 <JSFunction searchCpcOnlyFrontier (sfi = 0000015FF3876831)>, 0x0245b4b99dc9 <Code MAGLEV>, opt id 437, bytecode offset 2072, deopt exit 205, FP to SP delta 600, caller SP 0x0060081fac88, pc 0x022c22bad502]
[marking 0x03e59bd0fa61 <JSFunction probeConnect4RbaExactCacheSlot32Frontier (sfi = 000003F5F4884841)> for optimization to TURBOFAN_JS, ConcurrencyMode::kConcurrent, reason: hot and stable]
[compiling method 0x03e59bd0fa61 <JSFunction probeConnect4RbaExactCacheSlot32Frontier (sfi = 000003F5F4884841)> (target TURBOFAN_JS), mode: ConcurrencyMode::kConcurrent]
[marking 0x0035ebcd6651 <JSFunction playableCell (sfi = 0000006FEC3DD829)> for optimization to MAGLEV, ConcurrencyMode::kConcurrent, reason: hot and stable]
[compiling method 0x0035ebcd6651 <JSFunction playableCell (sfi = 0000006FEC3DD829)> (target MAGLEV), mode: ConcurrencyMode::kConcurrent]
[marking 0x026e68e66e81 <JSFunction pairedResponseNoWin (sfi = 0000016EF3259F99)> for optimization to TURBOFAN_JS, ConcurrencyMode::kConcurrent, reason: hot and stable]
[compiling method 0x026e68e66e81 <JSFunction pairedResponseNoWin (sfi = 0000016EF3259F99)> (target TURBOFAN_JS), mode: ConcurrencyMode::kConcurrent]
[completed compiling 0x0212c462c139 <JSFunction storeConnect4RbaSharedExactCache32 (sfi = 00000212C4626331)> (target TURBOFAN_JS) - took 0.004, 3.202, 0.035 ms]
[completed optimizing 0x0212c462c139 <JSFunction storeConnect4RbaSharedExactCache32 (sfi = 00000212C4626331)> (target TURBOFAN_JS)]
[marking 0x0174ba059b79 <JSFunction cellMarked (sfi = 000002358B986181)> for optimization to TURBOFAN_JS, ConcurrencyMode::kConcurrent, reason: hot and stable]
[compiling method 0x0174ba059b79 <JSFunction cellMarked (sfi = 000002358B986181)> (target TURBOFAN_JS), mode: ConcurrencyMode::kConcurrent]
[marking 0x0212c4629b79 <JSFunction connect4RbaCanonicalize (sfi = 00000212C461A139)> for optimization to TURBOFAN_JS, ConcurrencyMode::kConcurrent, reason: hot and stable]
[compiling method 0x0212c4629b79 <JSFunction connect4RbaCanonicalize (sfi = 00000212C461A139)> (target TURBOFAN_JS), mode: ConcurrencyMode::kConcurrent]
[completed compiling 0x016ef32667f1 <JSFunction connect4RbaCanonicalize (sfi = 0000016EF3256D99)> (target TURBOFAN_JS) - took 0.002, 10.500, 0.035 ms]
[completed optimizing 0x016ef32667f1 <JSFunction connect4RbaCanonicalize (sfi = 0000016EF3256D99)> (target TURBOFAN_JS)]
[completed compiling 0x026e68e66d81 <JSFunction cellMarked (sfi = 0000016EF3259E79)> (target TURBOFAN_JS) - took 0.002, 0.405, 0.004 ms]
[completed optimizing 0x026e68e66d81 <JSFunction cellMarked (sfi = 0000016EF3259E79)> (target TURBOFAN_JS)]
[marking 0x03e59bd0ee81 <JSFunction playableCell (sfi = 000003F5F4893CD9)> for optimization to TURBOFAN_JS, ConcurrencyMode::kConcurrent, reason: hot and stable]
[compiling method 0x03e59bd0ee81 <JSFunction playableCell (sfi = 000003F5F4893CD9)> (target TURBOFAN_JS), mode: ConcurrencyMode::kConcurrent]
[completed compiling 0x000b9962bf09 <JSFunction searchCpcOnlyFrontier (sfi = 0000024884407181)> (target TURBOFAN_JS) - took 0.003, 24.397, 0.094 ms]
[completed optimizing 0x000b9962bf09 <JSFunction searchCpcOnlyFrontier (sfi = 0000024884407181)> (target TURBOFAN_JS)]
[22880:0000022C82CD6000]      218 ms: Scavenge (during sweeping) 8.6 (10.4) -> 6.6 (10.4) MB, pooled: 0.0 MB, 0.41 / 0.00 ms (average mu = 0.944, current mu = 0.944) allocation failure; 
[marking 0x0248844237a9 <JSFunction evaluateConnect4CpcNonterminal32 (sfi = 00000248844163F1)> for optimization to TURBOFAN_JS, ConcurrencyMode::kConcurrent, reason: hot and stable]
[compiling method 0x0248844237a9 <JSFunction evaluateConnect4CpcNonterminal32 (sfi = 00000248844163F1)> (target TURBOFAN_JS), mode: ConcurrencyMode::kConcurrent]
[completed compiling 0x016ef32667b1 <JSFunction connect4RbaCofactorKnownHeight (sfi = 0000016EF3256D51)> (target TURBOFAN_JS) - took 0.003, 16.677, 0.057 ms]
[completed optimizing 0x016ef32667b1 <JSFunction connect4RbaCofactorKnownHeight (sfi = 0000016EF3256D51)> (target TURBOFAN_JS)]
[completed compiling 0x0174ba059b79 <JSFunction cellMarked (sfi = 000002358B986181)> (target TURBOFAN_JS) - took 0.002, 0.260, 0.009 ms]
[completed optimizing 0x0174ba059b79 <JSFunction cellMarked (sfi = 000002358B986181)> (target TURBOFAN_JS)]
[completed compiling 0x026e68e66e81 <JSFunction pairedResponseNoWin (sfi = 0000016EF3259F99)> (target TURBOFAN_JS) - took 0.001, 3.005, 0.018 ms]
[completed optimizing 0x026e68e66e81 <JSFunction pairedResponseNoWin (sfi = 0000016EF3259F99)> (target TURBOFAN_JS)]
[completed compiling 0x03e59bd0ee81 <JSFunction playableCell (sfi = 000003F5F4893CD9)> (target TURBOFAN_JS) - took 0.002, 0.466, 0.010 ms]
[completed optimizing 0x03e59bd0ee81 <JSFunction playableCell (sfi = 000003F5F4893CD9)> (target TURBOFAN_JS)]
[completed compiling 0x03e59bd0fa61 <JSFunction probeConnect4RbaExactCacheSlot32Frontier (sfi = 000003F5F4884841)> (target TURBOFAN_JS) - took 0.003, 4.717, 0.028 ms]
[completed optimizing 0x03e59bd0fa61 <JSFunction probeConnect4RbaExactCacheSlot32Frontier (sfi = 000003F5F4884841)> (target TURBOFAN_JS)]
[bailout (kind: deopt-lazy, reason: (unknown)): begin. deoptimizing 0x010acf6be911 <JSFunction searchCpcOnlyFrontier (sfi = 0000006FEC3CE4E1)>, 0x034e3912aea1 <Code MAGLEV>, opt id 256, bytecode offset 2072, deopt exit 193, FP to SP delta 608, caller SP 0x0060099fb498, pc 0x022cc332b036]
[marking 0x0212c462a599 <JSFunction evaluateConnect4CpcNonterminal32 (sfi = 00000212C461D189)> for optimization to TURBOFAN_JS, ConcurrencyMode::kConcurrent, reason: hot and stable]
[compiling method 0x0212c462a599 <JSFunction evaluateConnect4CpcNonterminal32 (sfi = 00000212C461D189)> (target TURBOFAN_JS), mode: ConcurrencyMode::kConcurrent]
[bailout (kind: deopt-eager, reason: overflow): begin. deoptimizing 0x026e68e673d9 <JSFunction searchCpcOnlyFrontier (sfi = 0000016EF324AB49)>, 0x017b663c4719 <Code MAGLEV>, opt id 225, bytecode offset 1029, deopt exit 82, FP to SP delta 608, caller SP 0x00600a1f8cc8, pc 0x022ce333baa3]
[bailout (kind: deopt-lazy, reason: (unknown)): begin. deoptimizing 0x026e68e673d9 <JSFunction searchCpcOnlyFrontier (sfi = 0000016EF324AB49)>, 0x017b663c4719 <Code MAGLEV>, opt id 225, bytecode offset 2072, deopt exit 204, FP to SP delta 608, caller SP 0x00600a1f8f98, pc 0x022ce333bc8b]
[bailout (kind: deopt-lazy, reason: (unknown)): begin. deoptimizing 0x026e68e673d9 <JSFunction searchCpcOnlyFrontier (sfi = 0000016EF324AB49)>, 0x017b663c4719 <Code MAGLEV>, opt id 225, bytecode offset 2072, deopt exit 204, FP to SP delta 608, caller SP 0x00600a1f9268, pc 0x022ce333bc8b]
[bailout (kind: deopt-lazy, reason: (unknown)): begin. deoptimizing 0x026e68e673d9 <JSFunction searchCpcOnlyFrontier (sfi = 0000016EF324AB49)>, 0x017b663c4719 <Code MAGLEV>, opt id 225, bytecode offset 2072, deopt exit 204, FP to SP delta 608, caller SP 0x00600a1f9538, pc 0x022ce333bc8b]
[bailout (kind: deopt-lazy, reason: (unknown)): begin. deoptimizing 0x01ca262ffe51 <JSFunction searchCpcOnlyFrontier (sfi = 00000362C72C58E9)>, 0x015c4e9a4729 <Code MAGLEV>, opt id 191, bytecode offset 2072, deopt exit 193, FP to SP delta 608, caller SP 0x0060089fbba8, pc 0x022c62b2ffd3]
[bailout (kind: deopt-lazy, reason: (unknown)): begin. deoptimizing 0x026e68e673d9 <JSFunction searchCpcOnlyFrontier (sfi = 0000016EF324AB49)>, 0x017b663c4719 <Code MAGLEV>, opt id 225, bytecode offset 2072, deopt exit 204, FP to SP delta 608, caller SP 0x00600a1f9808, pc 0x022ce333bc8b]
[bailout (kind: deopt-lazy, reason: (unknown)): begin. deoptimizing 0x026e68e673d9 <JSFunction searchCpcOnlyFrontier (sfi = 0000016EF324AB49)>, 0x017b663c4719 <Code MAGLEV>, opt id 225, bytecode offset 2072, deopt exit 204, FP to SP delta 608, caller SP 0x00600a1f9ad8, pc 0x022ce333bc8b]
[bailout (kind: deopt-lazy, reason: (unknown)): begin. deoptimizing 0x026e68e673d9 <JSFunction searchCpcOnlyFrontier (sfi = 0000016EF324AB49)>, 0x017b663c4719 <Code MAGLEV>, opt id 225, bytecode offset 2072, deopt exit 204, FP to SP delta 608, caller SP 0x00600a1f9da8, pc 0x022ce333bc8b]
[bailout (kind: deopt-lazy, reason: (unknown)): begin. deoptimizing 0x026e68e673d9 <JSFunction searchCpcOnlyFrontier (sfi = 0000016EF324AB49)>, 0x017b663c4719 <Code MAGLEV>, opt id 225, bytecode offset 2072, deopt exit 204, FP to SP delta 608, caller SP 0x00600a1fa078, pc 0x022ce333bc8b]
[bailout (kind: deopt-lazy, reason: (unknown)): begin. deoptimizing 0x026e68e673d9 <JSFunction searchCpcOnlyFrontier (sfi = 0000016EF324AB49)>, 0x017b663c4719 <Code MAGLEV>, opt id 225, bytecode offset 2072, deopt exit 204, FP to SP delta 608, caller SP 0x00600a1fa348, pc 0x022ce333bc8b]
[bailout (kind: deopt-lazy, reason: (unknown)): begin. deoptimizing 0x026e68e673d9 <JSFunction searchCpcOnlyFrontier (sfi = 0000016EF324AB49)>, 0x017b663c4719 <Code MAGLEV>, opt id 225, bytecode offset 2072, deopt exit 204, FP to SP delta 608, caller SP 0x00600a1fa618, pc 0x022ce333bc8b]
[bailout (kind: deopt-lazy, reason: (unknown)): begin. deoptimizing 0x026e68e673d9 <JSFunction searchCpcOnlyFrontier (sfi = 0000016EF324AB49)>, 0x017b663c4719 <Code MAGLEV>, opt id 225, bytecode offset 2072, deopt exit 204, FP to SP delta 608, caller SP 0x00600a1fa8e8, pc 0x022ce333bc8b]
[bailout (kind: deopt-lazy, reason: (unknown)): begin. deoptimizing 0x026e68e673d9 <JSFunction searchCpcOnlyFrontier (sfi = 0000016EF324AB49)>, 0x017b663c4719 <Code MAGLEV>, opt id 225, bytecode offset 2072, deopt exit 204, FP to SP delta 608, caller SP 0x00600a1fabb8, pc 0x022ce333bc8b]
[completed compiling 0x006fec3ea211 <JSFunction connect4RbaCofactorKnownHeight (sfi = 0000006FEC3DA6D1)> (target MAGLEV) - took 0.000, 2.485, 0.012 ms]
[bailout (kind: deopt-lazy, reason: (unknown)): begin. deoptimizing 0x010acf6be911 <JSFunction searchCpcOnlyFrontier (sfi = 0000006FEC3CE4E1)>, 0x034e3912aea1 <Code MAGLEV>, opt id 256, bytecode offset 2072, deopt exit 193, FP to SP delta 608, caller SP 0x0060099fb768, pc 0x022cc332b036]
[marking 0x02358b9934c1 <JSFunction evaluateConnect4CpcNonterminal32 (sfi = 000002358B9860F1)> for optimization to TURBOFAN_JS, ConcurrencyMode::kConcurrent, reason: hot and stable]
[compiling method 0x02358b9934c1 <JSFunction evaluateConnect4CpcNonterminal32 (sfi = 000002358B9860F1)> (target TURBOFAN_JS), mode: ConcurrencyMode::kConcurrent]
[completed compiling 0x0212c4629b79 <JSFunction connect4RbaCanonicalize (sfi = 00000212C461A139)> (target TURBOFAN_JS) - took 0.002, 5.428, 0.047 ms]
[completed optimizing 0x0212c4629b79 <JSFunction connect4RbaCanonicalize (sfi = 00000212C461A139)> (target TURBOFAN_JS)]
[marking 0x023e389cfba1 <JSFunction searchCpcOnlyFrontier (sfi = 00000212C460DF01)> for optimization to TURBOFAN_JS, ConcurrencyMode::kConcurrent, reason: hot and stable]
[compiling method 0x023e389cfba1 <JSFunction searchCpcOnlyFrontier (sfi = 00000212C460DF01)> (target TURBOFAN_JS), mode: ConcurrencyMode::kConcurrent]
[completed compiling 0x018f9acd0bb1 <JSFunction deriveForkPreemption32 (sfi = 0000006FEC3DD8B9)> (target MAGLEV) - took 0.000, 1.209, 0.012 ms]
[bailout (kind: deopt-lazy, reason: (unknown)): begin. deoptimizing 0x026e68e673d9 <JSFunction searchCpcOnlyFrontier (sfi = 0000016EF324AB49)>, 0x017b663c4719 <Code MAGLEV>, opt id 225, bytecode offset 2072, deopt exit 204, FP to SP delta 608, caller SP 0x00600a1fae88, pc 0x022ce333bc8b]
[marking 0x03e59bd0fb21 <JSFunction absToRelativeFrontier (sfi = 000003F5F4884919)> for optimization to MAGLEV, ConcurrencyMode::kConcurrent, reason: hot and stable]
[compiling method 0x03e59bd0fb21 <JSFunction absToRelativeFrontier (sfi = 000003F5F4884919)> (target MAGLEV), mode: ConcurrencyMode::kConcurrent]
[completed compiling 0x016ef3267211 <JSFunction evaluateConnect4CpcNonterminal32 (sfi = 0000016EF3259DE9)> (target TURBOFAN_JS) - took 0.001, 12.008, 0.077 ms]
[completed optimizing 0x016ef3267211 <JSFunction evaluateConnect4CpcNonterminal32 (sfi = 0000016EF3259DE9)> (target TURBOFAN_JS)]
[bailout (kind: deopt-lazy, reason: (unknown)): begin. deoptimizing 0x026e68e673d9 <JSFunction searchCpcOnlyFrontier (sfi = 0000016EF324AB49)>, 0x017b663c4719 <Code MAGLEV>, opt id 225, bytecode offset 2072, deopt exit 204, FP to SP delta 608, caller SP 0x00600a1fb158, pc 0x022ce333bc8b]
[bailout (kind: deopt-lazy, reason: (unknown)): begin. deoptimizing 0x026e68e673d9 <JSFunction searchCpcOnlyFrontier (sfi = 0000016EF324AB49)>, 0x017b663c4719 <Code MAGLEV>, opt id 225, bytecode offset 2072, deopt exit 204, FP to SP delta 608, caller SP 0x00600a1fb428, pc 0x022ce333bc8b]
[marking 0x006fec3ec811 <JSFunction storeConnect4RbaSharedExactCache32 (sfi = 0000006FEC3E68F9)> for optimization to TURBOFAN_JS, ConcurrencyMode::kConcurrent, reason: hot and stable]
[compiling method 0x006fec3ec811 <JSFunction storeConnect4RbaSharedExactCache32 (sfi = 0000006FEC3E68F9)> (target TURBOFAN_JS), mode: ConcurrencyMode::kConcurrent]
[marking 0x006fec3ea211 <JSFunction connect4RbaCofactorKnownHeight (sfi = 0000006FEC3DA6D1)> for optimization to TURBOFAN_JS, ConcurrencyMode::kConcurrent, reason: hot and stable]
[compiling method 0x006fec3ea211 [marking <JSFunction connect4RbaCofactorKnownHeight (sfi = 0000006FEC3DA6D1)> (target TURBOFAN_JS), mode: ConcurrencyMode::kConcurrent]
0x026e68e673d9 <JSFunction searchCpcOnlyFrontier (sfi = 0000016EF324AB49)> for optimization to MAGLEV, ConcurrencyMode::kConcurrent, reason: hot and stable]
[compiling method 0x026e68e673d9 <JSFunction searchCpcOnlyFrontier (sfi = 0000016EF324AB49)> (target MAGLEV), mode: ConcurrencyMode::kConcurrent]
[completed compiling 0x010acf6be911 <JSFunction searchCpcOnlyFrontier (sfi = 0000006FEC3CE4E1)> (target MAGLEV) - took 0.000, 3.228, 0.023 ms]
[completed compiling 0x006fec3ea831 <JSFunction popcount32 (sfi = 0000006FEC3DECF9)> (target MAGLEV) - took 0.000, 0.111, 0.002 ms]
[completed compiling 0x0035ebcd6651 <JSFunction playableCell (sfi = 0000006FEC3DD829)> (target MAGLEV) - took 0.000, 0.088, 0.003 ms]
[bailout (kind: deopt-eager, reason: Insufficient type feedback for binary operation): begin. deoptimizing 0x0362c72e1631 [bailout (kind: deopt-eager, reason: Insufficient type feedback for binary operation): begin. deoptimizing 0x024884422d49 <JSFunction connect4RbaCofactorKnownHeight (sfi = 00000362C72D1AD9)>, 0x033001dfb1d9 <Code TURBOFAN_JS>, opt id 350, bytecode offset 461, deopt exit 228, FP to SP delta 304, caller SP 0x0060089f8b98, pc 0x022c62b63462]
<JSFunction connect4RbaCofactorKnownHeight (sfi = 0000024884413371)>, 0x02d8b5ca7a39 <Code TURBOFAN_JS>, opt id 367, bytecode offset 461, deopt exit 228, FP to SP delta 304, caller SP 0x0060079f8a08, pc 0x022bf2b20762]
[bailout (kind: deopt-eager, reason: Insufficient type feedback for call): begin. deoptimizing 0x01ca262ffe51 <JSFunction searchCpcOnlyFrontier (sfi = 00000362C72C58E9)>, 0x01fef524e6b9 <Code MAGLEV>, opt id 430, bytecode offset 974, deopt exit 166, FP to SP delta 608, caller SP 0x0060089f8e68, pc 0x022c62b6a197]
[bailout (kind: deopt-eager, reason: Insufficient type feedback for compare operation): begin. deoptimizing 0x000b9962bf09 <JSFunction searchCpcOnlyFrontier (sfi = 0000024884407181)>, 0x02d8b5cbd319 <Code TURBOFAN_JS>, opt id 517, bytecode offset 983, deopt exit 255, FP to SP delta 568, caller SP 0x0060079f8cb0, pc 0x022bf2b2dcc7]
[bailout (kind: deopt-lazy, reason: (unknown)): begin. deoptimizing 0x01ca262ffe51 [bailout (kind: deopt-lazy, reason: (unknown)): begin. deoptimizing 0x000b9962bf09 <JSFunction searchCpcOnlyFrontier (sfi = 00000362C72C58E9)>, 0x01fef524e6b9 <Code <JSFunction searchCpcOnlyFrontier (sfi = 0000024884407181)>MAGLEV, >, opt id 430, bytecode offset 2072, deopt exit 192, FP to SP delta 608, caller SP 0x0060089f9138, pc 0x022c62b6a1ff]
0x02d8b5cbd319 <Code TURBOFAN_JS>, opt id 517, bytecode offset 2072, deopt exit 278, FP to SP delta 568, caller SP 0x0060079f8f58, pc 0x022bf2b2dd23]
[bailout (kind: deopt-lazy, reason: (unknown)): begin. deoptimizing 0x01ca262ffe51 <JSFunction searchCpcOnlyFrontier (sfi = 00000362C72C58E9)>, 0x01fef524e6b9 <Code MAGLEV>, opt id 430, bytecode offset 2072, deopt exit 192, FP to SP delta 608, caller SP 0x0060089f9408, pc 0x022c62b6a1ff]
[bailout (kind: deopt-lazy, reason: (unknown)): begin. deoptimizing 0x000b9962bf09 <JSFunction searchCpcOnlyFrontier (sfi = 0000024884407181)>, 0x02d8b5cbd319 <Code TURBOFAN_JS>, opt id 517, bytecode offset 2072, deopt exit 278, FP to SP delta 568, caller SP 0x0060079f9200, pc 0x022bf2b2dd23]
[bailout (kind: deopt-lazy, reason: (unknown)): begin. deoptimizing 0x01ca262ffe51 <JSFunction searchCpcOnlyFrontier (sfi = 00000362C72C58E9)>, 0x01fef524e6b9 <Code MAGLEV>, opt id 430, bytecode offset 2072, deopt exit 192, FP to SP delta 608, caller SP 0x0060089f96d8, pc 0x022c62b6a1ff]
[bailout (kind: deopt-lazy, reason: (unknown)): begin. deoptimizing 0x000b9962bf09 <JSFunction searchCpcOnlyFrontier (sfi = 0000024884407181)>, 0x02d8b5cbd319 <Code TURBOFAN_JS>, opt id 517, bytecode offset 2072, deopt exit 278, FP to SP delta 568, caller SP 0x0060079f94a8, pc 0x022bf2b2dd23]
[bailout (kind: deopt-lazy, reason: (unknown)): begin. deoptimizing 0x01ca262ffe51 <JSFunction searchCpcOnlyFrontier (sfi = 00000362C72C58E9)>, 0x01fef524e6b9 <Code MAGLEV>, opt id 430, bytecode offset 2072, deopt exit 192, FP to SP delta 608, caller SP 0x0060089f99a8, pc 0x022c62b6a1ff]
[bailout (kind: deopt-lazy, reason: (unknown)): begin. deoptimizing 0x000b9962bf09 <JSFunction searchCpcOnlyFrontier (sfi = 0000024884407181)>, 0x02d8b5cbd319 <Code TURBOFAN_JS>, opt id 517, bytecode offset 2072, deopt exit 278, FP to SP delta 568, caller SP 0x0060079f9750, pc 0x022bf2b2dd23]
[bailout (kind: deopt-lazy, reason: (unknown)): begin. deoptimizing [marking 0x01ca262ffe51 0x024884421d41 <JSFunction searchCpcOnlyFrontier (sfi = 00000362C72C58E9)>, 0x01fef524e6b9 <Code MAGLEV>, opt id 430, bytecode offset 2072, deopt exit 192, FP to SP delta 608, caller SP 0x0060089f9c78, pc 0x022c62b6a1ff]
<JSFunction mixSpan32Locator32 (sfi = 000002488440C0A9)> for optimization to TURBOFAN_JS, ConcurrencyMode::kConcurrent, reason: hot and stable]
[compiling method 0x024884421d41 <JSFunction mixSpan32Locator32 (sfi = 000002488440C0A9)> (target TURBOFAN_JS), mode: ConcurrencyMode::kConcurrent]
[marking 0x0362c72e1631 <JSFunction connect4RbaCofactorKnownHeight (sfi = 00000362C72D1AD9)> for optimization to MAGLEV, ConcurrencyMode::kConcurrent, reason: hot and stable]
[compiling method 0x0362c72e1631 <JSFunction connect4RbaCofactorKnownHeight (sfi = 00000362C72D1AD9)> (target MAGLEV), mode: ConcurrencyMode::kConcurrent]
[bailout (kind: deopt-lazy, reason: (unknown)): begin. deoptimizing 0x000b9962bf09 <JSFunction searchCpcOnlyFrontier (sfi = 0000024884407181)>, 0x02d8b5cbd319 <Code TURBOFAN_JS>, opt id 517, bytecode offset 2072, deopt exit 278, FP to SP delta 568, caller SP 0x0060079f99f8, pc 0x022bf2b2dd23]
[marking [bailout (kind: deopt-lazy, reason: (unknown)): begin. deoptimizing 0x0035ebcd6ae9 0x01ca262ffe51 <JSFunction searchCpcOnlyFrontier (sfi = 00000362C72C58E9)>, 0x01fef524e6b9 <Code MAGLEV>, opt id 430, bytecode offset 2072, deopt exit 192, FP to SP delta 608, caller SP 0x0060089f9f48, pc 0x022c62b6a1ff]
<JSFunction probeConnect4RbaExactCacheSlot32Frontier (sfi = 0000006FEC3CE379)> for optimization to TURBOFAN_JS, ConcurrencyMode::kConcurrent, reason: hot and stable]
[compiling method 0x0035ebcd6ae9 <JSFunction probeConnect4RbaExactCacheSlot32Frontier (sfi = 0000006FEC3CE379)> (target TURBOFAN_JS), mode: ConcurrencyMode::kConcurrent]
[marking 0x024884422d49 <JSFunction connect4RbaCofactorKnownHeight (sfi = 0000024884413371)> for optimization to MAGLEV, ConcurrencyMode::kConcurrent, reason: hot and stable]
[compiling method 0x024884422d49 <JSFunction connect4RbaCofactorKnownHeight (sfi = 0000024884413371)> (target MAGLEV), mode: ConcurrencyMode::kConcurrent]
[bailout (kind: deopt-lazy, reason: (unknown)): begin. deoptimizing 0x000b9962bf09 <JSFunction searchCpcOnlyFrontier (sfi = 0000024884407181)>, 0x02d8b5cbd319 <Code TURBOFAN_JS>, opt id 517, bytecode offset 2072, deopt exit 278, FP to SP delta 568, caller SP 0x0060079f9ca0, pc 0x022bf2b2dd23]
[completed compiling 0x03f5f48a2c41 <JSFunction storeConnect4RbaSharedExactCache32 (sfi = 000003F5F489CDA9)> (target MAGLEV) - took 0.000, 0.506, 0.007 ms]
[marking 0x006fec3ea251 <JSFunction connect4RbaCanonicalize (sfi = 0000006FEC3DA719)> for optimization to TURBOFAN_JS, ConcurrencyMode::kConcurrent, reason: hot and stable]
[compiling method 0x006fec3ea251 <JSFunction connect4RbaCanonicalize (sfi = 0000006FEC3DA719)> (target TURBOFAN_JS), mode: ConcurrencyMode::kConcurrent]
[completed compiling 0x03e59bd0fb21 <JSFunction absToRelativeFrontier (sfi = 000003F5F4884919)> (target MAGLEV) - took 0.000, 0.063, 0.000 ms]
[bailout (kind: deopt-lazy, reason: (unknown)): begin. deoptimizing 0x01ca262ffe51 <JSFunction searchCpcOnlyFrontier (sfi = 00000362C72C58E9)>, 0x01fef524e6b9 <Code MAGLEV>, opt id 430, bytecode offset 2072, deopt exit 192, FP to SP delta 608, caller SP 0x0060089fa218, pc 0x022c62b6a1ff]
[bailout (kind: deopt-lazy, reason: (unknown)): begin. deoptimizing 0x01ca262ffe51 <JSFunction searchCpcOnlyFrontier (sfi = 00000362C72C58E9)>, 0x01fef524e6b9 <Code MAGLEV>, opt id 430, bytecode offset 2072, deopt exit 192, FP to SP delta 608, caller SP 0x0060089fa4e8, pc 0x022c62b6a1ff]
[bailout (kind: deopt-lazy, reason: (unknown)): begin. deoptimizing 0x01ca262ffe51 <JSFunction searchCpcOnlyFrontier (sfi = 00000362C72C58E9)>, 0x01fef524e6b9 <Code MAGLEV>, opt id 430, bytecode offset 2072, deopt exit 192, FP to SP delta 608, caller SP 0x0060089fa7b8, pc 0x022c62b6a1ff]
[bailout (kind: deopt-lazy, reason: (unknown)): begin. deoptimizing 0x01ca262ffe51 <JSFunction searchCpcOnlyFrontier (sfi = 00000362C72C58E9)>, 0x01fef524e6b9 <Code MAGLEV>, opt id 430, bytecode offset 2072, deopt exit 192, FP to SP delta 608, caller SP 0x0060089faa88, pc 0x022c62b6a1ff]
[bailout (kind: deopt-lazy, reason: (unknown)): begin. deoptimizing 0x000b9962bf09 <JSFunction searchCpcOnlyFrontier (sfi = 0000024884407181)>, 0x02d8b5cbd319 <Code TURBOFAN_JS>, opt id 517, bytecode offset 2072, deopt exit 278, FP to SP delta 568, caller SP 0x0060079f9f48, pc 0x022bf2b2dd23]
[bailout (kind: deopt-lazy, reason: (unknown)): begin. deoptimizing 0x000b9962bf09 <JSFunction searchCpcOnlyFrontier (sfi = 0000024884407181)>, 0x02d8b5cbd319 <Code TURBOFAN_JS>, opt id 517, bytecode offset 2072, deopt exit 278, FP to SP delta 568, caller SP 0x0060079fa1f0, pc 0x022bf2b2dd23]
[bailout (kind: deopt-lazy, reason: (unknown)): begin. deoptimizing 0x000b9962bf09 <JSFunction searchCpcOnlyFrontier (sfi = 0000024884407181)>, 0x02d8b5cbd319 <Code TURBOFAN_JS>, opt id 517, bytecode offset 2072, deopt exit 278, FP to SP delta 568, caller SP 0x0060079fa498, pc 0x022bf2b2dd23]
[marking 0x000b9962bf09 <JSFunction searchCpcOnlyFrontier (sfi = 0000024884407181)> for optimization to MAGLEV, ConcurrencyMode::kConcurrent, reason: hot and stable]
[compiling method 0x000b9962bf09 <JSFunction searchCpcOnlyFrontier (sfi = 0000024884407181)> (target MAGLEV), mode: ConcurrencyMode::kConcurrent]
[marking 0x03f5f48a0be1 <JSFunction firstSetBitIndex32 (sfi = 000003F5F4895119)> for optimization to MAGLEV, ConcurrencyMode::kConcurrent, reason: hot and stable]
[compiling method 0x03f5f48a0be1 <JSFunction firstSetBitIndex32 (sfi = 000003F5F4895119)> (target MAGLEV), mode: ConcurrencyMode::kConcurrent]
[bailout (kind: deopt-lazy, reason: (unknown)): begin. deoptimizing 0x000b9962bf09 <JSFunction searchCpcOnlyFrontier (sfi = 0000024884407181)>, 0x02d8b5cbd319 <Code TURBOFAN_JS>, opt id 517, bytecode offset 2072, deopt exit 278, FP to SP delta 568, caller SP 0x0060079fa740, pc 0x022bf2b2dd23]
[bailout (kind: deopt-eager, reason: overflow): begin. deoptimizing 0x023e389cfba1 <JSFunction searchCpcOnlyFrontier (sfi = 00000212C460DF01)>, 0x03dfe579f2c9 <Code MAGLEV>, opt id 175, bytecode offset 1029, deopt exit 82, FP to SP delta 608, caller SP 0x0060091f8e18, pc 0x022c833945f4]
[bailout (kind: deopt-lazy, reason: (unknown)): begin. deoptimizing 0x023e389cfba1 <JSFunction searchCpcOnlyFrontier (sfi = 00000212C460DF01)>, 0x03dfe579f2c9 <Code MAGLEV>, opt id 175, bytecode offset 2072, deopt exit 204, FP to SP delta 608, caller SP 0x0060091f90e8, pc 0x022c833947dc]
[bailout (kind: deopt-lazy, reason: (unknown)): begin. deoptimizing 0x023e389cfba1 <JSFunction searchCpcOnlyFrontier (sfi = 00000212C460DF01)>, 0x03dfe579f2c9 <Code MAGLEV>, opt id 175, bytecode offset 2072, deopt exit 204, FP to SP delta 608, caller SP 0x0060091f93b8, pc 0x022c833947dc]
[bailout (kind: deopt-lazy, reason: (unknown)): begin. deoptimizing 0x023e389cfba1 <JSFunction searchCpcOnlyFrontier (sfi = 00000212C460DF01)>, 0x03dfe579f2c9 <Code MAGLEV>, opt id 175, bytecode offset 2072, deopt exit 204, FP to SP delta 608, caller SP 0x0060091f9688, pc 0x022c833947dc]
[bailout (kind: deopt-lazy, reason: (unknown)): begin. deoptimizing 0x023e389cfba1 <JSFunction searchCpcOnlyFrontier (sfi = 00000212C460DF01)>, 0x03dfe579f2c9 <Code MAGLEV>, opt id 175, bytecode offset 2072, deopt exit 204, FP to SP delta 608, caller SP 0x0060091f9958, pc 0x022c833947dc]
[bailout (kind: deopt-lazy, reason: (unknown)): begin. deoptimizing 0x023e389cfba1 <JSFunction searchCpcOnlyFrontier (sfi = 00000212C460DF01)>, 0x03dfe579f2c9 <Code MAGLEV>, opt id 175, bytecode offset 2072, deopt exit 204, FP to SP delta 608, caller SP 0x0060091f9c28, pc 0x022c833947dc]
[bailout (kind: deopt-lazy, reason: (unknown)): begin. deoptimizing 0x023e389cfba1 <JSFunction searchCpcOnlyFrontier (sfi = 00000212C460DF01)>, 0x03dfe579f2c9 <Code MAGLEV>, opt id 175, bytecode offset 2072, deopt exit 204, FP to SP delta 608, caller SP 0x0060091f9ef8, pc 0x022c833947dc]
[marking 0x024d8a683ac9 <JSFunction subsetDensePrepared (sfi = 000002488440EDB9)> for optimization to TURBOFAN_JS, ConcurrencyMode::kConcurrent, reason: hot and stable]
[compiling method 0x024d8a683ac9 <JSFunction subsetDensePrepared (sfi = 000002488440EDB9)> (target TURBOFAN_JS), mode: ConcurrencyMode::kConcurrent]
[bailout (kind: deopt-lazy, reason: (unknown)): begin. deoptimizing 0x023e389cfba1 <JSFunction searchCpcOnlyFrontier (sfi = 00000212C460DF01)>, 0x03dfe579f2c9 <Code MAGLEV>, opt id 175, bytecode offset 2072, deopt exit 204, FP to SP delta 608, caller SP 0x0060091fa1c8, pc 0x022c833947dc]
[bailout (kind: deopt-lazy, reason: (unknown)): begin. deoptimizing 0x023e389cfba1 <JSFunction searchCpcOnlyFrontier (sfi = 00000212C460DF01)>, 0x03dfe579f2c9 <Code MAGLEV>, opt id 175, bytecode offset 2072, deopt exit 204, FP to SP delta 608, caller SP 0x0060091fa498, pc 0x022c833947dc]
[bailout (kind: deopt-lazy, reason: (unknown)): begin. deoptimizing 0x023e389cfba1 <JSFunction searchCpcOnlyFrontier (sfi = 00000212C460DF01)>, 0x03dfe579f2c9 <Code MAGLEV>, opt id 175, bytecode offset 2072, deopt exit 204, FP to SP delta 608, caller SP 0x0060091fa768, pc 0x022c833947dc]
[bailout (kind: deopt-lazy, reason: (unknown)): begin. deoptimizing 0x023e389cfba1 <JSFunction searchCpcOnlyFrontier (sfi = 00000212C460DF01)>, 0x03dfe579f2c9 <Code MAGLEV>, opt id 175, bytecode offset 2072, deopt exit 204, FP to SP delta 608, caller SP 0x0060091faa38, pc 0x022c833947dc]
[completed compiling 0x0248844237a9 <JSFunction evaluateConnect4CpcNonterminal32 (sfi = 00000248844163F1)> (target TURBOFAN_JS) - took 0.004, 13.649, 0.071 ms]
[completed optimizing 0x0248844237a9 <JSFunction evaluateConnect4CpcNonterminal32 (sfi = 00000248844163F1)> (target TURBOFAN_JS)]
[marking 0x02358b991761 <JSFunction completeRootFrontierNode32 (sfi = 0000015FF3877D89)> for optimization to TURBOFAN_JS, ConcurrencyMode::kConcurrent, reason: hot and stable]
[compiling method 0x02358b991761 <JSFunction completeRootFrontierNode32 (sfi = 0000015FF3877D89)> (target TURBOFAN_JS), mode: ConcurrencyMode::kConcurrent]
[marking 0x0174ba05a0d1 <JSFunction storeConnect4RbaExactCacheSlot32Frontier (sfi = 0000015FF3876711)> for optimization to TURBOFAN_JS, ConcurrencyMode::kConcurrent, reason: hot and stable]
[compiling method 0x0174ba05a0d1 <JSFunction storeConnect4RbaExactCacheSlot32Frontier (sfi = 0000015FF3876711)> (target TURBOFAN_JS), mode: ConcurrencyMode::kConcurrent]
[bailout (kind: deopt-lazy, reason: (unknown)): begin. deoptimizing 0x023e389cfba1 <JSFunction searchCpcOnlyFrontier (sfi = 00000212C460DF01)>, 0x03dfe579f2c9 <Code MAGLEV>, opt id 175, bytecode offset 2072, deopt exit 204, FP to SP delta 608, caller SP 0x0060091fad08, pc 0x022c833947dc]
[bailout (kind: deopt-lazy, reason: (unknown)): begin. deoptimizing 0x01ca262ffe51 <JSFunction searchCpcOnlyFrontier (sfi = 00000362C72C58E9)>, 0x01fef524e6b9 <Code MAGLEV>, opt id 430, bytecode offset 2072, deopt exit 192, FP to SP delta 608, caller SP 0x0060089fad58, pc 0x022c62b6a1ff]
[bailout (kind: deopt-lazy, reason: (unknown)): begin. deoptimizing 0x000b9962bf09 <JSFunction searchCpcOnlyFrontier (sfi = 0000024884407181)>, 0x02d8b5cbd319 <Code TURBOFAN_JS>, opt id 517, bytecode offset 2072, deopt exit 278, FP to SP delta 568, caller SP 0x0060079fa9e8, pc 0x022bf2b2dd23]
[marking 0x016ef3268039 <JSFunction evaluateConnect4LiveLine3x32 (sfi = 0000016EF325C419)> for optimization to TURBOFAN_JS, ConcurrencyMode::kConcurrent, reason: hot and stable]
[compiling method 0x016ef3268039 <JSFunction evaluateConnect4LiveLine3x32 (sfi = 0000016EF325C419)> (target TURBOFAN_JS), mode: ConcurrencyMode::kConcurrent]
[marking 0x01ca262ffe51 <JSFunction searchCpcOnlyFrontier (sfi = 00000362C72C58E9)> for optimization to MAGLEV, ConcurrencyMode::kConcurrent, reason: hot and stable]
[compiling method 0x01ca262ffe51 <JSFunction searchCpcOnlyFrontier (sfi = 00000362C72C58E9)> (target MAGLEV), mode: ConcurrencyMode::kConcurrent]
[bailout (kind: deopt-lazy, reason: (unknown)): begin. deoptimizing 0x01ca262ffe51 <JSFunction searchCpcOnlyFrontier (sfi = 00000362C72C58E9)>, 0x01fef524e6b9 <Code MAGLEV>, opt id 430, bytecode offset 2072, deopt exit 192, FP to SP delta 608, caller SP 0x0060089fb028, pc 0x022c62b6a1ff]
[bailout (kind: deopt-lazy, reason: (unknown)): begin. deoptimizing 0x01ca262ffe51 <JSFunction searchCpcOnlyFrontier (sfi = 00000362C72C58E9)>, 0x01fef524e6b9 <Code MAGLEV>, opt id 430, bytecode offset 2072, deopt exit 192, FP to SP delta 608, caller SP 0x0060089fb2f8, pc 0x022c62b6a1ff]
[bailout (kind: deopt-lazy, reason: (unknown)): begin. deoptimizing 0x01ca262ffe51 <JSFunction searchCpcOnlyFrontier (sfi = 00000362C72C58E9)>, 0x01fef524e6b9 <Code MAGLEV>, opt id 430, bytecode offset 2072, deopt exit 192, FP to SP delta 608, caller SP 0x0060089fb5c8, pc 0x022c62b6a1ff]
[bailout (kind: deopt-lazy, reason: (unknown)): begin. deoptimizing 0x01ca262ffe51 <JSFunction searchCpcOnlyFrontier (sfi = 00000362C72C58E9)>, 0x01fef524e6b9 <Code MAGLEV>, opt id 430, bytecode offset 2072, deopt exit 192, FP to SP delta 608, caller SP 0x0060089fb898, pc 0x022c62b6a1ff]
[bailout (kind: deopt-lazy, reason: (unknown)): begin. deoptimizing 0x000b9962bf09 <JSFunction searchCpcOnlyFrontier (sfi = 0000024884407181)>, 0x02d8b5cbd319 <Code TURBOFAN_JS>, opt id 517, bytecode offset 2072, deopt exit 278, FP to SP delta 568, caller SP 0x0060079fac90, pc 0x022bf2b2dd23]
[bailout (kind: deopt-lazy, reason: (unknown)): begin. deoptimizing 0x023e389cfba1 <JSFunction searchCpcOnlyFrontier (sfi = 00000212C460DF01)>, 0x03dfe579f2c9 <Code MAGLEV>, opt id 175, bytecode offset 2072, deopt exit 204, FP to SP delta 608, caller SP 0x0060091fafd8, pc 0x022c833947dc]
[bailout (kind: deopt-lazy, reason: (unknown)): begin. deoptimizing 0x000b9962bf09 <JSFunction searchCpcOnlyFrontier (sfi = 0000024884407181)>, 0x02d8b5cbd319 <Code TURBOFAN_JS>, opt id 517, bytecode offset 2072, deopt exit 278, FP to SP delta 568, caller SP 0x0060079faf38, pc 0x022bf2b2dd23]
[completed compiling 0x0212c462a599 <JSFunction evaluateConnect4CpcNonterminal32 (sfi = 00000212C461D189)> (target TURBOFAN_JS) - took 0.003, 12.321, 0.049 ms]
[completed optimizing 0x0212c462a599 <JSFunction evaluateConnect4CpcNonterminal32 (sfi = 00000212C461D189)> (target TURBOFAN_JS)]
[bailout (kind: deopt-lazy, reason: (unknown)): begin. deoptimizing 0x000b9962bf09 <JSFunction searchCpcOnlyFrontier (sfi = 0000024884407181)>, 0x02d8b5cbd319 <Code TURBOFAN_JS>, opt id 517, bytecode offset 2072, deopt exit 278, FP to SP delta 568, caller SP 0x0060079fb1e0, pc 0x022bf2b2dd23]
[bailout (kind: deopt-lazy, reason: (unknown)): begin. deoptimizing 0x023e389cfba1 <JSFunction searchCpcOnlyFrontier (sfi = 00000212C460DF01)>, 0x03dfe579f2c9 <Code MAGLEV>, opt id 175, bytecode offset 2072, deopt exit 204, FP to SP delta 608, caller SP 0x0060091fb2a8, pc 0x022c833947dc]
[bailout (kind: deopt-lazy, reason: (unknown)): begin. deoptimizing 0x000b9962bf09 <JSFunction searchCpcOnlyFrontier (sfi = 0000024884407181)>, 0x02d8b5cbd319 <Code TURBOFAN_JS>, opt id 517, bytecode offset 2072, deopt exit 278, FP to SP delta 568, caller SP 0x0060079fb488, pc 0x022bf2b2dd23]
[bailout (kind: deopt-lazy, reason: (unknown)): begin. deoptimizing 0x023e389cfba1 <JSFunction searchCpcOnlyFrontier (sfi = 00000212C460DF01)>, 0x03dfe579f2c9 <Code MAGLEV>, opt id 175, bytecode offset 2072, deopt exit 204, FP to SP delta 608, caller SP 0x0060091fb578, pc 0x022c833947dc]
[bailout (kind: deopt-lazy, reason: (unknown)): begin. deoptimizing 0x023e389cfba1 <JSFunction searchCpcOnlyFrontier (sfi = 00000212C460DF01)>, 0x03dfe579f2c9 <Code MAGLEV>, opt id 175, bytecode offset 2072, deopt exit 204, FP to SP delta 608, caller SP 0x0060091fb848, pc 0x022c833947dc]
[bailout (kind: deopt-lazy, reason: (unknown)): begin. deoptimizing 0x023e389cfba1 <JSFunction searchCpcOnlyFrontier (sfi = 00000212C460DF01)>, 0x03dfe579f2c9 <Code MAGLEV>, opt id 175, bytecode offset 2072, deopt exit 204, FP to SP delta 608, caller SP 0x0060091fbb18, pc 0x022c833947dc]
[marking 0x023e389cfba1 <JSFunction searchCpcOnlyFrontier (sfi = 00000212C460DF01)> for optimization to MAGLEV, ConcurrencyMode::kConcurrent, reason: hot and stable]
[compiling method 0x023e389cfba1 <JSFunction searchCpcOnlyFrontier (sfi = 00000212C460DF01)> (target MAGLEV), mode: ConcurrencyMode::kConcurrent]
[bailout (kind: deopt-eager, reason: Insufficient type feedback for binary operation): begin. deoptimizing 0x023e389cef01 <JSFunction deriveForkPreemption32 (sfi = 00000212C461D2F1)>, 0x03dfe57a2069 <Code MAGLEV>, opt id 263, bytecode offset 582, deopt exit 87, FP to SP delta 232, caller SP 0x0060091f8be8, pc 0x022c83398181]
[marking 0x0174ba05a151 <JSFunction absToRelativeFrontier (sfi = 0000015FF38767A1)> for optimization to TURBOFAN_JS, ConcurrencyMode::kConcurrent, reason: hot and stable]
[compiling method 0x0174ba05a151 <JSFunction absToRelativeFrontier (sfi = 0000015FF38767A1)> (target TURBOFAN_JS), mode: ConcurrencyMode::kConcurrent]
[completed compiling 0x02358b9934c1 <JSFunction evaluateConnect4CpcNonterminal32 (sfi = 000002358B9860F1)> (target TURBOFAN_JS) - took 0.003, 13.317, 0.056 ms]
[completed optimizing 0x02358b9934c1 <JSFunction evaluateConnect4CpcNonterminal32 (sfi = 000002358B9860F1)> (target TURBOFAN_JS)]
[marking 0x006fec3ec7d1 <JSFunction probeConnect4RbaSharedExactCache32 (sfi = 0000006FEC3E68B1)> for optimization to TURBOFAN_JS, ConcurrencyMode::kConcurrent, reason: hot and stable]
[compiling method 0x006fec3ec7d1 <JSFunction probeConnect4RbaSharedExactCache32 (sfi = 0000006FEC3E68B1)> (target TURBOFAN_JS), mode: ConcurrencyMode::kConcurrent]
[completed compiling 0x024d8a683ac9 <JSFunction subsetDensePrepared (sfi = 000002488440EDB9)> (target TURBOFAN_JS) - took 0.002, 0.707, 0.013 ms]
[completed optimizing 0x024d8a683ac9 <JSFunction subsetDensePrepared (sfi = 000002488440EDB9)> (target TURBOFAN_JS)]
[completed compiling 0x006fec3ea251 <JSFunction connect4RbaCanonicalize (sfi = 0000006FEC3DA719)> (target TURBOFAN_JS) - took 0.002, 8.371, 0.065 ms]
[completed optimizing 0x006fec3ea251 <JSFunction connect4RbaCanonicalize (sfi = 0000006FEC3DA719)> (target TURBOFAN_JS)]
[marking 0x000b99639a89 <JSFunction cellMarked (sfi = 0000024884416481)> for optimization to TURBOFAN_JS, ConcurrencyMode::kConcurrent, reason: hot and stable]
[compiling method 0x000b99639a89 <JSFunction cellMarked (sfi = 0000024884416481)> (target TURBOFAN_JS), mode: ConcurrencyMode::kConcurrent]
[completed compiling 0x006fec3ec811 <JSFunction storeConnect4RbaSharedExactCache32 (sfi = 0000006FEC3E68F9)> (target TURBOFAN_JS) - took 0.004, 2.025, 0.026 ms]
[completed optimizing 0x006fec3ec811 <JSFunction storeConnect4RbaSharedExactCache32 (sfi = 0000006FEC3E68F9)> (target TURBOFAN_JS)]
[marking 0x016ef32654b1 <JSFunction completeRootFrontierNode32 (sfi = 0000016EF324C0A1)> for optimization to TURBOFAN_JS, ConcurrencyMode::kConcurrent, reason: hot and stable]
[compiling method 0x016ef32654b1 <JSFunction completeRootFrontierNode32 (sfi = 0000016EF324C0A1)> (target TURBOFAN_JS), mode: ConcurrencyMode::kConcurrent]
[completed compiling 0x024884421d41 <JSFunction mixSpan32Locator32 (sfi = 000002488440C0A9)> (target TURBOFAN_JS) - took 0.003, 0.666, 0.017 ms]
[completed optimizing 0x024884421d41 <JSFunction mixSpan32Locator32 (sfi = 000002488440C0A9)> (target TURBOFAN_JS)]
[completed compiling 0x0174ba05a151 <JSFunction absToRelativeFrontier (sfi = 0000015FF38767A1)> (target TURBOFAN_JS) - took 0.004, 0.286, 0.012 ms]
[completed optimizing 0x0174ba05a151 <JSFunction absToRelativeFrontier (sfi = 0000015FF38767A1)> (target TURBOFAN_JS)]
[marking 0x023e389cef01 <JSFunction deriveForkPreemption32 (sfi = 00000212C461D2F1)> for optimization to MAGLEV, ConcurrencyMode::kConcurrent, reason: hot and stable]
[compiling method 0x023e389cef01 <JSFunction deriveForkPreemption32 (sfi = 00000212C461D2F1)> (target MAGLEV), mode: ConcurrencyMode::kConcurrent]
[completed compiling 0x02358b991761 <JSFunction completeRootFrontierNode32 (sfi = 0000015FF3877D89)> (target TURBOFAN_JS) - took 0.002, 0.477, 0.010 ms]
[completed optimizing 0x02358b991761 <JSFunction completeRootFrontierNode32 (sfi = 0000015FF3877D89)> (target TURBOFAN_JS)]
[completed compiling 0x0035ebcd6ae9 <JSFunction probeConnect4RbaExactCacheSlot32Frontier (sfi = 0000006FEC3CE379)> (target TURBOFAN_JS) - took 0.002, 2.618, 0.048 ms]
[completed optimizing 0x0035ebcd6ae9 <JSFunction probeConnect4RbaExactCacheSlot32Frontier (sfi = 0000006FEC3CE379)> (target TURBOFAN_JS)]
[completed compiling 0x016ef3268039 <JSFunction evaluateConnect4LiveLine3x32 (sfi = 0000016EF325C419)> (target TURBOFAN_JS) - took 0.002, 0.786, 0.013 ms]
[completed optimizing 0x016ef3268039 <JSFunction evaluateConnect4LiveLine3x32 (sfi = 0000016EF325C419)> (target TURBOFAN_JS)]
[completed compiling 0x0174ba05a0d1 <JSFunction storeConnect4RbaExactCacheSlot32Frontier (sfi = 0000015FF3876711)> (target TURBOFAN_JS) - took 0.000, 3.183, 0.042 ms]
[completed optimizing 0x0174ba05a0d1 <JSFunction storeConnect4RbaExactCacheSlot32Frontier (sfi = 0000015FF3876711)> (target TURBOFAN_JS)]
[completed compiling 0x000b99639a89 <JSFunction cellMarked (sfi = 0000024884416481)> (target TURBOFAN_JS) - took 0.003, 0.248, 0.012 ms]
[completed optimizing 0x000b99639a89 <JSFunction cellMarked (sfi = 0000024884416481)> (target TURBOFAN_JS)]
[completed compiling 0x006fec3ec7d1 <JSFunction probeConnect4RbaSharedExactCache32 (sfi = 0000006FEC3E68B1)> (target TURBOFAN_JS) - took 0.005, 3.149, 0.031 ms]
[completed optimizing 0x006fec3ec7d1 <JSFunction probeConnect4RbaSharedExactCache32 (sfi = 0000006FEC3E68B1)> (target TURBOFAN_JS)]
[completed compiling 0x016ef32654b1 <JSFunction completeRootFrontierNode32 (sfi = 0000016EF324C0A1)> (target TURBOFAN_JS) - took 0.003, 0.363, 0.012 ms]
[completed optimizing 0x016ef32654b1 <JSFunction completeRootFrontierNode32 (sfi = 0000016EF324C0A1)> (target TURBOFAN_JS)]
[marking 0x032f89191f21 <JSFunction prepareSubsetDense (sfi = 00000362C72CD491)> for optimization to TURBOFAN_JS, ConcurrencyMode::kConcurrent, reason: hot and stable]
[completed compiling 0x006fec3ea211 [compiling method 0x032f89191f21 <JSFunction connect4RbaCofactorKnownHeight (sfi = 0000006FEC3DA6D1)> (target TURBOFAN_JS) - took 0.002, 14.251, 0.072 ms]
<JSFunction prepareSubsetDense (sfi = 00000362C72CD491)> (target TURBOFAN_JS), mode: ConcurrencyMode::kConcurrent]
[completed optimizing 0x006fec3ea211 <JSFunction connect4RbaCofactorKnownHeight (sfi = 0000006FEC3DA6D1)> (target TURBOFAN_JS)]
[completed compiling 0x0362c72e1631 <JSFunction connect4RbaCofactorKnownHeight (sfi = 00000362C72D1AD9)> (target MAGLEV) - took 0.001, 2.010, 0.011 ms]
[marking 0x0362c72e2eb9 <JSFunction evaluateConnect4LiveLine3x32 (sfi = 00000362C72D7189)> for optimization to TURBOFAN_JS, ConcurrencyMode::kConcurrent, reason: hot and stable]
[compiling method 0x0362c72e2eb9 <JSFunction evaluateConnect4LiveLine3x32 (sfi = 00000362C72D7189)> (target TURBOFAN_JS), mode: ConcurrencyMode::kConcurrent]
[marking 0x032f89192421 <JSFunction cellMarked (sfi = 00000362C72D4BE9)> for optimization to TURBOFAN_JS, ConcurrencyMode::kConcurrent, reason: hot and stable]
[compiling method 0x032f89192421 <JSFunction cellMarked (sfi = 00000362C72D4BE9)> (target TURBOFAN_JS), mode: ConcurrencyMode::kConcurrent]
[completed compiling 0x026e68e673d9 <JSFunction searchCpcOnlyFrontier (sfi = 0000016EF324AB49)> (target MAGLEV) - took 0.000, 3.050, 0.017 ms]
[completed compiling 0x023e389cfba1 <JSFunction searchCpcOnlyFrontier (sfi = 00000212C460DF01)> (target TURBOFAN_JS) - took 0.002, 21.660, 0.092 ms]
[completed optimizing 0x023e389cfba1 <JSFunction searchCpcOnlyFrontier (sfi = 00000212C460DF01)> (target TURBOFAN_JS)]
[completed compiling 0x032f89191f21 <JSFunction prepareSubsetDense (sfi = 00000362C72CD491)> (target TURBOFAN_JS) - took 0.003, 0.249, 0.010 ms]
[completed optimizing 0x032f89191f21 <JSFunction prepareSubsetDense (sfi = 00000362C72CD491)> (target TURBOFAN_JS)]
[completed compiling 0x024884422d49 <JSFunction connect4RbaCofactorKnownHeight (sfi = 0000024884413371)> (target MAGLEV) - took 0.000, 1.892, 0.010 ms]
[completed compiling 0x0362c72e2eb9 <JSFunction evaluateConnect4LiveLine3x32 (sfi = 00000362C72D7189)> (target TURBOFAN_JS) - took 0.002, 0.567, 0.010 ms]
[completed optimizing 0x0362c72e2eb9 <JSFunction evaluateConnect4LiveLine3x32 (sfi = 00000362C72D7189)> (target TURBOFAN_JS)]
[completed compiling 0x032f89192421 <JSFunction cellMarked (sfi = 00000362C72D4BE9)> (target TURBOFAN_JS) - took 0.000, 0.232, 0.004 ms]
[completed optimizing 0x032f89192421 <JSFunction cellMarked (sfi = 00000362C72D4BE9)> (target TURBOFAN_JS)]
[22880:00000229C4673000]      256 ms: Scavenge (during sweeping) 8.6 (12.1) -> 6.7 (12.1) MB, pooled: 0.0 MB, 0.21 / 0.00 ms (average mu = 0.948, current mu = 0.948) allocation failure; 
[completed compiling 0x01ca262ffe51 <JSFunction searchCpcOnlyFrontier (sfi = 00000362C72C58E9)> (target MAGLEV) - took 0.000, 2.625, 0.019 ms]
[marking 0x032f89192939 <JSFunction absToRelativeFrontier (sfi = 00000362C72C5859)> for optimization to TURBOFAN_JS, ConcurrencyMode::kConcurrent, reason: hot and stable]
[compiling method 0x032f89192939 <JSFunction absToRelativeFrontier (sfi = 00000362C72C5859)> (target TURBOFAN_JS), mode: ConcurrencyMode::kConcurrent]
[completed compiling 0x032f89192939 <JSFunction absToRelativeFrontier (sfi = 00000362C72C5859)> (target TURBOFAN_JS) - took 0.002, 0.247, 0.007 ms]
[completed optimizing 0x032f89192939 <JSFunction absToRelativeFrontier (sfi = 00000362C72C5859)> (target TURBOFAN_JS)]
[marking 0x0362c72e1631 <JSFunction connect4RbaCofactorKnownHeight (sfi = 00000362C72D1AD9)> for optimization to TURBOFAN_JS, ConcurrencyMode::kConcurrent, reason: hot and stable]
[compiling method 0x0362c72e1631 <JSFunction connect4RbaCofactorKnownHeight (sfi = 00000362C72D1AD9)> (target TURBOFAN_JS), mode: ConcurrencyMode::kConcurrent]
[completed compiling 0x023e389cef01 <JSFunction deriveForkPreemption32 (sfi = 00000212C461D2F1)> (target MAGLEV) - took 0.000, 2.237, 0.012 ms]
[marking 0x006fec3eac71 <JSFunction evaluateConnect4CpcNonterminal32 (sfi = 0000006FEC3DD751)> for optimization to TURBOFAN_JS, ConcurrencyMode::kConcurrent, reason: hot and stable]
[compiling method 0x006fec3eac71 <JSFunction evaluateConnect4CpcNonterminal32 (sfi = 0000006FEC3DD751)> (target TURBOFAN_JS), mode: ConcurrencyMode::kConcurrent]
[aborted compiling 0x023e389cfba1 <JSFunction searchCpcOnlyFrontier (sfi = 00000212C460DF01)> (target MAGLEV) because: Job got cancelled]
[completed compiling 0x03f5f48a0be1 <JSFunction firstSetBitIndex32 (sfi = 000003F5F4895119)> (target MAGLEV) - took 0.000, 0.131, 0.003 ms]
[marking 0x024884422d49 <JSFunction connect4RbaCofactorKnownHeight (sfi = 0000024884413371)> for optimization to TURBOFAN_JS, ConcurrencyMode::kConcurrent, reason: hot and stable]
[compiling method 0x024884422d49 <JSFunction connect4RbaCofactorKnownHeight (sfi = 0000024884413371)> (target TURBOFAN_JS), mode: ConcurrencyMode::kConcurrent]
[marking 0x0362c72e2091 <JSFunction evaluateConnect4CpcNonterminal32 (sfi = 00000362C72D4B59)> for optimization to TURBOFAN_JS, ConcurrencyMode::kConcurrent, reason: hot and stable]
[compiling method 0x0362c72e2091 <JSFunction evaluateConnect4CpcNonterminal32 (sfi = 00000362C72D4B59)> (target TURBOFAN_JS), mode: ConcurrencyMode::kConcurrent]
[completed compiling 0x000b9962bf09 <JSFunction searchCpcOnlyFrontier (sfi = 0000024884407181)> (target MAGLEV) - took 0.000, 4.740, 0.016 ms]
[marking 0x023e389cee41 <JSFunction cellMarked (sfi = 00000212C461D219)> for optimization to TURBOFAN_JS, ConcurrencyMode::kConcurrent, reason: hot and stable]
[compiling method 0x023e389cee41 <JSFunction cellMarked (sfi = 00000212C461D219)> (target TURBOFAN_JS), mode: ConcurrencyMode::kConcurrent]
[bailout (kind: deopt-eager, reason: overflow): begin. deoptimizing 0x010acf6be911 <JSFunction searchCpcOnlyFrontier (sfi = 0000006FEC3CE4E1)>, 0x034e3913d461 <Code MAGLEV>, opt id 307, bytecode offset 276, deopt exit 25, FP to SP delta 608, caller SP 0x0060099f9298, pc 0x022cc337807b]
[bailout (kind: deopt-lazy, reason: (unknown)): begin. deoptimizing 0x010acf6be911 <JSFunction searchCpcOnlyFrontier (sfi = 0000006FEC3CE4E1)>, 0x034e3913d461 <Code MAGLEV>, opt id 307, bytecode offset 2072, deopt exit 205, FP to SP delta 608, caller SP 0x0060099f9568, pc 0x022cc337834b]
[22880:0000022C82C03000]      260 ms: Scavenge 9.7 (12.4) -> 7.7 (12.4) MB, pooled: 0.0 MB, 0.17 / 0.00 ms (average mu = 1.000, current mu = 1.000) allocation failure; 
[bailout (kind: deopt-lazy, reason: (unknown)): begin. deoptimizing 0x010acf6be911 <JSFunction searchCpcOnlyFrontier (sfi = 0000006FEC3CE4E1)>, 0x034e3913d461 <Code MAGLEV>, opt id 307, bytecode offset 2072, deopt exit 205, FP to SP delta 608, caller SP 0x0060099f9838, pc 0x022cc337834b]
[bailout (kind: deopt-lazy, reason: (unknown)): begin. deoptimizing 0x010acf6be911 <JSFunction searchCpcOnlyFrontier (sfi = 0000006FEC3CE4E1)>, 0x034e3913d461 <Code MAGLEV>, opt id 307, bytecode offset 2072, deopt exit 205, FP to SP delta 608, caller SP 0x0060099f9b08, pc 0x022cc337834b]
[marking 0x0174ba05a1d1 <JSFunction searchCpcOnlyFrontier (sfi = 0000015FF3876831)> for optimization to TURBOFAN_JS, ConcurrencyMode::kConcurrent, reason: hot and stable]
[compiling method 0x0174ba05a1d1 <JSFunction searchCpcOnlyFrontier (sfi = 0000015FF3876831)> (target TURBOFAN_JS), mode: ConcurrencyMode::kConcurrent]
[bailout (kind: deopt-lazy, reason: (unknown)): begin. deoptimizing 0x010acf6be911 <JSFunction searchCpcOnlyFrontier (sfi = 0000006FEC3CE4E1)>, 0x034e3913d461 <Code MAGLEV>, opt id 307, bytecode offset 2072, deopt exit 205, FP to SP delta 608, caller SP 0x0060099f9dd8, pc 0x022cc337834b]
[marking 0x024884421a49 <JSFunction completeRootFrontierNode32 (sfi = 00000248844086D9)> for optimization to TURBOFAN_JS, ConcurrencyMode::kConcurrent, reason: hot and stable]
[compiling method 0x024884421a49 <JSFunction completeRootFrontierNode32 (sfi = 00000248844086D9)> (target TURBOFAN_JS), mode: ConcurrencyMode::kConcurrent]
[bailout (kind: deopt-lazy, reason: (unknown)): begin. deoptimizing 0x010acf6be911 <JSFunction searchCpcOnlyFrontier (sfi = 0000006FEC3CE4E1)>, 0x034e3913d461 <Code MAGLEV>, opt id 307, bytecode offset 2072, deopt exit 205, FP to SP delta 608, caller SP 0x0060099fa0a8, pc 0x022cc337834b]
[bailout (kind: deopt-lazy, reason: (unknown)): begin. deoptimizing 0x010acf6be911 <JSFunction searchCpcOnlyFrontier (sfi = 0000006FEC3CE4E1)>, 0x034e3913d461 <Code MAGLEV>, opt id 307, bytecode offset 2072, deopt exit 205, FP to SP delta 608, caller SP 0x0060099fa378, pc 0x022cc337834b]
[marking 0x0035ebcd6611 <JSFunction cellMarked (sfi = 0000006FEC3DD7E1)> for optimization to TURBOFAN_JS, ConcurrencyMode::kConcurrent, reason: hot and stable]
[compiling method 0x0035ebcd6611 <JSFunction cellMarked (sfi = 0000006FEC3DD7E1)> (target TURBOFAN_JS), mode: ConcurrencyMode::kConcurrent]
[marking 0x026e68e67359 <JSFunction absToRelativeFrontier (sfi = 0000016EF324AAB9)> for optimization to TURBOFAN_JS, ConcurrencyMode::kConcurrent, reason: hot and stable]
[compiling method 0x026e68e67359 <JSFunction absToRelativeFrontier (sfi = 0000016EF324AAB9)> (target TURBOFAN_JS), mode: ConcurrencyMode::kConcurrent]
[marking 0x010acf6be911 <JSFunction searchCpcOnlyFrontier (sfi = 0000006FEC3CE4E1)> for optimization to MAGLEV, ConcurrencyMode::kConcurrent, reason: hot and stable]
[compiling method 0x010acf6be911 <JSFunction searchCpcOnlyFrontier (sfi = 0000006FEC3CE4E1)> (target MAGLEV), mode: ConcurrencyMode::kConcurrent]
[marking 0x0362c72e0331 <JSFunction completeRootFrontierNode32 (sfi = 00000362C72C6E41)> for optimization to TURBOFAN_JS, ConcurrencyMode::kConcurrent, reason: hot and stable]
[compiling method 0x0362c72e0331 <JSFunction completeRootFrontierNode32 (sfi = 00000362C72C6E41)> (target TURBOFAN_JS), mode: ConcurrencyMode::kConcurrent]
[marking 0x0035ebcd66d1 <JSFunction pairedResponseNoWin (sfi = 0000006FEC3DD901)> for optimization to TURBOFAN_JS, ConcurrencyMode::kConcurrent, reason: hot and stable]
[compiling method 0x0035ebcd66d1 <JSFunction pairedResponseNoWin (sfi = 0000006FEC3DD901)> (target TURBOFAN_JS), mode: ConcurrencyMode::kConcurrent]
[marking 0x0212c4628839 <JSFunction completeRootFrontierNode32 (sfi = 00000212C460F459)> for optimization to TURBOFAN_JS, ConcurrencyMode::kConcurrent, reason: hot and stable]
[compiling method 0x0212c4628839 <JSFunction completeRootFrontierNode32 (sfi = 00000212C460F459)> (target TURBOFAN_JS), mode: ConcurrencyMode::kConcurrent]
[marking 0x03e59bd0fba1 <JSFunction searchCpcOnlyFrontier (sfi = 000003F5F48849A9)> for optimization to TURBOFAN_JS, ConcurrencyMode::kConcurrent, reason: hot and stable]
[marking 0x006fec3eba99 <JSFunction evaluateConnect4LiveLine3x32 (sfi = 0000006FEC3DFD81)> for optimization to TURBOFAN_JS, ConcurrencyMode::kConcurrent, reason: hot and stable]
[bailout (kind: deopt-lazy, reason: (unknown)): begin. deoptimizing 0x010acf6be911 <JSFunction searchCpcOnlyFrontier (sfi = 0000006FEC3CE4E1)>, 0x034e3913d461 <Code MAGLEV>, opt id 307, bytecode offset 2072, deopt exit 205, FP to SP delta 608, caller SP 0x0060099fa648, pc 0x022cc337834b]
[completed compiling 0x024884422d49 <JSFunction connect4RbaCofactorKnownHeight (sfi = 0000024884413371)> (target TURBOFAN_JS) - took 0.003, 8.584, 0.074 ms]
[completed optimizing 0x024884422d49 <JSFunction connect4RbaCofactorKnownHeight (sfi = 0000024884413371)> (target TURBOFAN_JS)]
[completed compiling 0x023e389cee41 <JSFunction cellMarked (sfi = 00000212C461D219)> (target TURBOFAN_JS) - took 0.003, 0.254, 0.015 ms]
[completed optimizing 0x023e389cee41 <JSFunction cellMarked (sfi = 00000212C461D219)> (target TURBOFAN_JS)]
[bailout (kind: deopt-lazy, reason: (unknown)): begin. deoptimizing 0x010acf6be911 <JSFunction searchCpcOnlyFrontier (sfi = 0000006FEC3CE4E1)>, 0x034e3913d461 <Code MAGLEV>, opt id 307, bytecode offset 2072, deopt exit 205, FP to SP delta 608, caller SP 0x0060099fa918, pc 0x022cc337834b]
[bailout (kind: deopt-lazy, reason: (unknown)): begin. deoptimizing 0x010acf6be911 <JSFunction searchCpcOnlyFrontier (sfi = 0000006FEC3CE4E1)>, 0x034e3913d461 <Code MAGLEV>, opt id 307, bytecode offset 2072, deopt exit 205, FP to SP delta 608, caller SP 0x0060099fabe8, pc 0x022cc337834b]
[marking 0x006fec3eba99 <JSFunction evaluateConnect4LiveLine3x32 (sfi = 0000006FEC3DFD81)> for optimization to TURBOFAN_JS, ConcurrencyMode::kConcurrent, reason: hot and stable]
[compiling method 0x006fec3eba99 <JSFunction evaluateConnect4LiveLine3x32 (sfi = 0000006FEC3DFD81)> (target TURBOFAN_JS), mode: ConcurrencyMode::kConcurrent]
[completed compiling 0x0362c72e1631 <JSFunction connect4RbaCofactorKnownHeight (sfi = 00000362C72D1AD9)> (target TURBOFAN_JS) - took 0.002, 10.597, 0.038 ms]
[completed optimizing 0x0362c72e1631 <JSFunction connect4RbaCofactorKnownHeight (sfi = 00000362C72D1AD9)> (target TURBOFAN_JS)]
[completed compiling 0x024884421a49 <JSFunction completeRootFrontierNode32 (sfi = 00000248844086D9)> (target TURBOFAN_JS) - took 0.002, 0.528, 0.011 ms]
[completed optimizing 0x024884421a49 <JSFunction completeRootFrontierNode32 (sfi = 00000248844086D9)> (target TURBOFAN_JS)]
[marking 0x000b9962c071 <JSFunction absToRelativeFrontier (sfi = 00000248844070F1)> for optimization to TURBOFAN_JS, ConcurrencyMode::kConcurrent, reason: hot and stable]
[compiling method 0x000b9962c071 <JSFunction absToRelativeFrontier (sfi = 00000248844070F1)> (target TURBOFAN_JS), mode: ConcurrencyMode::kConcurrent]
[marking 0x032f891928b9 <JSFunction storeConnect4RbaExactCacheSlot32Frontier (sfi = 00000362C72C57C9)> for optimization to TURBOFAN_JS, ConcurrencyMode::kConcurrent, reason: hot and stable]
[compiling method 0x032f891928b9 <JSFunction storeConnect4RbaExactCacheSlot32Frontier (sfi = 00000362C72C57C9)> (target TURBOFAN_JS), mode: ConcurrencyMode::kConcurrent]
[completed compiling 0x0035ebcd6611 <JSFunction cellMarked (sfi = 0000006FEC3DD7E1)> (target TURBOFAN_JS) - took 0.003, 0.756, 0.378 ms]
[completed optimizing 0x0035ebcd6611[completed compiling  <JSFunction cellMarked (sfi = 0000006FEC3DD7E1)> (target TURBOFAN_JS)]
0x026e68e67359 <JSFunction absToRelativeFrontier (sfi = 0000016EF324AAB9)> (target TURBOFAN_JS) - took 0.003, 0.377, 0.011 ms]
[completed optimizing 0x026e68e67359 <JSFunction absToRelativeFrontier (sfi = 0000016EF324AAB9)> (target TURBOFAN_JS)]
[completed compiling 0x0362c72e0331 <JSFunction completeRootFrontierNode32 (sfi = 00000362C72C6E41)> (target TURBOFAN_JS) - took 0.002, 0.488, 0.008 ms]
[completed optimizing 0x0362c72e0331 <JSFunction completeRootFrontierNode32 (sfi = 00000362C72C6E41)> (target TURBOFAN_JS)]
[completed compiling 0x006fec3eac71 <JSFunction evaluateConnect4CpcNonterminal32 (sfi = 0000006FEC3DD751)> (target TURBOFAN_JS) - took 0.004, 12.768, 0.078 ms]
[completed optimizing 0x006fec3eac71 <JSFunction evaluateConnect4CpcNonterminal32 (sfi = 0000006FEC3DD751)> (target TURBOFAN_JS)]
[bailout (kind: deopt-lazy, reason: (unknown)): begin. deoptimizing 0x010acf6be911 <JSFunction searchCpcOnlyFrontier (sfi = 0000006FEC3CE4E1)>, 0x034e3913d461 <Code MAGLEV>, opt id 307, bytecode offset 2072, deopt exit 205, FP to SP delta 608, caller SP 0x0060099faeb8, pc 0x022cc337834b]
[completed compiling 0x0212c4628839 <JSFunction completeRootFrontierNode32 (sfi = 00000212C460F459)> (target TURBOFAN_JS) - took 0.002, 0.508, 0.012 ms]
[bailout (kind: deopt-lazy, reason: (unknown)): begin. deoptimizing [completed optimizing 0x0212c4628839 0x010acf6be911 <JSFunction completeRootFrontierNode32 (sfi = 00000212C460F459)> (target TURBOFAN_JS)]
<JSFunction searchCpcOnlyFrontier (sfi = 0000006FEC3CE4E1)>, 0x034e3913d461 <Code MAGLEV>, opt id 307, bytecode offset 2072, deopt exit 205, FP to SP delta 608, caller SP 0x0060099fb188, pc 0x022cc337834b]
[bailout (kind: deopt-lazy, reason: (unknown)): begin. deoptimizing 0x010acf6be911 <JSFunction searchCpcOnlyFrontier (sfi = 0000006FEC3CE4E1)>, 0x034e3913d461 <Code MAGLEV>, opt id 307, bytecode offset 2072, deopt exit 205, FP to SP delta 608, caller SP 0x0060099fb458, pc 0x022cc337834b]
[22880:00000229C4928000]      272 ms: Scavenge (during sweeping) 8.8 (11.9) -> 6.9 (11.9) MB, pooled: 0.0 MB, 0.34 / 0.00 ms (average mu = 0.951, current mu = 0.951) allocation failure; 
[marking 0x03e59bd0fba1 <JSFunction searchCpcOnlyFrontier (sfi = 000003F5F48849A9)> for optimization to TURBOFAN_JS, ConcurrencyMode::kConcurrent, reason: hot and stable]
[compiling method 0x03e59bd0fba1 <JSFunction searchCpcOnlyFrontier (sfi = 000003F5F48849A9)> (target TURBOFAN_JS), mode: ConcurrencyMode::kConcurrent]
[completed compiling 0x0362c72e2091 <JSFunction evaluateConnect4CpcNonterminal32 (sfi = 00000362C72D4B59)> (target TURBOFAN_JS) - took 0.002, 12.984, 0.048 ms]
[completed optimizing 0x0362c72e2091 <JSFunction evaluateConnect4CpcNonterminal32 (sfi = 00000362C72D4B59)> (target TURBOFAN_JS)]
[completed compiling 0x000b9962c071 <JSFunction absToRelativeFrontier (sfi = 00000248844070F1)> (target TURBOFAN_JS) - took 0.002, 0.288, 0.006 ms]
[completed optimizing 0x000b9962c071 <JSFunction absToRelativeFrontier (sfi = 00000248844070F1)> (target TURBOFAN_JS)]
[completed compiling 0x006fec3eba99 <JSFunction evaluateConnect4LiveLine3x32 (sfi = 0000006FEC3DFD81)> (target TURBOFAN_JS) - took 0.003, 1.404, 0.021 ms]
[completed optimizing 0x006fec3eba99 <JSFunction evaluateConnect4LiveLine3x32 (sfi = 0000006FEC3DFD81)> (target TURBOFAN_JS)]
[completed compiling 0x0035ebcd66d1 <JSFunction pairedResponseNoWin (sfi = 0000006FEC3DD901)> (target TURBOFAN_JS) - took 0.002, 2.473, 0.027 ms]
[completed optimizing 0x0035ebcd66d1 <JSFunction pairedResponseNoWin (sfi = 0000006FEC3DD901)> (target TURBOFAN_JS)]
[marking 0x016ef3266dd1 <JSFunction popcount32 (sfi = 0000016EF325B391)> for optimization to TURBOFAN_JS, ConcurrencyMode::kConcurrent, reason: hot and stable]
[compiling method 0x016ef3266dd1 <JSFunction popcount32 (sfi = 0000016EF325B391)> (target TURBOFAN_JS), mode: ConcurrencyMode::kConcurrent]
[marking 0x03e59bd0ef01 <JSFunction deriveForkPreemption32 (sfi = 000003F5F4893D69)> for optimization to TURBOFAN_JS, ConcurrencyMode::kConcurrent, reason: hot and stable]
[compiling method 0x03e59bd0ef01 <JSFunction deriveForkPreemption32 (sfi = 000003F5F4893D69)> (target TURBOFAN_JS), mode: ConcurrencyMode::kConcurrent]
[completed compiling 0x032f891928b9 <JSFunction storeConnect4RbaExactCacheSlot32Frontier (sfi = 00000362C72C57C9)> (target TURBOFAN_JS) - took 0.001, 3.579, 0.037 ms]
[completed optimizing 0x032f891928b9 <JSFunction storeConnect4RbaExactCacheSlot32Frontier (sfi = 00000362C72C57C9)> (target TURBOFAN_JS)]
[completed compiling 0x016ef3266dd1[marking 0x03f5f48a10a1 <JSFunction evaluateConnect4CpcNonterminal32 (sfi = 000003F5F4893C01)> for optimization to TURBOFAN_JS, ConcurrencyMode::kConcurrent, reason: hot and stable]
[compiling method 0x03f5f48a10a1 <JSFunction evaluateConnect4CpcNonterminal32 (sfi = 000003F5F4893C01)> (target TURBOFAN_JS), mode: ConcurrencyMode::kConcurrent]
 <JSFunction popcount32 (sfi = 0000016EF325B391)> (target TURBOFAN_JS) - took 0.002, 0.334, 0.011 ms]
[completed optimizing 0x016ef3266dd1 <JSFunction popcount32 (sfi = 0000016EF325B391)> (target TURBOFAN_JS)]
[completed compiling 0x010acf6be911 <JSFunction searchCpcOnlyFrontier (sfi = 0000006FEC3CE4E1)> (target MAGLEV) - took 0.000, 2.103, 0.027 ms]
[marking 0x000b9962d321 <JSFunction storeConnect4RbaExactCacheSlot32Frontier (sfi = 0000024884407061)> for optimization to TURBOFAN_JS, ConcurrencyMode::kConcurrent, reason: hot and stable]
[compiling method 0x000b9962d321 <JSFunction storeConnect4RbaExactCacheSlot32Frontier (sfi = 0000024884407061)> (target TURBOFAN_JS), mode: ConcurrencyMode::kConcurrent]
[completed compiling 0x03e59bd0ef01 <JSFunction deriveForkPreemption32 (sfi = 000003F5F4893D69)> (target TURBOFAN_JS) - took 0.002, 5.646, 0.041 ms]
[completed optimizing 0x03e59bd0ef01 <JSFunction deriveForkPreemption32 (sfi = 000003F5F4893D69)> (target TURBOFAN_JS)]
[marking 0x026e68e672d9 <JSFunction storeConnect4RbaExactCacheSlot32Frontier (sfi = 0000016EF324AA29)> for optimization to TURBOFAN_JS, ConcurrencyMode::kConcurrent, reason: hot and stable]
[compiling method 0x026e68e672d9 <JSFunction storeConnect4RbaExactCacheSlot32Frontier (sfi = 0000016EF324AA29)> (target TURBOFAN_JS), mode: ConcurrencyMode::kConcurrent]
[22880:0000022C82C03000]      286 ms: Incremental Mark-Compact 8.3 (12.6) -> 6.8 (12.6) MB, pooled: 0.0 MB, 1.01 / 0.00 ms (+ 0.1 ms in 5 steps since start of marking, biggest step 0.0 ms, walltime since start of marking 17 ms) (average mu = 0.996, current mu = 0.996) finalize incremental marking via stack guard; GC in old space requested
[completed compiling 0x000b9962d321 <JSFunction storeConnect4RbaExactCacheSlot32Frontier (sfi = 0000024884407061)> (target TURBOFAN_JS) - took 0.004, 4.790, 0.053 ms]
[completed optimizing 0x000b9962d321 <JSFunction storeConnect4RbaExactCacheSlot32Frontier (sfi = 0000024884407061)> (target TURBOFAN_JS)]
[completed compiling 0x0174ba05a1d1 <JSFunction searchCpcOnlyFrontier (sfi = 0000015FF3876831)> (target TURBOFAN_JS) - took 0.004, 21.752, 0.111 ms]
[completed optimizing 0x0174ba05a1d1 <JSFunction searchCpcOnlyFrontier (sfi = 0000015FF3876831)> (target TURBOFAN_JS)]
[marking 0x006fec3e8f11 <JSFunction completeRootFrontierNode32 (sfi = 0000006FEC3CFA39)> for optimization to TURBOFAN_JS, ConcurrencyMode::kConcurrent, reason: hot and stable]
[compiling method 0x006fec3e8f11 <JSFunction completeRootFrontierNode32 (sfi = 0000006FEC3CFA39)> (target TURBOFAN_JS), mode: ConcurrencyMode::kConcurrent]
[completed compiling 0x03e59bd0fba1 <JSFunction searchCpcOnlyFrontier (sfi = 000003F5F48849A9)> (target TURBOFAN_JS) - took 0.003, 18.442, 0.401 ms]
[completed optimizing 0x03e59bd0fba1 <JSFunction searchCpcOnlyFrontier (sfi = 000003F5F48849A9)> (target TURBOFAN_JS)]
[completed compiling 0x006fec3e8f11 <JSFunction completeRootFrontierNode32 (sfi = 0000006FEC3CFA39)> (target TURBOFAN_JS) - took 0.004, 1.189, 0.021 ms]
[completed optimizing 0x006fec3e8f11 <JSFunction completeRootFrontierNode32 (sfi = 0000006FEC3CFA39)> (target TURBOFAN_JS)]
[completed compiling 0x026e68e672d9 <JSFunction storeConnect4RbaExactCacheSlot32Frontier (sfi = 0000016EF324AA29)> (target TURBOFAN_JS) - took 0.003, 5.443, 0.032 ms]
[completed optimizing 0x026e68e672d9 <JSFunction storeConnect4RbaExactCacheSlot32Frontier (sfi = 0000016EF324AA29)> (target TURBOFAN_JS)]
[completed compiling 0x03f5f48a10a1 <JSFunction evaluateConnect4CpcNonterminal32 (sfi = 000003F5F4893C01)> (target TURBOFAN_JS) - took 0.003, 13.400, 0.051 ms]
[completed optimizing 0x03f5f48a10a1 <JSFunction evaluateConnect4CpcNonterminal32 (sfi = 000003F5F4893C01)> (target TURBOFAN_JS)]
[marking 0x026e68e673d9 <JSFunction searchCpcOnlyFrontier (sfi = 0000016EF324AB49)> for optimization to TURBOFAN_JS, ConcurrencyMode::kConcurrent, reason: hot and stable]
[compiling method 0x026e68e673d9 <JSFunction searchCpcOnlyFrontier (sfi = 0000016EF324AB49)> (target TURBOFAN_JS), mode: ConcurrencyMode::kConcurrent]
[marking 0x01ca262ffe51 <JSFunction searchCpcOnlyFrontier (sfi = 00000362C72C58E9)> for optimization to TURBOFAN_JS, ConcurrencyMode::kConcurrent, reason: hot and stable]
[compiling method 0x01ca262ffe51 <JSFunction searchCpcOnlyFrontier (sfi = 00000362C72C58E9)> (target TURBOFAN_JS), mode: ConcurrencyMode::kConcurrent]
[22880:00000229C46EB000]      294 ms: Scavenge (during sweeping) 8.8 (10.9) -> 6.9 (10.9) MB, pooled: 0.0 MB, 0.19 / 0.00 ms (average mu = 0.917, current mu = 0.917) allocation failure; 
[marking 0x000b9962bf09 <JSFunction searchCpcOnlyFrontier (sfi = 0000024884407181)> for optimization to TURBOFAN_JS, ConcurrencyMode::kConcurrent, reason: hot and stable]
[compiling method 0x000b9962bf09 <JSFunction searchCpcOnlyFrontier (sfi = 0000024884407181)> (target TURBOFAN_JS), mode: ConcurrencyMode::kConcurrent]
[bailout (kind: deopt-eager, reason: Insufficient type feedback for call): begin. deoptimizing 0x026e68e672d9 <JSFunction storeConnect4RbaExactCacheSlot32Frontier (sfi = 0000016EF324AA29)>, 0x017b663cbeb9 <Code TURBOFAN_JS>, opt id 237, bytecode offset 125, deopt exit 50, FP to SP delta 136, caller SP 0x00600a1f89f8, pc 0x022ce33788e1]
[bailout (kind: deopt-eager, reason: Insufficient type feedback for binary operation): begin. deoptimizing 0x03f5f48a10a1 <JSFunction evaluateConnect4CpcNonterminal32 (sfi = 000003F5F4893C01)>, 0x03d2c1affe89 <Code TURBOFAN_JS>, opt id 889, bytecode offset 902, deopt exit 101, FP to SP delta 240, caller SP 0x0060071fb6b8, pc 0x022bd2b2d351]
[marking 0x03f5f48a10a1 <JSFunction evaluateConnect4CpcNonterminal32 (sfi = 000003F5F4893C01)> for optimization to MAGLEV, ConcurrencyMode::kConcurrent, reason: hot and stable]
[compiling method 0x03f5f48a10a1 <JSFunction evaluateConnect4CpcNonterminal32 (sfi = 000003F5F4893C01)> (target MAGLEV), mode: ConcurrencyMode::kConcurrent]
[completed compiling 0x03f5f48a10a1 <JSFunction evaluateConnect4CpcNonterminal32 (sfi = 000003F5F4893C01)> (target MAGLEV) - took 0.000, 1.837, 0.012 ms]
[marking 0x024884423369 <JSFunction popcount32 (sfi = 0000024884417999)> for optimization to TURBOFAN_JS, ConcurrencyMode::kConcurrent, reason: hot and stable]
[compiling method 0x024884423369 <JSFunction popcount32 (sfi = 0000024884417999)> (target TURBOFAN_JS), mode: ConcurrencyMode::kConcurrent]
[completed compiling [completed compiling 0x024884423369 0x01ca262ffe51 <JSFunction popcount32 (sfi = 0000024884417999)> (target TURBOFAN_JS) - took 0.004, 0.405, 0.010 ms<JSFunction searchCpcOnlyFrontier (sfi = 00000362C72C58E9)>]
 (target TURBOFAN_JS) - took 0.003, 15.781, 0.077 ms]
[completed optimizing 0x024884423369 [completed optimizing 0x01ca262ffe51 <JSFunction popcount32 (sfi = 0000024884417999)> (target TURBOFAN_JS)]
<JSFunction searchCpcOnlyFrontier (sfi = 00000362C72C58E9)> (target TURBOFAN_JS)]
[marking 0x026e68e672d9 <JSFunction storeConnect4RbaExactCacheSlot32Frontier (sfi = 0000016EF324AA29)> for optimization to MAGLEV, ConcurrencyMode::kConcurrent, reason: hot and stable]
[compiling method 0x026e68e672d9 <JSFunction storeConnect4RbaExactCacheSlot32Frontier (sfi = 0000016EF324AA29)> (target MAGLEV), mode: ConcurrencyMode::kConcurrent]
[completed compiling 0x026e68e672d9 <JSFunction storeConnect4RbaExactCacheSlot32Frontier (sfi = 0000016EF324AA29)> (target MAGLEV) - took 0.000, 0.436, 0.009 ms]
[marking 0x0362c72e1c51 <JSFunction popcount32 (sfi = 00000362C72D6101)> for optimization to TURBOFAN_JS, ConcurrencyMode::kConcurrent, reason: hot and stable]
[compiling method 0x0362c72e1c51 <JSFunction popcount32 (sfi = 00000362C72D6101)> (target TURBOFAN_JS), mode: ConcurrencyMode::kConcurrent]
[completed compiling 0x0362c72e1c51 <JSFunction popcount32 (sfi = 00000362C72D6101)> (target TURBOFAN_JS) - took 0.002, 0.443, 0.012 ms]
[completed optimizing 0x0362c72e1c51 <JSFunction popcount32 (sfi = 00000362C72D6101)> (target TURBOFAN_JS)]
[marking 0x006fec3ea7b1 <JSFunction firstSetBitIndex32 (sfi = 0000006FEC3DEC69)> for optimization to TURBOFAN_JS, ConcurrencyMode::kConcurrent, reason: hot and stable]
[compiling method 0x006fec3ea7b1 <JSFunction firstSetBitIndex32 (sfi = 0000006FEC3DEC69)> (target TURBOFAN_JS), mode: ConcurrencyMode::kConcurrent]
[marking 0x0035ebcd6ba9 <JSFunction absToRelativeFrontier (sfi = 0000006FEC3CE451)> for optimization to TURBOFAN_JS, ConcurrencyMode::kConcurrent, reason: hot and stable]
[compiling method 0x0035ebcd6ba9 <JSFunction absToRelativeFrontier (sfi = 0000006FEC3CE451)> (target TURBOFAN_JS), mode: ConcurrencyMode::kConcurrent]
[completed compiling 0x006fec3ea7b1 <JSFunction firstSetBitIndex32 (sfi = 0000006FEC3DEC69)> (target TURBOFAN_JS) - took 0.003, 1.140, 0.011 ms]
[completed optimizing 0x006fec3ea7b1 <JSFunction firstSetBitIndex32 (sfi = 0000006FEC3DEC69)> (target TURBOFAN_JS)]
[completed compiling 0x0035ebcd6ba9 <JSFunction absToRelativeFrontier (sfi = 0000006FEC3CE451)> (target TURBOFAN_JS) - took 0.003, 0.331, 0.004 ms]
[completed optimizing 0x0035ebcd6ba9 <JSFunction absToRelativeFrontier (sfi = 0000006FEC3CE451)> (target TURBOFAN_JS)]
[completed compiling 0x026e68e673d9 <JSFunction searchCpcOnlyFrontier (sfi = 0000016EF324AB49)> (target TURBOFAN_JS) - took 0.003, 21.627, 0.077 ms]
[completed optimizing 0x026e68e673d9 <JSFunction searchCpcOnlyFrontier (sfi = 0000016EF324AB49)> (target TURBOFAN_JS)]
[marking 0x010acf6be911 <JSFunction searchCpcOnlyFrontier (sfi = 0000006FEC3CE4E1)> for optimization to TURBOFAN_JS, ConcurrencyMode::kConcurrent, reason: hot and stable]
[compiling method 0x010acf6be911 <JSFunction searchCpcOnlyFrontier (sfi = 0000006FEC3CE4E1)> (target TURBOFAN_JS), mode: ConcurrencyMode::kConcurrent]
[completed compiling 0x000b9962bf09 <JSFunction searchCpcOnlyFrontier (sfi = 0000024884407181)> (target TURBOFAN_JS) - took 0.004, 25.347, 0.110 ms]
[completed optimizing 0x000b9962bf09 <JSFunction searchCpcOnlyFrontier (sfi = 0000024884407181)> (target TURBOFAN_JS)]
[marking 0x02358b993081 <JSFunction popcount32 (sfi = 000002358B987699)> for optimization to TURBOFAN_JS, ConcurrencyMode::kConcurrent, reason: hot and stable]
[compiling method 0x02358b993081 <JSFunction popcount32 (sfi = 000002358B987699)> (target TURBOFAN_JS), mode: ConcurrencyMode::kConcurrent]
[completed compiling 0x02358b993081 <JSFunction popcount32 (sfi = 000002358B987699)> (target TURBOFAN_JS) - took 0.002, 0.374, 0.011 ms]
[completed optimizing 0x02358b993081 <JSFunction popcount32 (sfi = 000002358B987699)> (target TURBOFAN_JS)]
[22880:00000229C47B0000]      324 ms: Scavenge (during sweeping) 8.8 (12.4) -> 6.9 (12.4) MB, pooled: 0.0 MB, 0.12 / 0.00 ms (average mu = 0.995, current mu = 0.995) allocation failure; 
[marking 0x02358b993001 <JSFunction firstSetBitIndex32 (sfi = 000002358B987609)> for optimization to TURBOFAN_JS, ConcurrencyMode::kConcurrent, reason: hot and stable]
[compiling method 0x02358b993001 <JSFunction firstSetBitIndex32 (sfi = 000002358B987609)> (target TURBOFAN_JS), mode: ConcurrencyMode::kConcurrent]
[completed compiling 0x02358b993001 <JSFunction firstSetBitIndex32 (sfi = 000002358B987609)> (target TURBOFAN_JS) - took 0.003, 0.351, 0.010 ms]
[completed optimizing 0x02358b993001 <JSFunction firstSetBitIndex32 (sfi = 000002358B987609)> (target TURBOFAN_JS)]
[marking 0x03e59bd0ef41 <JSFunction pairedResponseNoWin (sfi = 000003F5F4893DB1)> for optimization to TURBOFAN_JS, ConcurrencyMode::kConcurrent, reason: hot and stable]
[compiling method 0x03e59bd0ef41 <JSFunction pairedResponseNoWin (sfi = 000003F5F4893DB1)> (target TURBOFAN_JS), mode: ConcurrencyMode::kConcurrent]
[marking 0x0212c462a159 <JSFunction popcount32 (sfi = 00000212C461E731)> for optimization to TURBOFAN_JS, ConcurrencyMode::kConcurrent, reason: hot and stable]
[compiling method 0x0212c462a159 <JSFunction popcount32 (sfi = 00000212C461E731)> (target TURBOFAN_JS), mode: ConcurrencyMode::kConcurrent]
[completed compiling 0x0212c462a159 <JSFunction popcount32 (sfi = 00000212C461E731)> (target TURBOFAN_JS) - took 0.002, 0.398, 0.018 ms]
[completed optimizing 0x0212c462a159 <JSFunction popcount32 (sfi = 00000212C461E731)> (target TURBOFAN_JS)]
[completed compiling 0x03e59bd0ef41 <JSFunction pairedResponseNoWin (sfi = 000003F5F4893DB1)> (target TURBOFAN_JS) - took 0.003, 2.704, 0.024 ms]
[completed optimizing 0x03e59bd0ef41 <JSFunction pairedResponseNoWin (sfi = 000003F5F4893DB1)> (target TURBOFAN_JS)]
[completed compiling 0x010acf6be911 <JSFunction searchCpcOnlyFrontier (sfi = 0000006FEC3CE4E1)> (target TURBOFAN_JS) - took 0.002, 19.623, 0.077 ms]
[completed optimizing 0x010acf6be911 <JSFunction searchCpcOnlyFrontier (sfi = 0000006FEC3CE4E1)> (target TURBOFAN_JS)]
[marking 0x032f891923e1 <JSFunction coordHas (sfi = 00000362C72D4BA1)> for optimization to TURBOFAN_JS, ConcurrencyMode::kConcurrent, reason: hot and stable]
[compiling method 0x032f891923e1 <JSFunction coordHas (sfi = 00000362C72D4BA1)> (target TURBOFAN_JS), mode: ConcurrencyMode::kConcurrent]
[marking 0x023e389cee01 <JSFunction coordHas (sfi = 00000212C461D1D1)> for optimization to TURBOFAN_JS, ConcurrencyMode::kConcurrent, reason: hot and stable]
[compiling method 0x023e389cee01 <JSFunction coordHas (sfi = 00000212C461D1D1)> (target TURBOFAN_JS), mode: ConcurrencyMode::kConcurrent]
[completed compiling 0x032f891923e1 <JSFunction coordHas (sfi = 00000362C72D4BA1)> (target TURBOFAN_JS) - took 0.003, 0.409, 0.011 ms]
[completed optimizing 0x032f891923e1 <JSFunction coordHas (sfi = 00000362C72D4BA1)> (target TURBOFAN_JS)]
[completed compiling 0x023e389cee01 <JSFunction coordHas (sfi = 00000212C461D1D1)> (target TURBOFAN_JS) - took 0.001, 0.342, 0.007 ms]
[completed optimizing 0x023e389cee01 <JSFunction coordHas (sfi = 00000212C461D1D1)> (target TURBOFAN_JS)]
[marking 0x006fec3ea831 <JSFunction popcount32 (sfi = 0000006FEC3DECF9)> for optimization to TURBOFAN_JS, ConcurrencyMode::kConcurrent, reason: hot and stable]
[compiling method 0x006fec3ea831 <JSFunction popcount32 (sfi = 0000006FEC3DECF9)> (target TURBOFAN_JS), mode: ConcurrencyMode::kConcurrent]
[completed compiling 0x006fec3ea831 <JSFunction popcount32 (sfi = 0000006FEC3DECF9)> (target TURBOFAN_JS) - took 0.003, 0.341, 0.007 ms]
[completed optimizing 0x006fec3ea831 <JSFunction popcount32 (sfi = 0000006FEC3DECF9)> (target TURBOFAN_JS)]
[marking 0x0174ba059b39 <JSFunction coordHas (sfi = 000002358B986139)> for optimization to TURBOFAN_JS, ConcurrencyMode::kConcurrent, reason: hot and stable]
[compiling method 0x0174ba059b39 <JSFunction coordHas (sfi = 000002358B986139)> (target TURBOFAN_JS), mode: ConcurrencyMode::kConcurrent]
[completed compiling 0x0174ba059b39 <JSFunction coordHas (sfi = 000002358B986139)> (target TURBOFAN_JS) - took 0.003, 0.375, 0.024 ms]
[completed optimizing 0x0174ba059b39 <JSFunction coordHas (sfi = 000002358B986139)> (target TURBOFAN_JS)]
[bailout (kind: deopt-eager, reason: Insufficient type feedback for generic keyed access): begin. deoptimizing 0x0248844237a9 <JSFunction evaluateConnect4CpcNonterminal32 (sfi = 00000248844163F1)>, 0x0345bd985a19 <Code TURBOFAN_JS>, opt id 521, bytecode offset 264, deopt exit 35, FP to SP delta 240, caller SP 0x0060079f87f0, pc 0x022bf2b30c4e]
[bailout (kind: deopt-eager, reason: minus zero): begin. deoptimizing 0x000b9962bf09 <JSFunction searchCpcOnlyFrontier (sfi = 0000024884407181)>, 0x02600a5dab01 <Code TURBOFAN_JS>, opt id 531, bytecode offset 276, deopt exit 113, FP to SP delta 568, caller SP 0x0060079f8a98, pc 0x022bf2b8bcbc]
[bailout (kind: deopt-lazy, reason: (unknown)): begin. deoptimizing 0x000b9962bf09 <JSFunction searchCpcOnlyFrontier (sfi = 0000024884407181)>, 0x02600a5dab01 <Code TURBOFAN_JS>, opt id 531, bytecode offset 2072, deopt exit 286, FP to SP delta 568, caller SP 0x0060079f8d40, pc 0x022bf2b8bf70]
[bailout (kind: deopt-lazy, reason: (unknown)): begin. deoptimizing 0x000b9962bf09 <JSFunction searchCpcOnlyFrontier (sfi = 0000024884407181)>, 0x02600a5dab01 <Code TURBOFAN_JS>, opt id 531, bytecode offset 2072, deopt exit 286, FP to SP delta 568, caller SP 0x0060079f8fe8, pc 0x022bf2b8bf70]
[bailout (kind: deopt-lazy, reason: (unknown)): begin. deoptimizing 0x000b9962bf09 <JSFunction searchCpcOnlyFrontier (sfi = 0000024884407181)>, 0x02600a5dab01 <Code TURBOFAN_JS>, opt id 531, bytecode offset 2072, deopt exit 286, FP to SP delta 568, caller SP 0x0060079f9290, pc 0x022bf2b8bf70]
[bailout (kind: deopt-lazy, reason: (unknown)): begin. deoptimizing 0x000b9962bf09 <JSFunction searchCpcOnlyFrontier (sfi = 0000024884407181)>, 0x02600a5dab01 <Code TURBOFAN_JS>, opt id 531, bytecode offset 2072, deopt exit 286, FP to SP delta 568, caller SP 0x0060079f9538, pc 0x022bf2b8bf70]
[bailout (kind: deopt-lazy, reason: (unknown)): begin. deoptimizing 0x000b9962bf09 <JSFunction searchCpcOnlyFrontier (sfi = 0000024884407181)>, 0x02600a5dab01 <Code TURBOFAN_JS>, opt id 531, bytecode offset 2072, deopt exit 286, FP to SP delta 568, caller SP 0x0060079f97e0, pc 0x022bf2b8bf70]
[bailout (kind: deopt-lazy, reason: (unknown)): begin. deoptimizing 0x000b9962bf09 <JSFunction searchCpcOnlyFrontier (sfi = 0000024884407181)>, 0x02600a5dab01 <Code TURBOFAN_JS>, opt id 531, bytecode offset 2072, deopt exit 286, FP to SP delta 568, caller SP 0x0060079f9a88, pc 0x022bf2b8bf70]
[bailout (kind: deopt-lazy, reason: (unknown)): begin. deoptimizing 0x000b9962bf09 <JSFunction searchCpcOnlyFrontier (sfi = 0000024884407181)>, 0x02600a5dab01 <Code TURBOFAN_JS>, opt id 531, bytecode offset 2072, deopt exit 286, FP to SP delta 568, caller SP 0x0060079f9d30, pc 0x022bf2b8bf70]
[marking 0x000b9962bf09 <JSFunction searchCpcOnlyFrontier (sfi = 0000024884407181)> for optimization to MAGLEV, ConcurrencyMode::kConcurrent, reason: hot and stable]
[compiling method 0x000b9962bf09 <JSFunction searchCpcOnlyFrontier (sfi = 0000024884407181)> (target MAGLEV), mode: ConcurrencyMode::kConcurrent]
[bailout (kind: deopt-lazy, reason: (unknown)): begin. deoptimizing 0x000b9962bf09 <JSFunction searchCpcOnlyFrontier (sfi = 0000024884407181)>, 0x02600a5dab01 <Code TURBOFAN_JS>, opt id 531, bytecode offset 2072, deopt exit 286, FP to SP delta 568, caller SP 0x0060079f9fd8, pc 0x022bf2b8bf70]
[marking 0x000b99639bb1 <JSFunction coordHas (sfi = 0000024884416439)> for optimization to TURBOFAN_JS, ConcurrencyMode::kConcurrent, reason: hot and stable]
[compiling method 0x000b99639bb1 <JSFunction coordHas (sfi = 0000024884416439)> (target TURBOFAN_JS), mode: ConcurrencyMode::kConcurrent]
[bailout (kind: deopt-lazy, reason: (unknown)): begin. deoptimizing 0x000b9962bf09 <JSFunction searchCpcOnlyFrontier (sfi = 0000024884407181)>, 0x02600a5dab01 <Code TURBOFAN_JS>, opt id 531, bytecode offset 2072, deopt exit 286, FP to SP delta 568, caller SP 0x0060079fa280, pc 0x022bf2b8bf70]
[bailout (kind: deopt-lazy, reason: (unknown)): begin. deoptimizing 0x000b9962bf09 <JSFunction searchCpcOnlyFrontier (sfi = 0000024884407181)>, 0x02600a5dab01 <Code TURBOFAN_JS>, opt id 531, bytecode offset 2072, deopt exit 286, FP to SP delta 568, caller SP 0x0060079fa528, pc 0x022bf2b8bf70]
[marking 0x0248844237a9 <JSFunction evaluateConnect4CpcNonterminal32 (sfi = 00000248844163F1)> for optimization to MAGLEV, ConcurrencyMode::kConcurrent, reason: hot and stable]
[compiling method 0x0248844237a9 <JSFunction evaluateConnect4CpcNonterminal32 (sfi = 00000248844163F1)> (target MAGLEV), mode: ConcurrencyMode::kConcurrent]
[marking 0x01699550fd01 <JSFunction deriveForkPreemption32 (sfi = 00000362C72D4CC1)> for optimization to TURBOFAN_JS, ConcurrencyMode::kConcurrent, reason: hot and stable]
[compiling method 0x01699550fd01 <JSFunction deriveForkPreemption32 (sfi = 00000362C72D4CC1)> (target TURBOFAN_JS), mode: ConcurrencyMode::kConcurrent]
[completed compiling 0x000b99639bb1 <JSFunction coordHas (sfi = 0000024884416439)> (target TURBOFAN_JS) - took 0.002, 0.485, 0.010 ms]
[completed optimizing 0x000b99639bb1 <JSFunction coordHas (sfi = 0000024884416439)> (target TURBOFAN_JS)]
[completed compiling 0x0248844237a9 <JSFunction evaluateConnect4CpcNonterminal32 (sfi = 00000248844163F1)> (target MAGLEV) - took 0.000, 1.608, 0.009 ms]
[completed compiling 0x000b9962bf09 <JSFunction searchCpcOnlyFrontier (sfi = 0000024884407181)> (target MAGLEV) - took 0.001, 3.533, 0.011 ms]
[bailout (kind: deopt-lazy, reason: (unknown)): begin. deoptimizing 0x000b9962bf09 <JSFunction searchCpcOnlyFrontier (sfi = 0000024884407181)>, 0x02600a5dab01 <Code TURBOFAN_JS>, opt id 531, bytecode offset 2072, deopt exit 286, FP to SP delta 568, caller SP 0x0060079fa7d0, pc 0x022bf2b8bf70]
[bailout (kind: deopt-lazy, reason: (unknown)): begin. deoptimizing 0x000b9962bf09 <JSFunction searchCpcOnlyFrontier (sfi = 0000024884407181)>, 0x02600a5dab01 <Code TURBOFAN_JS>, opt id 531, bytecode offset 2072, deopt exit 286, FP to SP delta 568, caller SP 0x0060079faa78, pc 0x022bf2b8bf70]
[marking 0x0035ebcd65d1 <JSFunction coordHas (sfi = 0000006FEC3DD799)> for optimization to TURBOFAN_JS, ConcurrencyMode::kConcurrent, reason: hot and stable]
[compiling method 0x0035ebcd65d1 <JSFunction coordHas (sfi = 0000006FEC3DD799)> (target TURBOFAN_JS), mode: ConcurrencyMode::kConcurrent]
[completed compiling 0x0035ebcd65d1 <JSFunction coordHas (sfi = 0000006FEC3DD799)> (target TURBOFAN_JS) - took 0.002, 0.428, 0.008 ms]
[completed optimizing 0x0035ebcd65d1 <JSFunction coordHas (sfi = 0000006FEC3DD799)> (target TURBOFAN_JS)]
[bailout (kind: deopt-lazy, reason: (unknown)): begin. deoptimizing 0x000b9962bf09 <JSFunction searchCpcOnlyFrontier (sfi = 0000024884407181)>, 0x02600a5dab01 <Code TURBOFAN_JS>, opt id 531, bytecode offset 2072, deopt exit 286, FP to SP delta 568, caller SP 0x0060079fad20, pc 0x022bf2b8bf70]
[bailout (kind: deopt-lazy, reason: (unknown)): begin. deoptimizing 0x000b9962bf09 <JSFunction searchCpcOnlyFrontier (sfi = 0000024884407181)>, 0x02600a5dab01 <Code TURBOFAN_JS>, opt id 531, bytecode offset 2072, deopt exit 286, FP to SP delta 568, caller SP 0x0060079fafc8, pc 0x022bf2b8bf70]
[bailout (kind: deopt-eager, reason: Insufficient type feedback for generic named access): begin. deoptimizing 0x026e68e66e41 <JSFunction deriveForkPreemption32 (sfi = 0000016EF3259F51)>, 0x01768e6f8561 <Code MAGLEV>, opt id 223, bytecode offset 696, deopt exit 89, FP to SP delta 232, caller SP 0x00600a1f93d8, pc 0x022ce33325a6]
[marking 0x03f5f48a10a1 <JSFunction evaluateConnect4CpcNonterminal32 (sfi = 000003F5F4893C01)> for optimization to TURBOFAN_JS, ConcurrencyMode::kConcurrent, reason: hot and stable]
[compiling method 0x03f5f48a10a1 <JSFunction evaluateConnect4CpcNonterminal32 (sfi = 000003F5F4893C01)> (target TURBOFAN_JS), mode: ConcurrencyMode::kConcurrent]
[marking 0x000b99635269 <JSFunction pairedResponseNoWin (sfi = 00000248844165A1)> for optimization to TURBOFAN_JS, ConcurrencyMode::kConcurrent, reason: hot and stable]
[compiling method 0x000b99635269 <JSFunction pairedResponseNoWin (sfi = 00000248844165A1)> (target TURBOFAN_JS), mode: ConcurrencyMode::kConcurrent]
[completed compiling 0x01699550fd01 <JSFunction deriveForkPreemption32 (sfi = 00000362C72D4CC1)> (target TURBOFAN_JS) - took 0.002, 8.032, 0.041 ms]
[completed optimizing 0x01699550fd01 <JSFunction deriveForkPreemption32 (sfi = 00000362C72D4CC1)> (target TURBOFAN_JS)]
[marking 0x026e68e66d41 <JSFunction coordHas (sfi = 0000016EF3259E31)> for optimization to TURBOFAN_JS, ConcurrencyMode::kConcurrent, reason: hot and stable]
[compiling method 0x026e68e66d41 <JSFunction coordHas (sfi = 0000016EF3259E31)> (target TURBOFAN_JS), mode: ConcurrencyMode::kConcurrent]
[completed compiling 0x026e68e66d41 <JSFunction coordHas (sfi = 0000016EF3259E31)> (target TURBOFAN_JS) - took 0.002, 0.354, 0.010 ms]
[completed optimizing 0x026e68e66d41 <JSFunction coordHas (sfi = 0000016EF3259E31)> (target TURBOFAN_JS)]
[completed compiling 0x000b99635269 <JSFunction pairedResponseNoWin (sfi = 00000248844165A1)> (target TURBOFAN_JS) - took 0.002, 2.107, 0.015 ms]
[completed optimizing 0x000b99635269 <JSFunction pairedResponseNoWin (sfi = 00000248844165A1)> (target TURBOFAN_JS)]
[bailout (kind: deopt-eager, reason: Insufficient type feedback for call): begin. deoptimizing 0x006fec3ec811 <JSFunction storeConnect4RbaSharedExactCache32 (sfi = 0000006FEC3E68F9)>, 0x034e3913fce1 <Code TURBOFAN_JS>, opt id 306, bytecode offset 125, deopt exit 23, FP to SP delta 120, caller SP 0x0060099f9c30, pc 0x022cc3337d64]
[bailout (kind: deopt-lazy, reason: (unknown)): begin. deoptimizing 0x000b9962bf09 <JSFunction searchCpcOnlyFrontier (sfi = 0000024884407181)>, 0x02600a5dab01 <Code TURBOFAN_JS>, opt id 531, bytecode offset 2072, deopt exit 286, FP to SP delta 568, caller SP 0x0060079fb270, pc 0x022bf2b8bf70]
[bailout (kind: deopt-lazy, reason: (unknown)): begin. deoptimizing 0x000b9962bf09 <JSFunction searchCpcOnlyFrontier (sfi = 0000024884407181)>, 0x02600a5dab01 <Code TURBOFAN_JS>, opt id 531, bytecode offset 2072, deopt exit 286, FP to SP delta 568, caller SP 0x0060079fb518, pc 0x022bf2b8bf70]
[bailout (kind: deopt-lazy, reason: (unknown)): begin. deoptimizing 0x000b9962bf09 <JSFunction searchCpcOnlyFrontier (sfi = 0000024884407181)>, 0x02600a5dab01 <Code TURBOFAN_JS>, opt id 531, bytecode offset 2072, deopt exit 286, FP to SP delta 568, caller SP 0x0060079fb7c0, pc 0x022bf2b8bf70]
[bailout (kind: deopt-lazy, reason: (unknown)): begin. deoptimizing 0x000b9962bf09 <JSFunction searchCpcOnlyFrontier (sfi = 0000024884407181)>, 0x02600a5dab01 <Code TURBOFAN_JS>, opt id 531, bytecode offset 2072, deopt exit 286, FP to SP delta 568, caller SP 0x0060079fba68, pc 0x022bf2b8bf70]
[marking 0x006fec3ec811 <JSFunction storeConnect4RbaSharedExactCache32 (sfi = 0000006FEC3E68F9)> for optimization to MAGLEV, ConcurrencyMode::kConcurrent, reason: hot and stable]
[compiling method 0x006fec3ec811 <JSFunction storeConnect4RbaSharedExactCache32 (sfi = 0000006FEC3E68F9)> (target MAGLEV), mode: ConcurrencyMode::kConcurrent]
[completed compiling 0x006fec3ec811 <JSFunction storeConnect4RbaSharedExactCache32 (sfi = 0000006FEC3E68F9)> (target MAGLEV) - took 0.000, 0.620, 0.008 ms]
[marking 0x026e68e66e41 <JSFunction deriveForkPreemption32 (sfi = 0000016EF3259F51)> for optimization to MAGLEV, ConcurrencyMode::kConcurrent, reason: hot and stable]
[compiling method 0x026e68e66e41 <JSFunction deriveForkPreemption32 (sfi = 0000016EF3259F51)> (target MAGLEV), mode: ConcurrencyMode::kConcurrent]
[completed compiling 0x03f5f48a10a1 <JSFunction evaluateConnect4CpcNonterminal32 (sfi = 000003F5F4893C01)> (target TURBOFAN_JS) - took 0.002, 11.755, 0.054 ms]
[completed optimizing 0x03f5f48a10a1 <JSFunction evaluateConnect4CpcNonterminal32 (sfi = 000003F5F4893C01)> (target TURBOFAN_JS)]
[completed compiling 0x026e68e66e41 <JSFunction deriveForkPreemption32 (sfi = 0000016EF3259F51)> (target MAGLEV) - took 0.000, 2.126, 0.011 ms]
[22880:0000022C82CD6000]      370 ms: Scavenge (during sweeping) 8.8 (12.4) -> 6.9 (12.4) MB, pooled: 0.0 MB, 0.10 / 0.00 ms (average mu = 0.944, current mu = 0.944) allocation failure; 
[marking 0x023e389cef01 <JSFunction deriveForkPreemption32 (sfi = 00000212C461D2F1)> for optimization to TURBOFAN_JS, ConcurrencyMode::kConcurrent, reason: hot and stable]
[compiling method 0x023e389cef01 <JSFunction deriveForkPreemption32 (sfi = 00000212C461D2F1)> (target TURBOFAN_JS), mode: ConcurrencyMode::kConcurrent]
[marking 0x000b9962bf09 <JSFunction searchCpcOnlyFrontier (sfi = 0000024884407181)> for optimization to TURBOFAN_JS, ConcurrencyMode::kConcurrent, reason: hot and stable]
[compiling method 0x000b9962bf09 <JSFunction searchCpcOnlyFrontier (sfi = 0000024884407181)> (target TURBOFAN_JS), mode: ConcurrencyMode::kConcurrent]
[marking 0x0248844237a9 <JSFunction evaluateConnect4CpcNonterminal32 (sfi = 00000248844163F1)> for optimization to TURBOFAN_JS, ConcurrencyMode::kConcurrent, reason: hot and stable]
[compiling method 0x0248844237a9 <JSFunction evaluateConnect4CpcNonterminal32 (sfi = 00000248844163F1)> (target TURBOFAN_JS), mode: ConcurrencyMode::kConcurrent]
[marking 0x023e389cfb21 <JSFunction absToRelativeFrontier (sfi = 00000212C460DE71)> for optimization to TURBOFAN_JS, ConcurrencyMode::kConcurrent, reason: hot and stable]
[compiling method 0x023e389cfb21 <JSFunction absToRelativeFrontier (sfi = 00000212C460DE71)> (target TURBOFAN_JS), mode: ConcurrencyMode::kConcurrent]
[completed compiling 0x023e389cfb21 <JSFunction absToRelativeFrontier (sfi = 00000212C460DE71)> (target TURBOFAN_JS) - took 0.003, 0.390, 0.014 ms]
[completed optimizing 0x023e389cfb21 <JSFunction absToRelativeFrontier (sfi = 00000212C460DE71)> (target TURBOFAN_JS)]
[22880:00000229C4673000]      382 ms: Scavenge (during sweeping) 8.9 (12.4) -> 6.9 (12.4) MB, pooled: 0.0 MB, 0.12 / 0.00 ms (average mu = 0.948, current mu = 0.948) allocation failure; 
[marking 0x0035ebcd6b29 <JSFunction storeConnect4RbaExactCacheSlot32Frontier (sfi = 0000006FEC3CE3C1)> for optimization to TURBOFAN_JS, ConcurrencyMode::kConcurrent, reason: hot and stable]
[compiling method 0x0035ebcd6b29 <JSFunction storeConnect4RbaExactCacheSlot32Frontier (sfi = 0000006FEC3CE3C1)> (target TURBOFAN_JS), mode: ConcurrencyMode::kConcurrent]
[completed compiling 0x023e389cef01 <JSFunction deriveForkPreemption32 (sfi = 00000212C461D2F1)> (target TURBOFAN_JS) - took 0.004, 8.268, 0.046 ms]
[completed optimizing 0x023e389cef01 <JSFunction deriveForkPreemption32 (sfi = 00000212C461D2F1)> (target TURBOFAN_JS)]
[marking 0x000b99636691 <JSFunction deriveForkPreemption32 (sfi = 0000024884416559)> for optimization to TURBOFAN_JS, ConcurrencyMode::kConcurrent, reason: hot and stable]
[compiling method 0x000b99636691 <JSFunction deriveForkPreemption32 (sfi = 0000024884416559)> (target TURBOFAN_JS), mode: ConcurrencyMode::kConcurrent]
[completed compiling 0x0035ebcd6b29 <JSFunction storeConnect4RbaExactCacheSlot32Frontier (sfi = 0000006FEC3CE3C1)> (target TURBOFAN_JS) - took 0.003, 3.358, 0.033 ms]
[completed optimizing 0x0035ebcd6b29 <JSFunction storeConnect4RbaExactCacheSlot32Frontier (sfi = 0000006FEC3CE3C1)> (target TURBOFAN_JS)]
[marking 0x026e68e672d9 <JSFunction storeConnect4RbaExactCacheSlot32Frontier (sfi = 0000016EF324AA29)> for optimization to TURBOFAN_JS, ConcurrencyMode::kConcurrent, reason: hot and stable]
[compiling method 0x026e68e672d9 <JSFunction storeConnect4RbaExactCacheSlot32Frontier (sfi = 0000016EF324AA29)> (target TURBOFAN_JS), mode: ConcurrencyMode::kConcurrent]
[completed compiling 0x0248844237a9 <JSFunction evaluateConnect4CpcNonterminal32 (sfi = 00000248844163F1)> (target TURBOFAN_JS) - took 0.003, 11.538, 0.062 ms]
[completed optimizing 0x0248844237a9 <JSFunction evaluateConnect4CpcNonterminal32 (sfi = 00000248844163F1)> (target TURBOFAN_JS)]
[completed compiling 0x000b99636691 <JSFunction deriveForkPreemption32 (sfi = 0000024884416559)> (target TURBOFAN_JS) - took 0.002, 6.609, 0.031 ms]
[completed optimizing 0x000b99636691 <JSFunction deriveForkPreemption32 (sfi = 0000024884416559)> (target TURBOFAN_JS)]
[completed compiling 0x026e68e672d9 <JSFunction storeConnect4RbaExactCacheSlot32Frontier (sfi = 0000016EF324AA29)> (target TURBOFAN_JS) - took 0.003, 3.209, 0.045 ms]
[completed optimizing 0x026e68e672d9 <JSFunction storeConnect4RbaExactCacheSlot32Frontier (sfi = 0000016EF324AA29)> (target TURBOFAN_JS)]
[completed compiling 0x000b9962bf09 <JSFunction searchCpcOnlyFrontier (sfi = 0000024884407181)> (target TURBOFAN_JS) - took 0.002, 21.888, 0.071 ms]
[completed optimizing 0x000b9962bf09 <JSFunction searchCpcOnlyFrontier (sfi = 0000024884407181)> (target TURBOFAN_JS)]
[22880:00000229C4928000]      403 ms: Scavenge (during sweeping) 8.8 (11.9) -> 6.9 (11.9) MB, pooled: 0.0 MB, 0.14 / 0.00 ms (average mu = 0.951, current mu = 0.951) allocation failure; 
[marking 0x023e389cee81 <JSFunction playableCell (sfi = 00000212C461D261)> for optimization to TURBOFAN_JS, ConcurrencyMode::kConcurrent, reason: hot and stable]
[compiling method 0x023e389cee81 <JSFunction playableCell (sfi = 00000212C461D261)> (target TURBOFAN_JS), mode: ConcurrencyMode::kConcurrent]
[completed compiling 0x023e389cee81 <JSFunction playableCell (sfi = 00000212C461D261)> (target TURBOFAN_JS) - took 0.004, 0.622, 0.016 ms]
[completed optimizing 0x023e389cee81 <JSFunction playableCell (sfi = 00000212C461D261)> (target TURBOFAN_JS)]
[marking 0x000b996388d1 <JSFunction playableCell (sfi = 00000248844164C9)> for optimization to TURBOFAN_JS, ConcurrencyMode::kConcurrent, reason: hot and stable]
[compiling method 0x000b996388d1 <JSFunction playableCell (sfi = 00000248844164C9)> (target TURBOFAN_JS), mode: ConcurrencyMode::kConcurrent]
[22880:0000022C82C03000]      415 ms: Scavenge (during sweeping) 8.9 (12.6) -> 7.0 (12.6) MB, pooled: 0.0 MB, 0.13 / 0.00 ms (average mu = 0.996, current mu = 0.996) allocation failure; 
[completed compiling 0x000b996388d1 <JSFunction playableCell (sfi = 00000248844164C9)> (target TURBOFAN_JS) - took 0.004, 0.575, 0.017 ms]
[completed optimizing 0x000b996388d1 <JSFunction playableCell (sfi = 00000248844164C9)> (target TURBOFAN_JS)]
[marking 0x032f89192461 <JSFunction playableCell (sfi = 00000362C72D4C31)> for optimization to TURBOFAN_JS, ConcurrencyMode::kConcurrent, reason: hot and stable]
[compiling method 0x032f89192461 <JSFunction playableCell (sfi = 00000362C72D4C31)> (target TURBOFAN_JS), mode: ConcurrencyMode::kConcurrent]
[completed compiling 0x032f89192461 <JSFunction playableCell (sfi = 00000362C72D4C31)> (target TURBOFAN_JS) - took 0.003, 0.469, 0.012 ms]
[completed optimizing 0x032f89192461 <JSFunction playableCell (sfi = 00000362C72D4C31)> (target TURBOFAN_JS)]
[22880:00000229C47B0000]      426 ms: Scavenge (during sweeping) 8.9 (12.4) -> 6.9 (12.4) MB, pooled: 0.0 MB, 0.13 / 0.00 ms (average mu = 0.995, current mu = 0.995) allocation failure; 
[bailout (kind: deopt-eager, reason: Insufficient type feedback for generic named access): begin. deoptimizing 0x01699550fd01 <JSFunction deriveForkPreemption32 (sfi = 00000362C72D4CC1)>, 0x015c4e9b73a1 <Code TURBOFAN_JS>, opt id 447, bytecode offset 696, deopt exit 48, FP to SP delta 184, caller SP 0x0060089f9d98, pc 0x022c62b91665]
[bailout (kind: deopt-eager, reason: Insufficient type feedback for generic named access): begin. deoptimizing 0x018f9acd0bb1 <JSFunction deriveForkPreemption32 (sfi = 0000006FEC3DD8B9)>, 0x034e39136e39 <Code MAGLEV>, opt id 305, bytecode offset 696, deopt exit 89, FP to SP delta 232, caller SP 0x0060099f9688, pc 0x022cc33721e3]
[bailout (kind: deopt-eager, reason: Insufficient type feedback for generic named access): begin. deoptimizing 0x023e389cef01 <JSFunction deriveForkPreemption32 (sfi = 00000212C461D2F1)>, 0x00df3a177509 <Code TURBOFAN_JS>, opt id 275, bytecode offset 696, deopt exit 48, FP to SP delta 184, caller SP 0x0060091f9b88, pc 0x022c833296e5]
[marking 0x018f9acd0bb1 <JSFunction deriveForkPreemption32 (sfi = 0000006FEC3DD8B9)> for optimization to MAGLEV, ConcurrencyMode::kConcurrent, reason: hot and stable]
[compiling method 0x018f9acd0bb1 <JSFunction deriveForkPreemption32 (sfi = 0000006FEC3DD8B9)> (target MAGLEV), mode: ConcurrencyMode::kConcurrent]
[completed compiling 0x018f9acd0bb1 <JSFunction deriveForkPreemption32 (sfi = 0000006FEC3DD8B9)> (target MAGLEV) - took 0.000, 1.027, 0.012 ms]
[marking 0x01699550fd01 <JSFunction deriveForkPreemption32 (sfi = 00000362C72D4CC1)> for optimization to MAGLEV, ConcurrencyMode::kConcurrent, reason: hot and stable]
[compiling method 0x01699550fd01 <JSFunction deriveForkPreemption32 (sfi = 00000362C72D4CC1)> (target MAGLEV), mode: ConcurrencyMode::kConcurrent]
[completed compiling 0x01699550fd01 <JSFunction deriveForkPreemption32 (sfi = 00000362C72D4CC1)> (target MAGLEV) - took 0.001, 0.768, 0.014 ms]
[marking 0x023e389cef01 <JSFunction deriveForkPreemption32 (sfi = 00000212C461D2F1)> for optimization to MAGLEV, ConcurrencyMode::kConcurrent, reason: hot and stable]
[compiling method 0x023e389cef01 <JSFunction deriveForkPreemption32 (sfi = 00000212C461D2F1)> (target MAGLEV), mode: ConcurrencyMode::kConcurrent]
[completed compiling 0x023e389cef01 <JSFunction deriveForkPreemption32 (sfi = 00000212C461D2F1)> (target MAGLEV) - took 0.000, 0.764, 0.014 ms]
[22880:00000229C46EB000]      466 ms: Scavenge (during sweeping) 8.8 (12.4) -> 6.8 (12.4) MB, pooled: 0.0 MB, 0.16 / 0.00 ms (average mu = 0.917, current mu = 0.917) allocation failure; 
[marking 0x0174ba059c39 <JSFunction deriveForkPreemption32 (sfi = 000002358B986259)> for optimization to TURBOFAN_JS, ConcurrencyMode::kConcurrent, reason: hot and stable]
[compiling method 0x0174ba059c39 <JSFunction deriveForkPreemption32 (sfi = 000002358B986259)> (target TURBOFAN_JS), mode: ConcurrencyMode::kConcurrent]
[marking 0x01699550fd01 <JSFunction deriveForkPreemption32 (sfi = 00000362C72D4CC1)> for optimization to TURBOFAN_JS, ConcurrencyMode::kConcurrent, reason: hot and stable]
[compiling method 0x01699550fd01 <JSFunction deriveForkPreemption32 (sfi = 00000362C72D4CC1)> (target TURBOFAN_JS), mode: ConcurrencyMode::kConcurrent]
[22880:00000229C4673000]      474 ms: Scavenge (during sweeping) 9.0 (12.4) -> 7.0 (12.4) MB, pooled: 0.0 MB, 0.10 / 0.00 ms (average mu = 0.948, current mu = 0.948) allocation failure; 
[bailout (kind: deopt-eager, reason: minus zero): begin. deoptimizing 0x010acf6be911 <JSFunction searchCpcOnlyFrontier (sfi = 0000006FEC3CE4E1)>, 0x016892b98e51 <Code TURBOFAN_JS>, opt id 323, bytecode offset 1029, deopt exit 263, FP to SP delta 568, caller SP 0x0060099f8530, pc 0x022cc338c0e2]
[bailout (kind: deopt-lazy, reason: (unknown)): begin. deoptimizing 0x010acf6be911 <JSFunction searchCpcOnlyFrontier (sfi = 0000006FEC3CE4E1)>, 0x016892b98e51 <Code TURBOFAN_JS>, opt id 323, bytecode offset 2072, deopt exit 287, FP to SP delta 568, caller SP 0x0060099f87d8, pc 0x022cc338c142]
[bailout (kind: deopt-lazy, reason: (unknown)): begin. deoptimizing 0x010acf6be911 <JSFunction searchCpcOnlyFrontier (sfi = 0000006FEC3CE4E1)>, 0x016892b98e51 <Code TURBOFAN_JS>, opt id 323, bytecode offset 2072, deopt exit 287, FP to SP delta 568, caller SP 0x0060099f8a80, pc 0x022cc338c142]
[bailout (kind: deopt-lazy, reason: (unknown)): begin. deoptimizing 0x010acf6be911 <JSFunction searchCpcOnlyFrontier (sfi = 0000006FEC3CE4E1)>, 0x016892b98e51 <Code TURBOFAN_JS>, opt id 323, bytecode offset 2072, deopt exit 287, FP to SP delta 568, caller SP 0x0060099f8d28, pc 0x022cc338c142]
[bailout (kind: deopt-lazy, reason: (unknown)): begin. deoptimizing 0x010acf6be911 <JSFunction searchCpcOnlyFrontier (sfi = 0000006FEC3CE4E1)>, 0x016892b98e51 <Code TURBOFAN_JS>, opt id 323, bytecode offset 2072, deopt exit 287, FP to SP delta 568, caller SP 0x0060099f8fd0, pc 0x022cc338c142]
[bailout (kind: deopt-lazy, reason: (unknown)): begin. deoptimizing 0x010acf6be911 <JSFunction searchCpcOnlyFrontier (sfi = 0000006FEC3CE4E1)>, 0x016892b98e51 <Code TURBOFAN_JS>, opt id 323, bytecode offset 2072, deopt exit 287, FP to SP delta 568, caller SP 0x0060099f9278, pc 0x022cc338c142]
[bailout (kind: deopt-lazy, reason: (unknown)): begin. deoptimizing 0x010acf6be911 <JSFunction searchCpcOnlyFrontier (sfi = 0000006FEC3CE4E1)>, 0x016892b98e51 <Code TURBOFAN_JS>, opt id 323, bytecode offset 2072, deopt exit 287, FP to SP delta 568, caller SP 0x0060099f9520, pc 0x022cc338c142]
[bailout (kind: deopt-lazy, reason: (unknown)): begin. deoptimizing 0x010acf6be911 <JSFunction searchCpcOnlyFrontier (sfi = 0000006FEC3CE4E1)>, 0x016892b98e51 <Code TURBOFAN_JS>, opt id 323, bytecode offset 2072, deopt exit 287, FP to SP delta 568, caller SP 0x0060099f97c8, pc 0x022cc338c142]
[bailout (kind: deopt-lazy, reason: (unknown)): begin. deoptimizing 0x010acf6be911 <JSFunction searchCpcOnlyFrontier (sfi = 0000006FEC3CE4E1)>, 0x016892b98e51 <Code TURBOFAN_JS>, opt id 323, bytecode offset 2072, deopt exit 287, FP to SP delta 568, caller SP 0x0060099f9a70, pc 0x022cc338c142]
[bailout (kind: deopt-lazy, reason: (unknown)): begin. deoptimizing 0x010acf6be911 <JSFunction searchCpcOnlyFrontier (sfi = 0000006FEC3CE4E1)>, 0x016892b98e51 <Code TURBOFAN_JS>, opt id 323, bytecode offset 2072, deopt exit 287, FP to SP delta 568, caller SP 0x0060099f9d18, pc 0x022cc338c142]
[bailout (kind: deopt-lazy, reason: (unknown)): begin. deoptimizing 0x010acf6be911 <JSFunction searchCpcOnlyFrontier (sfi = 0000006FEC3CE4E1)>, 0x016892b98e51 <Code TURBOFAN_JS>, opt id 323, bytecode offset 2072, deopt exit 287, FP to SP delta 568, caller SP 0x0060099f9fc0, pc 0x022cc338c142]
[bailout (kind: deopt-lazy, reason: (unknown)): begin. deoptimizing 0x010acf6be911 <JSFunction searchCpcOnlyFrontier (sfi = 0000006FEC3CE4E1)>, 0x016892b98e51 <Code TURBOFAN_JS>, opt id 323, bytecode offset 2072, deopt exit 287, FP to SP delta 568, caller SP 0x0060099fa268, pc 0x022cc338c142]
[marking 0x010acf6be911 <JSFunction searchCpcOnlyFrontier (sfi = 0000006FEC3CE4E1)> for optimization to MAGLEV, ConcurrencyMode::kConcurrent, reason: hot and stable]
[compiling method 0x010acf6be911 <JSFunction searchCpcOnlyFrontier (sfi = 0000006FEC3CE4E1)> (target MAGLEV), mode: ConcurrencyMode::kConcurrent]
[completed compiling 0x0174ba059c39 <JSFunction deriveForkPreemption32 (sfi = 000002358B986259)> (target TURBOFAN_JS) - took 0.006, 7.130, 0.059 ms]
[completed optimizing 0x0174ba059c39 <JSFunction deriveForkPreemption32 (sfi = 000002358B986259)> (target TURBOFAN_JS)]
[marking 0x03e59bd0faa1 <JSFunction storeConnect4RbaExactCacheSlot32Frontier (sfi = 000003F5F4884889)> for optimization to MAGLEV, ConcurrencyMode::kConcurrent, reason: hot and stable]
[compiling method 0x03e59bd0faa1 <JSFunction storeConnect4RbaExactCacheSlot32Frontier (sfi = 000003F5F4884889)> (target MAGLEV), mode: ConcurrencyMode::kConcurrent]
[completed compiling 0x010acf6be911 <JSFunction searchCpcOnlyFrontier (sfi = 0000006FEC3CE4E1)> (target MAGLEV) - took 0.000, 1.742, 0.022 ms]
[completed compiling 0x03e59bd0faa1 <JSFunction storeConnect4RbaExactCacheSlot32Frontier (sfi = 000003F5F4884889)> (target MAGLEV) - took 0.000, 0.323, 0.009 ms]
[completed compiling 0x01699550fd01 <JSFunction deriveForkPreemption32 (sfi = 00000362C72D4CC1)> (target TURBOFAN_JS) - took 0.002, 7.072, 0.052 ms]
[completed optimizing 0x01699550fd01 <JSFunction deriveForkPreemption32 (sfi = 00000362C72D4CC1)> (target TURBOFAN_JS)]
[bailout (kind: deopt-lazy, reason: (unknown)): begin. deoptimizing 0x010acf6be911 <JSFunction searchCpcOnlyFrontier (sfi = 0000006FEC3CE4E1)>, 0x016892b98e51 <Code TURBOFAN_JS>, opt id 323, bytecode offset 2072, deopt exit 287, FP to SP delta 568, caller SP 0x0060099fa510, pc 0x022cc338c142]
[marking 0x023e389cef01 <JSFunction deriveForkPreemption32 (sfi = 00000212C461D2F1)> for optimization to TURBOFAN_JS, ConcurrencyMode::kConcurrent, reason: hot and stable]
[compiling method 0x023e389cef01 <JSFunction deriveForkPreemption32 (sfi = 00000212C461D2F1)> (target TURBOFAN_JS), mode: ConcurrencyMode::kConcurrent]
[marking 0x026e68e66e41 <JSFunction deriveForkPreemption32 (sfi = 0000016EF3259F51)> for optimization to TURBOFAN_JS, ConcurrencyMode::kConcurrent, reason: hot and stable]
[compiling method 0x026e68e66e41 <JSFunction deriveForkPreemption32 (sfi = 0000016EF3259F51)> (target TURBOFAN_JS), mode: ConcurrencyMode::kConcurrent]
[completed compiling 0x023e389cef01 <JSFunction deriveForkPreemption32 (sfi = 00000212C461D2F1)> (target TURBOFAN_JS) - took 0.003, 4.714, 0.048 ms]
[completed optimizing 0x023e389cef01 <JSFunction deriveForkPreemption32 (sfi = 00000212C461D2F1)> (target TURBOFAN_JS)]
[completed compiling 0x026e68e66e41 <JSFunction deriveForkPreemption32 (sfi = 0000016EF3259F51)> (target TURBOFAN_JS) - took 0.003, 4.686, 0.042 ms]
[completed optimizing 0x026e68e66e41 <JSFunction deriveForkPreemption32 (sfi = 0000016EF3259F51)> (target TURBOFAN_JS)]
[bailout (kind: deopt-eager, reason: Insufficient type feedback for compare operation): begin. deoptimizing 0x03e59bd0fba1 <JSFunction searchCpcOnlyFrontier (sfi = 000003F5F48849A9)>, 0x03d2c1afb309 <Code TURBOFAN_JS>, opt id 887, bytecode offset 2296, deopt exit 213, FP to SP delta 560, caller SP 0x0060071fbc18, pc 0x022bd2b2a59a]
[bailout (kind: deopt-lazy, reason: (unknown)): begin. deoptimizing 0x03e59bd0fba1 <JSFunction searchCpcOnlyFrontier (sfi = 000003F5F48849A9)>, 0x03d2c1afb309 <Code TURBOFAN_JS>, opt id 887, bytecode offset 2072, deopt exit 257, FP to SP delta 560, caller SP 0x0060071fbeb8, pc 0x022bd2b2a64a]
[bailout (kind: deopt-lazy, reason: (unknown)): begin. deoptimizing 0x03e59bd0fba1 <JSFunction searchCpcOnlyFrontier (sfi = 000003F5F48849A9)>, 0x03d2c1afb309 <Code TURBOFAN_JS>, opt id 887, bytecode offset 2072, deopt exit 257, FP to SP delta 560, caller SP 0x0060071fc158, pc 0x022bd2b2a64a]
[bailout (kind: deopt-lazy, reason: (unknown)): begin. deoptimizing 0x010acf6be911 <JSFunction searchCpcOnlyFrontier (sfi = 0000006FEC3CE4E1)>, 0x016892b98e51 <Code TURBOFAN_JS>, opt id 323, bytecode offset 2072, deopt exit 287, FP to SP delta 568, caller SP 0x0060099fa7b8, pc 0x022cc338c142]
[bailout (kind: deopt-lazy, reason: (unknown)): begin. deoptimizing 0x010acf6be911 <JSFunction searchCpcOnlyFrontier (sfi = 0000006FEC3CE4E1)>, 0x016892b98e51 <Code TURBOFAN_JS>, opt id 323, bytecode offset 2072, deopt exit 287, FP to SP delta 568, caller SP 0x0060099faa60, pc 0x022cc338c142]
[bailout (kind: deopt-lazy, reason: (unknown)): begin. deoptimizing 0x010acf6be911 <JSFunction searchCpcOnlyFrontier (sfi = 0000006FEC3CE4E1)>, 0x016892b98e51 <Code TURBOFAN_JS>, opt id 323, bytecode offset 2072, deopt exit 287, FP to SP delta 568, caller SP 0x0060099fad08, pc 0x022cc338c142]
[bailout (kind: deopt-lazy, reason: (unknown)): begin. deoptimizing 0x010acf6be911 <JSFunction searchCpcOnlyFrontier (sfi = 0000006FEC3CE4E1)>, 0x016892b98e51 <Code TURBOFAN_JS>, opt id 323, bytecode offset 2072, deopt exit 287, FP to SP delta 568, caller SP 0x0060099fafb0, pc 0x022cc338c142]
[bailout (kind: deopt-lazy, reason: (unknown)): begin. deoptimizing 0x010acf6be911 <JSFunction searchCpcOnlyFrontier (sfi = 0000006FEC3CE4E1)>, 0x016892b98e51 <Code TURBOFAN_JS>, opt id 323, bytecode offset 2072, deopt exit 287, FP to SP delta 568, caller SP 0x0060099fb258, pc 0x022cc338c142]
[bailout (kind: deopt-lazy, reason: (unknown)): begin. deoptimizing 0x03e59bd0fba1 <JSFunction searchCpcOnlyFrontier (sfi = 000003F5F48849A9)>, 0x03d2c1afb309 <Code TURBOFAN_JS>, opt id 887, bytecode offset 2072, deopt exit 257, FP to SP delta 560, caller SP 0x0060071fc3f8, pc 0x022bd2b2a64a]
[marking 0x03e59bd0fba1 <JSFunction searchCpcOnlyFrontier (sfi = 000003F5F48849A9)> for optimization to MAGLEV, ConcurrencyMode::kConcurrent, reason: hot and stable]
[compiling method 0x03e59bd0fba1 <JSFunction searchCpcOnlyFrontier (sfi = 000003F5F48849A9)> (target MAGLEV), mode: ConcurrencyMode::kConcurrent]
[bailout (kind: deopt-lazy, reason: (unknown)): begin. deoptimizing 0x010acf6be911 <JSFunction searchCpcOnlyFrontier (sfi = 0000006FEC3CE4E1)>, 0x016892b98e51 <Code TURBOFAN_JS>, opt id 323, bytecode offset 2072, deopt exit 287, FP to SP delta 568, caller SP 0x0060099fb500, pc 0x022cc338c142]
[bailout (kind: deopt-lazy, reason: (unknown)): begin. deoptimizing 0x010acf6be911 <JSFunction searchCpcOnlyFrontier (sfi = 0000006FEC3CE4E1)>, 0x016892b98e51 <Code TURBOFAN_JS>, opt id 323, bytecode offset 2072, deopt exit 287, FP to SP delta 568, caller SP 0x0060099fb7a8, pc 0x022cc338c142]
[marking 0x023e389cfaa1 <JSFunction storeConnect4RbaExactCacheSlot32Frontier (sfi = 00000212C460DDE1)> for optimization to TURBOFAN_JS, ConcurrencyMode::kConcurrent, reason: hot and stable]
[completed compiling 0x03e59bd0fba1 <JSFunction searchCpcOnlyFrontier (sfi = 000003F5F48849A9)> (target MAGLEV) - took 0.000, 3.059, 0.018 ms]
[compiling method 0x023e389cfaa1 <JSFunction storeConnect4RbaExactCacheSlot32Frontier (sfi = 00000212C460DDE1)> (target TURBOFAN_JS), mode: ConcurrencyMode::kConcurrent]
[marking 0x03f5f489f341 <JSFunction completeRootFrontierNode32 (sfi = 000003F5F4885F01)> for optimization to TURBOFAN_JS, ConcurrencyMode::kConcurrent, reason: hot and stable]
[compiling method 0x03f5f489f341 <JSFunction completeRootFrontierNode32 (sfi = 000003F5F4885F01)> (target TURBOFAN_JS), mode: ConcurrencyMode::kConcurrent]
[completed compiling 0x03f5f489f341 <JSFunction completeRootFrontierNode32 (sfi = 000003F5F4885F01)> (target TURBOFAN_JS) - took 0.002, 0.564, 0.012 ms]
[completed optimizing 0x03f5f489f341 <JSFunction completeRootFrontierNode32 (sfi = 000003F5F4885F01)> (target TURBOFAN_JS)]
[completed compiling 0x023e389cfaa1 <JSFunction storeConnect4RbaExactCacheSlot32Frontier (sfi = 00000212C460DDE1)> (target TURBOFAN_JS) - took 0.003, 3.264, 0.026 ms]
[completed optimizing 0x023e389cfaa1 <JSFunction storeConnect4RbaExactCacheSlot32Frontier (sfi = 00000212C460DDE1)> (target TURBOFAN_JS)]
[marking 0x010acf6be911 <JSFunction searchCpcOnlyFrontier (sfi = 0000006FEC3CE4E1)> for optimization to TURBOFAN_JS, ConcurrencyMode::kConcurrent, reason: hot and stable]
[compiling method 0x010acf6be911 <JSFunction searchCpcOnlyFrontier (sfi = 0000006FEC3CE4E1)> (target TURBOFAN_JS), mode: ConcurrencyMode::kConcurrent]
[bailout (kind: deopt-lazy, reason: (unknown)): begin. deoptimizing 0x03e59bd0fba1 <JSFunction searchCpcOnlyFrontier (sfi = 000003F5F48849A9)>, 0x03d2c1afb309 <Code TURBOFAN_JS>, opt id 887, bytecode offset 2072, deopt exit 257, FP to SP delta 560, caller SP 0x0060071fc698, pc 0x022bd2b2a64a]
[22880:0000022C82CD6000]      514 ms: Scavenge (during sweeping) 8.8 (12.4) -> 6.9 (12.4) MB, pooled: 0.0 MB, 0.12 / 0.00 ms (average mu = 0.944, current mu = 0.944) allocation failure; 
[22880:00000229C4928000]      516 ms: Scavenge (during sweeping) 8.9 (11.9) -> 6.9 (11.9) MB, pooled: 0.0 MB, 0.10 / 0.00 ms (average mu = 0.951, current mu = 0.951) allocation failure; 
[completed compiling 0x010acf6be911 <JSFunction searchCpcOnlyFrontier (sfi = 0000006FEC3CE4E1)> (target TURBOFAN_JS) - took 0.002, 14.807, 0.107 ms]
[completed optimizing 0x010acf6be911 <JSFunction searchCpcOnlyFrontier (sfi = 0000006FEC3CE4E1)> (target TURBOFAN_JS)]
[bailout (kind: deopt-eager, reason: minus zero): begin. deoptimizing 0x023e389cfba1 <JSFunction searchCpcOnlyFrontier (sfi = 00000212C460DF01)>, 0x00df3a173d41 <Code TURBOFAN_JS>, opt id 268, bytecode offset 1029, deopt exit 264, FP to SP delta 600, caller SP 0x0060091f86d0, pc 0x022c833263d3]
[bailout (kind: deopt-lazy, reason: (unknown)): begin. deoptimizing 0x023e389cfba1 <JSFunction searchCpcOnlyFrontier (sfi = 00000212C460DF01)>, 0x00df3a173d41 <Code TURBOFAN_JS>, opt id 268, bytecode offset 2072, deopt exit 310, FP to SP delta 600, caller SP 0x0060091f8998, pc 0x022c8332648b]
[bailout (kind: deopt-lazy, reason: (unknown)): begin. deoptimizing 0x023e389cfba1 <JSFunction searchCpcOnlyFrontier (sfi = 00000212C460DF01)>, 0x00df3a173d41 <Code TURBOFAN_JS>, opt id 268, bytecode offset 2072, deopt exit 310, FP to SP delta 600, caller SP 0x0060091f8c60, pc 0x022c8332648b]
[bailout (kind: deopt-lazy, reason: (unknown)): begin. deoptimizing 0x023e389cfba1 <JSFunction searchCpcOnlyFrontier (sfi = 00000212C460DF01)>, 0x00df3a173d41 <Code TURBOFAN_JS>, opt id 268, bytecode offset 2072, deopt exit 310, FP to SP delta 600, caller SP 0x0060091f8f28, pc 0x022c8332648b]
[bailout (kind: deopt-lazy, reason: (unknown)): begin. deoptimizing 0x023e389cfba1 <JSFunction searchCpcOnlyFrontier (sfi = 00000212C460DF01)>, 0x00df3a173d41 <Code TURBOFAN_JS>, opt id 268, bytecode offset 2072, deopt exit 310, FP to SP delta 600, caller SP 0x0060091f91f0, pc 0x022c8332648b]
[bailout (kind: deopt-lazy, reason: (unknown)): begin. deoptimizing 0x023e389cfba1 <JSFunction searchCpcOnlyFrontier (sfi = 00000212C460DF01)>, 0x00df3a173d41 <Code TURBOFAN_JS>, opt id 268, bytecode offset 2072, deopt exit 310, FP to SP delta 600, caller SP 0x0060091f94b8, pc 0x022c8332648b]
[bailout (kind: deopt-lazy, reason: (unknown)): begin. deoptimizing 0x023e389cfba1 <JSFunction searchCpcOnlyFrontier (sfi = 00000212C460DF01)>, 0x00df3a173d41 <Code TURBOFAN_JS>, opt id 268, bytecode offset 2072, deopt exit 310, FP to SP delta 600, caller SP 0x0060091f9780, pc 0x022c8332648b]
[bailout (kind: deopt-lazy, reason: (unknown)): begin. deoptimizing 0x023e389cfba1 <JSFunction searchCpcOnlyFrontier (sfi = 00000212C460DF01)>, 0x00df3a173d41 <Code TURBOFAN_JS>, opt id 268, bytecode offset 2072, deopt exit 310, FP to SP delta 600, caller SP 0x0060091f9a48, pc 0x022c8332648b]
[bailout (kind: deopt-lazy, reason: (unknown)): begin. deoptimizing 0x023e389cfba1 <JSFunction searchCpcOnlyFrontier (sfi = 00000212C460DF01)>, 0x00df3a173d41 <Code TURBOFAN_JS>, opt id 268, bytecode offset 2072, deopt exit 310, FP to SP delta 600, caller SP 0x0060091f9d10, pc 0x022c8332648b]
[bailout (kind: deopt-lazy, reason: (unknown)): begin. deoptimizing 0x023e389cfba1 <JSFunction searchCpcOnlyFrontier (sfi = 00000212C460DF01)>, 0x00df3a173d41 <Code TURBOFAN_JS>, opt id 268, bytecode offset 2072, deopt exit 310, FP to SP delta 600, caller SP 0x0060091f9fd8, pc 0x022c8332648b]
[bailout (kind: deopt-lazy, reason: (unknown)): begin. deoptimizing 0x023e389cfba1 <JSFunction searchCpcOnlyFrontier (sfi = 00000212C460DF01)>, 0x00df3a173d41 <Code TURBOFAN_JS>, opt id 268, bytecode offset 2072, deopt exit 310, FP to SP delta 600, caller SP 0x0060091fa2a0, pc 0x022c8332648b]
[bailout (kind: deopt-lazy, reason: (unknown)): begin. deoptimizing 0x023e389cfba1 <JSFunction searchCpcOnlyFrontier (sfi = 00000212C460DF01)>, 0x00df3a173d41 <Code TURBOFAN_JS>, opt id 268, bytecode offset 2072, deopt exit 310, FP to SP delta 600, caller SP 0x0060091fa568, pc 0x022c8332648b]
[bailout (kind: deopt-lazy, reason: (unknown)): begin. deoptimizing 0x023e389cfba1 <JSFunction searchCpcOnlyFrontier (sfi = 00000212C460DF01)>, 0x00df3a173d41 <Code TURBOFAN_JS>, opt id 268, bytecode offset 2072, deopt exit 310, FP to SP delta 600, caller SP 0x0060091fa830, pc 0x022c8332648b]
[bailout (kind: deopt-lazy, reason: (unknown)): begin. deoptimizing 0x023e389cfba1 <JSFunction searchCpcOnlyFrontier (sfi = 00000212C460DF01)>, 0x00df3a173d41 <Code TURBOFAN_JS>, opt id 268, bytecode offset 2072, deopt exit 310, FP to SP delta 600, caller SP 0x0060091faaf8, pc 0x022c8332648b]
[marking 0x023e389cfba1 <JSFunction searchCpcOnlyFrontier (sfi = 00000212C460DF01)> for optimization to MAGLEV, ConcurrencyMode::kConcurrent, reason: hot and stable]
[compiling method 0x023e389cfba1 <JSFunction searchCpcOnlyFrontier (sfi = 00000212C460DF01)> (target MAGLEV), mode: ConcurrencyMode::kConcurrent]
[bailout (kind: deopt-lazy, reason: (unknown)): begin. deoptimizing 0x023e389cfba1 <JSFunction searchCpcOnlyFrontier (sfi = 00000212C460DF01)>, 0x00df3a173d41 <Code TURBOFAN_JS>, opt id 268, bytecode offset 2072, deopt exit 310, FP to SP delta 600, caller SP 0x0060091fadc0, pc 0x022c8332648b]
[bailout (kind: deopt-lazy, reason: (unknown)): begin. deoptimizing 0x023e389cfba1 <JSFunction searchCpcOnlyFrontier (sfi = 00000212C460DF01)>, 0x00df3a173d41 <Code TURBOFAN_JS>, opt id 268, bytecode offset 2072, deopt exit 310, FP to SP delta 600, caller SP 0x0060091fb088, pc 0x022c8332648b]
[bailout (kind: deopt-lazy, reason: (unknown)): begin. deoptimizing 0x023e389cfba1 <JSFunction searchCpcOnlyFrontier (sfi = 00000212C460DF01)>, 0x00df3a173d41 <Code TURBOFAN_JS>, opt id 268, bytecode offset 2072, deopt exit 310, FP to SP delta 600, caller SP 0x0060091fb350, pc 0x022c8332648b]
[marking 0x0035ebcd6651 <JSFunction playableCell (sfi = 0000006FEC3DD829)> for optimization to TURBOFAN_JS, ConcurrencyMode::kConcurrent, reason: hot and stable]
[compiling method 0x0035ebcd6651 <JSFunction playableCell (sfi = 0000006FEC3DD829)> (target TURBOFAN_JS), mode: ConcurrencyMode::kConcurrent]
[completed compiling 0x0035ebcd6651 <JSFunction playableCell (sfi = 0000006FEC3DD829)> (target TURBOFAN_JS) - took 0.003, 0.588, 0.019 ms]
[completed optimizing 0x0035ebcd6651 <JSFunction playableCell (sfi = 0000006FEC3DD829)> (target TURBOFAN_JS)]
[completed compiling 0x023e389cfba1 <JSFunction searchCpcOnlyFrontier (sfi = 00000212C460DF01)> (target MAGLEV) - took 0.000, 3.094, 0.020 ms]
[22880:0000022C82C03000]      538 ms: Scavenge (during sweeping) 9.0 (12.6) -> 7.1 (12.6) MB, pooled: 0.0 MB, 0.11 / 0.00 ms (average mu = 0.996, current mu = 0.996) allocation failure; 
[bailout (kind: deopt-lazy, reason: (unknown)): begin. deoptimizing 0x023e389cfba1 <JSFunction searchCpcOnlyFrontier (sfi = 00000212C460DF01)>, 0x00df3a173d41 <Code TURBOFAN_JS>, opt id 268, bytecode offset 2072, deopt exit 310, FP to SP delta 600, caller SP 0x0060091fb618, pc 0x022c8332648b]
[bailout (kind: deopt-lazy, reason: (unknown)): begin. deoptimizing 0x023e389cfba1 <JSFunction searchCpcOnlyFrontier (sfi = 00000212C460DF01)>, 0x00df3a173d41 <Code TURBOFAN_JS>, opt id 268, bytecode offset 2072, deopt exit 310, FP to SP delta 600, caller SP 0x0060091fb8e0, pc 0x022c8332648b]
[bailout (kind: deopt-lazy, reason: (unknown)): begin. deoptimizing 0x023e389cfba1 <JSFunction searchCpcOnlyFrontier (sfi = 00000212C460DF01)>, 0x00df3a173d41 <Code TURBOFAN_JS>, opt id 268, bytecode offset 2072, deopt exit 310, FP to SP delta 600, caller SP 0x0060091fbba8, pc 0x022c8332648b]
[22880:00000229C47B0000]      565 ms: Scavenge (during sweeping) 8.9 (12.4) -> 7.0 (12.4) MB, pooled: 0.0 MB, 0.12 / 0.00 ms (average mu = 0.995, current mu = 0.995) allocation failure; 
[marking 0x023e389cfba1 <JSFunction searchCpcOnlyFrontier (sfi = 00000212C460DF01)> for optimization to TURBOFAN_JS, ConcurrencyMode::kConcurrent, reason: hot and stable]
[compiling method 0x023e389cfba1 <JSFunction searchCpcOnlyFrontier (sfi = 00000212C460DF01)> (target TURBOFAN_JS), mode: ConcurrencyMode::kConcurrent]
[bailout (kind: deopt-lazy, reason: (unknown)): begin. deoptimizing 0x023e389cfba1 <JSFunction searchCpcOnlyFrontier (sfi = 00000212C460DF01)>, 0x00df3a173d41 <Code TURBOFAN_JS>, opt id 268, bytecode offset 2072, deopt exit 310, FP to SP delta 600, caller SP 0x0060091fbe70, pc 0x022c8332648b]
[marking 0x018f9acd0bb1 <JSFunction deriveForkPreemption32 (sfi = 0000006FEC3DD8B9)> for optimization to TURBOFAN_JS, ConcurrencyMode::kConcurrent, reason: hot and stable]
[compiling method 0x018f9acd0bb1 <JSFunction deriveForkPreemption32 (sfi = 0000006FEC3DD8B9)> (target TURBOFAN_JS), mode: ConcurrencyMode::kConcurrent]
[completed compiling 0x018f9acd0bb1 <JSFunction deriveForkPreemption32 (sfi = 0000006FEC3DD8B9)> (target TURBOFAN_JS) - took 0.005, 6.027, 0.063 ms]
[completed optimizing 0x018f9acd0bb1 <JSFunction deriveForkPreemption32 (sfi = 0000006FEC3DD8B9)> (target TURBOFAN_JS)]
[completed compiling 0x023e389cfba1 <JSFunction searchCpcOnlyFrontier (sfi = 00000212C460DF01)> (target TURBOFAN_JS) - took 0.005, 18.457, 0.080 ms]
[completed optimizing 0x023e389cfba1 <JSFunction searchCpcOnlyFrontier (sfi = 00000212C460DF01)> (target TURBOFAN_JS)]
[22880:00000229C4673000]      599 ms: Scavenge (during sweeping) 9.0 (12.4) -> 7.0 (12.4) MB, pooled: 0.0 MB, 0.18 / 0.00 ms (average mu = 0.948, current mu = 0.948) allocation failure; 
[marking 0x03e59bd0fba1 <JSFunction searchCpcOnlyFrontier (sfi = 000003F5F48849A9)> for optimization to TURBOFAN_JS, ConcurrencyMode::kConcurrent, reason: hot and stable]
[compiling method 0x03e59bd0fba1 <JSFunction searchCpcOnlyFrontier (sfi = 000003F5F48849A9)> (target TURBOFAN_JS), mode: ConcurrencyMode::kConcurrent]
[completed compiling 0x03e59bd0fba1 <JSFunction searchCpcOnlyFrontier (sfi = 000003F5F48849A9)> (target TURBOFAN_JS) - took 0.004, 16.744, 0.086 ms]
[completed optimizing 0x03e59bd0fba1 <JSFunction searchCpcOnlyFrontier (sfi = 000003F5F48849A9)> (target TURBOFAN_JS)]
[22880:0000022C82CD6000]      618 ms: Scavenge (during sweeping) 8.9 (12.4) -> 6.9 (12.4) MB, pooled: 0.0 MB, 0.10 / 0.00 ms (average mu = 0.944, current mu = 0.944) allocation failure; 
[22880:00000229C4928000]      629 ms: Scavenge (during sweeping) 9.0 (11.9) -> 7.0 (11.9) MB, pooled: 0.0 MB, 0.11 / 0.00 ms (average mu = 0.951, current mu = 0.951) allocation failure; 
[22880:00000229C47B0000]      636 ms: Scavenge (during sweeping) 8.9 (12.4) -> 6.9 (12.4) MB, pooled: 0.0 MB, 0.10 / 0.00 ms (average mu = 0.995, current mu = 0.995) allocation failure; 
[22880:0000022C82C03000]      635 ms: Scavenge (during sweeping) 9.0 (12.6) -> 7.1 (12.6) MB, pooled: 0.0 MB, 0.09 / 0.00 ms (average mu = 0.996, current mu = 0.996) allocation failure; 
[22880:00000229C46EB000]      637 ms: Scavenge (during sweeping) 8.8 (12.4) -> 6.9 (12.4) MB, pooled: 0.0 MB, 0.12 / 0.00 ms (average mu = 0.917, current mu = 0.917) allocation failure; 
[22880:00000229C459A000]      661 ms: Scavenge (during sweeping) 8.8 (12.1) -> 6.9 (12.1) MB, pooled: 0.0 MB, 0.26 / 0.00 ms (average mu = 0.948, current mu = 0.948) allocation failure; 
[bailout (kind: deopt-lazy, reason: (unknown)): begin. deoptimizing 0x023e389cfba1 <JSFunction searchCpcOnlyFrontier (sfi = 00000212C460DF01)>, 0x00df3a173d41 <Code TURBOFAN_JS>, opt id 268, bytecode offset 2072, deopt exit 310, FP to SP delta 600, caller SP 0x0060091fc138, pc 0x022c8332648b]
[22880:0000022C82CD6000]      724 ms: Scavenge (during sweeping) 8.9 (12.4) -> 6.9 (12.4) MB, pooled: 0.0 MB, 0.11 / 0.00 ms (average mu = 0.944, current mu = 0.944) allocation failure; 
[22880:00000229C4928000]      735 ms: Scavenge (during sweeping) 9.0 (11.9) -> 7.0 (11.9) MB, pooled: 0.0 MB, 0.16 / 0.00 ms (average mu = 0.951, current mu = 0.951) allocation failure; 
[22880:00000229C4673000]      743 ms: Scavenge (during sweeping) 9.0 (12.4) -> 7.0 (12.4) MB, pooled: 0.0 MB, 0.12 / 0.00 ms (average mu = 0.948, current mu = 0.948) allocation failure; 
[22880:0000022C82C03000]      754 ms: Scavenge (during sweeping) 9.0 (12.6) -> 7.0 (12.6) MB, pooled: 0.0 MB, 0.15 / 0.00 ms (average mu = 0.996, current mu = 0.996) allocation failure; 
[22880:00000229C47B0000]      756 ms: Scavenge (during sweeping) 8.9 (12.4) -> 6.9 (12.4) MB, pooled: 0.0 MB, 0.08 / 0.00 ms (average mu = 0.995, current mu = 0.995) allocation failure; 
[marking 0x03f5f48a0c61 <JSFunction popcount32 (sfi = 000003F5F48951A9)> for optimization to MAGLEV, ConcurrencyMode::kConcurrent, reason: hot and stable]
[compiling method 0x03f5f48a0c61 <JSFunction popcount32 (sfi = 000003F5F48951A9)> (target MAGLEV), mode: ConcurrencyMode::kConcurrent]
[completed compiling 0x03f5f48a0c61 <JSFunction popcount32 (sfi = 000003F5F48951A9)> (target MAGLEV) - took 0.000, 0.182, 0.005 ms]
[22880:00000229C46EB000]      802 ms: Scavenge (during sweeping) 8.8 (12.4) -> 6.8 (12.4) MB, pooled: 0.0 MB, 0.16 / 0.00 ms (average mu = 0.917, current mu = 0.917) allocation failure; 
[marking 0x03e59bd0fb61 <JSFunction relativeToAbsFrontier (sfi = 000003F5F4884961)> for optimization to MAGLEV, ConcurrencyMode::kConcurrent, reason: hot and stable]
[compiling method 0x03e59bd0fb61 <JSFunction relativeToAbsFrontier (sfi = 000003F5F4884961)> (target MAGLEV), mode: ConcurrencyMode::kConcurrent]
[completed compiling 0x03e59bd0fb61 <JSFunction relativeToAbsFrontier (sfi = 000003F5F4884961)> (target MAGLEV) - took 0.001, 0.138, 0.001 ms]
[22880:0000022C82CD6000]      852 ms: Scavenge (during sweeping) 8.9 (12.4) -> 6.9 (12.4) MB, pooled: 0.0 MB, 0.10 / 0.00 ms (average mu = 0.944, current mu = 0.944) allocation failure; 
[22880:00000229C47B0000]      854 ms: Scavenge (during sweeping) 8.9 (12.4) -> 6.9 (12.4) MB, pooled: 0.0 MB, 0.08 / 0.00 ms (average mu = 0.995, current mu = 0.995) allocation failure; 
[22880:00000229C4928000]      862 ms: Scavenge (during sweeping) 9.0 (11.9) -> 7.0 (11.9) MB, pooled: 0.0 MB, 0.12 / 0.00 ms (average mu = 0.951, current mu = 0.951) allocation failure; 
[22880:00000229C4673000]      873 ms: Scavenge (during sweeping) 9.0 (12.4) -> 7.0 (12.4) MB, pooled: 0.0 MB, 0.09 / 0.00 ms (average mu = 0.948, current mu = 0.948) allocation failure; 
[22880:0000022C82C03000]      877 ms: Scavenge (during sweeping) 9.0 (12.6) -> 7.0 (12.6) MB, pooled: 0.0 MB, 0.09 / 0.00 ms (average mu = 0.996, current mu = 0.996) allocation failure; 
[marking 0x0174ba059bb9 <JSFunction playableCell (sfi = 000002358B9861C9)> for optimization to TURBOFAN_JS, ConcurrencyMode::kConcurrent, reason: hot and stable]
[compiling method 0x0174ba059bb9 <JSFunction playableCell (sfi = 000002358B9861C9)> (target TURBOFAN_JS), mode: ConcurrencyMode::kConcurrent]
[completed compiling 0x0174ba059bb9 <JSFunction playableCell (sfi = 000002358B9861C9)> (target TURBOFAN_JS) - took 0.005, 0.594, 0.026 ms]
[completed optimizing 0x0174ba059bb9 <JSFunction playableCell (sfi = 000002358B9861C9)> (target TURBOFAN_JS)]
[22880:00000229C46EB000]      936 ms: Scavenge (during sweeping) 8.8 (12.4) -> 6.9 (12.4) MB, pooled: 0.0 MB, 0.15 / 0.00 ms (average mu = 0.917, current mu = 0.917) allocation failure; 
[22880:0000022C82C03000]      974 ms: Scavenge (during sweeping) 9.0 (12.6) -> 7.0 (12.6) MB, pooled: 0.0 MB, 0.09 / 0.00 ms (average mu = 0.996, current mu = 0.996) allocation failure; 
[22880:0000022C82CD6000]      980 ms: Scavenge (during sweeping) 8.9 (12.4) -> 6.9 (12.4) MB, pooled: 0.0 MB, 0.12 / 0.00 ms (average mu = 0.944, current mu = 0.944) allocation failure; 
[22880:00000229C47B0000]      989 ms: Scavenge (during sweeping) 8.9 (12.4) -> 6.9 (12.4) MB, pooled: 0.0 MB, 0.12 / 0.00 ms (average mu = 0.995, current mu = 0.995) allocation failure; 
[22880:00000229C4928000]      989 ms: Scavenge (during sweeping) 9.0 (11.9) -> 7.0 (11.9) MB, pooled: 0.0 MB, 0.08 / 0.00 ms (average mu = 0.951, current mu = 0.951) allocation failure; 
[22880:00000229C4673000]     1021 ms: Scavenge (during sweeping) 9.0 (12.4) -> 7.0 (12.4) MB, pooled: 0.0 MB, 0.13 / 0.00 ms (average mu = 0.948, current mu = 0.948) allocation failure; 
[22880:00000229C46EB000]     1050 ms: Scavenge (during sweeping) 8.8 (12.4) -> 6.8 (12.4) MB, pooled: 0.0 MB, 0.11 / 0.00 ms (average mu = 0.917, current mu = 0.917) allocation failure; 
[22880:0000022C82C03000]     1061 ms: Scavenge (during sweeping) 9.0 (12.6) -> 7.0 (12.6) MB, pooled: 0.0 MB, 0.09 / 0.00 ms (average mu = 0.996, current mu = 0.996) allocation failure; 
[22880:0000022C82CD6000]     1065 ms: Scavenge (during sweeping) 8.9 (12.4) -> 6.9 (12.4) MB, pooled: 0.0 MB, 0.08 / 0.00 ms (average mu = 0.944, current mu = 0.944) allocation failure; 
[22880:00000229C4928000]     1101 ms: Scavenge (during sweeping) 9.0 (11.9) -> 7.0 (11.9) MB, pooled: 0.0 MB, 0.10 / 0.00 ms (average mu = 0.951, current mu = 0.951) allocation failure; 
[22880:00000229C47B0000]     1109 ms: Scavenge (during sweeping) 8.9 (12.4) -> 6.9 (12.4) MB, pooled: 0.0 MB, 0.07 / 0.00 ms (average mu = 0.995, current mu = 0.995) allocation failure; 
[22880:00000229C4673000]     1122 ms: Scavenge (during sweeping) 9.0 (12.4) -> 7.0 (12.4) MB, pooled: 0.0 MB, 0.09 / 0.00 ms (average mu = 0.948, current mu = 0.948) allocation failure; 
[22880:00000229C46EB000]     1145 ms: Scavenge (during sweeping) 8.8 (12.4) -> 6.8 (12.4) MB, pooled: 0.0 MB, 0.10 / 0.00 ms (average mu = 0.917, current mu = 0.917) allocation failure; 
[22880:0000022C82C03000]     1155 ms: Scavenge (during sweeping) 9.0 (12.6) -> 7.0 (12.6) MB, pooled: 0.0 MB, 0.13 / 0.00 ms (average mu = 0.996, current mu = 0.996) allocation failure; 
[22880:0000022C82CD6000]     1167 ms: Scavenge (during sweeping) 8.9 (12.4) -> 6.9 (12.4) MB, pooled: 0.0 MB, 0.09 / 0.00 ms (average mu = 0.944, current mu = 0.944) allocation failure; 
[22880:00000229C4928000]     1178 ms: Scavenge (during sweeping) 9.0 (11.9) -> 7.0 (11.9) MB, pooled: 0.0 MB, 0.13 / 0.00 ms (average mu = 0.951, current mu = 0.951) allocation failure; 
[22880:00000229C4673000]     1215 ms: Scavenge (during sweeping) 9.0 (12.4) -> 7.0 (12.4) MB, pooled: 0.0 MB, 0.09 / 0.00 ms (average mu = 0.948, current mu = 0.948) allocation failure; 
[22880:00000229C47B0000]     1221 ms: Scavenge (during sweeping) 8.9 (12.4) -> 6.9 (12.4) MB, pooled: 0.0 MB, 0.08 / 0.00 ms (average mu = 0.995, current mu = 0.995) allocation failure; 
[22880:00000229C46EB000]     1225 ms: Scavenge (during sweeping) 8.8 (12.4) -> 6.8 (12.4) MB, pooled: 0.0 MB, 0.11 / 0.00 ms (average mu = 0.917, current mu = 0.917) allocation failure; 
[bailout (kind: deopt-eager, reason: Insufficient type feedback for generic named access): begin. deoptimizing 0x0174ba059c39 <JSFunction deriveForkPreemption32 (sfi = 000002358B986259)>, 0x0245b4ba2dc9 <Code TURBOFAN_JS>, opt id 449, bytecode offset 696, deopt exit 48, FP to SP delta 168, caller SP 0x0060081f8d08, pc 0x022c22bb6174]
[marking 0x0174ba059c39 <JSFunction deriveForkPreemption32 (sfi = 000002358B986259)> for optimization to MAGLEV, ConcurrencyMode::kConcurrent, reason: hot and stable]
[compiling method 0x0174ba059c39 <JSFunction deriveForkPreemption32 (sfi = 000002358B986259)> (target MAGLEV), mode: ConcurrencyMode::kConcurrent]
[completed compiling 0x0174ba059c39 <JSFunction deriveForkPreemption32 (sfi = 000002358B986259)> (target MAGLEV) - took 0.001, 1.463, 0.012 ms]
[22880:0000022C82C03000]     1247 ms: Scavenge (during sweeping) 9.0 (12.6) -> 7.0 (12.6) MB, pooled: 0.0 MB, 0.13 / 0.00 ms (average mu = 0.996, current mu = 0.996) allocation failure; 
[22880:00000229C4928000]     1276 ms: Scavenge (during sweeping) 9.0 (11.9) -> 7.0 (11.9) MB, pooled: 0.0 MB, 0.13 / 0.00 ms (average mu = 0.951, current mu = 0.951) allocation failure; 
[22880:0000022C82CD6000]     1298 ms: Scavenge (during sweeping) 8.9 (12.4) -> 6.9 (12.4) MB, pooled: 0.0 MB, 0.10 / 0.00 ms (average mu = 0.944, current mu = 0.944) allocation failure; 
[22880:00000229C47B0000]     1320 ms: Scavenge (during sweeping) 8.9 (12.4) -> 6.9 (12.4) MB, pooled: 0.0 MB, 0.09 / 0.00 ms (average mu = 0.995, current mu = 0.995) allocation failure; 
[22880:00000229C4673000]     1328 ms: Scavenge (during sweeping) 9.0 (12.4) -> 7.0 (12.4) MB, pooled: 0.0 MB, 0.11 / 0.00 ms (average mu = 0.948, current mu = 0.948) allocation failure; 
[22880:0000022C82C03000]     1345 ms: Scavenge (during sweeping) 9.0 (12.6) -> 7.0 (12.6) MB, pooled: 0.0 MB, 0.09 / 0.00 ms (average mu = 0.996, current mu = 0.996) allocation failure; 
[22880:00000229C4928000]     1363 ms: Scavenge (during sweeping) 9.0 (11.9) -> 7.0 (11.9) MB, pooled: 0.0 MB, 0.09 / 0.00 ms (average mu = 0.951, current mu = 0.951) allocation failure; 
[marking 0x0174ba059c39 <JSFunction deriveForkPreemption32 (sfi = 000002358B986259)> for optimization to TURBOFAN_JS, ConcurrencyMode::kConcurrent, reason: hot and stable]
[compiling method 0x0174ba059c39 <JSFunction deriveForkPreemption32 (sfi = 000002358B986259)> (target TURBOFAN_JS), mode: ConcurrencyMode::kConcurrent]
[completed compiling 0x0174ba059c39 <JSFunction deriveForkPreemption32 (sfi = 000002358B986259)> (target TURBOFAN_JS) - took 0.006, 7.260, 0.060 ms]
[completed optimizing 0x0174ba059c39 <JSFunction deriveForkPreemption32 (sfi = 000002358B986259)> (target TURBOFAN_JS)]
[22880:00000229C46EB000]     1380 ms: Scavenge (during sweeping) 8.9 (12.4) -> 6.9 (12.4) MB, pooled: 0.0 MB, 0.10 / 0.00 ms (average mu = 0.917, current mu = 0.917) allocation failure; 
[22880:0000022C82CD6000]     1386 ms: Scavenge (during sweeping) 8.9 (12.4) -> 6.9 (12.4) MB, pooled: 0.0 MB, 0.08 / 0.00 ms (average mu = 0.944, current mu = 0.944) allocation failure; 
[22880:00000229C47B0000]     1406 ms: Scavenge (during sweeping) 8.9 (12.4) -> 6.9 (12.4) MB, pooled: 0.0 MB, 0.09 / 0.00 ms (average mu = 0.995, current mu = 0.995) allocation failure; 
[22880:0000022C82C03000]     1413 ms: Scavenge (during sweeping) 9.0 (12.6) -> 7.0 (12.6) MB, pooled: 0.0 MB, 0.09 / 0.00 ms (average mu = 0.996, current mu = 0.996) allocation failure; 
[22880:00000229C4673000]     1428 ms: Scavenge (during sweeping) 9.0 (12.4) -> 7.0 (12.4) MB, pooled: 0.0 MB, 0.09 / 0.00 ms (average mu = 0.948, current mu = 0.948) allocation failure; 
[22880:00000229C4928000]     1456 ms: Scavenge (during sweeping) 9.0 (11.9) -> 7.0 (11.9) MB, pooled: 0.0 MB, 0.12 / 0.00 ms (average mu = 0.951, current mu = 0.951) allocation failure; 
[22880:00000229C459A000]     1466 ms: Scavenge (during sweeping) 8.8 (12.1) -> 6.8 (12.1) MB, pooled: 0.0 MB, 0.17 / 0.00 ms (average mu = 0.948, current mu = 0.948) allocation failure; 
[22880:00000229C47B0000]     1469 ms: Scavenge (during sweeping) 8.9 (12.4) -> 6.9 (12.4) MB, pooled: 0.0 MB, 0.07 / 0.00 ms (average mu = 0.995, current mu = 0.995) allocation failure; 
[22880:0000022C82CD6000]     1471 ms: Scavenge (during sweeping) 8.9 (12.4) -> 6.9 (12.4) MB, pooled: 0.0 MB, 0.08 / 0.00 ms (average mu = 0.944, current mu = 0.944) allocation failure; 
[22880:00000229C46EB000]     1485 ms: Scavenge (during sweeping) 8.9 (12.4) -> 6.9 (12.4) MB, pooled: 0.0 MB, 0.11 / 0.00 ms (average mu = 0.917, current mu = 0.917) allocation failure; 
[22880:0000022C82C03000]     1507 ms: Scavenge (during sweeping) 9.0 (12.6) -> 7.0 (12.6) MB, pooled: 0.0 MB, 0.10 / 0.00 ms (average mu = 0.996, current mu = 0.996) allocation failure; 
[22880:00000229C4673000]     1520 ms: Scavenge (during sweeping) 9.0 (12.4) -> 7.0 (12.4) MB, pooled: 0.0 MB, 0.10 / 0.00 ms (average mu = 0.948, current mu = 0.948) allocation failure; 
[22880:0000022C82CD6000]     1537 ms: Scavenge (during sweeping) 8.9 (12.4) -> 6.9 (12.4) MB, pooled: 0.0 MB, 0.09 / 0.00 ms (average mu = 0.944, current mu = 0.944) allocation failure; 
[22880:00000229C4928000]     1570 ms: Scavenge (during sweeping) 9.0 (11.9) -> 7.0 (11.9) MB, pooled: 0.0 MB, 0.13 / 0.00 ms (average mu = 0.951, current mu = 0.951) allocation failure; 
[22880:0000022C82C03000]     1570 ms: Scavenge (during sweeping) 9.0 (12.6) -> 7.0 (12.6) MB, pooled: 0.0 MB, 0.08 / 0.00 ms (average mu = 0.996, current mu = 0.996) allocation failure; 
[22880:00000229C46EB000]     1586 ms: Scavenge (during sweeping) 8.9 (12.4) -> 6.9 (12.4) MB, pooled: 0.0 MB, 0.12 / 0.00 ms (average mu = 0.917, current mu = 0.917) allocation failure; 
[22880:00000229C4673000]     1589 ms: Scavenge (during sweeping) 9.0 (12.4) -> 7.0 (12.4) MB, pooled: 0.0 MB, 0.10 / 0.00 ms (average mu = 0.948, current mu = 0.948) allocation failure; 
[22880:00000229C47B0000]     1595 ms: Scavenge (during sweeping) 8.9 (12.4) -> 6.9 (12.4) MB, pooled: 0.0 MB, 0.12 / 0.00 ms (average mu = 0.995, current mu = 0.995) allocation failure; 
[22880:0000022C82CD6000]     1625 ms: Scavenge (during sweeping) 8.9 (12.4) -> 6.9 (12.4) MB, pooled: 0.0 MB, 0.09 / 0.00 ms (average mu = 0.944, current mu = 0.944) allocation failure; 
[22880:0000022C82C03000]     1647 ms: Scavenge (during sweeping) 9.0 (12.6) -> 7.0 (12.6) MB, pooled: 0.0 MB, 0.09 / 0.00 ms (average mu = 0.996, current mu = 0.996) allocation failure; 
[22880:00000229C4673000]     1673 ms: Scavenge (during sweeping) 9.0 (12.4) -> 7.0 (12.4) MB, pooled: 0.0 MB, 0.09 / 0.00 ms (average mu = 0.948, current mu = 0.948) allocation failure; 
[22880:00000229C46EB000]     1676 ms: Scavenge (during sweeping) 8.9 (12.4) -> 6.9 (12.4) MB, pooled: 0.0 MB, 0.08 / 0.00 ms (average mu = 0.917, current mu = 0.917) allocation failure; 
[22880:00000229C4928000]     1676 ms: Scavenge (during sweeping) 9.0 (11.9) -> 7.0 (11.9) MB, pooled: 0.0 MB, 0.11 / 0.00 ms (average mu = 0.951, current mu = 0.951) allocation failure; 
[22880:00000229C47B0000]     1695 ms: Scavenge (during sweeping) 8.9 (12.4) -> 6.9 (12.4) MB, pooled: 0.0 MB, 0.10 / 0.00 ms (average mu = 0.995, current mu = 0.995) allocation failure; 
[22880:0000022C82CD6000]     1701 ms: Scavenge (during sweeping) 8.9 (12.4) -> 6.9 (12.4) MB, pooled: 0.0 MB, 0.09 / 0.00 ms (average mu = 0.944, current mu = 0.944) allocation failure; 
[22880:0000022C82C03000]     1726 ms: Scavenge (during sweeping) 9.0 (12.6) -> 7.0 (12.6) MB, pooled: 0.0 MB, 0.09 / 0.00 ms (average mu = 0.996, current mu = 0.996) allocation failure; 
[22880:00000229C4673000]     1762 ms: Scavenge (during sweeping) 9.0 (12.4) -> 7.0 (12.4) MB, pooled: 0.0 MB, 0.12 / 0.00 ms (average mu = 0.948, current mu = 0.948) allocation failure; 
[22880:00000229C4928000]     1763 ms: Scavenge (during sweeping) 9.0 (11.9) -> 7.0 (11.9) MB, pooled: 0.0 MB, 0.09 / 0.00 ms (average mu = 0.951, current mu = 0.951) allocation failure; 
[22880:00000229C46EB000]     1775 ms: Scavenge (during sweeping) 8.9 (12.4) -> 6.9 (12.4) MB, pooled: 0.0 MB, 0.08 / 0.00 ms (average mu = 0.917, current mu = 0.917) allocation failure; 
[22880:00000229C47B0000]     1789 ms: Scavenge (during sweeping) 8.9 (12.4) -> 6.9 (12.4) MB, pooled: 0.0 MB, 0.09 / 0.00 ms (average mu = 0.995, current mu = 0.995) allocation failure; 
[marking 0x03e59bd0fb21 <JSFunction absToRelativeFrontier (sfi = 000003F5F4884919)> for optimization to TURBOFAN_JS, ConcurrencyMode::kConcurrent, reason: hot and stable]
[compiling method 0x03e59bd0fb21 <JSFunction absToRelativeFrontier (sfi = 000003F5F4884919)> (target TURBOFAN_JS), mode: ConcurrencyMode::kConcurrent]
[completed compiling 0x03e59bd0fb21 <JSFunction absToRelativeFrontier (sfi = 000003F5F4884919)> (target TURBOFAN_JS) - took 0.006, 0.393, 0.025 ms]
[completed optimizing 0x03e59bd0fb21 <JSFunction absToRelativeFrontier (sfi = 000003F5F4884919)> (target TURBOFAN_JS)]
[22880:0000022C82CD6000]     1819 ms: Scavenge (during sweeping) 8.9 (12.4) -> 6.9 (12.4) MB, pooled: 0.0 MB, 0.10 / 0.00 ms (average mu = 0.944, current mu = 0.944) allocation failure; 
[22880:0000022C82C03000]     1824 ms: Scavenge (during sweeping) 9.0 (12.6) -> 7.0 (12.6) MB, pooled: 0.0 MB, 0.09 / 0.00 ms (average mu = 0.996, current mu = 0.996) allocation failure; 
[22880:00000229C4928000]     1856 ms: Scavenge (during sweeping) 9.0 (11.9) -> 7.0 (11.9) MB, pooled: 0.0 MB, 0.11 / 0.00 ms (average mu = 0.951, current mu = 0.951) allocation failure; 
[22880:00000229C46EB000]     1862 ms: Scavenge (during sweeping) 8.9 (12.4) -> 6.9 (12.4) MB, pooled: 0.0 MB, 0.10 / 0.00 ms (average mu = 0.917, current mu = 0.917) allocation failure; 
[22880:00000229C4673000]     1866 ms: Scavenge (during sweeping) 9.0 (12.4) -> 7.0 (12.4) MB, pooled: 0.0 MB, 0.09 / 0.00 ms (average mu = 0.948, current mu = 0.948) allocation failure; 
[bailout (kind: deopt-eager, reason: Insufficient type feedback for generic named access): begin. deoptimizing 0x000b99636691 <JSFunction deriveForkPreemption32 (sfi = 0000024884416559)>, 0x02600a5e31b1 <Code TURBOFAN_JS>, opt id 539, bytecode offset 696, deopt exit 48, FP to SP delta 184, caller SP 0x0060079f9220, pc 0x022bf2b92265]
[marking 0x000b99636691 <JSFunction deriveForkPreemption32 (sfi = 0000024884416559)> for optimization to MAGLEV, ConcurrencyMode::kConcurrent, reason: hot and stable]
[compiling method 0x000b99636691 <JSFunction deriveForkPreemption32 (sfi = 0000024884416559)> (target MAGLEV), mode: ConcurrencyMode::kConcurrent]
[completed compiling 0x000b99636691 <JSFunction deriveForkPreemption32 (sfi = 0000024884416559)> (target MAGLEV) - took 0.000, 1.347, 0.013 ms]
[22880:00000229C47B0000]     1874 ms: Scavenge (during sweeping) 8.9 (12.4) -> 6.9 (12.4) MB, pooled: 0.0 MB, 0.09 / 0.00 ms (average mu = 0.995, current mu = 0.995) allocation failure; 
[22880:0000022C82C03000]     1903 ms: Scavenge (during sweeping) 9.0 (12.6) -> 7.0 (12.6) MB, pooled: 0.0 MB, 0.14 / 0.00 ms (average mu = 0.996, current mu = 0.996) allocation failure; 
[22880:0000022C82CD6000]     1945 ms: Scavenge (during sweeping) 8.9 (12.4) -> 6.9 (12.4) MB, pooled: 0.0 MB, 0.14 / 0.00 ms (average mu = 0.944, current mu = 0.944) allocation failure; 
[22880:00000229C4928000]     1974 ms: Scavenge (during sweeping) 9.0 (11.9) -> 7.0 (11.9) MB, pooled: 0.0 MB, 0.10 / 0.00 ms (average mu = 0.951, current mu = 0.951) allocation failure; 
[22880:00000229C47B0000]     1983 ms: Scavenge (during sweeping) 8.9 (12.4) -> 6.9 (12.4) MB, pooled: 0.0 MB, 0.09 / 0.00 ms (average mu = 0.995, current mu = 0.995) allocation failure; 
[22880:00000229C4673000]     1998 ms: Scavenge (during sweeping) 9.0 (12.4) -> 7.0 (12.4) MB, pooled: 0.0 MB, 0.15 / 0.00 ms (average mu = 0.948, current mu = 0.948) allocation failure; 
[22880:00000229C46EB000]     2007 ms: Scavenge (during sweeping) 8.9 (12.4) -> 6.9 (12.4) MB, pooled: 0.0 MB, 0.10 / 0.00 ms (average mu = 0.917, current mu = 0.917) allocation failure; 
[22880:0000022C82C03000]     2006 ms: Scavenge (during sweeping) 9.0 (12.6) -> 7.0 (12.6) MB, pooled: 0.0 MB, 0.08 / 0.00 ms (average mu = 0.996, current mu = 0.996) allocation failure; 
[marking 0x000b99636691 <JSFunction deriveForkPreemption32 (sfi = 0000024884416559)> for optimization to TURBOFAN_JS, ConcurrencyMode::kConcurrent, reason: hot and stable]
[compiling method 0x000b99636691 <JSFunction deriveForkPreemption32 (sfi = 0000024884416559)> (target TURBOFAN_JS), mode: ConcurrencyMode::kConcurrent]
[completed compiling 0x000b99636691 <JSFunction deriveForkPreemption32 (sfi = 0000024884416559)> (target TURBOFAN_JS) - took 0.006, 4.939, 0.065 ms]
[completed optimizing 0x000b99636691 <JSFunction deriveForkPreemption32 (sfi = 0000024884416559)> (target TURBOFAN_JS)]
[22880:0000022C82CD6000]     2073 ms: Scavenge (during sweeping) 8.9 (12.4) -> 6.9 (12.4) MB, pooled: 0.0 MB, 0.09 / 0.00 ms (average mu = 0.944, current mu = 0.944) allocation failure; 
[22880:00000229C4928000]     2092 ms: Scavenge (during sweeping) 9.0 (11.9) -> 7.0 (11.9) MB, pooled: 0.0 MB, 0.10 / 0.00 ms (average mu = 0.951, current mu = 0.951) allocation failure; 
[22880:00000229C47B0000]     2096 ms: Scavenge (during sweeping) 8.9 (12.4) -> 6.9 (12.4) MB, pooled: 0.0 MB, 0.09 / 0.00 ms (average mu = 0.995, current mu = 0.995) allocation failure; 
[22880:00000229C4673000]     2105 ms: Scavenge (during sweeping) 9.0 (12.4) -> 7.1 (12.4) MB, pooled: 0.0 MB, 0.11 / 0.00 ms (average mu = 0.948, current mu = 0.948) allocation failure; 
[22880:0000022C82C03000]     2118 ms: Scavenge (during sweeping) 9.0 (12.6) -> 7.0 (12.6) MB, pooled: 0.0 MB, 0.09 / 0.00 ms (average mu = 0.996, current mu = 0.996) allocation failure; 
[22880:00000229C46EB000]     2141 ms: Scavenge (during sweeping) 8.9 (12.4) -> 6.9 (12.4) MB, pooled: 0.0 MB, 0.09 / 0.00 ms (average mu = 0.917, current mu = 0.917) allocation failure; 
[22880:00000229C4928000]     2172 ms: Scavenge (during sweeping) 9.0 (11.9) -> 7.0 (11.9) MB, pooled: 0.0 MB, 0.10 / 0.00 ms (average mu = 0.951, current mu = 0.951) allocation failure; 
[22880:0000022C82CD6000]     2184 ms: Scavenge (during sweeping) 8.9 (12.4) -> 6.9 (12.4) MB, pooled: 0.0 MB, 0.09 / 0.00 ms (average mu = 0.944, current mu = 0.944) allocation failure; 
[22880:00000229C47B0000]     2198 ms: Scavenge (during sweeping) 8.9 (12.4) -> 6.9 (12.4) MB, pooled: 0.0 MB, 0.09 / 0.00 ms (average mu = 0.995, current mu = 0.995) allocation failure; 
[22880:0000022C82C03000]     2216 ms: Scavenge (during sweeping) 9.0 (12.6) -> 7.0 (12.6) MB, pooled: 0.0 MB, 0.12 / 0.00 ms (average mu = 0.996, current mu = 0.996) allocation failure; 
[22880:00000229C4673000]     2238 ms: Scavenge (during sweeping) 9.0 (12.4) -> 7.0 (12.4) MB, pooled: 0.0 MB, 0.17 / 0.00 ms (average mu = 0.948, current mu = 0.948) allocation failure; 
[22880:00000229C46EB000]     2245 ms: Scavenge (during sweeping) 8.9 (12.4) -> 6.9 (12.4) MB, pooled: 0.0 MB, 0.09 / 0.00 ms (average mu = 0.917, current mu = 0.917) allocation failure; 
[bailout (kind: deopt-eager, reason: Insufficient type feedback for generic keyed access): begin. deoptimizing 0x03f5f48a10a1 <JSFunction evaluateConnect4CpcNonterminal32 (sfi = 000003F5F4893C01)>, 0x02a27000ed21 <Code TURBOFAN_JS>, opt id 892, bytecode offset 1177, deopt exit 172, FP to SP delta 240, caller SP 0x0060071fb438, pc 0x022bd2b30dc8]
[bailout (kind: deopt-eager, reason: Insufficient type feedback for generic named access): begin. deoptimizing 0x03e59bd0fba1 <JSFunction searchCpcOnlyFrontier (sfi = 000003F5F48849A9)>, 0x02a270016731 <Code TURBOFAN_JS>, opt id 896, bytecode offset 292, deopt exit 248, FP to SP delta 560, caller SP 0x0060071fb6d8, pc 0x022bd2b355ea]
[bailout (kind: deopt-lazy, reason: (unknown)): begin. deoptimizing 0x03e59bd0fba1 <JSFunction searchCpcOnlyFrontier (sfi = 000003F5F48849A9)>, 0x02a270016731 <Code TURBOFAN_JS>, opt id 896, bytecode offset 2072, deopt exit 262, FP to SP delta 560, caller SP 0x0060071fb978, pc 0x022bd2b35622]
[bailout (kind: deopt-lazy, reason: (unknown)): begin. deoptimizing 0x03e59bd0fba1 <JSFunction searchCpcOnlyFrontier (sfi = 000003F5F48849A9)>, 0x02a270016731 <Code TURBOFAN_JS>, opt id 896, bytecode offset 2072, deopt exit 262, FP to SP delta 560, caller SP 0x0060071fbc18, pc 0x022bd2b35622]
[bailout (kind: deopt-lazy, reason: (unknown)): begin. deoptimizing 0x03e59bd0fba1 <JSFunction searchCpcOnlyFrontier (sfi = 000003F5F48849A9)>, 0x02a270016731 <Code TURBOFAN_JS>, opt id 896, bytecode offset 2072, deopt exit 262, FP to SP delta 560, caller SP 0x0060071fbeb8, pc 0x022bd2b35622]
[marking 0x03f5f48a10a1 <JSFunction evaluateConnect4CpcNonterminal32 (sfi = 000003F5F4893C01)> for optimization to MAGLEV, ConcurrencyMode::kConcurrent, reason: hot and stable]
[compiling method 0x03f5f48a10a1 <JSFunction evaluateConnect4CpcNonterminal32 (sfi = 000003F5F4893C01)> (target MAGLEV), mode: ConcurrencyMode::kConcurrent]
[completed compiling 0x03f5f48a10a1 <JSFunction evaluateConnect4CpcNonterminal32 (sfi = 000003F5F4893C01)> (target MAGLEV) - took 0.001, 0.957, 0.013 ms]
[marking 0x03e59bd0fba1 <JSFunction searchCpcOnlyFrontier (sfi = 000003F5F48849A9)> for optimization to MAGLEV, ConcurrencyMode::kConcurrent, reason: hot and stable]
[compiling method 0x03e59bd0fba1 <JSFunction searchCpcOnlyFrontier (sfi = 000003F5F48849A9)> (target MAGLEV), mode: ConcurrencyMode::kConcurrent]
[bailout (kind: deopt-lazy, reason: (unknown)): begin. deoptimizing 0x03e59bd0fba1 <JSFunction searchCpcOnlyFrontier (sfi = 000003F5F48849A9)>, 0x02a270016731 <Code TURBOFAN_JS>, opt id 896, bytecode offset 2072, deopt exit 262, FP to SP delta 560, caller SP 0x0060071fc158, pc 0x022bd2b35622]
[completed compiling 0x03e59bd0fba1 <JSFunction searchCpcOnlyFrontier (sfi = 000003F5F48849A9)> (target MAGLEV) - took 0.000, 1.681, 0.023 ms]
[bailout (kind: deopt-lazy, reason: (unknown)): begin. deoptimizing 0x03e59bd0fba1 <JSFunction searchCpcOnlyFrontier (sfi = 000003F5F48849A9)>, 0x02a270016731 <Code TURBOFAN_JS>, opt id 896, bytecode offset 2072, deopt exit 262, FP to SP delta 560, caller SP 0x0060071fc3f8, pc 0x022bd2b35622]
[22880:00000229C4928000]     2281 ms: Scavenge (during sweeping) 9.0 (11.9) -> 7.0 (11.9) MB, pooled: 0.0 MB, 0.12 / 0.00 ms (average mu = 0.951, current mu = 0.951) allocation failure; 
[22880:0000022C82CD6000]     2289 ms: Scavenge (during sweeping) 8.9 (12.4) -> 6.9 (12.4) MB, pooled: 0.0 MB, 0.12 / 0.00 ms (average mu = 0.944, current mu = 0.944) allocation failure; 
[22880:00000229C459A000]     2295 ms: Scavenge (during sweeping) 8.8 (12.1) -> 6.9 (12.1) MB, pooled: 0.0 MB, 0.11 / 0.00 ms (average mu = 0.948, current mu = 0.948) allocation failure; 
[bailout (kind: deopt-eager, reason: minus zero): begin. deoptimizing 0x0174ba05a1d1 <JSFunction searchCpcOnlyFrontier (sfi = 0000015FF3876831)>, 0x02e7c68bf391 <Code TURBOFAN_JS>, opt id 445, bytecode offset 276, deopt exit 98, FP to SP delta 568, caller SP 0x0060081f91c0, pc 0x022c22b29ace]
[bailout (kind: deopt-lazy, reason: (unknown)): begin. deoptimizing 0x0174ba05a1d1 <JSFunction searchCpcOnlyFrontier (sfi = 0000015FF3876831)>, 0x02e7c68bf391 <Code TURBOFAN_JS>, opt id 445, bytecode offset 2072, deopt exit 266, FP to SP delta 568, caller SP 0x0060081f9468, pc 0x022c22b29d6e]
[bailout (kind: deopt-lazy, reason: (unknown)): begin. deoptimizing 0x0174ba05a1d1 <JSFunction searchCpcOnlyFrontier (sfi = 0000015FF3876831)>, 0x02e7c68bf391 <Code TURBOFAN_JS>, opt id 445, bytecode offset 2072, deopt exit 266, FP to SP delta 568, caller SP 0x0060081f9710, pc 0x022c22b29d6e]
[bailout (kind: deopt-lazy, reason: (unknown)): begin. deoptimizing 0x0174ba05a1d1 <JSFunction searchCpcOnlyFrontier (sfi = 0000015FF3876831)>, 0x02e7c68bf391 <Code TURBOFAN_JS>, opt id 445, bytecode offset 2072, deopt exit 266, FP to SP delta 568, caller SP 0x0060081f99b8, pc 0x022c22b29d6e]
[bailout (kind: deopt-lazy, reason: (unknown)): begin. deoptimizing 0x0174ba05a1d1 <JSFunction searchCpcOnlyFrontier (sfi = 0000015FF3876831)>, 0x02e7c68bf391 <Code TURBOFAN_JS>, opt id 445, bytecode offset 2072, deopt exit 266, FP to SP delta 568, caller SP 0x0060081f9c60, pc 0x022c22b29d6e]
[bailout (kind: deopt-lazy, reason: (unknown)): begin. deoptimizing 0x0174ba05a1d1 <JSFunction searchCpcOnlyFrontier (sfi = 0000015FF3876831)>, 0x02e7c68bf391 <Code TURBOFAN_JS>, opt id 445, bytecode offset 2072, deopt exit 266, FP to SP delta 568, caller SP 0x0060081f9f08, pc 0x022c22b29d6e]
[marking 0x0174ba05a1d1 <JSFunction searchCpcOnlyFrontier (sfi = 0000015FF3876831)> for optimization to MAGLEV, ConcurrencyMode::kConcurrent, reason: hot and stable]
[compiling method 0x0174ba05a1d1 <JSFunction searchCpcOnlyFrontier (sfi = 0000015FF3876831)> (target MAGLEV), mode: ConcurrencyMode::kConcurrent]
[22880:0000022C82C03000]     2307 ms: Scavenge (during sweeping) 9.0 (12.6) -> 7.0 (12.6) MB, pooled: 0.0 MB, 0.11 / 0.00 ms (average mu = 0.996, current mu = 0.996) allocation failure; 
[bailout (kind: deopt-lazy, reason: (unknown)): begin. deoptimizing 0x0174ba05a1d1 <JSFunction searchCpcOnlyFrontier (sfi = 0000015FF3876831)>, 0x02e7c68bf391 <Code TURBOFAN_JS>, opt id 445, bytecode offset 2072, deopt exit 266, FP to SP delta 568, caller SP 0x0060081fa1b0, pc 0x022c22b29d6e]
[bailout (kind: deopt-lazy, reason: (unknown)): begin. deoptimizing 0x0174ba05a1d1 <JSFunction searchCpcOnlyFrontier (sfi = 0000015FF3876831)>, 0x02e7c68bf391 <Code TURBOFAN_JS>, opt id 445, bytecode offset 2072, deopt exit 266, FP to SP delta 568, caller SP 0x0060081fa458, pc 0x022c22b29d6e]
[marking 0x03f5f48a10a1 <JSFunction evaluateConnect4CpcNonterminal32 (sfi = 000003F5F4893C01)> for optimization to TURBOFAN_JS, ConcurrencyMode::kConcurrent, reason: hot and stable]
[compiling method 0x03f5f48a10a1 <JSFunction evaluateConnect4CpcNonterminal32 (sfi = 000003F5F4893C01)> (target TURBOFAN_JS), mode: ConcurrencyMode::kConcurrent]
[bailout (kind: deopt-lazy, reason: (unknown)): begin. deoptimizing 0x0174ba05a1d1 <JSFunction searchCpcOnlyFrontier (sfi = 0000015FF3876831)>, 0x02e7c68bf391 <Code TURBOFAN_JS>, opt id 445, bytecode offset 2072, deopt exit 266, FP to SP delta 568, caller SP 0x0060081fa700, pc 0x022c22b29d6e]
[bailout (kind: deopt-lazy, reason: (unknown)): begin. deoptimizing 0x0174ba05a1d1 <JSFunction searchCpcOnlyFrontier (sfi = 0000015FF3876831)>, 0x02e7c68bf391 <Code TURBOFAN_JS>, opt id 445, bytecode offset 2072, deopt exit 266, FP to SP delta 568, caller SP 0x0060081fa9a8, pc 0x022c22b29d6e]
[bailout (kind: deopt-lazy, reason: (unknown)): begin. deoptimizing 0x0174ba05a1d1 <JSFunction searchCpcOnlyFrontier (sfi = 0000015FF3876831)>, 0x02e7c68bf391 <Code TURBOFAN_JS>, opt id 445, bytecode offset 2072, deopt exit 266, FP to SP delta 568, caller SP 0x0060081fac50, pc 0x022c22b29d6e]
[completed compiling 0x0174ba05a1d1 <JSFunction searchCpcOnlyFrontier (sfi = 0000015FF3876831)> (target MAGLEV) - took 0.001, 2.696, 0.018 ms]
[completed compiling 0x03f5f48a10a1 <JSFunction evaluateConnect4CpcNonterminal32 (sfi = 000003F5F4893C01)> (target TURBOFAN_JS) - took 0.003, 8.338, 0.054 ms]
[completed optimizing 0x03f5f48a10a1 <JSFunction evaluateConnect4CpcNonterminal32 (sfi = 000003F5F4893C01)> (target TURBOFAN_JS)]
[22880:00000229C47B0000]     2322 ms: Scavenge (during sweeping) 8.9 (12.4) -> 6.9 (12.4) MB, pooled: 0.0 MB, 0.08 / 0.00 ms (average mu = 0.995, current mu = 0.995) allocation failure; 
[marking 0x0174ba05a1d1 <JSFunction searchCpcOnlyFrontier (sfi = 0000015FF3876831)> for optimization to TURBOFAN_JS, ConcurrencyMode::kConcurrent, reason: hot and stable]
[compiling method 0x0174ba05a1d1 <JSFunction searchCpcOnlyFrontier (sfi = 0000015FF3876831)> (target TURBOFAN_JS), mode: ConcurrencyMode::kConcurrent]
[completed compiling 0x0174ba05a1d1 <JSFunction searchCpcOnlyFrontier (sfi = 0000015FF3876831)> (target TURBOFAN_JS) - took 0.003, 13.631, 0.111 ms]
[completed optimizing 0x0174ba05a1d1 <JSFunction searchCpcOnlyFrontier (sfi = 0000015FF3876831)> (target TURBOFAN_JS)]
[bailout (kind: deopt-lazy, reason: (unknown)): begin. deoptimizing 0x0174ba05a1d1 <JSFunction searchCpcOnlyFrontier (sfi = 0000015FF3876831)>, 0x02e7c68bf391 <Code TURBOFAN_JS>, opt id 445, bytecode offset 2072, deopt exit 266, FP to SP delta 568, caller SP 0x0060081faef8, pc 0x022c22b29d6e]
[bailout (kind: deopt-lazy, reason: (unknown)): begin. deoptimizing 0x0174ba05a1d1 <JSFunction searchCpcOnlyFrontier (sfi = 0000015FF3876831)>, 0x02e7c68bf391 <Code TURBOFAN_JS>, opt id 445, bytecode offset 2072, deopt exit 266, FP to SP delta 568, caller SP 0x0060081fb1a0, pc 0x022c22b29d6e]
[bailout (kind: deopt-lazy, reason: (unknown)): begin. deoptimizing 0x0174ba05a1d1 <JSFunction searchCpcOnlyFrontier (sfi = 0000015FF3876831)>, 0x02e7c68bf391 <Code TURBOFAN_JS>, opt id 445, bytecode offset 2072, deopt exit 266, FP to SP delta 568, caller SP 0x0060081fb448, pc 0x022c22b29d6e]
[bailout (kind: deopt-lazy, reason: (unknown)): begin. deoptimizing 0x0174ba05a1d1 <JSFunction searchCpcOnlyFrontier (sfi = 0000015FF3876831)>, 0x02e7c68bf391 <Code TURBOFAN_JS>, opt id 445, bytecode offset 2072, deopt exit 266, FP to SP delta 568, caller SP 0x0060081fb6f0, pc 0x022c22b29d6e]
[marking 0x03e59bd0fba1 <JSFunction searchCpcOnlyFrontier (sfi = 000003F5F48849A9)> for optimization to TURBOFAN_JS, ConcurrencyMode::kConcurrent, reason: hot and stable]
[compiling method 0x03e59bd0fba1 <JSFunction searchCpcOnlyFrontier (sfi = 000003F5F48849A9)> (target TURBOFAN_JS), mode: ConcurrencyMode::kConcurrent]
[22880:00000229C4673000]     2349 ms: Scavenge (during sweeping) 9.0 (12.4) -> 7.0 (12.4) MB, pooled: 0.0 MB, 0.09 / 0.00 ms (average mu = 0.948, current mu = 0.948) allocation failure; 
[22880:00000229C46EB000]     2354 ms: Scavenge (during sweeping) 9.0 (12.4) -> 7.0 (12.4) MB, pooled: 0.0 MB, 0.16 / 0.00 ms (average mu = 0.917, current mu = 0.917) allocation failure; 
[completed compiling 0x03e59bd0fba1 <JSFunction searchCpcOnlyFrontier (sfi = 000003F5F48849A9)> (target TURBOFAN_JS) - took 0.004, 12.535, 0.070 ms]
[completed optimizing 0x03e59bd0fba1 <JSFunction searchCpcOnlyFrontier (sfi = 000003F5F48849A9)> (target TURBOFAN_JS)]
[22880:0000022C82CD6000]     2377 ms: Scavenge (during sweeping) 8.9 (12.4) -> 6.9 (12.4) MB, pooled: 0.0 MB, 0.13 / 0.00 ms (average mu = 0.944, current mu = 0.944) allocation failure; 
[22880:0000022C82C03000]     2400 ms: Scavenge (during sweeping) 9.0 (12.6) -> 7.0 (12.6) MB, pooled: 0.0 MB, 0.13 / 0.00 ms (average mu = 0.996, current mu = 0.996) allocation failure; 
[marking 0x03f5f48a2c41 <JSFunction storeConnect4RbaSharedExactCache32 (sfi = 000003F5F489CDA9)> for optimization to TURBOFAN_JS, ConcurrencyMode::kConcurrent, reason: hot and stable]
[compiling method 0x03f5f48a2c41 <JSFunction storeConnect4RbaSharedExactCache32 (sfi = 000003F5F489CDA9)> (target TURBOFAN_JS), mode: ConcurrencyMode::kConcurrent]
[completed compiling 0x03f5f48a2c41 <JSFunction storeConnect4RbaSharedExactCache32 (sfi = 000003F5F489CDA9)> (target TURBOFAN_JS) - took 0.006, 1.500, 0.031 ms]
[completed optimizing 0x03f5f48a2c41 <JSFunction storeConnect4RbaSharedExactCache32 (sfi = 000003F5F489CDA9)> (target TURBOFAN_JS)]
[22880:00000229C4928000]     2429 ms: Scavenge (during sweeping) 9.0 (11.9) -> 7.0 (11.9) MB, pooled: 0.0 MB, 0.10 / 0.00 ms (average mu = 0.951, current mu = 0.951) allocation failure; 
[bailout (kind: deopt-lazy, reason: (unknown)): begin. deoptimizing 0x03e59bd0fba1 <JSFunction searchCpcOnlyFrontier (sfi = 000003F5F48849A9)>, 0x02a270016731 <Code TURBOFAN_JS>, opt id 896, bytecode offset 2072, deopt exit 262, FP to SP delta 560, caller SP 0x0060071fc698, pc 0x022bd2b35622]
[22880:00000229C46EB000]     2439 ms: Scavenge (during sweeping) 9.0 (12.4) -> 7.0 (12.4) MB, pooled: 0.0 MB, 0.53 / 0.00 ms (average mu = 0.917, current mu = 0.917) allocation failure; 
[22880:00000229C47B0000]     2439 ms: Scavenge (during sweeping) 8.9 (12.4) -> 6.9 (12.4) MB, pooled: 0.0 MB, 0.08 / 0.00 ms (average mu = 0.995, current mu = 0.995) allocation failure; 
[bailout (kind: deopt-lazy, reason: (unknown)): begin. deoptimizing 0x0174ba05a1d1 <JSFunction searchCpcOnlyFrontier (sfi = 0000015FF3876831)>, 0x02e7c68bf391 <Code TURBOFAN_JS>, opt id 445, bytecode offset 2072, deopt exit 266, FP to SP delta 568, caller SP 0x0060081fb998, pc 0x022c22b29d6e]
[bailout (kind: deopt-lazy, reason: (unknown)): begin. deoptimizing 0x0174ba05a1d1 <JSFunction searchCpcOnlyFrontier (sfi = 0000015FF3876831)>, 0x02e7c68bf391 <Code TURBOFAN_JS>, opt id 445, bytecode offset 2072, deopt exit 266, FP to SP delta 568, caller SP 0x0060081fbc40, pc 0x022c22b29d6e]
[22880:00000229C4673000]     2466 ms: Scavenge (during sweeping) 9.0 (12.4) -> 7.0 (12.4) MB, pooled: 0.0 MB, 0.10 / 0.00 ms (average mu = 0.948, current mu = 0.948) allocation failure; 
[22880:0000022C82CD6000]     2484 ms: Scavenge (during sweeping) 8.9 (12.4) -> 6.9 (12.4) MB, pooled: 0.0 MB, 0.09 / 0.00 ms (average mu = 0.944, current mu = 0.944) allocation failure; 
[22880:0000022C82C03000]     2490 ms: Scavenge (during sweeping) 9.0 (12.6) -> 7.0 (12.6) MB, pooled: 0.0 MB, 0.08 / 0.00 ms (average mu = 0.996, current mu = 0.996) allocation failure; 
[22880:00000229C4928000]     2508 ms: Scavenge (during sweeping) 9.0 (11.9) -> 7.0 (11.9) MB, pooled: 0.0 MB, 0.09 / 0.00 ms (average mu = 0.951, current mu = 0.951) allocation failure; 
[22880:00000229C47B0000]     2543 ms: Scavenge (during sweeping) 8.9 (12.4) -> 6.9 (12.4) MB, pooled: 0.0 MB, 0.09 / 0.00 ms (average mu = 0.995, current mu = 0.995) allocation failure; 
[22880:00000229C4673000]     2563 ms: Scavenge (during sweeping) 9.0 (12.4) -> 7.0 (12.4) MB, pooled: 0.0 MB, 0.12 / 0.00 ms (average mu = 0.948, current mu = 0.948) allocation failure; 
[22880:0000022C82CD6000]     2568 ms: Scavenge (during sweeping) 8.9 (12.4) -> 6.9 (12.4) MB, pooled: 0.0 MB, 0.08 / 0.00 ms (average mu = 0.944, current mu = 0.944) allocation failure; 
[22880:0000022C82C03000]     2588 ms: Scavenge (during sweeping) 9.0 (12.6) -> 7.0 (12.6) MB, pooled: 0.0 MB, 0.09 / 0.00 ms (average mu = 0.996, current mu = 0.996) allocation failure; 
[22880:00000229C46EB000]     2615 ms: Scavenge (during sweeping) 9.0 (12.4) -> 7.0 (12.4) MB, pooled: 0.0 MB, 0.13 / 0.00 ms (average mu = 0.917, current mu = 0.917) allocation failure; 
[22880:00000229C4928000]     2628 ms: Scavenge (during sweeping) 9.0 (11.9) -> 7.0 (11.9) MB, pooled: 0.0 MB, 0.13 / 0.00 ms (average mu = 0.951, current mu = 0.951) allocation failure; 
[marking 0x03f5f48a0be1 <JSFunction firstSetBitIndex32 (sfi = 000003F5F4895119)> for optimization to TURBOFAN_JS, ConcurrencyMode::kConcurrent, reason: hot and stable]
[compiling method 0x03f5f48a0be1 <JSFunction firstSetBitIndex32 (sfi = 000003F5F4895119)> (target TURBOFAN_JS), mode: ConcurrencyMode::kConcurrent]
[completed compiling 0x03f5f48a0be1 <JSFunction firstSetBitIndex32 (sfi = 000003F5F4895119)> (target TURBOFAN_JS) - took 0.006, 0.378, 0.016 ms]
[completed optimizing 0x03f5f48a0be1 <JSFunction firstSetBitIndex32 (sfi = 000003F5F4895119)> (target TURBOFAN_JS)]
[22880:00000229C47B0000]     2648 ms: Scavenge (during sweeping) 8.9 (12.4) -> 6.9 (12.4) MB, pooled: 0.0 MB, 0.09 / 0.00 ms (average mu = 0.995, current mu = 0.995) allocation failure; 
[22880:0000022C82CD6000]     2660 ms: Scavenge (during sweeping) 8.9 (12.4) -> 6.9 (12.4) MB, pooled: 0.0 MB, 0.09 / 0.00 ms (average mu = 0.944, current mu = 0.944) allocation failure; 
[22880:00000229C4673000]     2689 ms: Scavenge (during sweeping) 9.0 (12.4) -> 7.0 (12.4) MB, pooled: 0.0 MB, 0.13 / 0.00 ms (average mu = 0.948, current mu = 0.948) allocation failure; 
[22880:0000022C82C03000]     2704 ms: Scavenge (during sweeping) 9.0 (12.6) -> 7.0 (12.6) MB, pooled: 0.0 MB, 0.13 / 0.00 ms (average mu = 0.996, current mu = 0.996) allocation failure; 
[22880:00000229C46EB000]     2713 ms: Scavenge (during sweeping) 9.0 (12.4) -> 7.0 (12.4) MB, pooled: 0.0 MB, 0.10 / 0.00 ms (average mu = 0.917, current mu = 0.917) allocation failure; 
[22880:00000229C47B0000]     2737 ms: Scavenge (during sweeping) 8.9 (12.4) -> 6.9 (12.4) MB, pooled: 0.0 MB, 0.10 / 0.00 ms (average mu = 0.995, current mu = 0.995) allocation failure; 
[22880:00000229C4928000]     2747 ms: Scavenge (during sweeping) 9.0 (11.9) -> 7.0 (11.9) MB, pooled: 0.0 MB, 0.09 / 0.00 ms (average mu = 0.951, current mu = 0.951) allocation failure; 
[22880:0000022C82CD6000]     2762 ms: Scavenge (during sweeping) 8.9 (12.4) -> 6.9 (12.4) MB, pooled: 0.0 MB, 0.09 / 0.00 ms (average mu = 0.944, current mu = 0.944) allocation failure; 
[22880:00000229C4673000]     2791 ms: Scavenge (during sweeping) 9.0 (12.4) -> 7.0 (12.4) MB, pooled: 0.0 MB, 0.10 / 0.00 ms (average mu = 0.948, current mu = 0.948) allocation failure; 
[22880:0000022C82C03000]     2801 ms: Scavenge (during sweeping) 9.0 (12.6) -> 7.0 (12.6) MB, pooled: 0.0 MB, 0.09 / 0.00 ms (average mu = 0.996, current mu = 0.996) allocation failure; 
[22880:00000229C47B0000]     2804 ms: Scavenge (during sweeping) 8.9 (12.4) -> 6.9 (12.4) MB, pooled: 0.0 MB, 0.09 / 0.00 ms (average mu = 0.995, current mu = 0.995) allocation failure; 
[22880:00000229C46EB000]     2808 ms: Scavenge (during sweeping) 9.0 (12.4) -> 7.0 (12.4) MB, pooled: 0.0 MB, 0.08 / 0.00 ms (average mu = 0.917, current mu = 0.917) allocation failure; 
[22880:00000229C4928000]     2847 ms: Scavenge (during sweeping) 9.0 (11.9) -> 7.0 (11.9) MB, pooled: 0.0 MB, 0.11 / 0.00 ms (average mu = 0.951, current mu = 0.951) allocation failure; 
[22880:0000022C82CD6000]     2851 ms: Scavenge (during sweeping) 8.9 (12.4) -> 6.9 (12.4) MB, pooled: 0.0 MB, 0.08 / 0.00 ms (average mu = 0.944, current mu = 0.944) allocation failure; 
[22880:00000229C46EB000]     2875 ms: Scavenge (during sweeping) 9.0 (12.4) -> 7.0 (12.4) MB, pooled: 0.0 MB, 0.09 / 0.00 ms (average mu = 0.917, current mu = 0.917) allocation failure; 
[22880:00000229C47B0000]     2884 ms: Scavenge (during sweeping) 8.9 (12.4) -> 6.9 (12.4) MB, pooled: 0.0 MB, 0.09 / 0.00 ms (average mu = 0.995, current mu = 0.995) allocation failure; 
[22880:00000229C4673000]     2891 ms: Scavenge (during sweeping) 9.0 (12.4) -> 7.0 (12.4) MB, pooled: 0.0 MB, 0.08 / 0.00 ms (average mu = 0.948, current mu = 0.948) allocation failure; 
[22880:0000022C82C03000]     2892 ms: Scavenge (during sweeping) 9.0 (12.6) -> 7.0 (12.6) MB, pooled: 0.0 MB, 0.08 / 0.00 ms (average mu = 0.996, current mu = 0.996) allocation failure; 
[22880:00000229C46EB000]     2939 ms: Scavenge (during sweeping) 9.0 (12.4) -> 7.0 (12.4) MB, pooled: 0.0 MB, 0.11 / 0.00 ms (average mu = 0.917, current mu = 0.917) allocation failure; 
[22880:00000229C47B0000]     2939 ms: Scavenge (during sweeping) 8.9 (12.4) -> 6.9 (12.4) MB, pooled: 0.0 MB, 0.08 / 0.00 ms (average mu = 0.995, current mu = 0.995) allocation failure; 
[22880:0000022C82CD6000]     2945 ms: Scavenge (during sweeping) 8.9 (12.4) -> 6.9 (12.4) MB, pooled: 0.0 MB, 0.10 / 0.00 ms (average mu = 0.944, current mu = 0.944) allocation failure; 
[22880:00000229C4928000]     2950 ms: Scavenge (during sweeping) 9.0 (11.9) -> 7.0 (11.9) MB, pooled: 0.0 MB, 0.09 / 0.00 ms (average mu = 0.951, current mu = 0.951) allocation failure; 
[marking 0x01e9d9190f81 <JSFunction hasHooks (sfi = 0000017B9BF608A1)> for optimization to MAGLEV, ConcurrencyMode::kConcurrent, reason: hot and stable]
[22880:00000229C4673000]     2985 ms: Scavenge (during sweeping) 9.0 (12.4) -> 7.0 (12.4) MB, pooled: 0.0 MB, 0.11 / 0.00 ms (average mu = 0.948, current mu = 0.948) allocation failure; 
[compiling method 0x01e9d9190f81 <JSFunction hasHooks (sfi = 0000017B9BF608A1)> (target MAGLEV), mode: ConcurrencyMode::kConcurrent]
[22880:0000022C82C03000]     3005 ms: Scavenge (during sweeping) 9.0 (12.6) -> 7.0 (12.6) MB, pooled: 0.0 MB, 0.10 / 0.00 ms (average mu = 0.996, current mu = 0.996) allocation failure; 
[completed compiling 0x01e9d9190f81 <JSFunction hasHooks (sfi = 0000017B9BF608A1)> (target MAGLEV) - took 0.001, 0.164, 0.008 ms]
[22880:00000229C46EB000]     3016 ms: Scavenge (during sweeping) 9.0 (12.4) -> 7.0 (12.4) MB, pooled: 0.0 MB, 0.10 / 0.00 ms (average mu = 0.917, current mu = 0.917) allocation failure; 
[22880:00000229C47B0000]     3026 ms: Scavenge (during sweeping) 8.9 (12.4) -> 6.9 (12.4) MB, pooled: 0.0 MB, 0.09 / 0.00 ms (average mu = 0.995, current mu = 0.995) allocation failure; 
[22880:00000229C4928000]     3042 ms: Scavenge (during sweeping) 9.0 (11.9) -> 7.0 (11.9) MB, pooled: 0.0 MB, 0.10 / 0.00 ms (average mu = 0.951, current mu = 0.951) allocation failure; 
[22880:0000022C82CD6000]     3068 ms: Scavenge (during sweeping) 8.9 (12.4) -> 6.9 (12.4) MB, pooled: 0.0 MB, 0.10 / 0.00 ms (average mu = 0.944, current mu = 0.944) allocation failure; 
[22880:00000229C4673000]     3089 ms: Scavenge (during sweeping) 9.0 (12.4) -> 7.0 (12.4) MB, pooled: 0.0 MB, 0.12 / 0.00 ms (average mu = 0.948, current mu = 0.948) allocation failure; 
[22880:00000229C46EB000]     3104 ms: Scavenge (during sweeping) 9.0 (12.4) -> 7.0 (12.4) MB, pooled: 0.0 MB, 0.13 / 0.00 ms (average mu = 0.917, current mu = 0.917) allocation failure; 
[22880:0000022C82C03000]     3105 ms: Scavenge (during sweeping) 9.0 (12.6) -> 7.0 (12.6) MB, pooled: 0.0 MB, 0.08 / 0.00 ms (average mu = 0.996, current mu = 0.996) allocation failure; 
[22880:00000229C47B0000]     3106 ms: Scavenge (during sweeping) 8.9 (12.4) -> 6.9 (12.4) MB, pooled: 0.0 MB, 0.07 / 0.00 ms (average mu = 0.995, current mu = 0.995) allocation failure; 
[bailout (kind: deopt-eager, reason: Insufficient type feedback for binary operation): begin. deoptimizing 0x03e59bd0ef01 <JSFunction deriveForkPreemption32 (sfi = 000003F5F4893D69)>, 0x03d2c1af4001 <Code TURBOFAN_JS>, opt id 888, bytecode offset 548, deopt exit 12, FP to SP delta 240, caller SP 0x0060071fb2c0, pc 0x022bd2b26280]
[marking 0x03e59bd0ef01 <JSFunction deriveForkPreemption32 (sfi = 000003F5F4893D69)> for optimization to MAGLEV, ConcurrencyMode::kConcurrent, reason: hot and stable]
[compiling method 0x03e59bd0ef01 <JSFunction deriveForkPreemption32 (sfi = 000003F5F4893D69)> (target MAGLEV), mode: ConcurrencyMode::kConcurrent]
[22880:00000229C4928000]     3127 ms: Scavenge (during sweeping) 9.0 (11.9) -> 7.0 (11.9) MB, pooled: 0.0 MB, 0.10 / 0.00 ms (average mu = 0.951, current mu = 0.951) allocation failure; 
[completed compiling 0x03e59bd0ef01 <JSFunction deriveForkPreemption32 (sfi = 000003F5F4893D69)> (target MAGLEV) - took 0.000, 1.119, 0.041 ms]
[22880:0000022C82CD6000]     3151 ms: Scavenge (during sweeping) 8.9 (12.4) -> 6.9 (12.4) MB, pooled: 0.0 MB, 0.10 / 0.00 ms (average mu = 0.944, current mu = 0.944) allocation failure; 
[22880:00000229C459A000]     3161 ms: Scavenge (during sweeping) 9.0 (12.1) -> 7.1 (12.1) MB, pooled: 0.0 MB, 0.12 / 0.00 ms (average mu = 0.948, current mu = 0.948) allocation failure; 
[22880:00000229C4673000]     3184 ms: Scavenge (during sweeping) 9.0 (12.4) -> 7.0 (12.4) MB, pooled: 0.0 MB, 0.10 / 0.00 ms (average mu = 0.948, current mu = 0.948) allocation failure; 
[22880:00000229C46EB000]     3199 ms: Scavenge (during sweeping) 9.0 (12.4) -> 7.0 (12.4) MB, pooled: 0.0 MB, 0.10 / 0.00 ms (average mu = 0.917, current mu = 0.917) allocation failure; 
[22880:00000229C47B0000]     3200 ms: Scavenge (during sweeping) 8.9 (12.4) -> 6.9 (12.4) MB, pooled: 0.0 MB, 0.07 / 0.00 ms (average mu = 0.995, current mu = 0.995) allocation failure; 
[22880:0000022C82C03000]     3202 ms: Scavenge (during sweeping) 9.0 (12.6) -> 7.0 (12.6) MB, pooled: 0.0 MB, 0.07 / 0.00 ms (average mu = 0.996, current mu = 0.996) allocation failure; 
[22880:00000229C4928000]     3206 ms: Scavenge (during sweeping) 9.0 (11.9) -> 7.0 (11.9) MB, pooled: 0.0 MB, 0.08 / 0.00 ms (average mu = 0.951, current mu = 0.951) allocation failure; 
[marking 0x03e59bd0ef01 <JSFunction deriveForkPreemption32 (sfi = 000003F5F4893D69)> for optimization to TURBOFAN_JS, ConcurrencyMode::kConcurrent, reason: hot and stable]
[compiling method 0x03e59bd0ef01 <JSFunction deriveForkPreemption32 (sfi = 000003F5F4893D69)> (target TURBOFAN_JS), mode: ConcurrencyMode::kConcurrent]
[completed compiling 0x03e59bd0ef01 <JSFunction deriveForkPreemption32 (sfi = 000003F5F4893D69)> (target TURBOFAN_JS) - took 0.006, 5.135, 0.048 ms]
[completed optimizing 0x03e59bd0ef01 <JSFunction deriveForkPreemption32 (sfi = 000003F5F4893D69)> (target TURBOFAN_JS)]
[22880:00000229C4673000]     3266 ms: Scavenge (during sweeping) 9.0 (12.4) -> 7.0 (12.4) MB, pooled: 0.0 MB, 0.09 / 0.00 ms (average mu = 0.948, current mu = 0.948) allocation failure; 
[22880:0000022C82CD6000]     3283 ms: Scavenge (during sweeping) 8.9 (12.4) -> 6.9 (12.4) MB, pooled: 0.0 MB, 0.09 / 0.00 ms (average mu = 0.944, current mu = 0.944) allocation failure; 
[22880:00000229C47B0000]     3287 ms: Scavenge (during sweeping) 8.9 (12.4) -> 6.9 (12.4) MB, pooled: 0.0 MB, 0.07 / 0.00 ms (average mu = 0.995, current mu = 0.995) allocation failure; 
[22880:00000229C46EB000]     3290 ms: Scavenge (during sweeping) 9.0 (12.4) -> 7.0 (12.4) MB, pooled: 0.0 MB, 0.08 / 0.00 ms (average mu = 0.917, current mu = 0.917) allocation failure; 
[22880:0000022C82C03000]     3310 ms: Scavenge (during sweeping) 9.0 (12.6) -> 7.0 (12.6) MB, pooled: 0.0 MB, 0.09 / 0.00 ms (average mu = 0.996, current mu = 0.996) allocation failure; 
[22880:00000229C4928000]     3317 ms: Scavenge (during sweeping) 9.0 (11.9) -> 7.0 (11.9) MB, pooled: 0.0 MB, 0.08 / 0.00 ms (average mu = 0.951, current mu = 0.951) allocation failure; 
[22880:00000229C4673000]     3384 ms: Scavenge (during sweeping) 9.0 (12.4) -> 7.0 (12.4) MB, pooled: 0.0 MB, 0.12 / 0.00 ms (average mu = 0.948, current mu = 0.948) allocation failure; 
[22880:0000022C82CD6000]     3381 ms: Scavenge (during sweeping) 8.9 (12.4) -> 6.9 (12.4) MB, pooled: 0.0 MB, 0.11 / 0.00 ms (average mu = 0.944, current mu = 0.944) allocation failure; 
[22880:00000229C47B0000]     3384 ms: Scavenge (during sweeping) 8.9 (12.4) -> 6.9 (12.4) MB, pooled: 0.0 MB, 0.10 / 0.00 ms (average mu = 0.995, current mu = 0.995) allocation failure; 
[22880:00000229C46EB000]     3391 ms: Scavenge (during sweeping) 9.0 (12.4) -> 7.0 (12.4) MB, pooled: 0.0 MB, 0.08 / 0.00 ms (average mu = 0.917, current mu = 0.917) allocation failure; 
[22880:00000229C4928000]     3413 ms: Scavenge (during sweeping) 9.0 (11.9) -> 7.0 (11.9) MB, pooled: 0.0 MB, 0.09 / 0.00 ms (average mu = 0.951, current mu = 0.951) allocation failure; 
[22880:0000022C82C03000]     3416 ms: Scavenge (during sweeping) 9.0 (12.6) -> 7.0 (12.6) MB, pooled: 0.0 MB, 0.08 / 0.00 ms (average mu = 0.996, current mu = 0.996) allocation failure; 
[22880:00000229C4928000]     3482 ms: Scavenge (during sweeping) 9.0 (11.9) -> 7.0 (11.9) MB, pooled: 0.0 MB, 0.10 / 0.00 ms (average mu = 0.951, current mu = 0.951) allocation failure; 
[22880:0000022C82CD6000]     3481 ms: Scavenge (during sweeping) 8.9 (12.4) -> 6.9 (12.4) MB, pooled: 0.0 MB, 0.11 / 0.00 ms (average mu = 0.944, current mu = 0.944) allocation failure; 
[22880:00000229C46EB000]     3506 ms: Scavenge (during sweeping) 9.0 (12.4) -> 7.0 (12.4) MB, pooled: 0.0 MB, 0.09 / 0.00 ms (average mu = 0.917, current mu = 0.917) allocation failure; 
[22880:00000229C47B0000]     3517 ms: Scavenge (during sweeping) 8.9 (12.4) -> 6.9 (12.4) MB, pooled: 0.0 MB, 0.12 / 0.00 ms (average mu = 0.995, current mu = 0.995) allocation failure; 
[22880:0000022C82C03000]     3521 ms: Scavenge (during sweeping) 9.0 (12.6) -> 7.0 (12.6) MB, pooled: 0.0 MB, 0.09 / 0.00 ms (average mu = 0.996, current mu = 0.996) allocation failure; 
[22880:00000229C4673000]     3525 ms: Scavenge (during sweeping) 9.0 (12.4) -> 7.0 (12.4) MB, pooled: 0.0 MB, 0.11 / 0.00 ms (average mu = 0.948, current mu = 0.948) allocation failure; 
[22880:0000022C82CD6000]     3591 ms: Scavenge (during sweeping) 8.9 (12.4) -> 6.9 (12.4) MB, pooled: 0.0 MB, 0.09 / 0.00 ms (average mu = 0.944, current mu = 0.944) allocation failure; 
[marking 0x01e9d91a5171 <JSFunction peek (sfi = 0000017B9BF6B551)> for optimization to MAGLEV, ConcurrencyMode::kConcurrent, reason: hot and stable]
[marking 0x01e9d91a6501 <JSFunction peek (sfi = 0000017B9BF6BE89)> for optimization to MAGLEV, ConcurrencyMode::kConcurrent, reason: hot and stable]
[22880:0000022C82C03000]     3600 ms: Scavenge (during sweeping) 9.0 (12.6) -> 7.0 (12.6) MB, pooled: 0.0 MB, 0.10 / 0.00 ms (average mu = 0.996, current mu = 0.996) allocation failure; 
[22880:00000229C4928000]     3605 ms: Scavenge (during sweeping) 9.0 (11.9) -> 7.0 (11.9) MB, pooled: 0.0 MB, 0.12 / 0.00 ms (average mu = 0.951, current mu = 0.951) allocation failure; 
[compiling method 0x01e9d91a6501 <JSFunction peek (sfi = 0000017B9BF6BE89)> (target MAGLEV), mode: ConcurrencyMode::kConcurrent]
[compiling method 0x01e9d91a5171 <JSFunction peek (sfi = 0000017B9BF6B551)> (target MAGLEV), mode: ConcurrencyMode::kConcurrent]
[completed compiling 0x01e9d91a6501 <JSFunction peek (sfi = 0000017B9BF6BE89)> (target MAGLEV) - took 0.001, 0.147, 0.006 ms]
[completed compiling 0x01e9d91a5171 <JSFunction peek (sfi = 0000017B9BF6B551)> (target MAGLEV) - took 0.000, 0.096, 0.001 ms]
[22880:00000229C46EB000]     3634 ms: Scavenge (during sweeping) 9.0 (12.4) -> 7.0 (12.4) MB, pooled: 0.0 MB, 0.09 / 0.00 ms (average mu = 0.917, current mu = 0.917) allocation failure; 
[22880:00000229C4673000]     3671 ms: Scavenge (during sweeping) 9.0 (12.4) -> 7.0 (12.4) MB, pooled: 0.0 MB, 0.09 / 0.00 ms (average mu = 0.948, current mu = 0.948) allocation failure; 
[22880:00000229C47B0000]     3671 ms: Scavenge (during sweeping) 8.9 (12.4) -> 6.9 (12.4) MB, pooled: 0.0 MB, 0.11 / 0.00 ms (average mu = 0.995, current mu = 0.995) allocation failure; 
[22880:0000022C82CD6000]     3670 ms: Scavenge (during sweeping) 8.9 (12.4) -> 6.9 (12.4) MB, pooled: 0.0 MB, 0.08 / 0.00 ms (average mu = 0.944, current mu = 0.944) allocation failure; 
[22880:0000022C82C03000]     3683 ms: Scavenge (during sweeping) 9.0 (12.6) -> 7.0 (12.6) MB, pooled: 0.0 MB, 0.08 / 0.00 ms (average mu = 0.996, current mu = 0.996) allocation failure; 
[22880:00000229C4928000]     3709 ms: Scavenge (during sweeping) 9.0 (11.9) -> 7.0 (11.9) MB, pooled: 0.0 MB, 0.09 / 0.00 ms (average mu = 0.951, current mu = 0.951) allocation failure; 
[22880:00000229C46EB000]     3762 ms: Scavenge (during sweeping) 9.0 (12.4) -> 7.0 (12.4) MB, pooled: 0.0 MB, 0.10 / 0.00 ms (average mu = 0.917, current mu = 0.917) allocation failure; 
[22880:00000229C4673000]     3776 ms: Scavenge (during sweeping) 9.0 (12.4) -> 7.0 (12.4) MB, pooled: 0.0 MB, 0.16 / 0.00 ms (average mu = 0.948, current mu = 0.948) allocation failure; 
[22880:0000022C82C03000]     3781 ms: Scavenge (during sweeping) 9.0 (12.6) -> 7.0 (12.6) MB, pooled: 0.0 MB, 0.08 / 0.00 ms (average mu = 0.996, current mu = 0.996) allocation failure; 
[22880:0000022C82CD6000]     3782 ms: Scavenge (during sweeping) 8.9 (12.4) -> 6.9 (12.4) MB, pooled: 0.0 MB, 0.08 / 0.00 ms (average mu = 0.944, current mu = 0.944) allocation failure; 
[22880:00000229C47B0000]     3801 ms: Scavenge (during sweeping) 8.9 (12.4) -> 6.9 (12.4) MB, pooled: 0.0 MB, 0.09 / 0.00 ms (average mu = 0.995, current mu = 0.995) allocation failure; 
[22880:00000229C4928000]     3818 ms: Scavenge (during sweeping) 9.0 (11.9) -> 7.0 (11.9) MB, pooled: 0.0 MB, 0.13 / 0.00 ms (average mu = 0.951, current mu = 0.951) allocation failure; 
[22880:0000022C82C03000]     3853 ms: Scavenge (during sweeping) 9.0 (12.6) -> 7.0 (12.6) MB, pooled: 0.0 MB, 0.09 / 0.00 ms (average mu = 0.996, current mu = 0.996) allocation failure; 
[22880:00000229C46EB000]     3855 ms: Scavenge (during sweeping) 9.0 (12.4) -> 7.0 (12.4) MB, pooled: 0.0 MB, 0.09 / 0.00 ms (average mu = 0.917, current mu = 0.917) allocation failure; 
[22880:00000229C4673000]     3868 ms: Scavenge (during sweeping) 9.0 (12.4) -> 7.0 (12.4) MB, pooled: 0.0 MB, 0.09 / 0.00 ms (average mu = 0.948, current mu = 0.948) allocation failure; 
[bailout (kind: deopt-lazy, reason: (unknown)): begin. deoptimizing 0x0174ba05a1d1 <JSFunction searchCpcOnlyFrontier (sfi = 0000015FF3876831)>, 0x02e7c68bf391 <Code TURBOFAN_JS>, opt id 445, bytecode offset 2072, deopt exit 266, FP to SP delta 568, caller SP 0x0060081fbee8, pc 0x022c22b29d6e]
[22880:0000022C82CD6000]     3883 ms: Scavenge (during sweeping) 8.9 (12.4) -> 6.9 (12.4) MB, pooled: 0.0 MB, 0.09 / 0.00 ms (average mu = 0.944, current mu = 0.944) allocation failure; 
[22880:00000229C47B0000]     3897 ms: Scavenge (during sweeping) 8.9 (12.4) -> 6.9 (12.4) MB, pooled: 0.0 MB, 0.09 / 0.00 ms (average mu = 0.995, current mu = 0.995) allocation failure; 
[22880:00000229C4928000]     3934 ms: Scavenge (during sweeping) 9.0 (11.9) -> 7.0 (11.9) MB, pooled: 0.0 MB, 0.10 / 0.00 ms (average mu = 0.951, current mu = 0.951) allocation failure; 
[22880:00000229C46EB000]     3943 ms: Scavenge (during sweeping) 9.0 (12.4) -> 7.0 (12.4) MB, pooled: 0.0 MB, 0.08 / 0.00 ms (average mu = 0.917, current mu = 0.917) allocation failure; 
[22880:0000022C82C03000]     3955 ms: Scavenge (during sweeping) 9.0 (12.6) -> 7.0 (12.6) MB, pooled: 0.0 MB, 0.11 / 0.00 ms (average mu = 0.996, current mu = 0.996) allocation failure; 
[22880:00000229C4673000]     3978 ms: Scavenge (during sweeping) 9.0 (12.4) -> 7.0 (12.4) MB, pooled: 0.0 MB, 0.13 / 0.00 ms (average mu = 0.948, current mu = 0.948) allocation failure; 
[22880:00000229C47B0000]     3997 ms: Scavenge (during sweeping) 8.9 (12.4) -> 6.9 (12.4) MB, pooled: 0.0 MB, 0.11 / 0.00 ms (average mu = 0.995, current mu = 0.995) allocation failure; 
[22880:0000022C82CD6000]     4001 ms: Scavenge (during sweeping) 8.9 (12.4) -> 6.9 (12.4) MB, pooled: 0.0 MB, 0.12 / 0.00 ms (average mu = 0.944, current mu = 0.944) allocation failure; 
[22880:00000229C459A000]     4013 ms: Scavenge (during sweeping) 9.0 (12.1) -> 7.0 (12.1) MB, pooled: 0.0 MB, 0.16 / 0.00 ms (average mu = 0.948, current mu = 0.948) allocation failure; 
[22880:0000022C82C03000]     4052 ms: Scavenge (during sweeping) 9.0 (12.6) -> 7.0 (12.6) MB, pooled: 0.0 MB, 0.09 / 0.00 ms (average mu = 0.996, current mu = 0.996) allocation failure; 
[22880:00000229C46EB000]     4057 ms: Scavenge (during sweeping) 9.0 (12.4) -> 7.0 (12.4) MB, pooled: 0.0 MB, 0.09 / 0.00 ms (average mu = 0.917, current mu = 0.917) allocation failure; 
[22880:00000229C4928000]     4062 ms: Scavenge (during sweeping) 9.0 (11.9) -> 7.0 (11.9) MB, pooled: 0.0 MB, 0.09 / 0.00 ms (average mu = 0.951, current mu = 0.951) allocation failure; 
[22880:00000229C4673000]     4101 ms: Scavenge (during sweeping) 9.0 (12.4) -> 7.0 (12.4) MB, pooled: 0.0 MB, 0.14 / 0.00 ms (average mu = 0.948, current mu = 0.948) allocation failure; 
[22880:00000229C47B0000]     4104 ms: Scavenge (during sweeping) 8.9 (12.4) -> 6.9 (12.4) MB, pooled: 0.0 MB, 0.10 / 0.00 ms (average mu = 0.995, current mu = 0.995) allocation failure; 
[22880:0000022C82CD6000]     4133 ms: Scavenge (during sweeping) 8.9 (12.4) -> 6.9 (12.4) MB, pooled: 0.0 MB, 0.13 / 0.00 ms (average mu = 0.944, current mu = 0.944) allocation failure; 
[22880:00000229C46EB000]     4160 ms: Scavenge (during sweeping) 9.0 (12.4) -> 7.0 (12.4) MB, pooled: 0.0 MB, 0.10 / 0.00 ms (average mu = 0.917, current mu = 0.917) allocation failure; 
[22880:0000022C82C03000]     4165 ms: Scavenge (during sweeping) 9.0 (12.6) -> 7.0 (12.6) MB, pooled: 0.0 MB, 0.09 / 0.00 ms (average mu = 0.996, current mu = 0.996) allocation failure; 
[22880:00000229C4673000]     4196 ms: Scavenge (during sweeping) 9.0 (12.4) -> 7.0 (12.4) MB, pooled: 0.0 MB, 0.10 / 0.00 ms (average mu = 0.948, current mu = 0.948) allocation failure; 
[22880:00000229C4928000]     4206 ms: Scavenge (during sweeping) 9.0 (11.9) -> 7.0 (11.9) MB, pooled: 0.0 MB, 0.09 / 0.00 ms (average mu = 0.951, current mu = 0.951) allocation failure; 
[22880:00000229C47B0000]     4223 ms: Scavenge (during sweeping) 8.9 (12.4) -> 6.9 (12.4) MB, pooled: 0.0 MB, 0.09 / 0.00 ms (average mu = 0.995, current mu = 0.995) allocation failure; 
[22880:00000229C46EB000]     4269 ms: Scavenge (during sweeping) 9.0 (12.4) -> 7.0 (12.4) MB, pooled: 0.0 MB, 0.14 / 0.00 ms (average mu = 0.917, current mu = 0.917) allocation failure; 
[22880:0000022C82C03000]     4271 ms: Scavenge (during sweeping) 9.0 (12.6) -> 7.0 (12.6) MB, pooled: 0.0 MB, 0.09 / 0.00 ms (average mu = 0.996, current mu = 0.996) allocation failure; 
[22880:00000229C4673000]     4300 ms: Scavenge (during sweeping) 9.0 (12.4) -> 7.0 (12.4) MB, pooled: 0.0 MB, 0.09 / 0.00 ms (average mu = 0.948, current mu = 0.948) allocation failure; 
[22880:0000022C82CD6000]     4297 ms: Scavenge (during sweeping) 8.9 (12.4) -> 6.9 (12.4) MB, pooled: 0.0 MB, 0.08 / 0.00 ms (average mu = 0.944, current mu = 0.944) allocation failure; 
[22880:00000229C4928000]     4306 ms: Scavenge (during sweeping) 9.0 (11.9) -> 7.0 (11.9) MB, pooled: 0.0 MB, 0.08 / 0.00 ms (average mu = 0.951, current mu = 0.951) allocation failure; 
[22880:00000229C47B0000]     4330 ms: Scavenge (during sweeping) 8.9 (12.4) -> 6.9 (12.4) MB, pooled: 0.0 MB, 0.12 / 0.00 ms (average mu = 0.995, current mu = 0.995) allocation failure; 
[22880:0000022C82C03000]     4364 ms: Scavenge (during sweeping) 9.0 (12.6) -> 7.0 (12.6) MB, pooled: 0.0 MB, 0.10 / 0.00 ms (average mu = 0.996, current mu = 0.996) allocation failure; 
[22880:0000022C82CD6000]     4364 ms: Scavenge (during sweeping) 8.9 (12.4) -> 6.9 (12.4) MB, pooled: 0.0 MB, 0.08 / 0.00 ms (average mu = 0.944, current mu = 0.944) allocation failure; 
[22880:00000229C46EB000]     4384 ms: Scavenge (during sweeping) 9.0 (12.4) -> 7.0 (12.4) MB, pooled: 0.0 MB, 0.09 / 0.00 ms (average mu = 0.917, current mu = 0.917) allocation failure; 
[22880:00000229C4673000]     4397 ms: Scavenge (during sweeping) 9.0 (12.4) -> 7.0 (12.4) MB, pooled: 0.0 MB, 0.10 / 0.00 ms (average mu = 0.948, current mu = 0.948) allocation failure; 
[22880:00000229C4928000]     4438 ms: Scavenge (during sweeping) 9.0 (11.9) -> 7.0 (11.9) MB, pooled: 0.0 MB, 0.09 / 0.00 ms (average mu = 0.951, current mu = 0.951) allocation failure; 
[22880:0000022C82CD6000]     4445 ms: Scavenge (during sweeping) 8.9 (12.4) -> 6.9 (12.4) MB, pooled: 0.0 MB, 0.09 / 0.00 ms (average mu = 0.944, current mu = 0.944) allocation failure; 
[22880:0000022C82C03000]     4459 ms: Scavenge (during sweeping) 9.0 (12.6) -> 7.0 (12.6) MB, pooled: 0.0 MB, 0.11 / 0.00 ms (average mu = 0.996, current mu = 0.996) allocation failure; 
[22880:00000229C47B0000]     4461 ms: Scavenge (during sweeping) 8.9 (12.4) -> 6.9 (12.4) MB, pooled: 0.0 MB, 0.11 / 0.00 ms (average mu = 0.995, current mu = 0.995) allocation failure; 
[22880:00000229C46EB000]     4486 ms: Scavenge (during sweeping) 9.0 (12.4) -> 7.0 (12.4) MB, pooled: 0.0 MB, 0.10 / 0.00 ms (average mu = 0.917, current mu = 0.917) allocation failure; 
[22880:00000229C4673000]     4505 ms: Scavenge (during sweeping) 9.0 (12.4) -> 7.0 (12.4) MB, pooled: 0.0 MB, 0.09 / 0.00 ms (average mu = 0.948, current mu = 0.948) allocation failure; 
[22880:00000229C4928000]     4557 ms: Scavenge (during sweeping) 9.0 (11.9) -> 7.0 (11.9) MB, pooled: 0.0 MB, 0.10 / 0.00 ms (average mu = 0.951, current mu = 0.951) allocation failure; 
[22880:0000022C82CD6000]     4557 ms: Scavenge (during sweeping) 8.9 (12.4) -> 6.9 (12.4) MB, pooled: 0.0 MB, 0.08 / 0.00 ms (average mu = 0.944, current mu = 0.944) allocation failure; 
[22880:0000022C82C03000]     4582 ms: Scavenge (during sweeping) 9.0 (12.6) -> 7.0 (12.6) MB, pooled: 0.0 MB, 0.12 / 0.00 ms (average mu = 0.996, current mu = 0.996) allocation failure; 
[22880:00000229C47B0000]     4589 ms: Scavenge (during sweeping) 8.9 (12.4) -> 6.9 (12.4) MB, pooled: 0.0 MB, 0.07 / 0.00 ms (average mu = 0.995, current mu = 0.995) allocation failure; 
[22880:00000229C46EB000]     4600 ms: Scavenge (during sweeping) 9.0 (12.4) -> 7.0 (12.4) MB, pooled: 0.0 MB, 0.09 / 0.00 ms (average mu = 0.917, current mu = 0.917) allocation failure; 
[22880:00000229C4673000]     4602 ms: Scavenge (during sweeping) 9.0 (12.4) -> 7.0 (12.4) MB, pooled: 0.0 MB, 0.08 / 0.00 ms (average mu = 0.948, current mu = 0.948) allocation failure; 
[22880:0000022C82CD6000]     4651 ms: Scavenge (during sweeping) 8.9 (12.4) -> 6.9 (12.4) MB, pooled: 0.0 MB, 0.10 / 0.00 ms (average mu = 0.944, current mu = 0.944) allocation failure; 
[22880:00000229C4673000]     4671 ms: Scavenge (during sweeping) 9.0 (12.4) -> 7.0 (12.4) MB, pooled: 0.0 MB, 0.10 / 0.00 ms (average mu = 0.948, current mu = 0.948) allocation failure; 
[22880:00000229C4928000]     4674 ms: Scavenge (during sweeping) 9.0 (11.9) -> 7.0 (11.9) MB, pooled: 0.0 MB, 0.08 / 0.00 ms (average mu = 0.951, current mu = 0.951) allocation failure; 
[22880:00000229C46EB000]     4686 ms: Scavenge (during sweeping) 9.0 (12.4) -> 7.0 (12.4) MB, pooled: 0.0 MB, 0.09 / 0.00 ms (average mu = 0.917, current mu = 0.917) allocation failure; 
[22880:0000022C82C03000]     4694 ms: Scavenge (during sweeping) 9.0 (12.6) -> 7.0 (12.6) MB, pooled: 0.0 MB, 0.10 / 0.00 ms (average mu = 0.996, current mu = 0.996) allocation failure; 
[22880:00000229C47B0000]     4696 ms: Scavenge (during sweeping) 8.9 (12.4) -> 6.9 (12.4) MB, pooled: 0.0 MB, 0.14 / 0.00 ms (average mu = 0.995, current mu = 0.995) allocation failure; 
[marking 0x01e66dc3a119 <JSFunction processTimers (sfi = 0000017B9BF5E331)> for optimization to MAGLEV, ConcurrencyMode::kConcurrent, reason: hot and stable]
[compiling method 0x01e66dc3a119 <JSFunction processTimers (sfi = 0000017B9BF5E331)> (target MAGLEV), mode: ConcurrencyMode::kConcurrent]
[22880:00000229C4673000]     4733 ms: Scavenge (during sweeping) 9.0 (12.4) -> 7.0 (12.4) MB, pooled: 0.0 MB, 0.10 / 0.00 ms (average mu = 0.948, current mu = 0.948) allocation failure; 
[completed compiling 0x01e66dc3a119 <JSFunction processTimers (sfi = 0000017B9BF5E331)> (target MAGLEV) - took 0.000, 0.371, 0.012 ms]
[22880:0000022C82CD6000]     4755 ms: Scavenge (during sweeping) 8.9 (12.4) -> 6.9 (12.4) MB, pooled: 0.0 MB, 0.10 / 0.00 ms (average mu = 0.944, current mu = 0.944) allocation failure; 
[22880:00000229C4928000]     4769 ms: Scavenge (during sweeping) 9.0 (11.9) -> 7.0 (11.9) MB, pooled: 0.0 MB, 0.09 / 0.00 ms (average mu = 0.951, current mu = 0.951) allocation failure; 
[22880:00000229C46EB000]     4775 ms: Scavenge (during sweeping) 9.0 (12.4) -> 7.0 (12.4) MB, pooled: 0.0 MB, 0.08 / 0.00 ms (average mu = 0.917, current mu = 0.917) allocation failure; 
[22880:00000229C47B0000]     4780 ms: Scavenge (during sweeping) 8.9 (12.4) -> 6.9 (12.4) MB, pooled: 0.0 MB, 0.11 / 0.00 ms (average mu = 0.995, current mu = 0.995) allocation failure; 
[22880:0000022C82C03000]     4787 ms: Scavenge (during sweeping) 9.0 (12.6) -> 7.0 (12.6) MB, pooled: 0.0 MB, 0.08 / 0.00 ms (average mu = 0.996, current mu = 0.996) allocation failure; 
[22880:00000229C4673000]     4807 ms: Scavenge (during sweeping) 9.0 (12.4) -> 7.0 (12.4) MB, pooled: 0.0 MB, 0.10 / 0.00 ms (average mu = 0.948, current mu = 0.948) allocation failure; 
[22880:00000229C47B0000]     4843 ms: Scavenge (during sweeping) 8.9 (12.4) -> 6.9 (12.4) MB, pooled: 0.0 MB, 0.09 / 0.00 ms (average mu = 0.995, current mu = 0.995) allocation failure; 
[22880:0000022C82CD6000]     4854 ms: Scavenge (during sweeping) 8.9 (12.4) -> 6.9 (12.4) MB, pooled: 0.0 MB, 0.10 / 0.00 ms (average mu = 0.944, current mu = 0.944) allocation failure; 
[22880:00000229C4928000]     4857 ms: Scavenge (during sweeping) 9.0 (11.9) -> 7.0 (11.9) MB, pooled: 0.0 MB, 0.08 / 0.00 ms (average mu = 0.951, current mu = 0.951) allocation failure; 
[22880:00000229C459A000]     4871 ms: Scavenge (during sweeping) 9.0 (12.1) -> 7.0 (12.1) MB, pooled: 0.0 MB, 0.19 / 0.00 ms (average mu = 0.948, current mu = 0.948) allocation failure; 
[22880:00000229C46EB000]     4871 ms: Scavenge (during sweeping) 9.0 (12.4) -> 7.0 (12.4) MB, pooled: 0.0 MB, 0.11 / 0.00 ms (average mu = 0.917, current mu = 0.917) allocation failure; 
[22880:00000229C4673000]     4878 ms: Scavenge (during sweeping) 9.0 (12.4) -> 7.0 (12.4) MB, pooled: 0.0 MB, 0.11 / 0.00 ms (average mu = 0.948, current mu = 0.948) allocation failure; 
[22880:0000022C82C03000]     4898 ms: Scavenge (during sweeping) 9.0 (12.6) -> 7.0 (12.6) MB, pooled: 0.0 MB, 0.09 / 0.00 ms (average mu = 0.996, current mu = 0.996) allocation failure; 
[22880:00000229C47B0000]     4905 ms: Scavenge (during sweeping) 8.9 (12.4) -> 6.9 (12.4) MB, pooled: 0.0 MB, 0.08 / 0.00 ms (average mu = 0.995, current mu = 0.995) allocation failure; 
[22880:00000229C4928000]     4909 ms: Scavenge (during sweeping) 9.0 (11.9) -> 7.0 (11.9) MB, pooled: 0.0 MB, 0.07 / 0.00 ms (average mu = 0.951, current mu = 0.951) allocation failure; 
[22880:00000229C46EB000]     4946 ms: Scavenge (during sweeping) 9.0 (12.4) -> 7.0 (12.4) MB, pooled: 0.0 MB, 0.10 / 0.00 ms (average mu = 0.917, current mu = 0.917) allocation failure; 
[22880:00000229C4673000]     4956 ms: Scavenge (during sweeping) 9.0 (12.4) -> 7.0 (12.4) MB, pooled: 0.0 MB, 0.10 / 0.00 ms (average mu = 0.948, current mu = 0.948) allocation failure; 
[22880:0000022C82CD6000]     4975 ms: Scavenge (during sweeping) 8.9 (12.4) -> 6.9 (12.4) MB, pooled: 0.0 MB, 0.15 / 0.00 ms (average mu = 0.944, current mu = 0.944) allocation failure; 
[22880:00000229C47B0000]     4983 ms: Scavenge (during sweeping) 8.9 (12.4) -> 6.9 (12.4) MB, pooled: 0.0 MB, 0.12 / 0.00 ms (average mu = 0.995, current mu = 0.995) allocation failure; 
[22880:00000229C4928000]     4988 ms: Scavenge (during sweeping) 9.0 (11.9) -> 7.0 (11.9) MB, pooled: 0.0 MB, 0.09 / 0.00 ms (average mu = 0.951, current mu = 0.951) allocation failure; 
[22880:00000229C4673000]     5008 ms: Scavenge (during sweeping) 9.0 (12.4) -> 7.0 (12.4) MB, pooled: 0.0 MB, 0.10 / 0.00 ms (average mu = 0.948, current mu = 0.948) allocation failure; 
[22880:00000229C46EB000]     5026 ms: Scavenge (during sweeping) 9.0 (12.4) -> 7.0 (12.4) MB, pooled: 0.0 MB, 0.09 / 0.00 ms (average mu = 0.917, current mu = 0.917) allocation failure; 
[22880:0000022C82C03000]     5028 ms: Scavenge (during sweeping) 9.0 (12.6) -> 7.0 (12.6) MB, pooled: 0.0 MB, 0.10 / 0.00 ms (average mu = 0.996, current mu = 0.996) allocation failure; 
[22880:00000229C47B0000]     5050 ms: Scavenge (during sweeping) 8.9 (12.4) -> 6.9 (12.4) MB, pooled: 0.0 MB, 0.10 / 0.00 ms (average mu = 0.995, current mu = 0.995) allocation failure; 
[22880:00000229C4673000]     5067 ms: Scavenge (during sweeping) 9.0 (12.4) -> 7.0 (12.4) MB, pooled: 0.0 MB, 0.09 / 0.00 ms (average mu = 0.948, current mu = 0.948) allocation failure; 
[22880:00000229C4928000]     5069 ms: Scavenge (during sweeping) 9.0 (11.9) -> 7.0 (11.9) MB, pooled: 0.0 MB, 0.11 / 0.00 ms (average mu = 0.951, current mu = 0.951) allocation failure; 
[22880:00000229C47B0000]     5111 ms: Scavenge (during sweeping) 8.9 (12.4) -> 6.9 (12.4) MB, pooled: 0.0 MB, 0.09 / 0.00 ms (average mu = 0.995, current mu = 0.995) allocation failure; 
[22880:0000022C82CD6000]     5111 ms: Scavenge (during sweeping) 8.9 (12.4) -> 6.9 (12.4) MB, pooled: 0.0 MB, 0.08 / 0.00 ms (average mu = 0.944, current mu = 0.944) allocation failure; 
[22880:00000229C4673000]     5123 ms: Scavenge (during sweeping) 9.0 (12.4) -> 7.0 (12.4) MB, pooled: 0.0 MB, 0.08 / 0.00 ms (average mu = 0.948, current mu = 0.948) allocation failure; 
[22880:00000229C46EB000]     5133 ms: Scavenge (during sweeping) 9.0 (12.4) -> 7.0 (12.4) MB, pooled: 0.0 MB, 0.12 / 0.00 ms (average mu = 0.917, current mu = 0.917) allocation failure; 
[22880:0000022C82C03000]     5137 ms: Scavenge (during sweeping) 9.0 (12.6) -> 7.0 (12.6) MB, pooled: 0.0 MB, 0.08 / 0.00 ms (average mu = 0.996, current mu = 0.996) allocation failure; 
[22880:00000229C4928000]     5152 ms: Scavenge (during sweeping) 9.0 (11.9) -> 7.0 (11.9) MB, pooled: 0.0 MB, 0.09 / 0.00 ms (average mu = 0.951, current mu = 0.951) allocation failure; 
[22880:00000229C47B0000]     5156 ms: Scavenge (during sweeping) 8.9 (12.4) -> 6.9 (12.4) MB, pooled: 0.0 MB, 0.08 / 0.00 ms (average mu = 0.995, current mu = 0.995) allocation failure; 
[22880:00000229C4673000]     5167 ms: Scavenge (during sweeping) 9.0 (12.4) -> 7.0 (12.4) MB, pooled: 0.0 MB, 0.09 / 0.00 ms (average mu = 0.948, current mu = 0.948) allocation failure; 
[22880:00000229C46EB000]     5210 ms: Scavenge (during sweeping) 9.0 (12.4) -> 7.0 (12.4) MB, pooled: 0.0 MB, 0.11 / 0.00 ms (average mu = 0.917, current mu = 0.917) allocation failure; 
[22880:0000022C82CD6000]     5223 ms: Scavenge (during sweeping) 8.9 (12.4) -> 6.9 (12.4) MB, pooled: 0.0 MB, 0.10 / 0.00 ms (average mu = 0.944, current mu = 0.944) allocation failure; 
[22880:00000229C4928000]     5231 ms: Scavenge (during sweeping) 9.0 (11.9) -> 7.0 (11.9) MB, pooled: 0.0 MB, 0.14 / 0.00 ms (average mu = 0.951, current mu = 0.951) allocation failure; 
[22880:00000229C47B0000]     5248 ms: Scavenge (during sweeping) 8.9 (12.4) -> 6.9 (12.4) MB, pooled: 0.0 MB, 0.09 / 0.00 ms (average mu = 0.995, current mu = 0.995) allocation failure; 
[22880:0000022C82C03000]     5256 ms: Scavenge (during sweeping) 9.0 (12.6) -> 7.0 (12.6) MB, pooled: 0.0 MB, 0.08 / 0.00 ms (average mu = 0.996, current mu = 0.996) allocation failure; 
[22880:00000229C4673000]     5283 ms: Scavenge (during sweeping) 9.0 (12.4) -> 7.0 (12.4) MB, pooled: 0.0 MB, 0.10 / 0.00 ms (average mu = 0.948, current mu = 0.948) allocation failure; 
[22880:00000229C46EB000]     5307 ms: Scavenge (during sweeping) 9.0 (12.4) -> 7.0 (12.4) MB, pooled: 0.0 MB, 0.09 / 0.00 ms (average mu = 0.917, current mu = 0.917) allocation failure; 
[22880:00000229C4928000]     5315 ms: Scavenge (during sweeping) 9.0 (11.9) -> 7.0 (11.9) MB, pooled: 0.0 MB, 0.10 / 0.00 ms (average mu = 0.951, current mu = 0.951) allocation failure; 
[22880:00000229C47B0000]     5320 ms: Scavenge (during sweeping) 8.9 (12.4) -> 6.9 (12.4) MB, pooled: 0.0 MB, 0.08 / 0.00 ms (average mu = 0.995, current mu = 0.995) allocation failure; 
[22880:0000022C82CD6000]     5341 ms: Scavenge (during sweeping) 8.9 (12.4) -> 6.9 (12.4) MB, pooled: 0.0 MB, 0.09 / 0.00 ms (average mu = 0.944, current mu = 0.944) allocation failure; 
[22880:0000022C82C03000]     5346 ms: Scavenge (during sweeping) 9.0 (12.6) -> 7.0 (12.6) MB, pooled: 0.0 MB, 0.12 / 0.00 ms (average mu = 0.996, current mu = 0.996) allocation failure; 
[22880:00000229C4928000]     5380 ms: Scavenge (during sweeping) 9.0 (11.9) -> 7.0 (11.9) MB, pooled: 0.0 MB, 0.10 / 0.00 ms (average mu = 0.951, current mu = 0.951) allocation failure; 
[22880:00000229C4673000]     5381 ms: Scavenge (during sweeping) 9.0 (12.4) -> 7.0 (12.4) MB, pooled: 0.0 MB, 0.09 / 0.00 ms (average mu = 0.948, current mu = 0.948) allocation failure; 
[22880:00000229C47B0000]     5398 ms: Scavenge (during sweeping) 8.9 (12.4) -> 6.9 (12.4) MB, pooled: 0.0 MB, 0.09 / 0.00 ms (average mu = 0.995, current mu = 0.995) allocation failure; 
[22880:00000229C46EB000]     5400 ms: Scavenge (during sweeping) 9.0 (12.4) -> 7.0 (12.4) MB, pooled: 0.0 MB, 0.08 / 0.00 ms (average mu = 0.917, current mu = 0.917) allocation failure; 
[marking 0x01e9d91a5869 <JSFunction exchange (sfi = 0000017B9BF77391)> for optimization to MAGLEV, ConcurrencyMode::kConcurrent, reason: hot and stable]
[marking 0x01e9d9191139 <JSFunction emitBeforeScript (sfi = 0000017B9BF60E19)> for optimization to MAGLEV, ConcurrencyMode::kConcurrent, reason: hot and stable]
[marking 0x01e9d9191361 <JSFunction emitAfterScript (sfi = 0000017B9BF60EE1)> for optimization to MAGLEV, ConcurrencyMode::kConcurrent, reason: hot and stable]
[marking 0x01e9d91a5819 <JSFunction set (sfi = 0000017B9BF772E1)> for optimization to MAGLEV, ConcurrencyMode::kConcurrent, reason: hot and stable]
[compiling method 0x01e9d91a5869 <JSFunction exchange (sfi = 0000017B9BF77391)> (target MAGLEV), mode: ConcurrencyMode::kConcurrent]
[compiling method 0x01e9d9191139 <JSFunction emitBeforeScript (sfi = 0000017B9BF60E19)> (target MAGLEV), mode: ConcurrencyMode::kConcurrent]
[compiling method 0x01e9d9191361 <JSFunction emitAfterScript (sfi = 0000017B9BF60EE1)> (target MAGLEV), mode: ConcurrencyMode::kConcurrent]
[compiling method 0x01e9d91a5819 <JSFunction set (sfi = 0000017B9BF772E1)> (target MAGLEV), mode: ConcurrencyMode::kConcurrent]
[completed compiling 0x01e9d91a5869 <JSFunction exchange (sfi = 0000017B9BF77391)> (target MAGLEV) - took 0.000, 0.083, 0.002 ms]
[completed compiling 0x01e9d9191361 <JSFunction emitAfterScript (sfi = 0000017B9BF60EE1)> (target MAGLEV) - took 0.000, 0.093, 0.013 ms]
[completed compiling 0x01e9d91a5819 <JSFunction set (sfi = 0000017B9BF772E1)> (target MAGLEV) - took 0.000, 0.020, 0.002 ms]
[completed compiling 0x01e9d9191139 <JSFunction emitBeforeScript (sfi = 0000017B9BF60E19)> (target MAGLEV) - took 0.000, 0.210, 0.002 ms]
[22880:00000229C47B0000]     5462 ms: Scavenge (during sweeping) 8.9 (12.4) -> 6.9 (12.4) MB, pooled: 0.0 MB, 0.13 / 0.00 ms (average mu = 0.995, current mu = 0.995) allocation failure; 
[22880:00000229C4928000]     5475 ms: Scavenge (during sweeping) 9.0 (11.9) -> 7.0 (11.9) MB, pooled: 0.0 MB, 0.08 / 0.00 ms (average mu = 0.951, current mu = 0.951) allocation failure; 
[22880:0000022C82C03000]     5482 ms: Scavenge (during sweeping) 9.0 (12.6) -> 7.0 (12.6) MB, pooled: 0.0 MB, 0.09 / 0.00 ms (average mu = 0.996, current mu = 0.996) allocation failure; 
[22880:00000229C46EB000]     5490 ms: Scavenge (during sweeping) 9.0 (12.4) -> 7.0 (12.4) MB, pooled: 0.0 MB, 0.08 / 0.00 ms (average mu = 0.917, current mu = 0.917) allocation failure; 
[22880:00000229C4673000]     5495 ms: Scavenge (during sweeping) 9.0 (12.4) -> 7.0 (12.4) MB, pooled: 0.0 MB, 0.09 / 0.00 ms (average mu = 0.948, current mu = 0.948) allocation failure; 
[22880:0000022C82CD6000]     5500 ms: Scavenge (during sweeping) 8.9 (12.4) -> 6.9 (12.4) MB, pooled: 0.0 MB, 0.11 / 0.00 ms (average mu = 0.944, current mu = 0.944) allocation failure; 
[22880:00000229C46EB000]     5544 ms: Scavenge (during sweeping) 9.0 (12.4) -> 7.0 (12.4) MB, pooled: 0.0 MB, 0.10 / 0.00 ms (average mu = 0.917, current mu = 0.917) allocation failure; 
[22880:00000229C47B0000]     5546 ms: Scavenge (during sweeping) 8.9 (12.4) -> 6.9 (12.4) MB, pooled: 0.0 MB, 0.08 / 0.00 ms (average mu = 0.995, current mu = 0.995) allocation failure; 
[22880:00000229C4928000]     5552 ms: Scavenge (during sweeping) 9.0 (11.9) -> 7.0 (11.9) MB, pooled: 0.0 MB, 0.08 / 0.00 ms (average mu = 0.951, current mu = 0.951) allocation failure; 
[marking 0x03f5f48a0c61 <JSFunction popcount32 (sfi = 000003F5F48951A9)> for optimization to TURBOFAN_JS, ConcurrencyMode::kConcurrent, reason: hot and stable]
[compiling method 0x03f5f48a0c61 <JSFunction popcount32 (sfi = 000003F5F48951A9)> (target TURBOFAN_JS), mode: ConcurrencyMode::kConcurrent]
[completed compiling 0x03f5f48a0c61 <JSFunction popcount32 (sfi = 000003F5F48951A9)> (target TURBOFAN_JS) - took 0.004, 0.458, 0.023 ms]
[completed optimizing 0x03f5f48a0c61 <JSFunction popcount32 (sfi = 000003F5F48951A9)> (target TURBOFAN_JS)]
[22880:00000229C47B0000]     5599 ms: Scavenge (during sweeping) 8.9 (12.4) -> 6.9 (12.4) MB, pooled: 0.0 MB, 0.10 / 0.00 ms (average mu = 0.995, current mu = 0.995) allocation failure; 
[22880:00000229C4673000]     5614 ms: Scavenge (during sweeping) 9.0 (12.4) -> 7.0 (12.4) MB, pooled: 0.0 MB, 0.10 / 0.00 ms (average mu = 0.948, current mu = 0.948) allocation failure; 
[22880:00000229C4928000]     5633 ms: Scavenge (during sweeping) 9.0 (11.9) -> 7.0 (11.9) MB, pooled: 0.0 MB, 0.12 / 0.00 ms (average mu = 0.951, current mu = 0.951) allocation failure; 
[22880:00000229C46EB000]     5638 ms: Scavenge (during sweeping) 9.0 (12.4) -> 7.0 (12.4) MB, pooled: 0.0 MB, 0.08 / 0.00 ms (average mu = 0.917, current mu = 0.917) allocation failure; 
[22880:00000229C47B0000]     5670 ms: Scavenge (during sweeping) 8.9 (12.4) -> 6.9 (12.4) MB, pooled: 0.0 MB, 0.09 / 0.00 ms (average mu = 0.995, current mu = 0.995) allocation failure; 
[22880:0000022C82CD6000]     5669 ms: Scavenge (during sweeping) 8.9 (12.4) -> 6.9 (12.4) MB, pooled: 0.0 MB, 0.08 / 0.00 ms (average mu = 0.944, current mu = 0.944) allocation failure; 
[22880:00000229C4673000]     5692 ms: Scavenge (during sweeping) 9.0 (12.4) -> 7.0 (12.4) MB, pooled: 0.0 MB, 0.10 / 0.00 ms (average mu = 0.948, current mu = 0.948) allocation failure; 
[22880:0000022C82C03000]     5701 ms: Scavenge (during sweeping) 9.0 (12.6) -> 7.0 (12.6) MB, pooled: 0.0 MB, 0.09 / 0.00 ms (average mu = 0.996, current mu = 0.996) allocation failure; 
[22880:00000229C4928000]     5711 ms: Scavenge (during sweeping) 9.0 (11.9) -> 7.0 (11.9) MB, pooled: 0.0 MB, 0.12 / 0.00 ms (average mu = 0.951, current mu = 0.951) allocation failure; 
[22880:00000229C46EB000]     5729 ms: Scavenge (during sweeping) 9.0 (12.4) -> 7.0 (12.4) MB, pooled: 0.0 MB, 0.09 / 0.00 ms (average mu = 0.917, current mu = 0.917) allocation failure; 
[22880:00000229C47B0000]     5741 ms: Scavenge (during sweeping) {"selectedProfile":"isomax-six-deep-one-wide-i5-12600k-20260927","execution":{"api":"runLazySmpConnect4Rba32","launcher":"tools/run-isomax.mjs","wideWorker":0,"deepWorkers":[1,2,3,4,5,6],"frontierStride":2,"releaseAtUnresolvedRootActions":1},"config":{"workers":7,"sharedCacheCapacity":4194304,"localCacheCapacity":1048576,"sharedSampleMask":0,"rootFrontier":true,"moves":"353335714","timeoutMs":30000},"status":"EXACT","rootWdl":-1,"move":4,"winner":2,"winnerMetrics":{"nodes":4722021,"cutoffs":1580268,"cacheHits":1278652,"cpcExact":160934,"cpcBounds":1113055,"cpcRestrictions":829697,"cpcForced":1339550,"cpcPrecursors":16736,"cpcProjectedForks":0,"frontCalls":0,"frontExact":0,"frontFailures":0,"frontSteps":0,"frontActionExact":0,"cofactors":4813468},"nodeCounts":[1637595,4900713,4722021,5127963,4963187,4770408,4515370],"workerTiming":[[139.5483,0],[138.175,0],[137.7273,6058.5782],[138.5866,0],[134.9671,0],[140.2687,0],[136.1546,0]],"frontierMetrics":[[0,0,0,0],[0,0,0,0],[1,0,0,6],[0,0,0,0],[0,0,0,0],[0,0,0,0],[0,0,0,0]],"sharedCacheHits":5583658,"sharedCacheStores":2154193,"sharedCacheStoreContention":13915,"sharedSampleMask":0,"completedWorkers":[0,0,1,0,0,0,0],"reflected":1,"elapsedMs":6001.0352,"errorCode":0,"errors":[],"cleanup":true,"workersExited":7,"requestedWorkers":7,"workersUsed":7,"sharedBytes":270203293,"wallMs":6003.5195,"cpuMs":42564,"bootstrapCycles":"257634442","setupCycles":"42178897","solveCycles":"157785464386","totalCycles":"158085277725","totalNodes":30637257,"nodeCountsExact":true,"cyclesPerNode":5150.117204879014,"nodesPerSecond":5103216.038525402,"firstStartMs":67.65569999999998,"startSkewMs":5.301600000000008,"firstSearchToResultMs":5923.6111,"afterResultMs":12.311800000000403,"cachePayloadBytes":716177420,"rss":402411520,"processPeakRssBytes":865476608}
8.9 (12.4) -> 6.9 (12.4) MB, pooled: 0.0 MB, 0.08 / 0.00 ms (average mu = 0.995, current mu = 0.995) allocation failure; 
[22880:00000229C459A000]     5752 ms: Scavenge (during sweeping) 9.0 (12.1) -> 7.0 (12.1) MB, pooled: 0.0 MB, 0.12 / 0.00 ms (average mu = 0.948, current mu = 0.948) allocation failure; 
[22880:00000229C4928000]     5779 ms: Scavenge (during sweeping) 9.0 (11.9) -> 7.0 (11.9) MB, pooled: 0.0 MB, 0.10 / 0.00 ms (average mu = 0.951, current mu = 0.951) allocation failure; 
[22880:00000229C4673000]     5791 ms: Scavenge (during sweeping) 9.0 (12.4) -> 7.0 (12.4) MB, pooled: 0.0 MB, 0.08 / 0.00 ms (average mu = 0.948, current mu = 0.948) allocation failure; 
[22880:0000022C82CD6000]     5803 ms: Scavenge (during sweeping) 8.9 (12.4) -> 6.9 (12.4) MB, pooled: 0.0 MB, 0.09 / 0.00 ms (average mu = 0.944, current mu = 0.944) allocation failure; 
[22880:00000229C47B0000]     5817 ms: Scavenge (during sweeping) 8.9 (12.4) -> 6.9 (12.4) MB, pooled: 0.0 MB, 0.09 / 0.00 ms (average mu = 0.995, current mu = 0.995) allocation failure; 
[22880:00000229C46EB000]     5823 ms: Scavenge (during sweeping) 9.0 (12.4) -> 7.0 (12.4) MB, pooled: 0.0 MB, 0.11 / 0.00 ms (average mu = 0.917, current mu = 0.917) allocation failure; 
[22880:00000229C4928000]     5828 ms: Scavenge (during sweeping) 9.0 (11.9) -> 7.0 (11.9) MB, pooled: 0.0 MB, 0.09 / 0.00 ms (average mu = 0.951, current mu = 0.951) allocation failure; 
[22880:0000022C82C03000]     5863 ms: Scavenge (during sweeping) 9.0 (12.6) -> 7.0 (12.6) MB, pooled: 0.0 MB, 0.09 / 0.00 ms (average mu = 0.996, current mu = 0.996) allocation failure; 
[22880:00000229C47B0000]     5872 ms: Scavenge (during sweeping) 8.9 (12.4) -> 6.9 (12.4) MB, pooled: 0.0 MB, 0.12 / 0.00 ms (average mu = 0.995, current mu = 0.995) allocation failure; 
[22880:00000229C4928000]     5877 ms: Scavenge (during sweeping) 9.0 (11.9) -> 7.0 (11.9) MB, pooled: 0.0 MB, 0.08 / 0.00 ms (average mu = 0.951, current mu = 0.951) allocation failure; 
[22880:00000229C4673000]     5883 ms: Scavenge (during sweeping) 9.0 (12.4) -> 7.0 (12.4) MB, pooled: 0.0 MB, 0.08 / 0.00 ms (average mu = 0.948, current mu = 0.948) allocation failure; 
[22880:00000229C46EB000]     5909 ms: Scavenge (during sweeping) 9.0 (12.4) -> 7.0 (12.4) MB, pooled: 0.0 MB, 0.10 / 0.00 ms (average mu = 0.917, current mu = 0.917) allocation failure; 
[22880:0000022C82CD6000]     5911 ms: Scavenge (during sweeping) 8.9 (12.4) -> 6.9 (12.4) MB, pooled: 0.0 MB, 0.09 / 0.00 ms (average mu = 0.944, current mu = 0.944) allocation failure; 
[22880:00000229C4928000]     5923 ms: Scavenge (during sweeping) 9.0 (11.9) -> 7.0 (11.9) MB, pooled: 0.0 MB, 0.08 / 0.00 ms (average mu = 0.951, current mu = 0.951) allocation failure; 
[22880:00000229C47B0000]     5934 ms: Scavenge (during sweeping) 8.9 (12.4) -> 6.9 (12.4) MB, pooled: 0.0 MB, 0.09 / 0.00 ms (average mu = 0.995, current mu = 0.995) allocation failure; 
[22880:00000229C4673000]     5988 ms: Scavenge (during sweeping) 8.9 (12.4) -> 7.0 (12.4) MB, pooled: 0.0 MB, 0.09 / 0.00 ms (average mu = 0.948, current mu = 0.948) allocation failure; 
[22880:0000022C82C03000]     5986 ms: Scavenge (during sweeping) 8.8 (12.6) -> 7.0 (12.6) MB, pooled: 0.0 MB, 0.14 / 0.00 ms (average mu = 0.996, current mu = 0.996) allocation failure; 

(node:22880) ExperimentalWarning: FFI is an experimental feature and might change at any time
(Use `node --trace-warnings ...` to show where the warning was created)
